# Blender v2.78 (sub 0) OBJ File: ''
# www.blender.org
mtllib untitled.mtl
o skin
v 1.946306 19.463636 -11.383437
v 1.833078 19.212528 -11.225161
v 1.915102 19.159822 -11.334600
v 1.978734 19.305971 -11.472919
v 1.946306 19.463636 -11.383437
v 1.934925 18.856766 -11.479694
v 1.747704 19.583113 -11.426789
v 1.946306 19.463636 -11.383437
v 1.946306 19.463636 -11.383437
v 1.593835 19.720201 -11.273979
v 2.045835 19.761169 -11.249276
v 1.946306 19.463636 -11.383437
v 2.215967 19.532341 -11.396202
v 1.946306 19.463636 -11.383437
v 1.966460 20.050657 -11.041349
v 1.541734 19.929350 -11.093220
v 1.863530 20.337891 -10.795384
v 1.419086 20.209980 -10.743937
v 1.753893 20.548504 -10.561739
v 1.369287 20.433474 -10.475700
v 1.663410 20.681744 -10.473563
v 1.307949 20.506088 -10.405825
v 1.925367 18.531796 -11.482416
v 1.943524 18.466875 -11.622474
v 1.992316 18.889666 -11.617388
v 1.824548 19.406879 -11.571926
v 1.558358 19.524136 -11.365253
v 1.469795 19.498795 -11.130720
v 1.381895 19.690632 -10.914514
v 1.261408 19.934530 -10.580441
v 1.228708 20.180254 -10.274162
v 1.201787 20.252045 -10.180090
v 1.174865 20.323835 -10.086018
v 1.246610 20.578701 -10.335949
v 1.615122 18.534174 -11.521509
v 1.636054 18.873814 -11.543044
v 1.664831 18.925262 -11.711003
v 1.575663 19.215818 -11.404772
v 1.614249 19.357195 -11.543088
v 1.510850 19.379107 -11.263108
v 3.081725 18.616917 -10.861148
v 3.098485 18.214619 -10.900970
v 3.223121 18.184624 -11.016293
v 3.195329 17.965096 -11.080040
v 3.104065 18.001291 -10.907148
v 3.098115 17.817862 -10.925012
v 3.145615 17.800726 -11.031982
v 2.955658 17.752121 -10.928989
v 3.044579 17.718801 -11.084384
v 2.839772 17.781260 -11.041541
v 2.920631 17.759842 -11.147745
v 2.806967 17.965258 -11.097731
v 2.928620 17.917444 -11.241796
v 2.967444 18.180738 -11.270270
v 3.167122 18.185879 -11.233066
v 3.204227 18.634905 -11.200274
v 3.243817 18.610315 -10.987498
v 3.176473 19.129034 -10.787681
v 3.037422 18.998575 -10.687281
v 3.093103 19.285872 -10.643950
v 3.094082 17.914433 -11.200742
v 2.974559 19.139818 -10.555067
v 3.045906 19.420759 -10.520159
v 2.899709 19.246475 -10.415585
v 3.008986 19.597137 -10.204833
v 2.702446 19.351419 -10.222141
v 3.003720 19.490927 -10.210567
v 2.812556 19.320711 -10.222402
v 3.051453 19.322556 -10.206871
v 2.891136 19.193844 -10.219951
v 3.104908 19.061865 -10.331395
v 2.928260 18.989935 -10.363091
v 3.032589 18.696009 -10.431174
v 3.170430 18.758099 -10.396557
v 3.108616 18.554689 -10.418538
v 3.204004 18.605619 -10.387990
v 3.095043 18.482082 -10.311186
v 3.233215 18.559635 -10.272626
v 3.099548 18.506126 -10.183251
v 3.144342 18.664370 -10.061474
v 3.184410 18.560368 -10.166684
v 3.222856 18.731806 -10.210525
v 3.213407 19.023338 -10.121041
v 3.151345 19.369108 -10.038217
v 3.080883 19.600899 -9.978585
v 3.114027 18.912361 -9.951982
v 3.016958 18.606525 -10.077959
v 2.910455 18.868717 -9.959556
v 3.079297 19.266954 -9.867548
v 2.975240 19.545580 -9.695498
v 2.967837 19.801443 -9.947810
v 2.837017 19.942381 -10.529063
v 2.943408 19.602444 -10.831595
v 2.532491 19.666967 -11.146711
v 2.869886 19.318495 -11.017139
v 2.713526 19.464098 -11.222106
v 2.753663 19.286322 -11.317221
v 2.504532 19.217226 -11.341620
v 2.861320 19.161419 -11.127013
v 2.691350 19.049015 -10.852875
v 2.723720 19.005219 -11.001040
v 2.794065 18.537838 -11.171901
v 2.691350 19.049015 -10.852875
v 2.895679 18.589001 -11.310914
v 2.816484 18.657927 -11.501866
v 2.561936 18.633175 -11.506976
v 2.536298 18.098307 -11.494831
v 2.760151 18.083757 -11.510501
v 2.460283 17.766018 -11.337739
v 2.643610 17.737415 -11.345742
v 2.454482 17.604105 -11.256363
v 2.855718 18.078133 -11.346081
v 2.375511 19.042467 -11.215734
v 2.458736 18.553501 -11.325962
v 2.451708 18.096466 -11.316385
v 2.381309 17.833439 -11.178304
v 2.400242 17.649527 -11.134057
v 2.596691 17.536861 -11.219074
v 2.769328 17.770845 -11.253235
v 2.729549 17.833952 -11.095917
v 2.771592 18.095377 -11.180836
v 2.539960 17.600754 -11.035424
v 2.723504 17.624416 -11.176773
v 2.693978 17.668272 -11.062152
v 1.840370 19.325153 11.730804
v 1.883748 19.167200 11.814976
v 1.843594 19.022627 11.666563
v 1.886305 18.716106 11.798887
v 1.932008 18.747557 11.941216
v 1.926982 18.322290 11.924306
v 1.790126 18.348040 12.049099
v 1.808452 18.763258 12.090933
v 1.608917 18.364702 11.976264
v 1.597778 18.745239 12.015795
v 1.599704 18.361292 11.806247
v 1.584139 18.699778 11.844236
v 1.496726 19.040569 11.717935
v 1.512504 19.177883 11.864578
v 1.423596 19.203522 11.579978
v 1.449927 19.347197 11.691269
v 1.378034 19.325052 11.450787
v 1.470108 19.550238 11.611255
v 1.407098 19.762014 11.437155
v 1.819274 19.927883 11.417274
v 1.910259 18.392105 11.786446
v 1.701449 20.215460 11.178503
v 2.157112 20.305119 11.041231
v 2.012200 20.546061 10.850428
v 2.378881 20.480604 10.483092
v 2.323443 20.611383 10.373736
v 2.454804 20.323145 9.961451
v 2.299971 20.508089 9.889291
v 2.057492 20.256855 9.771926
v 2.153187 20.125933 9.803427
v 2.609637 20.138205 10.033610
v 2.248882 19.995012 9.834928
v 2.950269 19.595945 10.115458
v 2.672656 19.512072 10.059894
v 3.072554 19.320797 10.280982
v 2.921004 19.158728 10.262197
v 2.940804 18.903435 10.344391
v 3.138870 18.967651 10.351441
v 3.188344 18.718714 10.451389
v 2.579566 20.195282 10.739630
v 2.301995 19.981098 11.284998
v 2.902015 19.836592 10.378030
v 2.724258 19.933893 10.955755
v 2.414977 19.598171 11.540320
v 1.916119 19.637636 11.616553
v 1.840370 19.325153 11.730804
v 3.250803 18.786024 10.607903
v 3.185372 18.797409 10.791307
v 3.234968 18.649714 10.778022
v 3.216400 19.079306 10.531154
v 3.123763 19.420855 10.460207
v 3.033243 19.647121 10.406753
v 2.949285 19.624638 10.627700
v 2.847729 19.591408 11.248783
v 2.793457 19.292431 11.416492
v 2.611403 19.410952 11.617657
v 2.664194 19.233503 11.707023
v 2.422555 19.138559 11.712770
v 2.530478 18.555580 11.855043
v 2.319716 18.958355 11.571406
v 2.954709 19.518280 10.628329
v 3.019727 19.355972 10.620071
v 3.092632 19.095972 10.735872
v 3.275334 18.612831 10.662752
v 3.143941 18.519918 10.689137
v 3.143764 18.587961 10.800268
v 3.052935 18.720097 10.814472
v 2.922845 19.005127 10.753274
v 2.873093 19.211296 10.617384
v 2.781806 19.329330 10.620625
v 2.669308 19.348789 10.614896
v 2.864962 19.254499 10.815334
v 2.986127 19.437042 10.936491
v 2.942329 19.148939 10.954279
v 3.232861 18.614046 10.554123
v 3.066891 18.647594 10.457317
v 3.153254 18.550776 10.562936
v 3.039852 19.301460 11.056812
v 3.011785 19.008183 11.083682
v 3.130623 19.146681 11.198273
v 3.239688 18.627863 11.378450
v 3.185650 18.637484 11.589243
v 3.193352 18.185915 11.599511
v 2.993475 18.158844 11.623971
v 2.983775 17.894775 11.581367
v 2.866281 17.937386 11.432306
v 2.997526 17.742155 11.480036
v 2.921099 17.760721 11.370081
v 3.128477 17.717070 11.422730
v 3.045630 17.749149 11.263758
v 3.223335 17.811293 11.380430
v 3.180521 17.828989 11.271589
v 3.252952 17.977167 11.438802
v 3.168486 18.012760 11.262365
v 3.141241 18.224482 11.265415
v 3.261503 18.201334 11.386798
v 3.150742 17.910503 11.550589
v 3.085284 18.624559 11.242694
v 1.572926 20.814981 -10.385386
v 2.039741 20.882889 -10.231418
v 2.112342 20.751219 -10.332535
v 2.184943 20.619551 -10.433650
v 2.316478 20.373711 -10.627864
v 2.442924 20.047699 -10.879115
v 2.418143 19.380030 -11.263850
v 2.241013 19.376890 -11.495393
v 2.390152 19.238554 -11.353726
v 2.434387 18.737858 -11.516406
v 2.329821 18.701218 -11.351363
v 2.452034 20.624310 -9.954968
v 2.519640 20.500143 -10.049733
v 2.527872 20.305859 -9.551046
v 2.384427 20.748478 -9.860204
v 2.369323 20.495789 -9.496302
v 2.095993 20.265972 -9.405957
v 2.198721 20.134010 -9.420798
v 2.686422 20.115932 -9.605791
v 2.706182 20.207386 -10.308551
v 2.301449 20.002052 -9.435640
v 2.687688 19.488455 -9.660261
v 2.911349 19.120745 -9.865742
v 2.388346 18.260618 -11.522861
v 2.308374 18.263828 -11.364629
v 2.298063 17.939703 -11.411136
v 2.242344 18.009933 -11.257535
v 2.206625 17.859386 -11.225760
v 2.244165 17.803164 -11.333225
v 2.127798 17.732424 -11.376519
v 2.176836 17.908808 -11.512259
v 2.012989 17.797241 -11.427779
v 2.013119 17.945515 -11.504740
v 1.927702 18.001881 -11.384911
v 2.070204 18.279642 -11.642050
v 2.012554 18.269382 -11.470263
v 2.082555 18.760950 -11.653580
v 2.017165 18.706783 -11.501972
v 1.911426 19.165163 -11.352285
v 2.008159 19.322834 -11.476029
v 1.946306 19.463636 -11.383437
v 2.057193 17.790920 -11.228576
v 1.948751 17.828827 -11.337721
v 3.143941 18.519918 10.689137
v 3.143764 18.587961 10.800268
v 3.052935 18.720097 10.814472
v 3.015948 18.651636 10.651058
v 3.153254 18.550776 10.562936
v 3.066891 18.647594 10.457317
v 2.849513 18.918507 10.564091
v 2.940804 18.903435 10.344391
v 2.810102 19.097870 10.446797
v 2.921004 19.158728 10.262197
v 2.592264 19.298235 10.382236
v 2.672656 19.512072 10.059894
v 2.248882 19.995012 9.834928
v 2.395692 19.356703 10.425872
v 1.979480 19.525751 10.397873
v 2.345824 19.388817 10.677580
v 1.688892 19.525227 10.630794
v 1.962674 19.369091 10.956566
v 1.352087 19.533596 10.701299
v 1.484107 19.353197 11.029381
v 1.587847 19.147755 11.344540
v 1.762962 19.072323 11.554708
v 1.541913 19.090702 11.525943
v 1.645042 18.967798 11.611549
v 1.843594 19.022627 11.666563
v 1.886305 18.716106 11.798887
v 1.157562 19.765085 10.908693
v 1.283294 19.517843 11.238347
v 1.378034 19.325052 11.450787
v 1.423596 19.203522 11.579978
v 1.496726 19.040569 11.717935
v 1.726189 18.677652 11.732055
v 1.910259 18.392105 11.786446
v 1.743907 18.366570 11.714970
v 1.890341 18.034748 11.692015
v 1.744343 17.999926 11.663247
v 1.599704 18.361292 11.806247
v 1.632777 18.043110 11.740374
v 1.584139 18.699778 11.844236
v 2.610961 17.828577 11.362056
v 2.803087 17.799229 11.419806
v 2.786831 17.632746 11.376509
v 2.642405 17.551533 11.337263
v 2.452625 17.759512 11.480281
v 2.605870 18.036358 11.490161
v 2.487427 18.020918 11.634116
v 2.446604 18.475256 11.664581
v 2.571864 18.470367 11.493843
v 2.319716 18.958355 11.571406
v 2.452348 18.900288 11.387355
v 2.681630 18.967278 11.377320
v 2.394717 18.973671 11.294063
v 2.653442 19.015085 11.229540
v 2.382896 19.097946 11.042842
v 2.777424 19.036009 11.023274
v 2.673044 19.142080 10.865565
v 2.864962 19.254499 10.815334
v 2.669308 19.348789 10.614896
v 2.492975 17.580931 11.429103
v 2.781806 19.329330 10.620625
v 2.873093 19.211296 10.617384
v 2.922845 19.005127 10.753274
v 2.291847 17.916883 11.558548
v 2.273764 17.765320 11.517905
v 2.132299 17.682125 11.508357
v 2.116714 17.929630 11.542799
v 1.972951 17.870766 11.665631
v 2.024662 18.140747 11.767988
v 2.126794 18.138699 11.646250
v 1.982201 18.574211 11.819490
v 2.096098 18.552599 11.675687
v 1.838380 19.026665 11.684205
v 1.974589 18.938913 11.549262
v 1.940859 18.997387 11.463095
v 1.975921 19.103275 11.231200
v 2.014449 17.703331 11.612141
v 1.174865 20.323835 -10.086018
v 1.201787 20.252045 -10.180090
v 1.537446 20.093962 -9.852858
v 1.509779 20.183327 -9.768980
v 1.838836 20.099298 -9.634022
v 1.811757 20.236656 -9.574733
v 2.198721 20.134010 -9.420798
v 2.301449 20.002052 -9.435640
v 1.865915 19.961939 -9.693310
v 2.021754 19.588858 -10.036245
v 1.565113 20.004599 -9.936737
v 1.747628 19.628820 -10.285145
v 1.418407 19.675117 -10.374304
v 2.024044 19.459961 -10.602236
v 1.551760 19.496914 -10.703048
v 1.653709 19.296171 -11.021796
v 1.381895 19.690632 -10.914514
v 1.469795 19.498795 -11.130720
v 1.613638 19.252357 -11.208201
v 1.510850 19.379107 -11.263108
v 2.095993 20.265972 -9.405957
v 1.575663 19.215818 -11.404772
v 1.709011 19.123407 -11.293910
v 1.767911 18.832119 -11.424184
v 1.934925 18.856766 -11.479694
v 1.925367 18.531796 -11.482416
v 1.753171 18.520420 -11.421972
v 1.863796 18.174540 -11.407599
v 1.713532 18.153744 -11.389047
v 1.615122 18.534174 -11.521509
v 1.611885 18.211647 -11.470140
v 1.636054 18.873814 -11.543044
v 3.032589 18.696009 -10.431174
v 3.108616 18.554689 -10.418538
v 3.095043 18.482082 -10.311186
v 2.978822 18.624491 -10.273842
v 3.099548 18.506126 -10.183251
v 3.016958 18.606525 -10.077959
v 2.834975 18.902973 -10.183072
v 2.910455 18.868717 -9.959556
v 2.806581 19.080013 -10.059250
v 2.911349 19.120745 -9.865742
v 2.606399 19.298731 -9.997149
v 2.687688 19.488455 -9.660261
v 2.419794 19.379108 -10.048935
v 2.389150 19.427448 -10.301126
v 2.700957 19.156872 -10.482384
v 2.419426 19.150961 -10.677999
v 3.081725 18.616917 -10.861148
v 3.037422 18.998575 -10.687281
v 2.828718 18.938450 -10.758162
v 2.974559 19.139818 -10.555067
v 2.803746 19.047750 -10.639052
v 2.899709 19.246475 -10.415585
v 2.702446 19.351419 -10.222141
v 2.812556 19.320711 -10.222402
v 2.891136 19.193844 -10.219951
v 2.928260 18.989935 -10.363091
v 2.691350 19.049015 -10.852875
v 2.777158 19.020107 -10.984501
v 2.918282 18.607140 -10.914615
v 2.913364 18.190479 -10.939676
v 3.098485 18.214619 -10.900970
v 3.104065 18.001291 -10.907148
v 2.909695 17.998260 -10.910037
v 3.098115 17.817862 -10.925012
v 2.955658 17.752121 -10.928989
v 2.839772 17.781260 -11.041541
v 2.806967 17.965258 -11.097731
v 2.855537 18.191315 -11.155240
v 2.874429 18.648542 -11.134305
v 2.723720 19.005219 -11.001040
v 2.434286 19.037508 -10.934132
v 2.027548 19.206774 -10.888834
v 1.915102 19.159822 -11.334600
v 1.833078 19.212528 -11.225161
v 1.996501 19.115572 -11.127448
v 2.258862 19.095924 -11.101030
v 2.489936 18.962812 -11.027586
v 2.572014 18.528044 -11.148804
v 2.794065 18.537838 -11.171901
v 2.771592 18.095377 -11.180836
v 2.561926 18.093117 -11.165285
v 2.729549 17.833952 -11.095917
v 2.538131 17.880392 -11.047843
v 2.693978 17.668272 -11.062152
v 2.539960 17.600754 -11.035424
v 2.381309 17.833439 -11.178304
v 2.400242 17.649527 -11.134057
v 2.375511 19.042467 -11.215734
v 2.458736 18.553501 -11.325962
v 2.451708 18.096466 -11.316385
v 2.270488 19.066305 -11.208336
v 2.029472 19.057842 -11.214406
v 1.911426 19.165163 -11.352285
v 2.017165 18.706783 -11.501972
v 2.119152 18.667088 -11.353170
v 2.329821 18.701218 -11.351363
v 2.308374 18.263828 -11.364629
v 2.106196 18.251328 -11.343137
v 2.068739 18.040001 -11.251211
v 2.012554 18.269382 -11.470263
v 1.927702 18.001881 -11.384911
v 2.057193 17.790920 -11.228576
v 1.948751 17.828827 -11.337721
v 2.446604 18.475256 11.664581
v 2.487427 18.020918 11.634116
v 2.561016 18.022165 11.817374
v 2.452625 17.759512 11.480281
v 2.528886 17.692345 11.641134
v 2.492975 17.580931 11.429103
v 2.544529 17.535021 11.552389
v 2.694828 17.484402 11.521036
v 2.713426 17.681950 11.659229
v 2.840104 17.732512 11.576306
v 2.888799 18.041803 11.688015
v 2.803087 17.799229 11.419806
v 2.812942 18.058891 11.518801
v 2.790023 18.501245 11.531113
v 2.877674 18.555222 11.678327
v 2.794901 19.129902 11.518471
v 2.780975 18.606024 11.866880
v 2.783906 18.029415 11.846259
v 1.840370 19.325153 11.730804
v 2.100307 19.419880 11.763371
v 2.324392 19.295605 11.637154
v 2.204925 19.005585 11.452186
v 2.306079 19.147638 11.718687
v 2.135570 19.262890 11.856865
v 2.392459 18.646292 11.861207
v 2.238976 18.671450 12.032312
v 2.264843 18.131033 11.989677
v 2.071010 18.147997 11.943315
v 2.056736 17.817244 11.787897
v 1.972951 17.870766 11.665631
v 2.076345 17.673817 11.704508
v 2.014449 17.703331 11.612141
v 2.199986 17.623566 11.657635
v 2.132299 17.682125 11.508357
v 2.273764 17.765320 11.517905
v 1.840370 19.325153 11.730804
v 1.911046 19.186756 11.820663
v 2.032851 18.626886 11.977145
v 2.024662 18.140747 11.767988
v 1.838380 19.026665 11.684205
v 1.840370 19.325153 11.730804
v 1.982201 18.574211 11.819490
v 1.840370 19.325153 11.730804
v 1.762962 19.072323 11.554708
v 1.817973 18.512196 -11.753420
v 1.734668 18.059563 -11.542654
v 1.624999 18.154318 -11.563744
v 1.873338 18.113998 -11.519778
v 1.943524 18.466875 -11.622474
v 1.925367 18.531796 -11.482416
v 1.863796 18.174540 -11.407599
v 1.713532 18.153744 -11.389047
v 1.611885 18.211647 -11.470140
v 1.635182 18.544226 -11.690327
v 1.880511 18.924749 -11.772941
v 2.345642 17.844881 11.712013
v 2.291847 17.916883 11.558548
v 2.325032 18.170349 11.680805
v 2.310701 17.707758 11.624867
v 2.222669 17.796846 11.803924
v 2.395714 18.167141 11.843396
v 2.301865 18.607779 11.688507
v 2.213388 18.971861 11.558569
v 2.268006 20.742159 10.264380
v 1.951391 20.684114 10.734764
v 1.584183 20.425608 10.948162
v 1.276292 20.046312 11.093851
v 1.157562 19.765085 10.908693
v 1.283294 19.517843 11.238347
v 1.890583 20.822166 10.619101
v 1.504714 20.562767 10.844358
v 1.219093 20.277033 10.833317
v 1.117222 20.021547 10.612289
v 1.425245 20.699926 10.740555
v 1.173785 20.355946 10.746857
v 1.107560 20.104340 10.503806
v 1.097898 20.187128 10.395324
v 1.128478 20.434862 10.660398
v 1.488751 19.898008 10.288898
v 1.805794 19.898258 10.062974
v 1.787204 20.044409 9.992098
v 2.153187 20.125933 9.803427
v 1.768615 20.190559 9.921224
v 2.057492 20.256855 9.771926
v 1.475949 19.997667 10.191319
v 1.463146 20.097328 10.093740
v 1.097898 20.187128 10.395324
v 1.107560 20.104340 10.503806
v 1.117222 20.021547 10.612289
v 1.261408 19.934530 -10.580441
v 1.228708 20.180254 -10.274162
v 1.946306 19.463636 -11.383437
v 2.295144 18.786388 -11.694516
v 2.263856 18.244825 -11.678039
v 2.855537 18.191315 -11.155240
v 2.992548 18.643959 -11.250050
v 2.874429 18.648542 -11.134305
v 2.936045 19.167316 -11.098148
v 3.156414 19.227411 -11.006828
v 3.091324 19.397024 -10.856819
v 2.691350 19.049015 -10.852875
v 2.777158 19.020107 -10.984501
v 2.691350 19.049015 -10.852875
v 1.063683 20.282745 10.240731
v 1.097898 20.187128 10.395324
v 1.128478 20.434862 10.660398
v 1.065447 20.543694 10.501905
v 1.425245 20.699926 10.740555
v 1.332310 20.846334 10.586211
v 1.890583 20.822166 10.619101
v 1.771660 21.009157 10.450136
v 2.268006 20.742159 10.264380
v 2.160701 20.938404 10.102830
v 2.299971 20.508089 9.889291
v 2.208930 20.623886 9.766772
v 2.057492 20.256855 9.771926
v 1.938678 20.345266 9.712664
v 1.768615 20.190559 9.921224
v 1.794239 20.312120 9.787313
v 1.463146 20.097328 10.093740
v 1.434440 20.185272 9.954843
v 1.097898 20.187128 10.395324
v 1.063683 20.282745 10.240731
v 1.405734 20.273218 9.815947
v 1.029468 20.378359 10.086141
v 1.819863 20.433678 9.653400
v 2.117889 20.739685 9.644254
v 2.053397 21.134647 9.941280
v 1.652738 21.196148 10.281171
v 1.239375 20.992744 10.431866
v 1.002416 20.652527 10.343414
v 1.029468 20.378359 10.086141
v 2.975625 17.990065 11.253032
v 3.168486 18.012760 11.262365
v 3.180521 17.828989 11.271589
v 3.045630 17.749149 11.263758
v 2.921099 17.760721 11.370081
v 2.866281 17.937386 11.432306
v 2.887845 18.163958 11.502794
v 2.957697 18.179916 11.291421
v 2.860531 18.621235 11.503580
v 2.920936 18.595694 11.285410
v 2.734101 18.988283 11.364818
v 2.806702 18.923851 11.138691
v 2.942329 19.148939 10.954279
v 1.646367 17.982700 11.831953
v 1.632777 18.043110 11.740374
v 1.744343 17.999926 11.663247
v 1.766273 17.900648 11.813494
v 1.890341 18.034748 11.692015
v 1.899652 17.969839 11.801746
v 1.910259 18.392105 11.786446
v 1.926982 18.322290 11.924306
v 2.642405 17.551533 11.337263
v 2.814122 17.586300 11.490664
v 2.786831 17.632746 11.376509
v 3.011785 19.008183 11.083682
v 3.085284 18.624559 11.242694
v 3.141241 18.224482 11.265415
v 2.887845 18.163958 11.502794
v 2.971667 18.622665 11.626123
v 2.860531 18.621235 11.503580
v 2.870145 19.144745 11.494599
v 3.087986 19.231258 11.419938
v 3.014404 19.400890 11.273923
v 2.653442 19.015085 11.229540
v 2.653442 19.015085 11.229540
v 2.734101 18.988283 11.364818
v 2.204925 19.005585 11.452186
v 2.213388 18.971861 11.558569
v 2.301865 18.607779 11.688507
v 2.325032 18.170349 11.680805
v 2.270488 19.066305 -11.208336
v 2.258862 19.095924 -11.101030
v 2.681630 18.967278 11.377320
v 2.653442 19.015085 11.229540
v 2.653442 19.015085 11.229540
v 2.242344 18.009933 -11.257535
v 2.206625 17.859386 -11.225760
v 1.833078 19.212528 -11.225161
v 1.946306 19.463636 -11.383437
v 2.790023 18.501245 11.531113
v 2.812942 18.058891 11.518801
v 1.714541 19.246925 11.908629
v 1.628324 19.421705 11.767036
v 1.840370 19.325153 11.730804
v 1.840370 19.325153 11.730804
v 1.762962 19.072323 11.554708
v 1.840370 19.325153 11.730804
v 1.430106 20.364590 -9.467794
v 1.083841 20.520067 -9.753386
v 1.129353 20.421953 -9.919702
v 1.469943 20.273960 -9.618387
v 1.847360 20.473927 -9.273848
v 1.829558 20.355291 -9.424290
v 1.971677 20.369949 -9.339903
v 2.095993 20.265972 -9.405957
v 2.271407 20.621273 -9.364193
v 2.369323 20.495789 -9.496302
v 2.276022 20.953831 -9.686013
v 2.384427 20.748478 -9.860204
v 1.918408 21.079918 -10.050971
v 2.039741 20.882889 -10.231418
v 1.474227 20.969654 -10.220093
v 1.572926 20.814981 -10.385386
v 1.173571 20.692755 -10.166723
v 1.246610 20.578701 -10.335949
v 1.129353 20.421953 -9.919702
v 1.174865 20.323835 -10.086018
v 1.174865 20.323835 -10.086018
v 1.509779 20.183327 -9.768980
v 1.811757 20.236656 -9.574733
v 1.083841 20.520067 -9.753386
v 1.100531 20.806810 -9.997498
v 1.375529 21.124325 -10.054802
v 1.797075 21.276943 -9.870524
v 2.167617 21.159182 -9.511823
v 2.173490 20.746758 -9.232083
v 2.915172 27.675642 -0.893153
v 2.890625 27.729250 -0.899677
v 2.840493 27.360312 -2.243057
v 3.013603 27.598465 -0.934022
v 2.840493 27.360312 -2.243057
v 3.093444 27.512537 -0.955435
v 2.840493 27.360312 -2.243057
v 3.180180 27.418653 -0.971809
v 2.840493 27.360312 -2.243057
v 3.263840 27.332439 -0.976956
v 2.840493 27.360312 -2.243057
v 3.282223 27.299337 -1.002792
v 2.840493 27.360312 -2.243057
v 3.273836 27.288170 -1.039380
v 2.840493 27.360312 -2.243057
v 0.831190 30.956776 -1.144928
v 0.815140 30.957296 -1.156612
v 1.230505 30.686071 -0.985198
v 0.774587 30.809244 -1.217519
v 0.459962 30.954411 -1.255708
v 0.377119 30.728586 -1.318386
v 0.165549 30.820559 -1.315326
v 0.065259 30.586502 -1.402426
v -0.152732 30.637783 -1.327922
v -0.260706 30.483974 -1.440599
v -0.487698 30.528090 -1.323825
v -0.364976 30.685347 -1.230427
v -0.658515 30.561724 -1.182893
v -0.539383 30.737309 -1.113015
v -0.813061 30.576366 -1.002501
v -0.700115 30.761797 -0.960574
v -0.933972 30.592360 -0.798670
v -0.831375 30.773603 -0.770037
v -1.017890 30.584854 -0.585940
v -0.940804 30.765882 -0.571508
v -0.445056 30.970936 -1.039452
v -0.264711 30.921383 -1.154345
v -0.039526 30.878128 -1.259442
v 0.242649 31.054405 -1.267715
v 0.499193 31.085760 -1.194104
v 0.505184 31.087204 -1.178972
v 0.831190 30.956776 -1.144928
v 0.505184 31.087204 -1.178972
v -1.075076 30.577759 -0.360417
v -1.008837 30.758493 -0.348201
v -1.111810 30.578245 -0.121589
v -1.042000 30.772469 -0.114463
v -1.118506 30.603376 0.114762
v -1.052358 30.793991 0.100986
v -1.086103 30.608677 0.342936
v -1.034359 30.790848 0.311607
v -1.046312 30.611958 0.572750
v -0.990116 30.774611 0.540609
v -0.979719 30.584467 0.793459
v -0.925994 30.762356 0.728645
v -0.851250 30.568438 1.039631
v -0.796301 30.746227 0.959265
v -0.676048 30.555420 1.250739
v -0.627798 30.730627 1.166132
v -0.441924 30.519962 1.409203
v -0.395050 30.693100 1.315094
v -0.848014 30.989594 0.654964
v -0.909846 30.993711 0.481349
v -0.946003 30.996973 0.270022
v -0.955375 31.015635 0.075877
v -0.953719 31.007967 -0.112781
v -0.912164 31.008314 -0.333036
v -0.840524 30.995552 -0.541273
v -0.735011 31.003729 -0.723524
v -0.609924 31.000330 -0.896686
v 0.281424 31.174314 -1.227876
v 0.023483 31.102295 -1.231544
v -0.200033 31.159266 -1.114519
v -0.383403 31.186016 -1.003750
v -0.552277 31.202454 -0.873276
v -0.690581 31.216244 -0.705768
v -0.804348 31.233433 -0.527050
v -0.895012 31.243818 -0.332310
v -0.933285 31.246641 -0.118668
v 0.050374 31.237761 -1.207291
v -0.168795 31.303207 -1.090333
v -0.355227 31.346249 -0.987636
v -0.524391 31.372154 -0.865831
v -0.674519 31.380320 -0.701703
v -0.795521 31.389790 -0.525172
v -0.876389 31.392229 -0.332067
v -0.912946 31.384716 -0.121228
v -0.948393 31.249920 0.072275
v -0.916519 31.375986 0.061705
v -0.928050 31.248138 0.255816
v -0.884530 31.372036 0.219383
v -0.901035 31.372961 0.218420
v -0.901768 31.375982 0.055583
v -0.896944 31.385462 -0.117092
v -0.868158 31.392126 -0.327892
v -0.792804 31.390444 -0.521038
v -0.674353 31.382336 -0.692231
v -0.524744 31.377708 -0.850415
v -0.351475 31.352819 -0.968180
v -0.154780 31.317022 -1.056990
v 0.063845 31.247629 -1.182503
v -0.792159 31.393450 -0.521662
v -0.865866 31.396488 -0.329981
v -0.893476 31.393585 -0.122606
v -0.896952 31.388332 0.054846
v -0.881980 31.376469 0.232139
v -0.851457 31.367989 0.397444
v -0.851920 31.360167 0.396472
v -0.835041 31.163290 0.397664
v -0.859557 31.167511 0.225307
v -0.869888 31.182898 0.041112
v -0.859081 31.196367 -0.135217
v -0.814489 31.203308 -0.330166
v -0.792159 31.393450 -0.521662
v -0.792159 31.393450 -0.521662
v -0.748330 31.212364 -0.504581
v -0.792159 31.393450 -0.521662
v -0.675602 31.385450 -0.700279
v -0.637632 31.216574 -0.676502
v -0.525694 31.380903 -0.862943
v -0.495695 31.224897 -0.837400
v -0.351286 31.354252 -0.977050
v -0.339317 31.199436 -0.972699
v -0.161417 31.309599 -1.079419
v -0.155653 31.175390 -1.055411
v 0.063282 31.254272 -1.189977
v 0.056097 31.105150 -1.165130
v 0.292876 31.180401 -1.219851
v 0.283119 31.034576 -1.187239
v 0.511699 31.089352 -1.183992
v 0.511699 31.089352 -1.183992
v 0.489327 30.946856 -1.161264
v 1.173035 30.538637 -1.066448
v 1.516501 30.497427 -0.794943
v 1.496395 30.517248 -0.774023
v 1.222397 30.712030 -0.975942
v 1.485415 30.512556 -0.735079
v 1.237248 30.679983 -0.956893
v 1.191549 30.585505 -0.938200
v 0.814970 30.824190 -1.094560
v 0.835516 30.946692 -1.138341
v 0.511699 31.089352 -1.183992
v 0.831190 30.956776 -1.144928
v 0.831190 30.956776 -1.144928
v -0.203072 30.464697 1.515319
v -0.151711 30.637089 1.400352
v 0.113991 30.367443 1.597816
v 0.177683 30.540411 1.468002
v 0.384057 30.239138 1.609016
v 0.440296 30.443075 1.466684
v 0.620188 30.131271 1.594965
v 0.648735 30.323009 1.426023
v 0.881941 30.028931 1.568788
v 0.879463 30.197861 1.411994
v 1.119528 29.888071 1.478407
v 1.122016 30.082850 1.369915
v 1.363492 29.738054 1.389761
v 1.366718 29.958374 1.236565
v 1.552751 29.587347 1.267242
v 1.571645 29.837870 1.116796
v 1.963152 29.203650 0.933885
v 1.904658 29.542414 0.784737
v 1.132606 30.290798 1.208537
v 0.879245 30.389042 1.218208
v 0.667015 30.546015 1.292743
v 0.473900 30.660223 1.344218
v 0.210653 30.752869 1.363781
v -0.098777 30.838943 1.279909
v -0.351682 30.896523 1.220189
v -0.580554 30.935022 1.078255
v -0.732623 30.962433 0.877965
v -0.891952 31.243191 0.442073
v -0.819745 31.220205 0.612931
v -0.704471 31.202951 0.825488
v -0.552154 31.174265 1.009784
v -0.334095 31.137283 1.168857
v -0.088965 31.084118 1.247691
v 0.222778 30.981487 1.308285
v -0.862700 31.362404 0.403290
v -0.790164 31.358461 0.568320
v -0.681010 31.326563 0.767854
v -0.528979 31.297613 0.965378
v -0.313714 31.264671 1.124643
v -0.069305 31.217491 1.204151
v 0.224620 31.130569 1.236147
v 0.484947 30.905119 1.289736
v 0.495242 31.050310 1.219181
v 0.693341 30.824665 1.252433
v 0.700024 30.987316 1.198119
v 0.701784 30.986042 1.201078
v 0.488426 31.052135 1.218082
v 0.219897 31.127001 1.224291
v -0.062421 31.216328 1.187660
v -0.309763 31.266516 1.109699
v -0.523718 31.302252 0.945713
v -0.673266 31.329365 0.760364
v -0.780967 31.355566 0.560417
v -0.772489 31.355566 0.562581
v -0.851457 31.367989 0.397444
v -0.772489 31.355566 0.562581
v 2.098446 29.470190 0.379351
v 2.072077 29.749140 0.275324
v 1.825046 29.914932 0.587105
v 2.040556 30.034903 0.165913
v 1.783283 30.122030 0.540720
v 2.006039 30.175249 0.122629
v 1.759931 30.318039 0.472556
v 1.754351 30.304985 0.449544
v 1.573751 30.480076 0.686156
v 1.575734 30.466515 0.676372
v 1.387055 30.647228 0.878803
v 1.382202 30.640259 0.861770
v 1.138531 30.775175 1.043522
v 1.130265 30.787518 1.032295
v 0.894388 30.901937 1.144876
v 0.889997 30.910740 1.142424
v 1.746005 30.294731 0.438639
v 1.550170 30.474522 0.662890
v 1.365961 30.647148 0.848778
v 1.128852 30.785238 1.024060
v 0.892728 30.900476 1.132573
v 1.659798 30.230932 0.452487
v 1.873245 30.108629 0.143884
v 1.963341 30.185291 0.124483
v 1.987650 30.177559 0.129303
v -0.056690 31.049229 1.186732
v -0.069048 31.220369 1.188551
v -0.317020 31.272547 1.102495
v 0.225060 30.977890 1.229777
v 0.216744 31.148096 1.230060
v 0.470553 30.907038 1.206349
v 0.484515 31.048721 1.219215
v 0.699107 30.816412 1.177455
v 0.700481 30.973333 1.202671
v 0.885241 30.754702 1.117285
v 1.149315 30.643734 1.040411
v 1.383956 30.549139 0.866003
v 1.556251 30.403664 0.683147
v 0.284029 31.176193 -1.199713
v 0.505184 31.087204 -1.178972
v 0.885610 30.702684 1.150366
v 1.141842 30.575294 1.078779
v 1.398994 30.459711 0.941324
v 1.577139 30.279091 0.756260
v 1.595602 30.076042 0.899248
v 1.405247 30.198210 1.057395
v -0.062708 30.907881 -1.339543
v 0.004082 31.147348 -1.312107
v 0.241478 31.100782 -1.352375
v -0.303212 30.949308 -1.228002
v -0.400548 30.725981 -1.297074
v -0.592592 30.779732 -1.174956
v -0.704757 30.605251 -1.232041
v -0.871069 30.613901 -1.045639
v -0.766104 30.800457 -1.014838
v -1.000518 30.624798 -0.832188
v -0.906779 30.808220 -0.811130
v -1.091770 30.610233 -0.609996
v -1.024663 30.796637 -0.600821
v -1.152069 30.599077 -0.376066
v -1.096645 30.785999 -0.367257
v -1.190528 30.598171 -0.129500
v -1.131815 30.798569 -0.123870
v -1.197531 30.623459 0.119078
v -1.141460 30.823545 0.105607
v -1.163946 30.629086 0.357706
v -1.038102 31.013109 0.288000
v -1.122464 30.822395 0.328671
v -1.075439 30.810074 0.566071
v -1.048373 31.027451 0.079522
v -1.047233 31.017550 -0.123071
v -1.002630 31.020674 -0.355425
v -0.925292 31.014090 -0.574697
v -0.810550 31.028049 -0.768659
v -0.676702 31.030113 -0.955523
v -0.499627 31.004328 -1.107123
v -0.236278 31.200686 -1.190479
v -0.765754 31.235815 -0.756187
v -0.617178 31.230103 -0.936055
v -0.435244 31.221733 -1.074190
v -0.189120 31.382143 -1.151981
v 0.045486 31.316420 -1.268333
v -0.636701 30.978592 1.140521
v -0.604523 31.221642 1.070012
v -0.769752 31.243345 0.876295
v -0.802107 30.998606 0.926537
v -0.895211 31.250498 0.655636
v -0.928143 31.018042 0.693469
v -0.975648 31.266212 0.474896
v -0.997033 31.016249 0.510424
v -1.018400 31.265327 0.275376
v -1.042275 31.263325 0.077193
v -1.027155 31.256828 -0.128450
v -0.985896 31.253229 -0.356757
v -0.888841 31.245638 -0.565425
v -0.391268 31.417812 -1.048271
v -0.573707 31.436344 -0.920949
v -0.737761 31.439859 -0.748807
v -0.865702 31.447495 -0.560240
v -0.950248 31.452717 -0.351615
v -0.985921 31.449118 -0.125894
v -0.986713 31.443953 0.067675
v -0.964681 31.444391 0.234225
v -0.919949 31.434900 0.427488
v -0.051021 31.319487 1.192919
v -0.303371 31.367786 1.113422
v -0.335192 31.350605 1.171232
v -0.561994 31.379930 1.008025
v -0.519963 31.403467 0.950650
v -0.723908 31.405188 0.805811
v -0.670314 31.429787 0.764050
v -0.838044 31.435093 0.598927
v -0.777099 31.453451 0.560250
v -0.853476 31.457071 0.399692
v -0.894462 31.468800 0.226499
v -0.920364 31.472233 0.061017
v -0.915556 31.481573 -0.114756
v -0.886585 31.490122 -0.330951
v -0.042982 31.281914 1.132780
v -0.276164 31.328518 1.049337
v -0.474755 31.364525 0.882023
v -0.604212 31.397514 0.710068
v -0.709427 31.416082 0.525380
v -0.789600 31.435375 0.375119
v -0.820510 31.447392 0.225178
v -0.841519 31.465015 0.057003
v -0.835807 31.469809 -0.114188
v -0.811105 31.474747 -0.314689
v 0.229254 30.983419 1.135260
v -0.029558 31.049028 1.097882
v -0.254316 31.104801 1.015295
v -0.446233 31.143835 0.853158
v -0.583192 31.162313 0.696515
v -0.672281 31.170593 0.516248
v -0.733853 31.176418 0.361270
v -0.758267 31.181189 0.209503
v -0.767736 31.198812 0.040723
v -0.758279 31.215967 -0.121497
v -0.717210 31.225538 -0.301898
v -0.735415 31.467903 -0.496703
v -0.659498 31.232794 -0.461972
v -0.625911 31.458290 -0.666071
v -0.560019 31.234510 -0.619377
v -0.475417 31.446495 -0.819124
v -0.425379 31.237206 -0.766333
v -0.308631 31.420307 -0.935957
v -0.284940 31.209110 -0.893274
v -0.129056 31.383495 -1.042005
v -0.113130 31.185957 -0.969074
v 0.093401 31.328995 -1.154483
v 0.085150 31.112471 -1.072139
v 0.316171 31.245928 -1.167196
v 0.296147 31.041817 -1.086747
v 0.526808 31.150307 -1.121013
v 0.491806 30.962698 -1.058510
v 0.841057 31.012646 -1.091527
v 0.800123 30.853676 -1.010575
v 1.216935 30.757513 -0.918158
v 1.136542 30.635359 -0.872070
v -0.807296 31.488121 -0.529867
v -0.688222 31.481888 -0.704749
v -0.528036 31.474646 -0.861772
v -0.350687 31.449863 -0.983719
v -0.152626 31.409220 -1.083622
v 0.075211 31.341566 -1.210640
v 0.303395 31.269888 -1.223163
v 0.530134 31.184481 -1.185578
v 0.860186 31.055870 -1.163486
v 0.292772 31.252689 -1.288555
v 0.518177 31.164524 -1.254409
v 0.844328 31.030476 -1.221665
v 1.282311 30.751635 -1.030330
v 0.468639 30.997356 -1.341119
v 0.796502 30.848398 -1.303784
v 1.222860 30.579494 -1.123681
v 1.567957 30.572586 -0.840179
v 1.532327 30.400425 -0.967100
v 1.839274 30.407923 -0.446686
v 1.873455 30.166843 -0.575082
v 2.034654 30.061457 -0.266439
v 2.048744 29.829170 -0.460522
v 2.098670 29.737207 -0.300496
v 2.064903 29.418810 -0.810317
v 2.181930 29.312334 -0.558022
v 1.769319 29.979614 -0.797761
v 1.761659 29.697720 -1.108869
v 2.097099 29.114063 -0.978754
v 1.772847 29.473904 -1.238063
v 1.522478 29.707769 -1.430012
v 1.515963 29.906786 -1.269074
v 1.507593 30.152765 -1.079008
v 1.147441 30.343407 -1.261103
v 0.701338 30.605742 -1.414024
v 0.380330 30.752102 -1.403955
v 0.158901 30.850895 -1.402481
v 1.117670 30.018333 -1.615551
v 1.131184 30.117678 -1.432974
v 0.666106 30.393974 -1.516904
v 0.314508 30.547817 -1.511636
v 0.062331 30.630304 -1.478847
v -0.171376 30.679983 -1.398903
v -0.518754 30.577520 -1.377117
v -0.274595 30.536915 -1.496749
v -0.030727 30.456362 -1.586590
v 0.238514 30.403036 -1.676336
v 0.591846 30.266493 -1.710610
v -1.121915 30.637386 0.594700
v -1.049916 30.612698 0.825402
v -1.005630 30.800570 0.764422
v -0.913748 30.600626 1.082123
v -0.866761 30.787645 1.006685
v -0.723581 30.595108 1.304182
v -0.683601 30.778942 1.227034
v -0.474317 30.554993 1.470294
v -0.435729 30.738188 1.390552
v -0.218816 30.496111 1.579168
v -0.171612 30.673882 1.477271
v 0.115255 30.397919 1.666269
v 0.178414 30.576021 1.550040
v 0.397344 30.272221 1.680746
v 0.455994 30.480051 1.549695
v 0.640250 30.168823 1.663833
v 0.690551 30.573433 1.373618
v 0.671908 30.362505 1.507797
v 0.914615 30.245443 1.487507
v 0.489220 30.691813 1.423646
v 0.209495 30.786015 1.444968
v -0.116031 30.870987 1.351059
v -0.393420 30.938587 1.295005
v 1.661961 30.120968 0.936525
v 1.643752 30.317299 0.798867
v 1.460532 30.491911 0.993835
v 1.459281 30.239721 1.105211
v 1.185074 30.607895 1.153934
v 1.173485 30.325985 1.283514
v 0.922375 30.735237 1.222149
v 0.914015 30.410326 1.294555
v 0.718855 30.869879 1.329493
v 0.499728 30.952568 1.364939
v 0.226257 31.028387 1.383657
v -0.106229 31.134596 1.323361
v -0.371728 31.187637 1.237075
v -0.073767 31.306854 1.255004
v 0.234227 31.220837 1.281218
v 0.511420 31.139175 1.257753
v 0.725811 31.072495 1.243235
v 0.927261 30.984503 1.198857
v 1.751705 30.404184 0.415821
v 1.805852 30.401243 0.494385
v 2.049089 30.238924 0.139046
v 1.624509 30.553038 0.709281
v 1.576905 30.563375 0.644304
v 1.440968 30.714821 0.909863
v 1.399155 30.728346 0.838314
v 1.176176 30.851831 1.096587
v 1.144755 30.885220 1.025964
v 0.900719 31.015621 1.133318
v 0.708162 31.084240 1.164520
v 0.500480 31.149185 1.185166
v 0.234461 31.229082 1.213947
v 2.001420 30.263882 0.122277
v 1.693673 30.345680 0.373507
v 1.495260 30.522032 0.598350
v 1.325641 30.689392 0.782844
v 1.102538 30.819021 0.954098
v 0.871796 30.936039 1.066810
v 0.689195 31.004362 1.125795
v 0.483977 31.091106 1.137090
v 0.229047 31.210812 1.161831
v 1.942245 30.230389 0.117216
v 1.802302 30.121832 0.132678
v 1.574629 30.249500 0.394010
v 1.469957 30.404175 0.625934
v 1.304476 30.539721 0.806222
v 1.094808 30.633801 0.961651
v 0.846447 30.755159 1.042352
v 0.676332 30.823847 1.094555
v 0.460639 30.915768 1.111262
v 0.912625 30.071939 1.631741
v 1.151622 29.927567 1.542546
v 1.160705 30.131594 1.441920
v 1.413067 29.773993 1.439999
v 1.416589 30.001665 1.291082
v 1.607600 29.612068 1.319987
v 1.635895 29.878099 1.169276
v 2.019861 29.227917 0.989405
v 1.974658 29.577614 0.836528
v 2.161529 29.492043 0.418019
v 2.128837 29.778690 0.312664
v 1.893862 29.957567 0.638849
v 2.094290 30.070463 0.205508
v 1.848751 30.164669 0.595007
v 1.252271 30.807375 -0.981840
v 1.520544 30.617332 -0.781595
v 1.465133 30.596588 -0.704964
v 1.760632 30.445684 -0.421971
v 1.656374 30.390663 -0.364243
v 1.958765 30.262402 -0.080694
v 1.883199 30.264820 -0.068438
v 1.551607 30.257029 -0.344764
v 1.766135 30.166990 -0.057733
v 2.022521 30.222216 -0.103455
v 2.053402 30.008121 -0.176595
v 2.225094 29.142828 -0.668381
v 2.230227 29.059910 -0.722061
v 2.151664 29.047674 -0.918910
v 2.208439 29.006258 -0.786276
v 2.180398 29.010454 -0.855051
v 1.034877 20.909832 -8.829995
v 1.386832 20.852814 -8.691583
v 1.362742 20.829828 -8.583584
v 0.978361 20.883562 -8.743812
v 1.227561 20.828899 -8.350469
v 0.805501 20.856766 -8.513803
v 1.179760 20.925409 -8.219510
v 0.753569 20.937580 -8.406954
v 1.111925 21.059818 -8.028383
v 0.671975 21.062681 -8.240458
v 1.018591 21.260073 -7.736366
v 0.542099 21.251211 -7.935046
v 0.783576 21.664186 -7.233028
v 0.248321 21.616978 -7.493839
v 0.612388 22.095032 -6.856048
v 0.055084 22.020849 -7.009748
v 0.430155 22.508305 -6.494359
v -0.126136 22.446928 -6.546110
v 0.517494 22.903721 -6.055364
v -0.189304 22.878992 -6.070430
v -0.584021 22.664316 -6.514721
v -0.386200 22.065189 -7.266290
v -0.182424 21.734121 -7.848958
v 0.109804 21.352463 -8.249125
v 0.296976 21.152620 -8.495244
v 0.436740 21.017626 -8.687782
v 0.523882 20.931578 -8.806393
v 0.705593 20.939600 -8.940794
v 0.794092 20.959417 -9.002335
v -0.256184 21.953341 -8.189134
v 0.045543 21.573286 -8.597492
v 0.093588 21.333769 -8.828632
v 0.229342 21.164743 -8.992877
v 0.321171 21.052387 -9.095247
v 0.535437 21.031391 -9.181096
v 0.645711 21.039492 -9.212019
v 0.152380 21.549856 -9.078637
v 0.213565 21.327087 -9.232602
v 0.258593 21.187609 -9.326169
v 0.512332 21.171680 -9.386406
v 0.624045 21.169609 -9.394709
v 0.000440 21.870590 -8.926789
v 0.271893 21.796257 -9.389623
v 0.279673 21.577524 -9.538036
v 0.289191 21.445091 -9.626286
v 0.605261 21.343456 -9.626997
v 0.701903 21.320948 -9.606783
v 0.624045 21.169609 -9.394709
v 0.630843 21.835905 -9.900289
v 0.665646 21.707432 -10.062910
v 0.791022 21.443325 -9.876512
v 0.846222 21.396997 -9.811297
v 0.701903 21.320948 -9.606783
v 0.779513 21.537590 -10.076457
v 0.838547 21.490368 -10.018543
v 0.846222 21.396997 -9.811297
v 1.188690 21.640968 -10.091763
v 0.838547 21.490368 -10.018543
v 1.162811 21.701651 -10.176357
v 1.112671 21.783482 -10.206415
v 1.069213 21.956844 -10.081508
v 0.572632 22.053297 -9.644606
v 0.213476 22.250547 -9.166681
v -0.203306 22.305029 -8.510974
v -0.568230 22.451916 -7.788423
v -0.594592 22.403522 -7.210573
v -0.722986 22.797983 -6.680374
v -0.683998 23.001377 -6.170442
v -0.703881 22.745979 -8.093161
v -0.078712 22.726391 -8.837577
v -0.379366 23.200594 -8.269246
v 0.512555 22.532236 -9.372933
v 0.336185 22.885761 -9.255010
v 0.238156 23.103991 -8.984324
v -0.006209 23.607222 -8.529550
v -0.599591 23.391773 -8.228689
v -0.845215 22.954763 -7.895213
v -0.676129 22.707167 -7.567319
v -0.266333 23.648596 -8.366897
v -0.329563 24.244631 -8.186346
v -0.497779 24.141691 -8.141517
v -0.493900 24.668627 -7.503679
v -0.123297 25.515327 -7.139834
v 0.246443 25.468378 -7.197299
v -0.091740 25.338303 -7.267982
v 0.319669 25.174149 -7.275124
v -0.054222 25.129232 -7.360204
v 0.111686 24.885181 -7.535646
v -0.500456 24.875456 -7.228174
v 0.352008 24.408382 -8.003150
v 0.626787 23.849783 -8.511251
v 0.727140 23.177526 -8.997286
v 0.787422 22.947611 -9.334631
v 0.866245 22.586092 -9.387234
v 1.009529 22.207344 -9.701881
v 1.681414 21.621603 -9.877105
v 1.188690 21.640968 -10.091763
v 1.707860 21.708843 -9.981962
v 1.690299 21.903658 -10.089124
v 1.661911 22.108995 -9.954292
v 1.629695 22.414463 -9.618260
v 1.421533 22.782307 -9.386702
v 1.340730 23.010937 -9.232146
v 1.232133 23.256582 -8.862626
v 1.170691 23.955425 -8.342560
v 1.050828 24.539597 -7.887180
v 2.146608 21.971443 -9.480150
v 2.036847 22.245857 -9.317269
v 2.298022 21.904228 -9.179017
v 2.373325 21.764465 -9.321394
v 2.229074 21.843859 -9.649058
v 2.425968 21.612631 -8.952480
v 1.465615 24.381660 -7.727375
v 1.620323 23.823265 -8.078839
v 1.731803 23.122669 -8.548018
v 1.921627 22.981108 -8.843448
v 1.824640 22.607046 -8.998815
v 2.173699 22.134747 -8.939949
v 2.318563 21.705154 -8.831222
v 2.243638 21.304028 -8.576958
v 2.184241 21.232634 -8.740566
v 2.314703 21.478764 -9.055058
v 2.312941 21.631645 -9.351331
v 1.712877 24.071808 -7.488307
v 1.729949 23.653917 -7.134775
v 1.894292 23.159653 -7.490774
v 1.583760 24.599957 -7.080976
v 1.342670 25.006426 -7.321934
v 1.896217 23.557251 -7.840438
v 2.066354 23.008034 -8.224164
v 2.061602 22.713417 -8.412968
v 2.166414 22.478626 -8.606518
v 2.133732 21.872019 -8.616785
v 2.147876 21.409559 -8.462716
v 2.015192 22.194260 -8.247169
v 1.967485 22.568834 -7.733312
v 1.990139 21.580149 -8.275946
v 1.829364 21.808615 -7.902397
v 1.736645 22.178703 -7.421530
v 1.645272 22.734926 -7.103309
v 1.480165 23.118633 -6.805075
v 1.459921 24.112768 -6.721429
v 1.368128 24.884073 -6.844564
v 1.340493 25.216667 -7.122499
v 0.704803 25.145172 -7.236623
v 0.833991 24.978409 -7.418622
v 0.581452 25.459883 -7.123099
v 1.074927 22.263298 -6.816061
v 1.004909 22.673355 -6.527411
v 1.246217 23.560474 -6.461768
v 1.262373 24.579224 -6.413465
v 1.526046 25.212309 -6.594348
v 1.226312 25.389513 -6.832455
v 0.512239 25.450901 -6.884336
v 0.538274 25.760874 -6.866206
v 1.008895 25.423620 -6.503867
v 1.417807 25.177694 -6.211305
v 0.966558 23.159655 -6.126962
v 1.175511 24.112455 -6.030233
v 1.615577 24.837992 -6.155702
v 1.650525 25.030720 -6.033020
v 1.523576 25.410070 -6.147814
v 1.179148 25.793058 -6.533054
v 0.596157 25.877321 -6.534162
v 1.129676 26.069380 -6.419135
v 1.292295 25.752764 -5.992987
v 1.432551 25.245829 -5.769817
v 1.422649 25.477747 -5.499772
v 1.428953 24.677486 -5.359958
v 0.884223 23.534897 -5.823259
v 1.428031 24.345531 -5.742350
v 1.427396 24.411903 -5.513613
v 1.068109 23.762228 -5.546035
v 1.049912 23.917568 -5.302669
v 1.384325 25.016045 -5.172954
v 1.192205 24.264687 -5.044164
v 0.313704 23.627920 -5.285847
v 0.574259 23.386484 -5.522108
v 0.580257 23.145021 -5.752650
v 0.517494 22.903721 -6.055364
v 0.430155 22.508305 -6.494359
v 0.612388 22.095032 -6.856048
v 0.783576 21.664186 -7.233028
v 1.249160 21.760576 -7.227601
v 1.018591 21.260073 -7.736366
v 1.386573 21.431129 -7.673547
v 0.364390 24.415846 -4.390542
v 0.335085 24.178164 -4.641085
v 1.067569 24.344490 -4.872619
v 0.305779 23.940481 -4.891629
v 1.508932 26.054134 -5.704249
v 1.578787 25.653116 -5.245338
v 1.467352 25.092110 -4.988114
v 1.259288 24.547083 -4.888761
v 0.942933 24.424290 -4.701074
v 0.919059 24.768225 -4.491316
v 0.835862 25.194132 -4.151488
v 1.186481 25.894619 -4.370883
v 1.147637 26.327322 -4.095013
v 1.476497 26.934666 -4.203957
v 1.639744 27.302614 -3.787188
v 1.624663 27.821062 -4.290187
v 1.653459 27.731619 -3.827254
v 1.673788 28.367514 -3.886642
v 1.256468 28.527206 -4.338958
v 1.195732 26.640829 -3.715139
v 0.754166 25.513351 -3.873257
v 0.321987 24.695114 -4.081439
v 0.649603 25.840851 -3.582899
v 0.287484 24.959379 -3.805917
v 0.206911 25.405560 -3.480394
v 0.580257 23.145021 -5.752650
v -0.197978 23.320053 -5.622983
v 0.574259 23.386484 -5.522108
v -0.347784 23.620218 -5.303456
v 0.313704 23.627920 -5.285847
v 0.305779 23.940481 -4.891629
v -0.363454 23.922855 -4.851329
v 0.335085 24.178164 -4.641085
v -0.375949 24.126495 -4.612298
v 0.364390 24.415846 -4.390542
v -0.388445 24.330135 -4.373268
v 0.321987 24.695114 -4.081439
v -0.441370 24.602636 -4.073095
v 0.287484 24.959379 -3.805917
v -0.489228 24.877480 -3.810377
v 0.206911 25.405560 -3.480394
v -0.607940 25.520561 -3.560019
v -1.067522 26.026176 -3.614459
v -1.045956 25.348078 -3.950105
v -1.117641 25.018435 -4.189517
v -1.031053 24.742573 -4.480364
v -1.044378 24.453688 -4.692214
v -1.057703 24.164804 -4.904064
v -0.971408 23.790895 -5.325320
v -0.838010 23.438795 -5.701100
v 0.206911 25.405560 -3.480394
v 0.156463 25.611725 -7.095951
v 0.271333 25.754026 -6.887959
v 0.172764 25.823616 -6.596110
v 0.501712 26.295101 -6.387626
v 1.230909 26.169020 -6.168433
v 0.450681 26.592436 -5.948708
v 1.030015 26.333332 -5.875153
v 0.951007 26.621367 -5.638465
v 0.508871 26.941442 -5.869701
v 1.613043 26.256718 -5.288634
v 1.548134 25.920670 -5.042585
v 1.415320 26.353701 -5.438833
v 1.215662 27.129469 -5.528345
v 0.232530 27.465635 -5.423905
v 0.096045 26.741041 -6.082067
v -0.274358 26.500999 -6.306862
v -0.192925 25.773283 -6.667756
v -0.165623 25.565416 -6.853776
v 1.482528 26.746826 -5.324879
v 1.216568 27.397196 -5.361468
v 1.327432 25.358423 -4.730406
v 1.405512 26.403088 -4.566766
v 1.411432 26.673679 -4.653898
v 1.525238 27.396372 -4.652087
v 1.229390 28.038206 -4.796602
v 0.285731 28.405334 -4.975173
v -0.550156 27.954365 -4.978506
v -1.328113 27.898155 -4.466153
v -0.833116 28.560028 -4.471093
v 0.130184 29.027561 -4.509461
v 1.518962 28.726164 -3.887015
v 1.352457 29.070486 -3.890941
v 0.756684 29.491096 -3.895585
v 0.098026 29.606882 -3.988168
v -0.523680 29.400150 -3.873063
v -1.065490 29.206436 -3.857203
v -1.376984 28.743458 -3.803503
v -1.649140 28.112062 -3.860678
v -1.400017 27.186588 -4.326319
v -1.740951 27.546974 -3.850146
v -1.437880 26.736750 -4.190943
v -1.477909 26.785458 -3.716715
v -1.381558 26.114851 -4.064052
v -1.500701 26.451797 -4.668741
v -1.625158 26.867382 -4.787740
v -1.121158 27.413471 -4.865301
v -0.490980 27.345655 -5.545053
v -0.423081 27.030764 -5.776196
v -0.355182 26.715870 -6.007338
v -0.932625 26.109827 -6.258578
v -0.790766 25.673492 -6.643233
v -0.923550 25.607113 -6.641289
v -0.728364 25.503513 -6.783370
v -0.870532 25.467955 -6.758641
v -0.617183 25.309612 -6.971821
v -1.124422 25.938766 -6.234407
v -1.105971 25.757959 -6.112062
v -1.363575 25.998112 -5.778594
v -0.892156 25.512110 -6.557805
v -0.848524 25.403770 -6.652370
v -0.749073 25.154320 -6.871482
v -1.468137 26.410074 -5.695132
v -1.555017 26.260145 -5.631941
v -1.581961 26.389122 -5.549103
v -1.465113 26.588840 -5.242057
v -1.649643 26.335920 -5.432189
v -1.524940 26.181341 -5.444318
v -1.358490 26.202873 -5.973932
v -1.104265 26.402418 -6.034143
v -1.040166 26.680740 -5.743607
v -0.976674 26.958878 -5.453052
v -0.847748 23.125736 -6.308040
v -1.019767 23.567862 -5.803075
v -1.131731 23.946320 -5.482048
v -1.191854 24.130198 -5.322908
v -1.151459 24.327761 -5.323967
v -1.278149 24.701895 -5.232100
v -1.269433 24.415485 -5.073481
v -1.331179 24.968016 -5.005263
v -1.384460 25.318001 -4.813824
v -1.359752 25.791170 -4.471646
v -1.618117 25.836716 -4.789186
v -1.510517 25.222355 -4.971167
v -1.733181 25.800180 -4.898137
v -1.787522 26.177189 -4.991049
v -1.713003 26.424376 -4.912636
v -1.733328 26.401052 -5.169131
v -1.743023 26.345028 -5.254100
v -1.757304 26.069593 -5.122329
v -1.678489 25.965181 -5.162855
v -1.625208 25.854721 -5.034130
v -1.411780 25.224630 -5.137877
v -0.553371 24.950726 -6.885513
v -0.551230 25.074055 -7.037301
v -0.499743 24.762703 -7.081319
v -0.564446 24.579952 -7.441108
v -0.482981 24.030720 -8.039734
v -0.298583 23.659969 -8.246511
v -0.555560 23.473320 -8.136581
v -0.789890 23.061335 -7.735539
v -0.594737 22.787127 -7.445471
v -0.564851 22.556353 -7.136509
v -0.647984 22.911762 -6.768758
v -0.799415 23.266312 -6.410502
v -0.997416 23.735914 -5.895408
v -1.071366 24.081684 -5.574598
v -0.584527 19.031528 3.756301
v -1.618937 18.929113 3.164399
v -1.725144 18.256481 3.285158
v -0.583323 18.359482 3.903435
v -1.883131 17.452757 3.422575
v -0.698770 17.579889 4.114106
v -1.952471 16.725494 3.491226
v -1.445663 16.783182 3.904195
v -0.759269 16.898632 4.181022
v 0.280018 17.894175 4.562334
v -0.186609 17.072960 4.476521
v 0.325750 17.212330 4.744001
v 0.315883 17.905783 4.577443
v 0.383473 18.667130 4.438699
v 0.388680 19.283611 4.331831
v 0.427682 19.853798 4.187869
v -0.566127 19.686230 3.540450
v -2.310013 16.773731 2.937831
v -0.821753 22.188156 2.438268
v -0.661986 22.540195 2.234254
v -1.048532 22.566555 1.774210
v -1.310462 22.221661 1.829114
v -1.000402 21.830818 2.647985
v -1.517227 21.858187 1.850060
v -1.162253 21.324034 2.757123
v -1.672142 21.299263 1.926297
v -1.293304 20.858356 2.835649
v -1.738219 20.847643 1.957164
v -1.397747 20.221424 2.921921
v -1.810745 20.152235 1.954347
v -1.491805 19.585812 3.019219
v -1.959180 19.487734 1.976987
v -2.117698 18.880615 2.061174
v -2.263074 18.282440 2.160321
v -2.377425 17.510447 2.230347
v -2.408399 18.265923 1.638439
v -2.295828 18.870325 1.578891
v -2.562578 18.894888 1.146756
v -2.605502 18.302088 1.279122
v -2.373296 17.559122 1.689762
v -2.394831 16.853003 2.252975
v -2.369764 16.900223 1.728612
v -2.603195 17.604401 1.425335
v -2.679350 18.294735 1.124089
v -2.441575 19.514240 1.011890
v -2.100203 19.491886 1.516590
v -1.936180 20.105499 1.464513
v -1.826479 20.735235 1.431324
v -1.822107 21.258223 1.260680
v -1.795225 21.767830 1.096766
v -1.910822 21.327747 1.064176
v -2.021729 20.878914 1.031050
v -2.226630 20.191324 1.009025
v -2.595623 18.861979 0.895763
v -2.651860 18.232683 0.772514
v -1.535067 22.313435 0.989769
v -1.614288 22.318066 0.293731
v -1.828027 21.902477 0.345836
v -1.979880 21.388271 0.383820
v -2.109208 20.963709 0.423670
v -2.281611 20.239340 0.372610
v -2.378538 19.499838 0.377397
v -2.506100 18.802114 0.396976
v -2.657828 18.154291 0.372411
v -2.598526 17.591522 0.786625
v -2.531322 17.556654 0.373369
v -2.558289 16.938122 0.748749
v -2.404987 16.848116 0.272623
v -1.295239 22.727911 0.885942
v -1.435892 22.726486 0.236523
v -1.328079 22.224293 0.125917
v -1.469312 21.719551 -0.009709
v -1.656310 21.260231 -0.028357
v -1.796075 20.800358 -0.033619
v -1.986529 20.093241 -0.078189
v -2.188563 19.368048 -0.137517
v -2.346009 18.759550 -0.109824
v -2.387020 18.163269 -0.067098
v -1.531103 22.672155 -0.595114
v -0.966296 23.337791 1.590086
v -1.203123 23.375128 0.933546
v -1.391162 23.204926 0.179403
v -1.259897 23.239115 -0.589710
v -1.030285 23.378614 -1.234419
v 0.509578 21.997391 -3.302460
v 0.581064 21.435219 -3.510790
v -0.497566 21.466593 -3.246274
v -0.400628 21.981691 -3.007807
v 0.470275 22.374378 -3.092575
v -0.313383 22.327152 -2.698561
v 0.467722 22.668390 -2.747690
v -0.252070 22.730915 -2.430043
v -0.356424 23.417515 -2.578825
v -0.943828 23.398075 -2.111606
v -0.750794 22.673111 -2.043094
v -1.171853 22.689442 -1.391829
v -1.610086 22.303448 -0.673136
v -1.755305 21.931021 -0.763410
v -1.831976 21.391384 -0.776954
v 0.337720 23.470793 -2.894417
v 0.436504 20.400827 4.058136
v -0.522527 20.243013 3.430109
v 0.456481 20.988297 3.900933
v -0.498973 20.840607 3.373385
v 0.490980 21.404007 3.720341
v -0.401308 21.300766 3.265087
v 0.543313 21.921555 3.506380
v -0.239287 21.807117 3.002926
v 0.600557 22.245127 3.261249
v -0.188042 22.229435 2.836745
v 0.693899 22.580090 2.975890
v -0.141634 22.631620 2.682178
v -0.161210 23.399496 2.668970
v -0.650313 23.295437 2.142915
v 0.608537 23.357193 2.909791
v -2.556405 17.494213 0.034083
v -2.360188 16.716303 -0.202174
v -2.331161 17.369207 -0.680835
v -2.312259 16.631386 -0.652968
v -2.270915 16.611883 -1.330252
v -2.483267 17.415613 -2.237028
v -2.399091 16.581533 -2.205930
v -2.350580 16.596624 -2.842436
v -2.128752 16.616365 -3.620641
v -1.978828 17.521173 -3.558582
v -1.818494 16.652639 -3.864363
v -0.606275 17.723419 -4.214349
v -0.967255 16.825670 -4.111288
v -0.144636 16.957960 -4.480503
v 0.451513 17.843924 -4.498651
v 0.424433 17.057457 -4.659978
v 0.522726 18.567642 -4.320921
v 0.540079 19.172836 -4.214916
v -0.601947 18.449398 -4.011059
v -1.998129 19.650822 -2.158830
v -2.161305 18.989742 -2.183552
v -2.210939 18.843548 -0.826081
v -2.364087 18.205284 -0.827171
v -2.350374 18.292801 -2.239047
v -1.851493 18.396229 -3.447970
v -0.534601 19.131351 -3.927663
v 0.590195 19.770758 -4.068605
v -0.453993 19.820837 -3.763318
v 0.626617 20.364489 -3.897560
v -0.451587 20.405989 -3.556077
v 0.655313 20.977112 -3.666761
v -0.513392 21.027298 -3.391561
v -1.682065 19.109526 -3.415458
v -1.522808 19.807150 -3.313666
v -2.111215 19.523682 -0.832617
v -1.859436 20.303663 -1.965831
v -1.462900 20.443901 -3.158422
v -1.368159 21.057415 -2.916447
v -1.254315 21.431103 -2.692930
v -1.106837 21.903433 -2.483272
v -0.890242 22.250376 -2.230822
v -1.313748 22.266623 -1.551334
v -1.813694 20.975992 -1.805677
v -1.762055 21.409161 -1.768653
v -1.624933 21.939102 -1.735975
v -1.813586 20.930758 -0.803006
v -1.915181 20.222723 -0.828328
v 0.451513 17.843924 -4.498651
v 0.961989 17.121687 -4.696857
v 0.424433 17.057457 -4.659978
v 1.467340 17.135838 -4.627196
v 1.510404 17.881342 -4.452999
v 0.522726 18.567642 -4.320921
v 1.432713 18.706108 -4.295054
v 0.540079 19.172836 -4.214916
v 1.359384 19.313215 -4.207543
v 0.590195 19.770758 -4.068605
v 1.296576 19.882383 -4.032757
v 0.626617 20.364489 -3.897560
v 1.302360 20.455353 -3.893012
v 0.655313 20.977112 -3.666761
v 1.343930 21.058805 -3.738147
v 0.581064 21.435219 -3.510790
v 1.440523 21.491421 -3.592400
v 0.509578 21.997391 -3.302460
v 1.425898 22.000881 -3.358877
v 0.470275 22.374378 -3.092575
v 2.346084 22.233313 -2.816606
v 1.371144 22.350729 -3.138383
v 1.321219 22.640228 -2.813463
v 2.451689 21.896025 -3.011940
v 2.463923 21.389893 -3.174208
v 2.472350 21.010109 -3.370696
v 2.485877 20.472658 -3.589731
v 2.461250 19.931316 -3.739511
v 2.356436 19.343250 -3.889698
v 2.327795 18.730339 -4.018738
v 2.198824 17.949640 -4.202821
v 2.157126 17.091944 -4.336884
v 1.851275 17.107588 -4.543029
v 3.181742 19.760815 -2.750230
v 3.147246 20.385687 -2.665265
v 3.079364 21.080030 -2.561563
v 3.068120 21.466648 -2.459665
v 3.042382 21.958652 -2.357452
v 2.926880 22.331964 -2.129495
v 3.174332 19.199921 -2.819332
v 3.825563 19.670267 -1.735840
v 3.802585 20.280384 -1.726381
v 3.678483 20.971439 -1.659995
v 3.641598 21.407341 -1.589376
v 3.529828 21.920641 -1.496472
v 3.255319 22.270029 -1.378761
v 3.131106 22.656349 -1.308160
v 2.824404 22.689606 -1.928149
v 2.234164 22.550871 -2.616593
v 0.467722 22.668390 -2.747690
v 0.337720 23.470793 -2.894417
v 1.243799 23.479053 -2.991776
v 2.251152 23.458414 -2.539852
v 2.963080 23.409914 -1.874875
v 3.287893 23.366779 -0.943286
v 3.289379 23.394228 -0.504337
v 3.329385 22.702377 -0.568360
v 3.344287 22.303333 -0.598155
v 3.459367 21.904303 -0.631897
v 3.309519 23.428547 0.032531
v 2.985832 22.698973 1.129768
v 3.322917 23.412193 1.032256
v 2.875123 23.476454 1.794790
v 3.258996 22.664537 0.612727
v 3.324585 23.526077 0.526041
v 3.391210 22.651699 0.061211
v 3.350481 22.265099 0.044228
v 3.407734 21.876766 0.031872
v 3.659436 21.381702 -0.666503
v 3.575569 21.398685 0.015264
v 3.738507 20.933702 -0.685189
v 3.624500 21.006266 0.005143
v 3.868648 20.283112 -0.640099
v 3.704979 20.307283 0.059854
v 4.008506 19.704584 -0.596884
v 3.894165 19.653900 0.106443
v 3.400595 22.281324 0.639951
v 2.556062 20.963129 3.263760
v 2.573917 21.468746 3.097814
v 1.595814 21.476574 3.600250
v 1.615139 21.982536 3.382075
v 2.508231 21.991354 2.831490
v 1.612904 22.244593 3.110002
v 2.448294 22.353502 2.628027
v 1.554871 22.604824 2.813533
v 2.349205 22.696787 2.367535
v 2.794757 22.773151 1.811715
v 3.032774 22.404308 1.997486
v 3.124405 22.274124 1.255137
v 3.634156 21.890505 0.677906
v 3.775494 21.403856 0.664582
v 3.817410 21.011717 0.649586
v 1.456874 19.981445 4.064987
v 1.499377 20.515127 3.936213
v 0.436504 20.400827 4.058136
v 0.456481 20.988297 3.900933
v 1.534762 21.069113 3.759387
v 0.490980 21.404007 3.720341
v 0.543313 21.921555 3.506380
v 0.600557 22.245127 3.261249
v 0.693899 22.580090 2.975890
v 0.608537 23.357193 2.909791
v 1.597945 23.396986 2.923978
v 2.448236 23.454363 2.516842
v 4.021452 19.140467 -0.607396
v 3.770932 19.038649 0.138192
v 4.107470 19.714808 0.853362
v 4.159336 19.083014 0.859561
v 3.598503 19.632128 1.744860
v 3.618700 19.077641 1.821030
v 3.401825 19.137001 2.767181
v 3.384931 18.586401 2.848134
v 2.582743 18.759905 3.912382
v 2.600715 19.308001 3.749087
v 1.419052 19.427799 4.184039
v 2.619948 19.836273 3.604409
v 2.630410 20.396355 3.456017
v 3.567550 18.514317 1.888951
v 4.221596 18.448992 0.862333
v 3.907067 18.424088 0.165051
v 4.175885 18.577291 -0.624593
v 4.076448 17.741598 -0.696227
v 3.781075 17.595760 0.096464
v 4.104834 17.586830 0.948204
v 3.680146 17.608376 1.953207
v 3.433901 17.758211 2.989654
v 2.508937 17.865740 4.199162
v 1.402833 18.840338 4.283753
v 0.388680 19.283611 4.331831
v 0.427682 19.853798 4.187869
v 1.383206 18.051792 4.505293
v 0.383473 18.667130 4.438699
v 0.315883 17.905783 4.577443
v 3.618212 16.836746 -0.246382
v 3.501134 16.795425 0.118262
v 3.830764 16.756737 0.585472
v 4.039668 16.745108 0.953757
v 4.050832 16.753944 1.406034
v 3.797641 16.821339 1.972439
v 3.567919 16.887732 2.498056
v 3.423071 16.944847 3.040954
v 3.207643 17.024487 3.720488
v 2.683003 17.148762 4.369164
v 2.020761 17.190252 4.501625
v 1.401767 17.205418 4.659927
v 0.815229 17.234928 4.685020
v 0.325750 17.212330 4.744001
v 3.851938 19.150385 -1.718185
v 3.960859 18.627249 -1.728127
v 4.031298 17.820549 -1.707158
v 4.084960 16.933193 -1.617804
v 4.126420 16.907558 -1.209246
v 3.978536 16.881437 -0.859946
v 3.237470 18.613800 -2.959072
v 3.204149 17.849922 -3.137559
v 3.761352 16.992159 -2.100417
v 3.068231 17.087757 -3.150830
v 2.521113 17.101206 -3.894461
v 3.890231 20.349981 0.751664
v 3.380656 20.259686 1.594947
v 3.448344 19.675085 2.704218
v 3.426529 20.301716 2.568215
v 3.413145 20.991213 2.457176
v 3.340867 21.449961 2.319507
v 3.224866 21.995998 2.178417
v 3.322130 21.841904 1.379472
v 3.392547 21.340193 1.454723
v 3.346654 20.939508 1.502045
v 3.224627 27.454580 -1.069107
v 3.211501 27.454245 -1.356791
v 3.129449 27.578720 -1.347985
v 3.096482 27.551096 -1.714848
v 3.166553 27.436834 -1.732046
v 3.013412 27.512777 -2.091303
v 3.091539 27.390923 -2.092870
v 2.902844 27.483059 -2.364874
v 2.976962 27.350027 -2.363095
v 2.861006 27.291420 -2.600076
v 2.940476 27.165375 -2.471516
v 2.842999 27.131695 -2.668284
v 2.864487 26.968269 -2.672092
v 2.665013 27.040476 -2.903819
v 2.892931 26.935297 -2.715697
v 2.691776 27.011246 -2.943021
v 2.370392 27.014057 -3.145629
v 2.402760 26.981873 -3.173595
v 2.229449 26.943027 -3.256889
v 2.270791 26.885757 -3.287135
v 2.194425 27.050306 -3.276964
v 2.336836 27.110899 -3.163069
v 2.611651 27.183100 -2.925173
v 2.232256 26.886868 -3.317128
v 2.190792 27.040401 -3.336073
v 2.145087 27.202391 -3.310406
v 2.268636 27.257471 -3.200327
v 2.526000 27.333395 -2.941067
v 2.785127 27.422693 -2.606267
v 2.817565 27.582983 -2.356549
v 2.919617 27.611021 -2.108795
v 2.999559 27.641874 -1.717631
v 3.044384 27.657164 -1.345613
v 2.134771 27.195614 -3.374068
v 2.078145 27.325743 -3.408590
v 2.683022 27.737549 -2.336801
v 2.725662 27.710302 -2.345993
v 2.572701 27.665918 -2.605726
v 2.581121 27.598042 -2.596757
v 2.324735 27.587574 -2.957454
v 2.325281 27.508488 -2.931999
v 2.025966 27.486450 -3.398231
v 2.042939 27.420202 -3.336120
v 2.003409 27.459764 -3.424437
v 2.102088 27.338135 -3.342993
v 2.190198 27.367674 -3.222068
v 2.408500 27.443537 -2.945646
v 2.686305 27.528399 -2.603609
v 2.731461 27.643522 -2.339697
v 3.135204 27.552610 -1.047740
v 3.059838 27.649567 -1.025529
v 3.079695 27.660891 -0.960196
v 2.999846 27.739233 -0.929548
v 2.988816 27.724455 -0.990768
v 2.981988 27.778877 -0.968216
v 2.926167 27.777010 -1.324631
v 2.875427 27.798386 -1.321611
v 2.846896 27.787958 -1.743988
v 2.741881 27.743341 -1.713502
v 2.681966 27.723175 -2.053958
v 2.769029 27.764473 -2.093279
v 2.575577 27.694994 -2.302938
v 2.432792 27.641157 -2.543366
v 2.530958 27.695339 -2.594375
v 2.183493 27.577248 -2.914091
v 2.290339 27.611252 -2.955584
v 1.888906 27.485813 -3.320027
v 1.980700 27.509264 -3.403152
v 1.877095 27.459873 -3.380002
v 2.931650 27.792324 -0.928191
v 2.983874 27.773603 -0.929782
v 2.777868 27.751394 -1.289334
v 2.829751 27.739830 -0.923081
v 2.849422 27.734295 -0.891956
v 1.927250 25.240023 2.784474
v 2.060230 24.656025 2.858733
v 2.135915 24.654181 2.901515
v 2.588080 24.785744 2.371258
v 2.512428 24.787588 2.336293
v 2.891519 24.863899 1.991181
v 2.815889 24.865744 1.961819
v 3.181354 24.928974 1.520391
v 3.105745 24.930819 1.497970
v 3.449188 25.008955 0.944608
v 3.373598 25.010799 0.930676
v 3.354016 25.567684 1.058475
v 3.278413 25.569532 1.042863
v 3.336591 26.011332 1.065537
v 3.260983 26.013178 1.049819
v 3.328678 26.335388 1.068761
v 3.253067 26.337234 1.052995
v 3.271969 26.647175 1.074607
v 3.196351 26.649021 1.058754
v 3.206345 27.020575 1.077928
v 3.130720 27.022423 1.062024
v 3.056212 27.368923 1.076753
v 2.980573 27.370771 1.060866
v 2.940563 27.686659 1.107744
v 2.864914 27.688509 1.091399
v 2.983439 27.635218 1.364003
v 2.907794 27.637066 1.343878
v 2.930691 27.592791 1.794986
v 2.855043 27.594639 1.768504
v 2.755374 27.547581 2.322965
v 2.679714 27.549427 2.288695
v 2.413629 27.461529 2.800071
v 2.337946 27.463375 2.758764
v 2.150559 27.385300 2.993028
v 2.074859 27.387148 2.948876
v 1.872114 27.363642 3.240743
v 1.796396 27.365488 3.192937
v 1.939150 26.975189 3.138116
v 1.863438 26.977037 3.091827
v 2.003477 26.667475 3.076761
v 1.927770 26.669319 3.031379
v 1.998299 26.316103 2.996439
v 1.922595 26.317949 2.952244
v 1.986346 26.036970 2.905219
v 1.910642 26.038816 2.862372
v 1.961682 25.762308 2.862201
v 1.885978 25.764154 2.819991
v 2.002948 25.238176 2.826149
v 3.033867 27.549812 -1.377556
v 3.044537 27.599518 -1.233917
v 3.147641 27.389425 -1.211266
v 3.111865 27.375845 -1.136951
v 3.316221 27.039165 -1.219554
v 3.267916 27.035496 -1.141758
v 3.411932 26.670929 -1.214826
v 3.358311 26.662401 -1.140047
v 3.405017 26.341440 -1.228083
v 3.393439 26.334963 -1.150326
v 3.426537 26.042437 -1.205009
v 3.390298 26.021084 -1.130017
v 3.360822 25.589361 -1.071815
v 3.302450 25.577765 -1.014083
v 3.449188 25.008955 -0.944608
v 3.226844 25.579611 -0.999135
v 3.373598 25.010799 -0.930685
v 3.181354 24.928974 -1.520391
v 3.105745 24.930819 -1.497980
v 2.894277 24.863117 -1.992477
v 3.409280 26.006083 -1.419648
v 3.425613 25.610649 -1.169747
v 2.149117 26.014330 -2.944098
v 2.051664 26.006739 -2.926894
v 2.058198 26.277925 -3.008319
v 2.112994 25.760088 -2.938149
v 2.023085 25.741598 -2.888492
v 2.110190 25.261290 -2.847846
v 2.030194 25.230444 -2.838957
v 2.253956 24.771523 -2.867420
v 2.136390 24.654047 -2.901737
v 2.710696 24.895899 -2.496062
v 2.592631 24.784454 -2.373397
v 2.996726 24.981375 -2.030199
v 3.310129 25.050016 -1.607671
v 3.434945 25.089277 -1.028933
v 3.491963 25.212883 -1.134987
v 2.818647 24.864962 -1.963106
v 2.516979 24.786299 -2.338410
v 2.060705 24.655891 -2.858963
v 1.954497 25.232288 -2.797103
v 1.947385 25.743446 -2.845904
v 1.975965 26.008585 -2.883737
v 1.982498 26.279770 -2.963959
v 2.050741 26.623844 -3.075805
v 1.975038 26.625689 -3.030448
v 1.976726 26.935284 -3.133346
v 1.901017 26.937130 -3.087137
v 1.901390 27.335423 -3.239234
v 2.236813 25.328526 -2.918888
v 2.237834 25.790369 -2.975362
v 2.273606 26.046045 -2.950915
v 2.147202 26.297213 -3.028638
v 3.391663 25.583544 -1.364668
v 3.271635 25.557119 -1.722647
v 3.210792 25.916140 -1.742728
v 3.070109 25.923447 -2.224615
v 3.088345 26.212147 -2.238806
v 2.813716 25.883333 -2.699428
v 2.829208 26.156359 -2.740014
v 2.503331 25.835720 -2.864663
v 2.560147 26.119284 -2.974367
v 2.266109 26.333149 -3.076426
v 2.131373 26.621490 -3.053966
v 2.053342 26.943155 -3.113588
v 2.210237 26.636673 -3.064695
v 2.126182 26.974888 -3.106686
v 2.007254 27.269152 -3.209559
v 2.100659 27.231371 -3.146111
v 2.254681 27.321047 -3.026010
v 2.249785 27.249996 -2.976074
v 2.406425 27.023794 -3.007316
v 2.499302 26.710205 -2.987612
v 2.520030 26.368958 -2.910378
v 2.775966 26.396902 -2.736268
v 3.029118 26.504654 -2.247106
v 3.263336 26.247725 -1.766450
v 2.964369 26.864109 -2.271707
v 2.699011 26.755686 -2.745428
v 2.593841 27.097137 -2.771574
v 2.896962 27.228003 -2.301369
v 3.045254 27.294088 -1.823894
v 2.822947 27.452267 -2.315617
v 2.514726 27.316158 -2.775696
v 3.126776 26.940941 -1.822012
v 3.170181 27.393623 -1.407386
v 3.309299 27.038309 -1.416673
v 3.218290 26.580025 -1.779442
v 3.347419 26.634224 -1.417665
v 3.432131 26.334991 -1.442189
v 2.980804 27.498665 -1.795927
v 2.958848 27.575190 -1.799828
v 2.795714 27.516329 -2.319067
v 2.480298 27.376043 -2.811042
v 2.445723 27.420174 -2.784369
v 2.177078 27.345093 -2.978657
v 1.825673 27.337269 -3.191461
v 2.101380 27.346939 -2.934726
v 2.370043 27.422020 -2.743304
v 2.720057 27.518177 -2.284865
v 2.883201 27.577040 -1.773285
v 3.001360 27.629839 -1.372201
v 2.925717 27.631687 -1.351965
v 2.946314 27.685024 -1.110448
v 2.870667 27.686876 -1.094073
v 3.066190 27.366091 -1.081444
v 2.990553 27.367939 -1.065497
v 3.219155 27.016939 -1.083949
v 3.143530 27.018787 -1.067967
v 3.284823 26.643526 -1.080650
v 3.024778 27.601780 -1.156817
v 3.337935 26.332760 -1.073113
v 3.323987 26.018518 -1.054194
v 3.209206 26.645372 -1.064717
v 3.262325 26.334606 -1.057292
v 3.248378 26.020365 -1.038653
v 2.569957 25.399328 -2.860293
v 2.733728 25.447281 -2.623822
v 2.984285 25.527235 -2.111453
v 3.360324 25.226419 -1.645954
v 3.024824 25.164278 -2.071313
v 2.789464 25.026182 -2.610960
v 2.351504 24.926973 -2.923672
v 1.111925 21.059818 -8.028383
v 1.557655 21.200048 -8.013586
v 1.179760 20.925409 -8.219510
v 1.701876 21.073946 -8.205694
v 1.227561 20.828899 -8.350469
v 1.790830 20.990189 -8.327637
v 1.362742 20.829828 -8.583584
v 1.731325 20.959141 -8.570260
v 1.386832 20.852814 -8.691583
v 1.700323 20.966764 -8.675961
v 2.223867 21.431604 -9.099597
v 2.226585 21.568274 -9.361145
v 2.110803 21.206535 -8.831311
v 1.700323 20.966764 -8.675961
v 2.226585 21.568274 -9.361145
v 2.178816 21.680967 -9.641286
v 2.251279 21.758671 -9.667866
v 2.178816 21.680967 -9.641286
v 1.681414 21.621603 -9.877105
v 3.627924 23.781010 0.034874
v 3.309519 23.428547 0.032531
v 3.289379 23.394228 -0.504337
v 3.532873 23.834084 -0.384332
v 3.599539 23.745880 -0.999632
v 3.526616 24.142082 -0.979370
v 3.039361 24.085983 -1.748587
v 3.448229 24.857397 -1.016829
v 3.131579 24.668005 -1.771329
v 3.016370 25.257923 -1.644215
v 2.587503 25.199547 -2.377064
v 2.768363 25.790493 -2.547309
v 1.964580 25.134756 -2.870731
v 1.862073 25.819916 -2.952704
v 1.327352 25.624237 -3.271854
v 1.924214 26.509264 -3.112797
v 1.195732 26.640829 -3.715139
v 1.974802 27.185566 -3.143435
v 1.639744 27.302614 -3.787188
v 1.653459 27.731619 -3.827254
v 0.649603 25.840851 -3.582899
v 0.975054 24.617920 -3.097119
v 0.358729 24.541548 -3.258614
v 0.201691 24.815065 -3.273867
v 0.871797 25.048235 -3.341485
v 0.169391 24.986917 -3.397739
v 0.828726 25.273680 -3.493692
v 0.206911 25.405560 -3.480394
v 1.539818 25.255730 -3.233203
v 2.023949 24.668802 -2.996852
v 2.580296 24.606030 -2.437644
v 2.587784 23.913267 -2.463786
v 2.976639 23.689575 -1.791887
v 2.434366 23.660789 -2.513700
v 2.963080 23.409914 -1.874875
v 3.287893 23.366779 -0.943286
v 1.991634 27.680698 -3.190974
v 2.005863 28.176565 -3.237289
v 2.362414 28.148369 -2.666508
v 2.026772 28.552538 -2.613661
v 2.733158 28.078497 -1.906250
v 2.364018 28.618698 -1.844916
v 2.476531 28.453760 -0.915242
v 2.018101 29.152311 -1.794500
v 2.115379 28.934467 -0.848796
v 1.699591 29.345263 -1.625808
v 1.909421 29.348204 -0.671297
v 1.342779 29.702936 -1.403263
v 1.877226 29.788971 -0.378270
v 1.356137 29.937969 -1.058257
v 1.288146 30.419146 -0.956488
v 0.879468 30.723238 -1.187497
v 0.747579 30.180883 -1.372615
v 0.349641 31.020607 -1.248443
v 1.824597 30.174583 -0.350285
v 3.343663 25.444721 -0.961984
v 3.349004 26.321291 -1.045314
v 3.308976 26.211548 -0.433352
v 3.111512 27.110899 -0.462401
v 3.205577 27.078531 -1.013461
v 2.954237 27.491190 -0.468365
v 2.991094 27.534229 -0.973912
v 2.775327 27.923798 -0.475150
v 2.837702 27.973049 -0.981698
v 2.477554 28.462185 -0.447716
v 2.218038 28.931400 -0.423807
v 2.001205 29.378773 -0.392110
v 2.747278 27.572680 -1.845954
v 3.096027 25.784868 -1.568923
v 3.182759 26.401831 -1.763479
v 3.066481 27.069302 -1.887028
v 2.476821 27.650318 -2.664998
v 2.663110 27.153175 -2.680586
v 2.658556 26.441507 -2.629120
v 0.201747 30.420465 -1.398437
v 0.233703 30.257612 -1.904698
v 0.713382 30.037567 -1.910816
v 0.164783 29.919809 -2.679851
v 0.707377 29.813791 -2.789680
v 0.682552 29.647596 -3.287759
v 1.126564 29.321167 -3.272176
v 0.756684 29.491096 -3.895585
v 1.352457 29.070486 -3.890941
v 1.556928 28.888504 -3.269470
v 1.783193 28.546202 -3.252564
v 1.518962 28.726164 -3.887015
v 1.673788 28.367514 -3.886642
v 2.251152 23.458414 -2.539852
v 2.106197 23.667109 -2.814917
v 1.424823 23.622377 -3.094410
v 1.362691 23.818016 -3.197465
v 0.888118 23.603554 -3.279208
v 1.089030 24.045061 -3.254494
v 0.795062 23.951691 -3.338107
v 0.411475 24.263485 -3.441418
v 0.442769 24.071894 -3.166324
v 0.476478 23.659893 -3.053323
v 0.407100 23.565359 -2.973861
v 1.066000 23.541178 -3.135251
v 1.243799 23.479053 -2.991776
v -0.428861 22.303194 8.298096
v -0.789598 22.833265 7.745683
v -0.575074 22.426044 7.370605
v -0.427040 22.738777 8.573752
v -0.119515 22.142586 9.137736
v 0.048267 22.364588 9.272150
v 0.068697 22.005726 9.712677
v 0.523852 22.154341 9.849710
v 0.636417 21.971735 10.092731
v 1.156088 22.089033 10.107281
v 1.238497 21.909262 10.380001
v 1.645517 21.959276 10.363944
v 1.658525 21.802532 10.297932
v 2.094961 21.792183 9.997965
v 1.654892 21.756531 10.265910
v 2.073019 21.747145 9.997218
v 2.368487 21.697128 9.499878
v 2.097273 21.956326 9.981631
v 2.453614 21.830463 9.457141
v 2.090554 22.228031 9.912276
v 1.500094 24.037403 8.298794
v 1.337583 24.508392 7.914612
v 0.786784 24.631495 8.021709
v 0.952011 24.194118 8.454678
v 1.793272 23.434738 8.846347
v 1.164224 23.428263 8.947417
v 1.968636 22.912304 9.393344
v 1.472556 23.008417 9.560435
v 1.948160 22.383751 9.749308
v 1.546690 22.477709 9.931033
v 1.618359 22.204430 10.153688
v 1.062231 22.280125 9.843289
v 0.388432 22.685051 9.441760
v -0.290416 23.045700 8.796034
v 1.011287 22.954657 9.574794
v 0.059219 23.253929 8.912560
v 0.595810 23.438828 8.948191
v -0.594827 23.591137 8.367372
v -0.759196 23.254179 8.064899
v -0.241001 23.851336 8.454534
v 0.375864 24.098900 8.451099
v 0.290785 24.550766 8.030828
v 0.202325 24.953476 7.707469
v 0.671058 25.003023 7.660697
v 0.648198 25.176510 7.592607
v 0.250557 25.131237 7.581028
v 0.607233 25.275969 7.487014
v 0.140727 25.268101 7.435648
v -0.280484 24.755625 7.495773
v -0.261504 25.046217 7.170932
v -0.233948 24.328743 7.938189
v -0.487266 24.726707 7.477705
v -0.508751 25.018028 7.213760
v -0.566163 25.216564 7.072320
v -0.356634 25.303452 7.111157
v -0.042676 25.439936 7.116494
v 0.456401 25.386248 7.057527
v 1.060043 25.283823 7.274683
v 1.078673 25.146923 7.461911
v 1.142087 24.921474 7.556335
v 0.916818 25.175739 6.819064
v 1.487389 24.964968 6.640477
v 0.929596 25.356833 6.743802
v 0.375080 25.616486 6.821010
v -0.103209 25.682785 6.848910
v -0.604555 25.487204 6.880424
v -0.540798 25.135056 6.981247
v -0.465364 24.926968 7.099847
v -0.490435 24.668566 7.424330
v -0.409110 24.276922 7.916657
v -0.417926 24.196112 7.853333
v -0.368381 23.877632 8.352111
v -0.393921 23.823015 8.242146
v -0.584289 23.711765 8.259101
v -0.771104 23.371490 8.004018
v 2.399638 22.015764 9.347781
v 2.318433 22.180929 9.240303
v 2.172987 22.477251 8.868459
v 2.042679 23.051092 8.345378
v 1.826547 23.701372 7.962404
v 1.619249 24.200813 7.619664
v 1.480762 24.616907 7.291477
v 1.164159 24.796389 6.935136
v 1.090877 25.717831 6.746983
v 0.502744 25.952999 6.885239
v 1.451567 25.175053 6.454284
v 1.438817 24.444054 6.211283
v 1.114600 24.233564 6.416841
v 1.102588 24.000027 5.467974
v 1.261831 24.630058 5.857032
v 1.187043 25.311062 6.254295
v -0.194912 26.168100 6.743200
v -0.133531 26.055086 6.900822
v 0.355272 26.049498 6.629426
v 1.101527 25.932894 6.569387
v 1.416863 25.627165 6.140204
v 1.475857 25.118956 5.680037
v 1.235946 24.226461 5.207955
v 1.646327 25.757048 5.503972
v 1.403784 25.857914 5.907343
v 0.823226 26.128506 6.242975
v 0.297575 26.318850 6.450317
v -0.261173 26.287033 6.448908
v -0.818191 25.926128 6.727209
v -0.723392 25.790596 6.830751
v 1.222823 24.662800 4.882839
v 1.322402 26.232988 5.729517
v 1.536666 26.124529 5.036131
v 1.221333 25.093426 4.708845
v 1.437742 26.625820 4.608958
v 1.169483 25.546909 4.432896
v 1.426975 26.834360 4.232725
v 1.132222 25.902452 4.114188
v 1.555244 27.766003 4.396553
v 1.579730 27.421099 4.730991
v 1.117604 28.611889 4.377241
v -1.258628 26.184628 5.875573
v -0.974330 26.010155 6.290956
v -1.272815 26.322002 5.970268
v -1.397700 26.516912 5.763129
v -1.241523 26.398079 6.051057
v -0.927008 26.833233 5.892115
v -0.811327 26.648031 6.108504
v -0.366843 27.030094 5.786775
v -0.277304 26.787987 6.133355
v 0.235291 27.211580 5.716622
v 0.352703 26.875660 6.063695
v 0.922521 27.169703 5.537720
v 0.952267 26.738562 5.940022
v 1.549336 26.763517 5.461002
v 1.579672 27.029554 5.167724
v 1.099619 28.051300 4.839627
v -0.584031 25.353745 6.802889
v -0.808122 25.644855 6.813964
v -0.854289 25.872606 6.586228
v -0.985845 26.121891 6.441035
v -0.819387 26.219658 6.480186
v -0.469783 23.715412 8.157556
v -0.689896 23.403206 7.912119
v -0.803780 22.963612 7.667631
v -0.715416 22.988016 7.578890
v -0.655468 22.521059 7.252277
v -0.539148 22.626085 7.191799
v -0.520717 22.539278 7.143028
v -0.606629 22.880253 6.799873
v -0.135521 22.716297 6.605275
v -0.344115 23.165699 6.116917
v 0.141451 23.159065 6.052452
v 0.151825 23.455515 5.710572
v -0.431777 23.466951 5.810599
v -0.529490 23.780594 5.530280
v -0.929028 23.673748 5.972919
v -1.001929 24.015696 5.647549
v -1.031975 24.107946 5.709983
v -0.624512 22.945244 6.879364
v -0.802126 23.321167 6.311958
v -0.838524 23.394039 6.404435
v -0.935735 23.740553 6.035338
v -1.074835 24.352488 5.326376
v -1.128215 24.475338 5.384628
v -1.287711 24.744299 5.191746
v -1.342007 25.052685 5.310781
v -1.572237 25.358137 5.165201
v -1.531618 25.498684 5.248251
v -1.739547 25.786175 5.130889
v -1.605622 25.930157 5.212025
v -1.769591 26.272181 5.283529
v -1.586708 26.146797 5.372423
v -1.487264 26.329254 5.510928
v -1.596451 26.442200 5.506056
v -1.504862 26.732124 5.455196
v -0.968632 27.024891 5.744228
v -1.431032 26.868969 5.182597
v -1.041447 27.224382 5.268496
v -1.495938 27.265541 4.812840
v 0.200820 28.990622 4.611619
v 0.262180 28.426525 5.073586
v -0.706081 28.785414 4.622927
v -0.655137 28.277939 5.067178
v -1.285423 28.325560 4.573822
v -1.309426 27.757362 4.962303
v -0.415800 27.622082 5.368747
v -0.438302 27.430492 5.668827
v 0.319888 27.855053 5.512127
v 1.102399 27.587109 5.322010
v -1.656079 27.666685 4.470865
v -1.750519 28.272388 3.786708
v -1.495566 28.865829 3.945574
v -0.973900 29.401218 3.984917
v -0.490534 29.634399 4.082331
v 0.235808 29.630444 4.031615
v 0.885646 29.443295 4.057759
v 1.406880 28.842337 3.963534
v 1.549512 28.388802 3.945992
v 1.694983 27.934608 3.931101
v 1.507448 27.025444 3.850162
v 0.978066 26.113712 3.722737
v 0.641303 24.890793 4.012842
v 0.596087 25.568590 3.603546
v 1.492795 23.995401 6.731254
v 0.956160 23.741362 6.038606
v 1.221208 23.908321 5.799446
v 0.917476 23.781406 5.283781
v 0.852190 23.955618 5.016602
v 0.725474 24.165407 4.675632
v 0.632181 24.369204 4.376005
v 0.629509 24.608047 4.175780
v 0.028818 24.481392 4.233147
v -0.001184 24.645403 4.034737
v 0.596087 25.568590 3.603546
v 1.671934 23.617085 7.094642
v 1.332479 23.164455 6.770941
v 1.217593 23.557423 6.375842
v 0.633918 23.315586 5.803833
v 0.787915 23.495298 5.661063
v 0.138472 23.666311 5.393586
v 0.125119 23.877108 5.076600
v 0.113442 24.090132 4.772109
v 0.016343 24.325270 4.486835
v 2.169969 21.279091 8.793009
v 2.100274 21.265345 8.934182
v 1.648606 21.020241 8.883002
v 1.679360 20.982779 8.674041
v 2.104293 21.332041 8.647590
v 1.607266 21.075146 8.564791
v 2.094252 21.345919 8.467138
v 1.549145 21.123688 8.431451
v 1.887996 21.576847 8.130278
v 1.418603 21.319973 8.050482
v 1.691063 22.090900 7.669375
v 1.049690 21.948759 7.686453
v 1.473853 22.679169 7.152522
v 0.893585 22.282204 6.945506
v 0.820720 22.785345 6.559194
v 0.568471 23.153704 6.032231
v 0.151825 23.455515 5.710572
v 1.644769 21.015434 8.932751
v 1.318493 20.894226 8.992098
v 1.307157 20.894176 8.945256
v 1.279061 20.857990 8.769347
v 1.220749 20.975565 8.671817
v 1.160805 21.050503 8.555094
v 0.912746 21.285997 8.075870
v 0.718082 21.741554 7.586690
v 0.510852 22.186562 6.970440
v 0.348606 22.703043 6.503985
v 0.141451 23.159065 6.052452
v 2.075305 21.247856 8.983041
v 1.644769 21.015434 8.932751
v 2.269566 21.465639 9.171432
v 2.305364 21.497663 9.130444
v 2.456795 21.565752 9.033993
v 2.415565 21.689938 8.870893
v 2.279708 21.798872 8.768585
v 2.194735 22.037958 8.420032
v 2.090819 22.547867 7.898914
v 1.812365 23.164557 7.438971
v 2.331866 21.651268 9.524431
v 2.269566 21.465639 9.171432
v 1.082412 20.214205 10.294796
v 1.089079 19.927744 10.310501
v 0.998476 20.028910 10.437645
v 1.226881 19.850138 10.202811
v 1.250080 20.106731 10.042674
v 1.422418 19.796932 10.087570
v 1.628942 19.773766 9.970505
v 1.462333 19.993279 9.741282
v 1.257182 20.253544 9.546865
v 1.609914 20.266106 9.338952
v 1.055533 20.606174 9.283577
v 1.401638 20.612307 9.104302
v 1.319842 20.872107 8.974968
v 0.970481 20.884937 9.212052
v 0.849670 20.694408 9.586182
v 0.710716 20.958796 9.423791
v 0.798935 20.814531 9.865383
v 0.578717 21.073015 9.696826
v 0.812471 20.987148 10.099689
v 0.929885 20.514301 10.151676
v 0.567856 21.296167 9.949512
v 0.917127 20.656645 10.333042
v 0.993464 20.358450 10.496600
v 0.989497 20.439980 10.595654
v 1.015348 20.203386 10.679461
v 1.143785 20.324636 10.858447
v 1.005984 20.497221 10.652205
v 0.948196 20.781361 10.449447
v 0.874497 21.025927 10.272332
v 0.567856 21.296167 9.949512
v 0.674850 21.302336 10.080184
v 1.060426 20.342035 9.821579
v 0.984449 20.120235 10.558789
v 1.094726 21.363422 10.508110
v 0.920468 21.177246 10.439076
v 0.979529 21.025133 10.590385
v 1.158593 21.167429 10.667772
v 1.396504 21.450577 10.477170
v 1.451208 21.167334 10.671039
v 1.724781 21.493544 10.358603
v 1.763842 21.158508 10.578672
v 2.195480 21.474586 10.139220
v 2.300170 21.132639 10.315526
v 2.507534 21.305773 9.765439
v 2.584479 21.012152 9.991355
v 2.471866 21.122595 9.435090
v 2.537479 20.825346 9.692689
v 2.224731 20.935373 9.154951
v 2.280599 20.618120 9.421034
v 1.819224 20.726606 9.049819
v 1.973940 20.449419 9.302110
v 1.401638 20.612307 9.104302
v 1.609914 20.266106 9.338952
v 2.676304 20.537949 9.936952
v 2.456317 20.358303 9.700526
v 2.195303 20.198496 9.530930
v 1.838114 20.037010 9.518197
v 2.332313 19.925182 9.583773
v 2.538985 20.040697 9.600583
v 2.676617 20.142977 9.672187
v 2.781470 20.227400 9.822217
v 2.828796 20.303551 10.031527
v 2.806163 20.353344 10.228467
v 2.735563 20.427561 10.438910
v 2.625827 20.729713 10.272128
v 2.634182 20.490108 10.613838
v 2.470173 20.556578 10.773278
v 2.319880 20.812769 10.596896
v 2.269952 20.581636 10.904003
v 2.010074 20.599180 10.998319
v 1.870657 20.850780 10.776448
v 2.167362 19.850197 9.633925
v 2.002117 19.796179 9.751646
v 1.638233 20.564734 11.065958
v 1.545914 20.863880 10.843561
v 1.395428 20.526249 11.077967
v 1.289241 20.830975 10.840580
v 1.166277 20.476345 11.034800
v 1.061455 20.731670 10.759330
v 0.839031 20.493496 10.748786
v 0.814194 20.604055 10.687583
v 0.817280 20.565763 10.657409
v 0.773557 20.813929 10.578562
v 0.773731 20.794693 10.528584
v 0.661411 21.083916 10.331476
v 0.673959 21.033783 10.318546
v 0.492024 21.328979 10.094734
v 0.674850 21.302336 10.080184
v 0.874497 21.025927 10.272332
v 0.948196 20.781361 10.449447
v 0.878992 20.446033 10.814563
v 1.005984 20.497221 10.652205
v 0.861663 20.460932 10.722503
v 0.918078 20.395836 10.808183
v 1.002215 20.376953 10.897273
v 0.957137 20.418442 10.907114
v 1.046621 20.428007 10.984323
v 1.143785 20.324636 10.858447
v 0.893809 21.628220 10.325339
v 0.687961 21.559557 10.257988
v 0.463817 21.350182 10.124184
v 2.975152 27.050217 2.281099
v 2.993952 26.956049 2.427010
v 2.975876 26.998123 2.449224
v 2.964433 27.045099 2.458557
v 2.959675 27.093536 2.456185
v 2.962638 27.140306 2.440438
v 2.974303 27.179186 2.410396
v 2.993379 27.204659 2.370323
v 3.016632 27.216400 2.326056
v 3.041883 27.215519 2.280712
v 3.065722 27.199903 2.236595
v 3.085075 27.168543 2.199834
v 3.100077 27.126263 2.176787
v 3.111866 27.079588 2.168231
v 3.119864 27.031878 2.172578
v 3.120876 26.985878 2.190372
v 3.110875 26.947241 2.221002
v 3.091460 26.921398 2.260424
v 3.068100 26.909266 2.303998
v 3.042992 26.909927 2.348832
v 3.017339 26.925188 2.391833
v 3.119864 27.031878 2.172578
v 3.111866 27.079588 2.168231
v 3.128378 27.083073 2.214211
v 3.100077 27.126263 2.176787
v 3.118889 27.119959 2.221503
v 3.085075 27.168543 2.199834
v 3.105844 27.152540 2.239900
v 3.065722 27.199903 2.236595
v 3.089352 27.176783 2.268043
v 3.041883 27.215519 2.280712
v 3.069929 27.189701 2.302056
v 3.016632 27.216400 2.326056
v 3.049906 27.190912 2.338044
v 2.993379 27.204659 2.370323
v 3.031763 27.181019 2.373171
v 2.974303 27.179186 2.410396
v 3.017322 27.160250 2.404397
v 3.008287 27.129955 2.428016
v 3.076719 27.071501 2.332519
v 3.005599 27.093605 2.441346
v 3.132909 27.009169 2.232373
v 3.120876 26.985878 2.190372
v 3.133618 27.045141 2.217914
v 3.109873 26.957968 2.287236
v 3.124596 26.978943 2.256363
v 3.032879 26.985765 2.418018
v 3.051266 26.961756 2.390769
v 3.018427 27.018238 2.436084
v 3.009155 27.055277 2.443905
v 2.959675 27.093536 2.456185
v 2.964433 27.045099 2.458557
v 2.975876 26.998123 2.449224
v 2.993952 26.956049 2.427010
v 3.017339 26.925188 2.391833
v 3.071487 26.948959 2.357443
v 3.091548 26.947870 2.321901
v 3.091460 26.921398 2.260424
v 3.110875 26.947241 2.221002
v 3.042992 26.909927 2.348832
v 3.068100 26.909266 2.303998
v 1.149614 20.699764 10.821426
v 1.175576 20.618931 10.966448
v 1.131944 20.598234 10.956191
v 1.086362 20.589338 10.937066
v 1.044247 20.595673 10.909577
v 1.011503 20.616360 10.877591
v 0.989946 20.646866 10.845310
v 0.979418 20.684195 10.814774
v 0.982258 20.726732 10.788215
v 1.000876 20.770082 10.769679
v 1.032652 20.808170 10.761773
v 1.071994 20.837934 10.763632
v 1.115571 20.858702 10.773993
v 1.161062 20.867710 10.793288
v 1.203180 20.861380 10.820774
v 1.236012 20.840591 10.852592
v 1.257630 20.810015 10.884767
v 1.268104 20.772745 10.915420
v 1.265168 20.730322 10.942144
v 1.246552 20.686964 10.960678
v 1.214865 20.648767 10.968414
v 1.161062 20.867710 10.793288
v 1.137769 20.855755 10.836555
v 1.170586 20.850813 10.857965
v 1.203180 20.861380 10.820774
v 1.196859 20.835234 10.882777
v 1.236012 20.840591 10.852592
v 1.214419 20.811363 10.908307
v 1.257630 20.810015 10.884767
v 1.222228 20.781601 10.932445
v 1.268104 20.772745 10.915420
v 1.265168 20.730322 10.942144
v 1.219132 20.748182 10.953001
v 1.246552 20.686964 10.960678
v 1.204621 20.714413 10.967443
v 1.180376 20.684145 10.974111
v 1.103974 20.752281 10.900915
v 1.149487 20.660183 10.972940
v 1.114816 20.644203 10.964452
v 1.131944 20.598234 10.956191
v 1.086362 20.589338 10.937066
v 1.115571 20.858702 10.773993
v 1.102174 20.849482 10.821000
v 1.020136 20.658451 10.902676
v 1.046369 20.642916 10.927552
v 1.079184 20.637980 10.948961
v 1.067528 20.833471 10.812469
v 1.036621 20.809530 10.811348
v 1.012337 20.779312 10.818080
v 0.997833 20.745537 10.832521
v 1.044247 20.595673 10.909577
v 1.011503 20.616360 10.877591
v 1.002601 20.682289 10.877105
v 0.994775 20.712076 10.853010
v 0.982258 20.726732 10.788215
v 1.000876 20.770082 10.769679
v 1.032652 20.808170 10.761773
v 1.071994 20.837934 10.763632
v 0.989946 20.646866 10.845310
v 0.979418 20.684195 10.814774
v -2.251028 27.360325 2.680664
v -2.310129 27.329130 1.998843
v -2.345613 26.778063 1.953922
v -2.242122 26.777018 2.768670
v -2.258034 26.204531 1.937894
v -2.133891 26.256557 2.833905
v -2.145380 25.501719 1.944645
v -2.016279 25.433012 2.731308
v -1.975405 24.916544 1.936339
v -1.923757 24.818270 2.666833
v -1.968934 24.383608 1.978475
v -1.776689 24.348484 2.618671
v -1.862266 23.854698 2.002680
v -1.585854 23.978649 2.594861
v -1.459932 23.751156 1.811491
v -1.114183 23.937428 2.172817
v -1.437391 23.510622 1.720572
v -0.960444 23.632092 2.241673
v -0.966296 23.337791 1.590086
v -0.650313 23.295437 2.142915
v -2.127301 26.070999 1.088282
v -2.060462 25.573116 1.021935
v -2.192692 24.933455 1.050715
v -2.096411 24.381355 1.072220
v -2.050198 25.630217 0.371408
v -2.249206 26.033077 0.355442
v -2.201326 25.922306 0.016134
v -2.261369 26.660273 0.266766
v -2.256318 26.723764 1.132709
v -2.268836 27.396248 1.139240
v -2.151314 27.880739 2.006686
v -2.230988 27.956081 1.092844
v -2.213720 28.061989 0.196026
v -2.010216 28.756166 0.139827
v -1.936478 28.728127 -0.305784
v -1.860589 29.333809 -0.223941
v -1.739498 29.351303 -0.980086
v -1.617309 29.732510 -0.019269
v -1.563929 29.736294 -0.914650
v -1.348483 30.107742 -0.844519
v -1.312982 29.605106 -1.648400
v -1.073354 29.897125 -1.597292
v -2.253653 28.024269 -0.345476
v -2.376023 26.680017 -0.416973
v -2.229826 25.951681 -0.363867
v -2.327538 26.642946 -0.034505
v -2.295377 27.358488 -0.396445
v -2.223582 27.326803 -0.063376
v -2.171188 27.412245 0.282992
v -0.943828 23.398075 -2.111606
v -1.390482 23.598799 -2.163089
v -1.089160 23.596743 -2.344096
v -1.030285 23.378614 -1.234419
v -1.667181 23.532776 -1.420906
v -1.615258 23.572994 -0.841962
v -1.989178 24.066223 -1.491482
v -1.987055 23.995686 -1.077566
v -2.144562 24.464554 -1.525712
v -2.250356 24.451431 -1.079227
v -2.176009 24.871887 -1.575551
v -2.382452 24.903305 -1.144072
v -2.223331 25.468700 -1.629023
v -2.405618 25.203785 -0.938932
v -2.352924 25.469158 -0.846844
v -1.956379 25.531738 -0.421431
v -1.573470 23.614473 -0.579875
v -1.259897 23.239115 -0.589710
v -1.391162 23.204926 0.179403
v -1.394153 23.551662 0.096676
v -1.461823 23.585884 -0.437523
v -1.723632 24.003487 -0.656650
v -2.015525 24.431101 -0.791507
v -2.210432 24.947498 -0.824588
v -1.973572 25.048880 -0.411191
v -1.866017 25.081421 0.331822
v -1.749074 24.343267 0.212747
v -1.942677 23.912422 1.120984
v -1.493855 23.946102 -0.331878
v -1.411695 23.879198 0.030832
v -1.777673 24.451405 -0.321114
v -1.777123 23.637836 1.135805
v -1.796132 23.660187 1.612325
v -1.731397 23.543236 1.467685
v -1.203123 23.375128 0.933546
v -0.718612 23.620441 2.607562
v -0.161210 23.399496 2.668970
v -0.063753 23.740099 3.011450
v 0.608537 23.357193 2.909791
v 0.541741 23.609381 3.065403
v 0.395324 23.780958 3.324635
v -0.098544 23.984114 2.913330
v -0.503036 23.950491 3.324278
v -0.788047 23.971365 2.604056
v -1.208238 24.005604 2.931217
v -1.251294 24.347609 2.920679
v -1.262541 24.617422 2.952236
v -1.716036 25.304453 3.152265
v -1.863114 25.739834 3.201466
v -1.420570 25.348787 3.450179
v -1.983690 26.346312 3.288577
v -1.408504 26.310976 3.630609
v -2.079195 26.766436 3.307445
v -1.774476 27.028137 3.687344
v -2.179332 27.346111 3.280951
v -2.005831 27.890642 3.289153
v -1.966482 27.867779 2.649092
v -1.853729 28.493301 2.634665
v -1.990492 28.563108 2.009499
v -2.004006 28.624607 1.088320
v -1.786027 29.352827 0.163474
v -1.584140 29.743746 0.175616
v -0.600519 25.411108 3.527585
v -0.519241 24.339779 3.284373
v -0.592795 24.665545 3.520898
v -1.312750 25.035999 3.328031
v -0.788717 24.960245 3.604175
v 0.122928 25.241690 3.530365
v 0.167686 24.743347 3.620207
v 0.229465 24.515797 3.624956
v 0.170267 24.229872 3.672018
v -0.562042 24.173544 3.353754
v -0.511716 24.045330 3.391008
v -0.039669 23.927011 3.495946
v -1.354291 30.124485 0.186924
v -1.155246 30.406275 -0.679028
v -0.853519 30.269346 -1.340680
v -0.966070 30.708055 -0.513536
v -0.633684 30.641565 -1.084070
v -0.755723 31.411884 -0.408735
v -0.422251 31.375025 -0.908296
v -0.297014 30.538496 -1.300515
v -0.118717 31.262255 -1.128614
v 0.201747 30.420465 -1.398437
v 0.349641 31.020607 -1.248443
v -1.297505 30.168211 0.815605
v -1.212114 30.385527 0.167778
v -1.074000 30.649811 0.148631
v -1.139729 30.382303 0.735459
v -0.981953 30.596399 0.655313
v -0.796211 30.597179 1.040744
v -0.817000 30.210541 1.512475
v -0.347248 30.219536 1.968321
v -0.382123 30.529400 1.361240
v 0.189172 30.218288 1.945343
v 0.138578 30.360577 1.475441
v 0.286867 31.038837 1.275546
v -0.155884 31.201685 1.145558
v -0.494077 31.305410 0.894400
v -0.712515 31.344299 0.590686
v -0.843930 31.367472 0.146915
v 0.253698 29.765440 3.443779
v 0.195289 29.950342 2.748641
v -0.393330 29.954958 2.768253
v -0.592520 30.021719 1.976264
v -0.837790 29.823904 1.984207
v -0.490534 29.634399 4.082331
v 0.235808 29.630444 4.031615
v -0.432461 29.799572 3.483751
v -0.901897 29.793449 2.742931
v -1.158499 29.510603 2.010317
v -1.502750 29.774862 0.907094
v -1.467911 29.192497 2.034852
v -1.665881 29.365238 0.995815
v -1.497644 29.205408 2.649363
v -0.997170 29.514071 3.449764
v -0.973900 29.401218 3.984917
v -1.495566 28.865829 3.945574
v -1.437505 29.124044 3.315666
v -1.750519 28.272388 3.786708
v -1.722696 28.521536 3.248774
v -1.866449 27.652988 3.757923
v -0.607940 25.520561 -3.560019
v 0.206911 25.405560 -3.480394
v 0.169391 24.986917 -3.397739
v -0.513769 25.107931 -3.356359
v 0.201691 24.815065 -3.273867
v -0.669883 24.813589 -3.388757
v 0.358729 24.541548 -3.258614
v -0.517822 24.494175 -3.413628
v 0.411475 24.263485 -3.441418
v -0.542499 24.329609 -3.327533
v 0.442769 24.071894 -3.166324
v -0.566998 24.075333 -3.121684
v 0.476478 23.659893 -3.053323
v -0.634665 23.727262 -3.042928
v 0.407100 23.565359 -2.973861
v -0.517068 23.469561 -2.859369
v 0.337720 23.470793 -2.894417
v -0.356424 23.417515 -2.578825
v -1.223899 23.862938 -2.602741
v -1.711112 23.996126 -2.185396
v -2.255354 27.403320 -1.017238
v -2.355579 26.700089 -1.091683
v -2.313665 25.982935 -1.001234
v -2.323283 26.100979 -1.763543
v -2.100961 25.420677 -2.519581
v -1.910438 24.843391 -2.360986
v -1.831669 25.296120 -3.032756
v -1.718455 24.800732 -2.746479
v -1.433111 24.752617 -3.086505
v -1.321200 24.416817 -2.968934
v -1.128314 24.150373 -2.746774
v -2.316378 26.694172 -1.696048
v -1.416897 25.189444 -3.398218
v -1.865483 25.684845 -3.195560
v -2.194409 25.797508 -2.583788
v -2.213272 26.318699 -2.598994
v -2.174683 26.761147 -2.619094
v -2.135080 27.274908 -2.639861
v -1.926516 26.994019 -3.413024
v -1.685470 27.565496 -3.356469
v -1.477909 26.785458 -3.716715
v -1.740951 27.546974 -3.850146
v -1.588076 28.347889 -3.244921
v -1.649140 28.112062 -3.860678
v -1.376984 28.743458 -3.803503
v -1.465387 28.954859 -3.261404
v -1.065490 29.206436 -3.857203
v -1.865457 26.353119 -3.230957
v -1.314333 25.477568 -3.475130
v -1.067522 26.026176 -3.614459
v -0.886022 29.683380 -2.750545
v -0.700065 30.074234 -1.750036
v -0.448481 29.893564 -2.774692
v -0.326776 30.251345 -1.902780
v 0.233703 30.257612 -1.904698
v -1.543180 29.309925 -1.698448
v -1.335805 29.086172 -2.728449
v -1.028486 29.542120 -3.358049
v -0.464001 29.707253 -3.367267
v 0.164783 29.919809 -2.679851
v 0.093885 29.778429 -3.359126
v -0.523680 29.400150 -3.873063
v -1.688149 28.453659 -2.689061
v -1.878895 28.625494 -1.734842
v -1.888505 28.695448 -0.932582
v -2.160617 27.942585 -1.034900
v 0.098026 29.606882 -3.988168
v 1.700323 20.966764 -8.675961
v 1.386832 20.852814 -8.691583
v 1.407212 20.803272 -8.659214
v 1.741973 20.922901 -8.640305
v 1.518944 20.644411 -8.844151
v 1.888552 20.731337 -8.803288
v 1.670157 20.352533 -9.012547
v 2.132135 20.403650 -8.923578
v 1.904010 20.035904 -9.164406
v 2.304106 20.099878 -9.209722
v 2.175098 19.780317 -9.381747
v 2.300198 19.812027 -9.315337
v 2.430425 19.876354 -9.313268
v 2.489362 20.247511 -9.358172
v 2.544456 19.952366 -9.362432
v 2.646832 20.055292 -9.439283
v 2.654048 20.525587 -9.578661
v 2.740963 20.185564 -9.564214
v 2.788825 20.309767 -9.730047
v 2.657754 20.739147 -9.852942
v 1.889000 21.196247 -10.236724
v 2.294888 21.168581 -9.982528
v 2.351559 20.834917 -10.185495
v 2.527413 21.071352 -9.619794
v 2.546444 20.890909 -9.323590
v 2.383944 20.575226 -9.082548
v 2.268316 20.942276 -8.929460
v 1.263341 21.442654 -10.177692
v 1.789836 21.458109 -10.028595
v 2.237525 21.447393 -9.751123
v 2.435542 21.388384 -9.468194
v 2.435682 21.202734 -9.185378
v 2.181546 21.180038 -8.802161
v 2.310096 21.417719 -9.091666
v 2.317619 21.563301 -9.376485
v 2.249465 21.652617 -9.644232
v 1.724993 21.618055 -9.942691
v 1.198373 21.636408 -10.139482
v 0.817670 21.471912 -10.064691
v 0.909633 21.302488 -10.139892
v 1.336809 21.132790 -10.368563
v 1.941558 20.838655 -10.456031
v 1.681414 21.621603 -9.877105
v 2.178816 21.680967 -9.641286
v 2.226585 21.568274 -9.361145
v 2.226585 21.568274 -9.361145
v 2.223867 21.431604 -9.099597
v 2.110803 21.206535 -8.831311
v 1.700323 20.966764 -8.675961
v 2.795853 20.389839 -9.880764
v 2.752760 20.478781 -10.042943
v 2.637322 20.551277 -10.237738
v 2.473378 20.606733 -10.412283
v 2.259460 20.646194 -10.567405
v 2.017827 20.647568 -10.688787
v 1.417938 20.824692 -10.595072
v 1.009352 21.029877 -10.331972
v 0.749233 21.134857 -10.016900
v 0.631676 21.399532 -10.042254
v 0.527490 21.048265 -9.948925
v 0.409767 21.316292 -9.917674
v 0.513503 21.043617 -9.895946
v 0.421178 21.315392 -9.873215
v 0.817670 21.471912 -10.064691
v 0.767033 21.034258 -9.823953
v 0.886747 20.763100 -9.998400
v 0.682928 20.727568 -10.083301
v 1.002044 20.448355 -10.219859
v 0.771168 20.504442 -10.231865
v 1.081430 20.260609 -10.517962
v 1.730539 20.623886 -10.766667
v 1.424919 20.560574 -10.812383
v 1.172989 20.735687 -10.539011
v 0.867480 20.857121 -10.223669
v 0.695736 20.761908 -10.132951
v 1.279511 20.517784 -10.806785
v 1.150858 20.451361 -10.772959
v 1.014483 20.396873 -10.699981
v 0.957400 20.598991 -10.402462
v 0.775258 20.537844 -10.278612
v 0.877102 20.298389 -10.447775
v 0.953920 20.311619 -10.588959
v 1.081430 20.260609 -10.517962
v 0.864210 20.328049 -10.478690
v 0.929076 20.343285 -10.605148
v 0.839781 20.371967 -10.410416
v 0.837367 20.341753 -10.349264
v 1.081430 20.260609 -10.517962
v 1.081430 20.260609 -10.517962
v 1.220749 20.975565 8.671817
v 1.279061 20.857990 8.769347
v 0.844731 20.847055 9.019333
v 0.769433 20.928989 8.871816
v 0.546062 20.923841 9.271194
v 0.443822 20.981091 9.091922
v 0.444731 21.145416 9.640691
v 0.287481 21.265789 9.456115
v 0.548005 21.382460 9.908186
v 0.370895 21.526703 9.716076
v 0.727646 21.588219 10.079649
v 0.394572 21.796942 9.898270
v 0.761272 21.782070 10.317119
v 1.312003 21.760384 10.368987
v 1.331043 21.707388 10.339500
v 1.654892 21.756531 10.265910
v 1.318493 20.894226 8.992098
v 0.980006 20.907030 9.223210
v 0.952217 20.906782 9.187836
v 1.307157 20.894176 8.945256
v 0.688321 20.979706 9.400153
v 0.553516 21.098505 9.678474
v 0.547493 21.323723 9.929852
v 0.789346 21.497921 10.153059
v 0.788332 21.626175 10.243237
v 0.877179 21.661398 10.322222
v 0.907520 21.623392 10.302332
v 1.331043 21.707388 10.339500
v 0.589737 21.303745 9.934946
v 0.816301 21.466413 10.143138
v 0.815653 21.589474 10.225789
v 0.907520 21.623392 10.302332
v 0.816301 21.466413 10.143138
v 0.013341 22.255104 7.043750
v 0.348606 22.703043 6.503985
v 0.197615 21.670942 9.521520
v -0.276303 21.876032 8.916173
v -0.359181 21.871574 7.986633
v 0.510852 22.186562 6.970440
v 0.143939 21.647909 7.726418
v -0.008808 21.434296 8.602895
v 0.132583 21.386160 9.269951
v 0.322002 21.013264 8.913032
v 0.396020 21.257353 8.306730
v 0.718082 21.741554 7.586690
v 0.912746 21.285997 8.075870
v 0.682300 20.970612 8.712941
v 1.160805 21.050503 8.555094
v 3.260863 27.473549 -1.008566
v 3.279152 27.402498 -1.060663
v 3.333395 27.387867 -1.017108
v 3.358235 27.337915 -1.041450
v 3.273959 27.380295 -1.096670
v 3.329509 27.357271 -1.101230
v 3.261524 27.388760 -1.255277
v 3.298952 27.365177 -1.260436
v 3.259779 27.354507 -1.504004
v 3.312213 27.328747 -1.506281
v 3.217363 27.271500 -1.719279
v 3.270645 27.247021 -1.706050
v 3.201047 27.104155 -1.924746
v 3.251702 27.079288 -1.905917
v 3.200385 26.969584 -2.067662
v 3.238957 26.947609 -2.050297
v 3.172400 26.872349 -2.170764
v 2.989261 27.172007 -2.339399
v 3.092479 27.227482 -2.164918
v 3.150744 27.251423 -1.966763
v 3.121965 26.925819 -2.215151
v 3.068958 26.893574 -2.335615
v 3.006407 26.848305 -2.435872
v 3.082961 26.816250 -2.330698
v 3.142797 26.829414 -2.241719
v 3.209502 26.825735 -2.170494
v 3.174846 26.793783 -2.267374
v 3.119962 26.793686 -2.352873
v 3.037979 26.812824 -2.472770
v 3.167933 27.566397 -0.981995
v 2.232256 26.886868 -3.317128
v 2.270791 26.885757 -3.287135
v 2.161382 26.835545 -3.262419
v 2.125515 26.874022 -3.271673
v 2.190792 27.040401 -3.336073
v 2.088637 27.013485 -3.306404
v 2.134771 27.195614 -3.374068
v 2.040520 27.143902 -3.342330
v 2.078145 27.325743 -3.408590
v 1.983100 27.282459 -3.370108
v 2.003409 27.459764 -3.424437
v 1.922180 27.404434 -3.386635
v 1.980700 27.509264 -3.403152
v 1.877095 27.459873 -3.380002
v 3.069693 26.731163 -2.231098
v 3.039827 26.723867 -2.326523
v 3.119962 26.793686 -2.352873
v 3.037979 26.812824 -2.472770
v 2.943413 26.758034 -2.441541
v 2.892931 26.935297 -2.715697
v 2.807255 26.877668 -2.691779
v 2.691776 27.011246 -2.943021
v 2.618249 26.939997 -2.914062
v 2.402760 26.981873 -3.173595
v 2.327326 26.915337 -3.125869
v 2.199930 26.831587 -3.244432
v 2.161382 26.835545 -3.262419
v 2.840493 27.360312 -2.243057
v 2.840493 27.360312 -2.243057
v 2.840493 27.360312 -2.243057
v 2.840493 27.360312 -2.243057
v 2.840493 27.360312 -2.243057
v 2.840493 27.360312 -2.243057
v 2.824549 27.669174 -2.102461
v 2.818636 27.742306 -2.095190
v 2.902397 27.694756 -1.729700
v 2.888741 27.757586 -1.738056
v 2.942133 27.707170 -1.334898
v 1.477940 30.351082 -0.905659
v 1.456872 30.111784 -1.010767
v 1.712589 29.942913 -0.733805
v 1.811209 30.120991 -0.513152
v 1.788239 30.326109 -0.408467
v 1.955102 30.024075 -0.235785
v 1.972398 30.161486 -0.082307
v 1.983918 29.978743 -0.154299
v 2.021958 29.716156 -0.278227
v 1.972017 29.798544 -0.416781
v 1.986170 29.393700 -0.757498
v 1.695720 29.659506 -1.044147
v 1.714268 29.445620 -1.185742
v 1.472335 29.665436 -1.378540
v 1.459406 29.859116 -1.204844
v 1.073994 29.960066 -1.573714
v 1.084958 30.067692 -1.374296
v 0.573479 30.202227 -1.657515
v 0.648575 30.342180 -1.441263
v 0.227123 30.345612 -1.619420
v 2.028993 29.095797 -0.935539
v 2.081583 29.034933 -0.880622
v 2.108611 29.005671 -0.820635
v 2.137078 29.001736 -0.752780
v 2.157304 29.048912 -0.684968
v 2.151316 29.130001 -0.627181
v 2.105793 29.301731 -0.518272
v 0.305143 30.504097 -1.438799
v -0.030896 30.406162 -1.527818
v 1.106395 30.312147 -1.189738
v 0.689026 30.579849 -1.320222
v 1.914737 30.189919 -0.074363
v 1.852852 30.104856 -0.073418
v 1.622800 30.191557 -0.384700
v 1.690693 30.308676 -0.391769
v 1.405786 30.427664 -0.667220
v 1.748695 30.340576 -0.414167
v 0.948066 24.789682 3.656574
v 1.290968 25.093086 3.300515
v 1.500097 25.855467 3.523984
v 0.848049 24.661484 3.306510
v 0.424342 24.254328 3.664197
v 0.721576 24.377905 3.460405
v 0.294619 24.073971 3.378665
v 0.537384 24.129950 3.192278
v 0.395324 23.780958 3.324635
v 0.985399 23.858065 3.222038
v 0.541741 23.609381 3.065403
v 1.039009 23.618118 3.020657
v 0.608537 23.357193 2.909791
v 1.597945 23.396986 2.923978
v 1.498849 23.573572 3.070966
v 2.448236 23.454363 2.516842
v 2.366507 23.647820 2.610188
v 2.634759 23.604223 2.450945
v 2.668613 23.908663 2.516690
v 3.128376 24.076502 1.723795
v 2.875123 23.476454 1.794790
v 3.627924 23.781010 0.034874
v 3.610160 23.897100 0.013981
v 3.628545 23.870300 0.373477
v 3.646919 23.781244 0.507386
v 3.324585 23.526077 0.526041
v 3.535119 23.644650 1.137908
v 3.322917 23.412193 1.032256
v 3.181191 23.696882 1.778793
v 3.543538 24.082245 1.035038
v 3.377822 24.881777 0.996719
v 3.529386 24.340363 0.489863
v 3.465991 24.876081 0.472710
v 3.385588 25.414370 1.022264
v 3.448353 25.392363 0.492853
v 3.557612 24.115414 0.487808
v 3.066846 24.758148 1.707562
v 2.986113 25.436693 1.837291
v 3.357136 26.322094 0.985450
v 3.321471 26.226337 0.470708
v 3.246544 27.020340 0.929169
v 3.098264 27.063168 0.451208
v 2.998820 27.500502 0.887060
v 2.926088 27.472349 0.447504
v 2.782337 27.915613 0.851977
v 2.753733 27.881958 0.443797
v 2.386215 28.423521 0.809137
v 2.453831 28.462248 0.487676
v 2.055503 28.950037 0.794576
v 2.176329 28.999189 0.528292
v 1.825740 29.392492 0.724484
v 2.302351 28.522831 1.699868
v 1.973850 28.934078 1.661085
v 1.528377 29.393238 1.591830
v 1.471058 29.848221 0.870381
v 1.675536 29.809057 0.653219
v 0.786374 29.781998 2.741387
v 0.826823 29.554165 3.364516
v 1.260489 29.208824 3.236182
v 1.296982 29.475945 2.727367
v 1.863718 28.967932 2.685529
v 2.097612 28.563738 2.588728
v 2.600493 28.095297 1.756818
v 2.802221 27.609964 1.697457
v 1.570047 28.845451 3.239296
v 1.790472 28.457802 3.196481
v 1.976866 29.427185 0.511508
v 1.883093 29.762949 0.456650
v 1.795307 30.173492 0.438884
v 1.463074 30.312353 0.684943
v 0.875724 30.059221 1.317772
v 0.864265 29.955626 1.783986
v 0.189172 30.218288 1.945343
v 0.195289 29.950342 2.748641
v 0.253698 29.765440 3.443779
v 0.235808 29.630444 4.031615
v 0.885646 29.443295 4.057759
v 1.406880 28.842337 3.963534
v 1.030814 30.690718 1.136502
v 0.138578 30.360577 1.475441
v 0.286867 31.038837 1.275546
v 1.549512 28.388802 3.945992
v 2.022464 28.072544 3.163457
v 2.354152 28.128708 2.506657
v 2.487244 27.681755 2.540373
v 3.078074 27.077486 1.700025
v 3.086442 26.447241 1.838092
v 3.025544 25.941185 1.810554
v 2.126585 25.825563 2.626335
v 2.339053 25.339949 2.494724
v 1.682542 25.287193 3.077870
v 1.960073 24.642637 3.127917
v 1.692174 27.934059 3.929590
v 0.144797 24.040617 3.559665
v 0.186923 24.150673 3.654842
v 0.170267 24.229872 3.672018
v 0.229465 24.515797 3.624956
v 1.007703 25.166279 3.628784
v 0.978066 26.113712 3.722737
v 1.750076 26.507185 3.276465
v 1.507448 27.025444 3.850162
v 1.918178 27.140478 3.093126
v 2.036800 27.535515 3.195683
v 2.610983 27.196726 2.563403
v 2.409581 26.559196 2.649133
v 1.216259 24.501745 3.343406
v 1.194640 24.222023 3.315339
v 1.295192 23.902321 3.037658
v 2.118333 23.993755 2.873917
v 2.544484 24.661587 2.446508
v 0.596087 25.568590 3.603546
v 0.167686 24.743347 3.620207
v 0.122928 25.241690 3.530365
v -1.837741 24.477093 -2.306393
v -1.811150 24.224159 -2.244202
v -1.503657 24.210215 -2.460992
v -1.631043 24.445232 -2.654122
v 1.955072 24.000969 -3.037195
v 2.268116 29.115480 0.655108
v 2.189425 29.048569 0.784900
v 2.242263 29.050598 0.698523
v 2.257629 29.183546 0.627655
v 2.133378 29.109520 0.880978
v 2.227734 29.272480 0.571498
v 1.348931 30.491556 -0.615322
v 2.210117 29.098127 0.597915
v 2.184501 29.038874 0.644456
v 2.131803 29.033360 0.729326
v 2.200408 29.160015 0.567590
v 2.076986 29.085184 0.823316
v 2.167124 29.249086 0.515317
v 1.943789 30.177883 -0.075524
v 0.794092 20.959417 -9.002335
v 0.645711 21.039492 -9.212019
v 0.609442 20.993511 -9.219389
v 0.767351 20.910389 -8.995354
v 1.034877 20.909832 -8.829995
v 1.025481 20.856180 -8.811997
v 1.386832 20.852814 -8.691583
v 1.407212 20.803272 -8.659214
v 1.121812 20.664587 -8.971805
v 0.889030 20.715427 -9.140306
v 1.076060 20.399351 -9.327415
v 0.922981 20.470978 -9.545399
v 1.164845 20.197500 -9.844125
v 1.050224 20.311907 -10.068991
v 1.024707 20.063164 -10.231568
v 1.022066 20.132635 -10.349440
v 1.081430 20.260609 -10.517962
v 1.002044 20.448355 -10.219859
v 0.860290 20.618958 -9.818423
v 0.886747 20.763100 -9.998400
v 0.749439 20.775782 -9.334486
v 0.699432 20.887009 -9.555925
v 0.624045 21.169609 -9.394709
v 0.584033 21.133720 -9.418531
v 0.767033 21.034258 -9.823953
v 0.665614 21.294453 -9.649725
v 0.624045 21.169609 -9.394709
v 0.701903 21.320948 -9.606783
v 0.701903 21.320948 -9.606783
v 0.846222 21.396997 -9.811297
v 0.802947 21.360563 -9.848387
v 0.849380 21.269352 -9.931254
v 0.817670 21.471912 -10.064691
v 0.846222 21.396997 -9.811297
v 0.838547 21.490368 -10.018543
v 1.070044 19.984182 -10.101674
v 1.160453 19.924845 -9.978943
v 1.330280 20.094765 -9.607166
v 1.281193 20.335808 -9.168386
v 1.518944 20.644411 -8.844151
v 1.302426 19.864513 -9.858538
v 1.459839 19.822851 -9.760382
v 1.670157 20.352533 -9.012547
v 1.514975 20.034006 -9.371024
v 1.600308 19.801823 -9.681870
v 1.770912 19.787352 -9.598405
v 1.904010 20.035904 -9.164406
v 1.960180 19.782852 -9.479977
v 2.175098 19.780317 -9.381747
v -0.808122 25.644855 6.813964
v -0.854289 25.872606 6.586228
v -1.230782 25.620165 6.482935
v -1.244705 25.902395 6.179254
v -0.974330 26.010155 6.290956
v -1.258628 26.184628 5.875573
v -1.537520 25.845592 5.620670
v -1.445243 25.546862 5.861549
v -1.531618 25.498684 5.248251
v -1.465963 25.149105 5.459102
v -1.342007 25.052685 5.310781
v -1.128215 24.475338 5.384628
v -1.400308 24.799528 5.669953
v -1.352967 25.248131 6.102429
v -1.360855 24.925499 6.377903
v -1.219766 25.366114 6.771778
v -1.368442 24.615191 6.642853
v -0.962533 24.959112 6.845789
v -0.932092 24.762306 6.988157
v -0.465364 24.926968 7.099847
v -0.584031 25.353745 6.802889
v -0.540798 25.135056 6.981247
v -0.928758 24.541042 7.286054
v -0.490435 24.668566 7.424330
v -0.417926 24.196112 7.853333
v -0.750132 24.035681 7.677797
v -0.469783 23.715412 8.157556
v -0.689896 23.403206 7.912119
v -0.989594 23.767069 7.431896
v -0.958876 23.397907 7.088658
v -1.201572 23.812622 6.672212
v -0.838524 23.394039 6.404435
v -0.935735 23.740553 6.035338
v -1.290410 24.203411 6.292006
v -1.345359 24.501471 5.980980
v -1.031975 24.107946 5.709983
v -0.393921 23.823015 8.242146
v 2.962638 27.140306 2.440438
v 3.705830 23.899616 0.024251
v 3.628555 23.908022 -0.301663
v 3.616258 24.131599 -0.447201
v 3.670018 24.125374 0.040924
v 3.691778 23.891212 0.350165
v 3.649537 24.122425 0.528827
v 3.631209 24.312683 0.043908
v 3.600002 24.315666 -0.443734
v 3.536698 24.935110 0.033177
v 3.510705 24.933342 -0.457377
v 3.471071 25.410505 -0.445678
v 3.515376 25.410780 0.027981
v 3.406922 26.284250 -0.481206
v 3.392620 26.270462 0.014051
v 3.186477 27.112984 0.005513
v 3.175251 27.097706 0.506859
v 3.008206 27.509663 0.003850
v 2.984491 27.498474 0.502831
v 2.793730 27.899242 0.498802
v 2.829934 27.906342 0.002187
v 2.498122 28.491590 0.516523
v 2.525049 28.501011 0.026821
v 2.227806 29.056099 0.540472
v 2.246075 29.061169 0.050734
v 2.074810 29.425417 0.556879
v 2.078700 29.427189 0.067647
v 1.958283 29.783308 0.055297
v 1.956694 29.793312 -0.405857
v 1.894558 30.162067 -0.374624
v 1.890687 30.163406 0.049180
v 1.959872 29.773304 0.516452
v 1.868568 30.164749 0.472984
v 3.197703 27.128262 -0.495833
v 3.026461 27.517780 -0.495952
v 2.855218 27.907301 -0.496070
v 2.542994 28.504553 -0.464247
v 2.257647 29.062990 -0.436393
v 2.082579 29.428955 -0.421587
v 3.618491 24.309977 0.529466
v 3.548011 24.938133 0.526660
v 3.513870 25.411097 0.513463
v 3.372083 26.256464 0.511225
v 0.817670 21.471912 -10.064691
v 0.595289 21.400288 -9.987783
v 0.849380 21.269352 -9.931254
v 0.767033 21.034258 -9.823953
v 0.421178 21.315392 -9.873215
v 3.273836 27.288170 -1.039380
v 3.358235 27.337915 -1.041450
v 3.282223 27.299337 -1.002792
v 3.329509 27.357271 -1.101230
v 3.257141 27.297489 -1.090452
v 3.298952 27.365177 -1.260436
v 3.219091 27.307558 -1.243315
v 3.312213 27.328747 -1.506281
v 3.230220 27.269279 -1.484647
v 3.270645 27.247021 -1.706050
v 3.192439 27.183979 -1.677293
v 3.251702 27.079288 -1.905917
v 3.171159 27.028431 -1.868558
v 3.238957 26.947609 -2.050297
v 3.155519 26.898922 -2.009590
v 3.209502 26.825735 -2.170494
v 3.119071 26.768259 -2.141528
v 3.174846 26.793783 -2.267374
v 2.840493 27.360312 -2.243057
v 2.840493 27.360312 -2.243057
v 2.840493 27.360312 -2.243057
v 2.840493 27.360312 -2.243057
v 2.840493 27.360312 -2.243057
v 2.840493 27.360312 -2.243057
v 2.840493 27.360312 -2.243057
v 2.983874 27.773603 -0.929782
v 2.931650 27.792324 -0.928191
v 2.849422 27.734295 -0.891956
v 2.890625 27.729250 -0.899677
v 2.999846 27.739233 -0.929548
v 2.915172 27.675642 -0.893153
v 3.079695 27.660891 -0.960196
v 3.013603 27.598465 -0.934022
v 3.167933 27.566397 -0.981995
v 3.093444 27.512537 -0.955435
v 3.260863 27.473549 -1.008566
v 3.180180 27.418653 -0.971809
v 3.333395 27.387867 -1.017108
v 3.263840 27.332439 -0.976956
v 3.358235 27.337915 -1.041450
v 3.282223 27.299337 -1.002792
v 3.133676 27.033875 -2.332556
v 3.158753 27.118876 -2.241554
v 3.171932 27.086304 -2.223639
v 3.181855 27.049095 -2.216645
v 3.187783 27.010544 -2.220450
v 3.173644 26.997751 -2.175762
v 3.187997 26.973671 -2.234791
v 3.175779 26.950670 -2.193460
v 3.180796 26.942280 -2.258421
v 3.167197 26.910578 -2.223672
v 3.167232 26.920012 -2.288707
v 3.149285 26.883083 -2.262368
v 3.149953 26.908627 -2.322610
v 3.127259 26.869333 -2.304997
v 3.130720 26.908566 -2.357272
v 3.103206 26.868511 -2.348725
v 3.078233 26.882580 -2.390527
v 3.111030 26.920465 -2.389681
v 3.092817 26.943972 -2.416097
v 3.065877 27.090372 -2.425364
v 3.073871 27.121925 -2.402283
v 3.064123 27.052950 -2.438428
v 3.068418 27.013845 -2.441026
v 3.078180 26.976408 -2.433543
v 3.024635 27.002337 -2.454916
v 3.018946 27.051754 -2.452480
v 3.020719 27.099895 -2.437058
v 3.031061 27.140392 -2.407725
v 3.087269 27.143986 -2.371783
v 3.104447 27.155079 -2.337465
v 3.123645 27.154890 -2.302294
v 3.070909 27.180729 -2.325358
v 3.095098 27.181129 -2.281026
v 3.142489 27.142723 -2.269047
v 3.118165 27.166470 -2.237862
v 3.137243 27.135576 -2.201907
v 3.152468 27.093264 -2.179447
v 3.164823 27.046181 -2.171256
v 3.033980 27.011303 -2.281337
v 3.078233 26.882580 -2.390527
v 3.103206 26.868511 -2.348725
v 3.127259 26.869333 -2.304997
v 3.149285 26.883083 -2.262368
v 3.167197 26.910578 -2.223672
v 3.175779 26.950670 -2.193460
v 3.173644 26.997751 -2.175762
v 3.164823 27.046181 -2.171256
v 3.152468 27.093264 -2.179447
v 3.137243 27.135576 -2.201907
v 3.118165 27.166470 -2.237862
v 3.095098 27.181129 -2.281026
v 3.070909 27.180729 -2.325358
v 3.048844 27.167500 -2.368603
v 3.031061 27.140392 -2.407725
v 3.020719 27.099895 -2.437058
v 3.018946 27.051754 -2.452480
v 3.024635 27.002337 -2.454916
v 3.036707 26.954821 -2.446007
v 3.055048 26.912769 -2.424594
v 3.048844 27.167500 -2.368603
v 3.036707 26.954821 -2.446007
v 3.055048 26.912769 -2.424594
v 0.505184 31.087204 -1.178972
v 0.511699 31.089352 -1.183992
v 0.292876 31.180401 -1.219851
v 0.284029 31.176193 -1.199713
v 0.063282 31.254272 -1.189977
v 0.063845 31.247629 -1.182503
v -0.161417 31.309599 -1.079419
v -0.154780 31.317022 -1.056990
v -0.351286 31.354252 -0.977050
v -0.351475 31.352819 -0.968180
v -0.525694 31.380903 -0.862943
v -0.524744 31.377708 -0.850415
v -0.675602 31.385450 -0.700279
v -0.674353 31.382336 -0.692231
v -0.792159 31.393450 -0.521662
v -0.792804 31.390444 -0.521038
v 2.575577 27.694994 -2.302938
v 2.432792 27.641157 -2.543366
v 2.840493 27.360312 -2.243057
v 2.183493 27.577248 -2.914091
v 2.840493 27.360312 -2.243057
v 1.888906 27.485813 -3.320027
v 2.840493 27.360312 -2.243057
v 1.877095 27.459873 -3.380002
v 2.840493 27.360312 -2.243057
v 1.922180 27.404434 -3.386635
v 2.840493 27.360312 -2.243057
v 1.983100 27.282459 -3.370108
v 2.840493 27.360312 -2.243057
v 2.040520 27.143902 -3.342330
v 2.840493 27.360312 -2.243057
v 2.088637 27.013485 -3.306404
v 2.840493 27.360312 -2.243057
v 2.125515 26.874022 -3.271673
v 2.840493 27.360312 -2.243057
v 2.161382 26.835545 -3.262419
v 2.840493 27.360312 -2.243057
v 2.199930 26.831587 -3.244432
v 2.840493 27.360312 -2.243057
v 2.890625 27.729250 -0.899677
v 2.849422 27.734295 -0.891956
v 2.840493 27.360312 -2.243057
v 2.829751 27.739830 -0.923081
v 2.840493 27.360312 -2.243057
v 2.777868 27.751394 -1.289334
v 2.741881 27.743341 -1.713502
v 2.840493 27.360312 -2.243057
v 2.681966 27.723175 -2.053958
v 2.840493 27.360312 -2.243057
v 2.840493 27.360312 -2.243057
v 2.840493 27.360312 -2.243057
v 3.032699 27.602879 1.228352
v 3.016139 27.604233 1.152756
v 2.940563 27.686659 1.107744
v 3.100125 27.379177 1.131433
v 3.133065 27.393562 1.204414
v 3.298438 27.044214 1.211195
v 3.281167 27.047714 1.404534
v 3.315798 26.643829 1.403286
v 3.172508 26.604153 1.766628
v 3.404581 26.342810 1.429238
v 3.215560 26.266077 1.747656
v 3.390286 26.011473 1.410720
v 3.168290 25.928631 1.723083
v 3.250909 25.563004 1.712904
v 3.009759 25.950340 2.203714
v 2.939090 25.540131 2.090266
v 2.679092 25.463661 2.598824
v 2.770889 25.031452 2.602229
v 2.340081 24.930214 2.918302
v 2.250071 24.772625 2.865594
v 2.078434 25.270300 2.832917
v 2.002948 25.238176 2.826149
v 2.049619 25.782930 2.912135
v 1.961682 25.762308 2.862201
v 2.197022 25.339817 2.900182
v 2.518863 25.414137 2.836521
v 2.748243 25.918726 2.681511
v 3.030429 26.248878 2.227649
v 2.969182 26.547205 2.242735
v 3.082466 26.967455 1.814026
v 3.147144 27.401325 1.397446
v 3.013822 27.556086 1.368587
v 2.940563 27.686659 1.107744
v 2.172558 25.816364 2.950451
v 1.998299 26.316103 2.996439
v 1.986346 26.036970 2.905219
v 2.083436 26.047354 2.924301
v 2.208466 26.083317 2.934720
v 2.435941 25.868156 2.843205
v 2.768869 26.203945 2.735732
v 2.716448 26.451187 2.740792
v 2.499558 26.164278 2.967155
v 1.986346 26.036970 2.905219
v 1.961682 25.762308 2.862201
v 2.003477 26.667475 3.076761
v 1.998299 26.316103 2.996439
v 2.088759 26.338667 3.020246
v 2.210762 26.378485 3.073102
v 2.464499 26.422363 2.914584
v 2.642704 26.811781 2.758758
v 2.902845 26.906464 2.271419
v 3.007995 27.316921 1.818207
v 2.950344 27.517588 1.790833
v 2.983439 27.635218 1.364003
v 2.084973 26.668428 3.058259
v 2.003477 26.667475 3.076761
v 2.779213 27.484865 2.319151
v 2.930691 27.592791 1.794986
v 2.842997 27.264915 2.303368
v 2.547660 27.147713 2.788568
v 2.452802 26.766287 3.002961
v 2.164971 26.686035 3.072040
v 2.017226 26.986225 3.122058
v 1.939150 26.975189 3.138116
v 2.369670 27.075251 3.026333
v 2.091590 27.020082 3.118353
v 2.220213 27.294201 2.992570
v 2.477307 27.360813 2.792146
v 2.755374 27.547581 2.322965
v 2.073204 27.270561 3.157762
v 2.755374 27.547581 2.322965
v 2.446747 27.419012 2.827650
v 2.228061 27.363014 3.042275
v 1.979257 27.303274 3.216460
v 2.413629 27.461529 2.800071
v 1.872114 27.363642 3.240743
v 1.872114 27.363642 3.240743
v 1.872114 27.363642 3.240743
v 1.939150 26.975189 3.138116
v 2.990120 24.983250 2.027094
v 2.700425 24.898813 2.491235
v 2.588080 24.785744 2.371258
v 3.008368 25.168949 2.063578
v 3.309825 25.050102 1.607529
v 3.357053 25.227346 1.644417
v 3.434945 25.089277 1.028934
v 3.491963 25.212883 1.134987
v 3.409828 25.587685 1.116188
v 3.469751 25.620682 1.213111
v 3.429461 26.054028 1.214040
v 3.389502 26.345842 1.220790
v 3.395039 26.675724 1.206884
v 3.449188 25.008955 0.944608
v 3.181354 24.928974 1.520391
v 2.891519 24.863899 1.991181
v 3.181354 24.928974 1.520391
v 2.891519 24.863899 1.991181
v 2.588080 24.785744 2.371258
v 2.135915 24.654181 2.901515
v 3.386482 25.585014 1.362234
v 2.002948 25.238176 2.826149
v 2.135915 24.654181 2.901515
v 3.399210 26.024433 1.141378
v 3.354016 25.567684 1.058475
v 3.381783 26.338272 1.144847
v 3.344070 26.666443 1.133353
v 3.253273 27.039652 1.134874
v 3.206345 27.020575 1.077928
v 3.336591 26.011332 1.065537
v 3.336591 26.011332 1.065537
v 3.328678 26.335388 1.068761
v 3.328678 26.335388 1.068761
v 3.271969 26.647175 1.074607
v 3.271969 26.647175 1.074607
v 3.206345 27.020575 1.077928
v 2.930691 27.592791 1.794986
v 2.755374 27.547581 2.322965
v 2.983439 27.635218 1.364003
v 2.930691 27.592791 1.794986
v 3.056212 27.368923 1.076753
v 3.206345 27.020575 1.077928
v 3.056212 27.368923 1.076753
v 2.940563 27.686659 1.107744
v 3.354016 25.567684 1.058475
v 3.336591 26.011332 1.065537
v 3.181354 24.928974 1.520391
v 3.449188 25.008955 0.944608
v 2.135915 24.654181 2.901515
v 2.588080 24.785744 2.371258
v 1.939150 26.975189 3.138116
v 2.003477 26.667475 3.076761
v 2.755374 27.547581 2.322965
v 2.413629 27.461529 2.800071
v 2.150559 27.385300 2.993028
v 1.872114 27.363642 3.240743
v 2.413629 27.461529 2.800071
v 2.150559 27.385300 2.993028
v 2.940563 27.686659 1.107744
v 2.983439 27.635218 1.364003
v 3.449188 25.008955 0.944608
v 3.354016 25.567684 1.058475
v 1.961682 25.762308 2.862201
v 2.002948 25.238176 2.826149
v 2.793901 27.692257 2.102515
v 2.791294 27.763323 2.095024
v 2.695549 27.737049 2.350496
v 2.878647 27.708376 1.723956
v 2.975232 27.655523 1.711565
v 3.029073 27.661547 1.338445
v 3.113019 27.583462 1.340324
v 3.130868 27.553841 1.045702
v 3.219099 27.456150 1.066508
v 3.257920 27.474384 1.007183
v 3.273904 27.403990 1.058196
v 3.330068 27.388811 1.015545
v 3.353942 27.339132 1.039432
v 3.266955 27.382282 1.093378
v 3.322942 27.359135 1.098143
v 3.247206 27.392824 1.248547
v 3.284741 27.369211 1.253755
v 3.234741 27.364084 1.494115
v 3.287485 27.337938 1.496308
v 3.185287 27.289185 1.711537
v 3.192741 27.459799 1.348148
v 3.137887 27.452887 1.725288
v 3.070578 27.565475 1.708402
v 2.811700 27.332348 2.609673
v 2.928046 27.383982 2.365823
v 2.860235 27.514692 2.368594
v 3.050267 27.417202 2.090467
v 3.043126 27.258669 2.162922
v 3.109156 27.276854 1.961971
v 3.149869 27.001034 2.062624
v 3.157932 27.130106 1.918558
v 2.976485 27.537418 2.089786
v 2.886289 27.634768 2.108335
v 2.698030 27.672110 2.344316
v 2.549538 27.632214 2.607405
v 2.649989 27.564308 2.614276
v 2.301308 27.546156 2.947247
v 2.382071 27.484070 2.962722
v 2.742570 27.460936 2.616589
v 2.494436 27.377991 2.959948
v 2.780398 27.612766 2.360906
v 3.117016 26.908165 2.167014
v 3.064848 26.963024 2.212740
v 2.933341 27.209530 2.341092
v 2.883850 27.206230 2.476676
v 2.790047 27.178104 2.680315
v 2.573682 27.232126 2.944966
v 2.243408 27.298927 3.216092
v 2.167216 27.404076 3.234640
v 2.017875 27.448397 3.340476
v 2.001279 27.510664 3.399801
v 2.303386 27.622389 2.971574
v 2.544373 27.697973 2.615927
v 2.076965 27.370056 3.350147
v 2.307125 27.157677 3.180920
v 2.118166 27.239687 3.320587
v 2.051721 27.355303 3.413049
v 1.977803 27.483385 3.424924
v 1.955599 27.531521 3.402946
v 2.269692 27.644827 2.968780
v 2.504282 27.726370 2.604149
v 2.161654 27.610611 2.925788
v 2.404756 27.673393 2.552829
v 2.654546 27.763615 2.341246
v 2.546340 27.722292 2.307496
v 2.742693 27.785210 2.093245
v 2.654663 27.744818 2.053771
v 2.825059 27.800045 1.738255
v 2.866467 27.770008 1.732310
v 2.914288 27.780382 1.319047
v 2.863886 27.801662 1.316186
v 2.981291 27.779074 0.967888
v 2.931349 27.792410 0.928050
v 2.983562 27.773693 0.929636
v 2.999373 27.739367 0.929326
v 2.987249 27.724901 0.990032
v 3.056944 27.650389 1.024169
v 2.927533 27.711327 1.328046
v 3.239296 27.263752 1.697843
v 3.209903 27.104097 1.899126
v 3.189714 26.978073 2.044679
v 3.154790 26.861223 2.166235
v 3.084763 26.868082 2.239221
v 3.008347 26.935034 2.335838
v 2.943988 26.893816 2.438847
v 2.807638 27.018330 2.683967
v 2.621574 27.092962 2.923427
v 3.117045 26.832712 2.264906
v 3.022148 26.858406 2.330394
v 3.059700 26.835804 2.352592
v 2.976019 26.858982 2.476191
v 2.837100 26.986238 2.728460
v 2.648961 27.064289 2.963093
v 2.337510 27.063501 3.163786
v 2.369536 27.031803 3.191838
v 2.196284 26.988186 3.269338
v 2.236521 26.931597 3.299308
v 2.197848 26.930847 3.327454
v 2.160438 27.081087 3.346556
v 2.164172 27.092646 3.289055
v 2.718559 27.756235 1.707357
v 2.765331 27.754951 1.283440
v 2.828930 27.740063 0.922696
v 2.848988 27.734419 0.891752
v 2.107264 27.230844 3.382130
v 3.078470 27.661238 0.959621
v 3.165856 27.566986 0.981020
v 1.955599 27.531521 3.402946
v 1.849661 27.481081 3.377406
v 1.894355 27.428148 3.385682
v 1.977803 27.483385 3.424924
v 1.954046 27.311296 3.372229
v 2.051721 27.355303 3.413049
v 2.009782 27.178158 3.347431
v 2.107264 27.230844 3.382130
v 2.055724 27.052361 3.313571
v 2.160438 27.081087 3.346556
v 2.089018 26.916313 3.279059
v 2.197848 26.930847 3.327454
v 2.124162 26.879389 3.270586
v 2.236521 26.931597 3.299308
v 2.124162 26.879389 3.270586
v 2.162951 26.877077 3.254236
v 2.291394 26.965786 3.142215
v 2.369536 27.031803 3.191838
v 2.291394 26.965786 3.142215
v 2.573274 26.994631 2.933292
v 2.573274 26.994631 2.933292
v 2.648961 27.064289 2.963093
v 2.573274 26.994631 2.933292
v 2.749964 26.930553 2.704478
v 2.749964 26.930553 2.704478
v 2.837100 26.986238 2.728460
v 2.749964 26.930553 2.704478
v 2.880008 26.806004 2.444804
v 2.880008 26.806004 2.444804
v 2.976019 26.858982 2.476191
v 2.880008 26.806004 2.444804
v 2.978086 26.767782 2.325989
v 2.978086 26.767782 2.325989
v 3.059700 26.835804 2.352592
v 2.978086 26.767782 2.325989
v 3.009928 26.772085 2.228436
v 3.009928 26.772085 2.228436
v 3.117045 26.832712 2.264906
v 3.009928 26.772085 2.228436
v 3.062441 26.805559 2.137125
v 3.062441 26.805559 2.137125
v 3.154790 26.861223 2.166235
v 3.062441 26.805559 2.137125
v 3.104725 26.930693 2.003691
v 3.189714 26.978073 2.044679
v 3.104725 26.930693 2.003691
v 3.127689 27.054506 1.861480
v 3.127689 27.054506 1.861480
v 3.209903 27.104097 1.899126
v 3.127689 27.054506 1.861480
v 3.158884 27.202133 1.668700
v 3.158884 27.202133 1.668700
v 3.239296 27.263752 1.697843
v 3.158884 27.202133 1.668700
v 3.203173 27.279778 1.474083
v 3.203173 27.279778 1.474083
v 3.287485 27.337938 1.496308
v 3.203173 27.279778 1.474083
v 3.202380 27.312302 1.235459
v 3.284741 27.369211 1.253755
v 3.202380 27.312302 1.235459
v 3.248720 27.299877 1.086494
v 3.248720 27.299877 1.086494
v 3.322942 27.359135 1.098143
v 3.248720 27.299877 1.086494
v 3.267639 27.289928 1.036467
v 3.353942 27.339132 1.039432
v 3.277598 27.300650 1.000619
v 2.162951 26.877077 3.254236
v 2.291394 26.965786 3.142215
v 3.353942 27.339132 1.039432
v 3.277598 27.300650 1.000619
v 3.260170 27.333481 0.975231
v 3.330068 27.388811 1.015545
v 3.176718 27.419636 0.970181
v 3.257920 27.474384 1.007183
v 3.090781 27.513292 0.954183
v 3.165856 27.566986 0.981020
v 3.011892 27.598949 0.933217
v 3.078470 27.661238 0.959621
v 2.914471 27.675842 0.892824
v 2.999373 27.739367 0.929326
v 2.890153 27.729383 0.899455
v 2.983562 27.773693 0.929636
v 2.848988 27.734419 0.891752
v 2.931349 27.792410 0.928050
v 1.862097 27.508097 3.318685
v 1.849661 27.481081 3.377406
v 2.914471 27.675842 0.892824
v 2.793067 27.393715 2.244907
v 2.890153 27.729383 0.899455
v 3.011892 27.598949 0.933217
v 2.793067 27.393715 2.244907
v 3.090781 27.513292 0.954183
v 2.793067 27.393715 2.244907
v 3.176718 27.419636 0.970181
v 2.793067 27.393715 2.244907
v 3.260170 27.333481 0.975231
v 2.793067 27.393715 2.244907
v 3.277598 27.300650 1.000619
v 2.793067 27.393715 2.244907
v 3.267639 27.289928 1.036467
v 2.793067 27.393715 2.244907
v 2.162951 26.877077 3.254236
v 2.793067 27.393715 2.244907
v 2.291394 26.965786 3.142215
v 2.793067 27.393715 2.244907
v 2.573274 26.994631 2.933292
v 2.793067 27.393715 2.244907
v 2.749964 26.930553 2.704478
v 2.793067 27.393715 2.244907
v 2.880008 26.806004 2.444804
v 2.793067 27.393715 2.244907
v 2.978086 26.767782 2.325989
v 2.793067 27.393715 2.244907
v 3.009928 26.772085 2.228436
v 2.793067 27.393715 2.244907
v 3.062441 26.805559 2.137125
v 2.793067 27.393715 2.244907
v 3.104725 26.930693 2.003691
v 2.793067 27.393715 2.244907
v 3.127689 27.054506 1.861480
v 2.793067 27.393715 2.244907
v 3.158884 27.202133 1.668700
v 2.793067 27.393715 2.244907
v 3.203173 27.279778 1.474083
v 2.793067 27.393715 2.244907
v 3.202380 27.312302 1.235459
v 2.793067 27.393715 2.244907
v 3.248720 27.299877 1.086494
v 2.546340 27.722292 2.307496
v 2.793067 27.393715 2.244907
v 2.404756 27.673393 2.552829
v 2.654663 27.744818 2.053771
v 2.793067 27.393715 2.244907
v 2.718559 27.756235 1.707357
v 2.793067 27.393715 2.244907
v 2.765331 27.754951 1.283440
v 2.793067 27.393715 2.244907
v 2.848988 27.734419 0.891752
v 2.793067 27.393715 2.244907
v 2.828930 27.740063 0.922696
v 2.890153 27.729383 0.899455
v 2.793067 27.393715 2.244907
v 1.894355 27.428148 3.385682
v 2.793067 27.393715 2.244907
v 1.954046 27.311296 3.372229
v 2.793067 27.393715 2.244907
v 2.009782 27.178158 3.347431
v 2.793067 27.393715 2.244907
v 2.055724 27.052361 3.313571
v 2.793067 27.393715 2.244907
v 2.089018 26.916313 3.279059
v 2.793067 27.393715 2.244907
v 2.124162 26.879389 3.270586
v 2.793067 27.393715 2.244907
v 2.162951 26.877077 3.254236
v 2.793067 27.393715 2.244907
v 2.161654 27.610611 2.925788
v 2.793067 27.393715 2.244907
v 1.862097 27.508097 3.318685
v 2.793067 27.393715 2.244907
v 1.849661 27.481081 3.377406
v 2.793067 27.393715 2.244907
v 3.248720 27.299877 1.086494
v 2.793067 27.393715 2.244907
v 3.267639 27.289928 1.036467
v 1.212132 29.548639 -2.689654
v 1.497732 29.250237 -2.635639
v 1.716145 28.949591 -2.572576
v -2.052356 27.800919 -2.735412
v -2.204664 27.299419 -1.737745
v -2.140308 27.861235 -1.744156
v 0.098026 29.606882 -3.988168
v 0.093885 29.778429 -3.359126
v 0.144797 24.040617 3.559665
v -0.221658 24.130953 3.539956
v 0.186923 24.150673 3.654842
v 0.186923 24.150673 3.654842
v 0.186923 24.150673 3.654842
v -2.475917 16.918364 1.478569
v -2.723650 17.611885 1.175253
v -2.707696 16.858133 1.128017
v 3.417872 25.408243 -0.433019
v 3.417259 24.873568 -0.399860
v 3.529652 24.299074 -0.428438
v 3.527200 24.139978 -0.428290
v 3.532652 23.916096 -0.340997
v 3.610160 23.897100 0.013981
v 0.337720 23.470793 -2.894417
v 3.309519 23.428547 0.032531
v 3.628545 23.870300 0.373477
v 3.691778 23.891212 0.350165
v 3.649537 24.122425 0.528827
v 3.557612 24.115414 0.487808
v 3.618491 24.309977 0.529466
v 3.529386 24.340363 0.489863
v 3.465991 24.876081 0.472710
v 3.548011 24.938133 0.526660
v 3.513870 25.411097 0.513463
v 3.448353 25.392363 0.492853
v 3.372083 26.256464 0.511225
v 3.321471 26.226337 0.470708
v 3.098264 27.063168 0.451208
v 3.175251 27.097706 0.506859
v 2.926088 27.472349 0.447504
v 2.984491 27.498474 0.502831
v 2.753733 27.881958 0.443797
v 2.793730 27.899242 0.498802
v 2.498122 28.491590 0.516523
v 2.453831 28.462248 0.487676
v 2.227806 29.056099 0.540472
v 2.176329 28.999189 0.528292
v 2.074810 29.425417 0.556879
v 1.976866 29.427185 0.511508
v 1.959872 29.773304 0.516452
v 1.883093 29.762949 0.456650
v 1.795307 30.173492 0.438884
v 1.868568 30.164749 0.472984
v 3.610160 23.897100 0.013981
v 3.532652 23.916096 -0.340997
v 3.628555 23.908022 -0.301663
v 3.705830 23.899616 0.024251
v 3.691778 23.891212 0.350165
v 3.628545 23.870300 0.373477
v 1.877226 29.788971 -0.378270
v 1.824597 30.174583 -0.350285
v 1.894558 30.162067 -0.374624
v 1.956694 29.793312 -0.405857
v 2.082579 29.428955 -0.421587
v 2.001205 29.378773 -0.392110
v 2.218038 28.931400 -0.423807
v 2.257647 29.062990 -0.436393
v 2.477554 28.462185 -0.447716
v 2.542994 28.504553 -0.464247
v 2.775327 27.923798 -0.475150
v 2.855218 27.907301 -0.496070
v 2.954237 27.491190 -0.468365
v 3.026461 27.517780 -0.495952
v 3.111512 27.110899 -0.462401
v 3.197703 27.128262 -0.495833
v 3.406922 26.284250 -0.481206
v 3.308976 26.211548 -0.433352
v 3.417872 25.408243 -0.433019
v 3.471071 25.410505 -0.445678
v 3.510705 24.933342 -0.457377
v 3.417259 24.873568 -0.399860
v 3.529652 24.299074 -0.428438
v 3.600002 24.315666 -0.443734
v 3.616258 24.131599 -0.447201
v 3.527200 24.139978 -0.428290
v 3.532652 23.916096 -0.340997
v 3.628555 23.908022 -0.301663
v -0.215800 18.391569 2.453478
v -0.908476 18.325848 2.075474
v 0.675901 20.308125 0.068932
v -1.465001 17.486851 2.837998
v -1.238815 18.342413 1.386902
v -1.862814 17.535698 1.869879
v -1.859031 17.576912 1.430823
v -2.251125 16.900223 1.664045
v -2.047401 17.615250 1.215931
v -2.353114 16.918364 1.424172
v -2.145814 17.621588 1.012764
v -2.575726 16.858133 1.087875
v -2.043529 17.604345 0.697150
v -2.432097 16.938122 0.724071
v -1.988406 17.574823 0.361524
v -2.284783 16.848116 0.267350
v -2.008432 17.521954 0.085967
v -2.242080 16.716326 -0.188078
v -1.817280 17.414925 -0.495473
v -2.195677 16.631161 -0.620556
v 0.675901 20.308125 0.068932
v -1.330772 18.331875 1.067255
v -1.454364 18.354948 0.847117
v -1.500491 18.350256 0.752158
v -1.484718 18.310665 0.536891
v -1.488891 18.260645 0.291957
v -1.323134 18.266373 0.022940
v -1.298507 18.291798 -0.443263
v -1.246847 18.341719 -1.311428
v -1.928095 17.451550 -1.760646
v -1.565307 17.546432 -2.829752
v 0.675901 20.308125 0.068932
v 0.675901 20.308125 0.068932
v 0.675901 20.308125 0.068932
v -0.474288 17.721493 -3.360203
v 0.393607 17.823050 -3.591926
v 0.446238 18.525822 -2.579694
v -0.225791 18.447977 -2.391536
v -0.960204 18.409882 -2.049672
v 0.675901 20.308125 0.068932
v 0.675901 20.308125 0.068932
v 0.675901 20.308125 0.068932
v -2.153831 16.610823 -1.270464
v -2.278818 16.579899 -2.110300
v -2.238070 16.595247 -2.720357
v -2.040835 16.616852 -3.465446
v -1.745325 16.653545 -3.699050
v -0.925294 16.826702 -3.936239
v -0.135238 16.959618 -4.290505
v 0.415129 17.058971 -4.463083
v 0.802777 17.234928 4.499978
v 0.332087 17.212330 4.556478
v 0.316480 17.870436 3.775704
v 1.191012 17.994064 3.717633
v 1.367029 17.205418 4.476018
v 1.960833 17.190252 4.324162
v 2.105845 17.836531 3.469013
v 2.596111 17.148762 4.197095
v 2.857138 17.745485 2.486602
v 3.099388 17.024487 3.574832
v 3.306044 16.944847 2.922966
v 3.057148 17.618614 1.644757
v 3.444994 16.887732 2.402174
v 3.665363 16.821339 1.897959
v 3.908244 16.753944 1.354617
v 3.402097 17.600372 0.828453
v 3.897535 16.745108 0.920755
v 3.697137 16.756737 0.567465
v 3.139127 17.607933 0.136635
v 3.380929 16.795425 0.119278
v 0.369686 18.587870 2.780666
v 0.996580 18.698387 2.686033
v 0.675901 20.308125 0.068932
v 1.718786 18.647066 2.458722
v 0.675901 20.308125 0.068932
v 2.209794 18.536358 1.807311
v 2.321572 18.490364 1.220209
v 2.721905 18.448683 0.591831
v 2.529385 18.432791 0.165035
v 3.379041 17.731417 -0.507221
v 2.693925 18.530546 -0.318295
v 3.342368 17.798265 -1.328340
v 2.562311 18.562422 -0.993751
v 2.670524 17.823139 -2.490170
v 2.119535 18.553841 -1.747195
v 1.853959 17.907570 -3.355419
v 1.562736 18.628201 -2.395802
v 1.014869 18.612740 -2.564931
v 0.675901 20.308125 0.068932
v 0.675901 20.308125 0.068932
v 0.675901 20.308125 0.068932
v 0.675901 20.308125 0.068932
v 0.675901 20.308125 0.068932
v 0.675901 20.308125 0.068932
v 0.675901 20.308125 0.068932
v 0.675901 20.308125 0.068932
v 3.493239 16.836746 -0.230518
v 3.838893 16.881437 -0.819099
v 3.980755 16.907558 -1.154176
v 3.940982 16.933193 -1.546099
v 3.630552 16.992159 -2.009061
v 2.965652 17.087757 -3.016705
v 2.440812 17.101206 -3.730057
v 2.091645 17.091944 -4.154466
v 1.293553 17.849897 -3.558510
v 0.446238 18.525822 -2.579694
v 0.675901 20.308125 0.068932
v 0.393607 17.823050 -3.591926
v 1.429946 17.135838 -4.432957
v 1.798248 17.107588 -4.352217
v 0.937970 17.122538 -4.499120
v 0.415129 17.058971 -4.463083
v -2.275661 16.853003 2.167023
v -2.195523 16.773731 2.823908
v -1.853468 16.725494 3.354706
v -0.506814 17.594496 3.399422
v -1.367866 16.783182 3.750819
v -0.709239 16.898632 4.016387
v 0.287237 17.860607 3.763424
v -0.159921 17.072960 4.299852
v 0.332087 17.212330 4.556478
v 0.316480 17.870436 3.775704
v 0.369686 18.587870 2.780666
v 0.675901 20.308125 0.068932
v -1.500491 18.350256 0.752158
v -1.484718 18.310665 0.536891
v -1.354276 18.297728 0.606450
v -1.454364 18.354948 0.847117
v -1.354276 18.297728 0.606450
v 0.675901 20.308125 0.068932
v 0.675901 20.308125 0.068932
v -1.330772 18.331875 1.067255
v -1.454364 18.354948 0.847117
v -1.354276 18.297728 0.606450
v 0.675901 20.308125 0.068932
v 0.675901 20.308125 0.068932
v 0.415129 17.058971 -4.463083
v 0.424433 17.057457 -4.659978
v 0.961989 17.121687 -4.696857
v 0.937970 17.122538 -4.499120
v 1.467340 17.135838 -4.627196
v 1.429946 17.135838 -4.432957
v 1.851275 17.107588 -4.543029
v 1.798248 17.107588 -4.352217
v 2.157126 17.091944 -4.336884
v 2.091645 17.091944 -4.154466
v 2.521113 17.101206 -3.894461
v 2.440812 17.101206 -3.730057
v 3.068231 17.087757 -3.150830
v 2.965652 17.087757 -3.016705
v 3.761352 16.992159 -2.100417
v 3.630552 16.992159 -2.009061
v 4.084960 16.933193 -1.617804
v 3.940982 16.933193 -1.546099
v 4.126420 16.907558 -1.209246
v 3.980755 16.907558 -1.154176
v 3.978536 16.881437 -0.859946
v 3.838893 16.881437 -0.819099
v 3.618212 16.836746 -0.246382
v 3.493239 16.836746 -0.230518
v 3.501134 16.795425 0.118262
v 3.380929 16.795425 0.119278
v 3.830764 16.756737 0.585472
v 3.697137 16.756737 0.567465
v 4.039668 16.745108 0.953757
v 3.897535 16.745108 0.920755
v 4.050832 16.753944 1.406034
v 3.908244 16.753944 1.354617
v 3.797641 16.821339 1.972439
v 3.665363 16.821339 1.897959
v 3.567919 16.887732 2.498056
v 3.444994 16.887732 2.402174
v 3.423071 16.944847 3.040954
v 3.306044 16.944847 2.922966
v 3.207643 17.024487 3.720488
v 3.099388 17.024487 3.574832
v 2.683003 17.148762 4.369164
v 2.596111 17.148762 4.197095
v 2.020761 17.190252 4.501625
v 1.960833 17.190252 4.324162
v 1.401767 17.205418 4.659927
v 1.367029 17.205418 4.476018
v 0.815229 17.234928 4.685020
v 0.802777 17.234928 4.499978
v 0.325750 17.212330 4.744001
v 0.332087 17.212330 4.556478
v 0.332087 17.212330 4.556478
v 0.325750 17.212330 4.744001
v -0.186609 17.072960 4.476521
v -0.159921 17.072960 4.299852
v -0.759269 16.898632 4.181022
v -0.709239 16.898632 4.016387
v -1.445663 16.783182 3.904195
v -1.367866 16.783182 3.750819
v -1.952471 16.725494 3.491226
v -1.853468 16.725494 3.354706
v -2.310013 16.773731 2.937831
v -2.195523 16.773731 2.823908
v -2.394831 16.853003 2.252975
v -2.275661 16.853003 2.167023
v -2.369764 16.900223 1.728612
v -2.251125 16.900223 1.664045
v -2.475917 16.918364 1.478569
v -2.353114 16.918364 1.424172
v -2.707696 16.858133 1.128017
v -2.575726 16.858133 1.087875
v -2.558289 16.938122 0.748749
v -2.432097 16.938122 0.724071
v -2.404987 16.848116 0.272623
v -2.284783 16.848116 0.267350
v -2.360188 16.716303 -0.202174
v -2.242080 16.716326 -0.188078
v -2.312259 16.631386 -0.652968
v -2.195677 16.631161 -0.620556
v -2.270915 16.611883 -1.330252
v -2.153831 16.610823 -1.270464
v -2.399091 16.581533 -2.205930
v -2.278818 16.579899 -2.110300
v -2.350580 16.596624 -2.842436
v -2.238070 16.595247 -2.720357
v -2.128752 16.616365 -3.620641
v -2.040835 16.616852 -3.465446
v -1.818494 16.652639 -3.864363
v -1.745325 16.653545 -3.699050
v -0.967255 16.825670 -4.111288
v -0.925294 16.826702 -3.936239
v -0.144636 16.957960 -4.480503
v -0.135238 16.959618 -4.290505
v 0.424433 17.057457 -4.659978
v 0.415129 17.058971 -4.463083
v -0.308329 31.109898 1.101351
v -0.317020 31.272547 1.102495
v -0.526474 31.306063 0.929825
v -0.517300 31.148335 0.928241
v -0.663259 31.336269 0.753640
v -0.665832 31.162985 0.759570
v -0.772489 31.355566 0.562581
v -0.317020 31.272547 1.102495
v -0.317020 31.272547 1.102495
v -0.069048 31.220369 1.188551
v -0.062421 31.216328 1.187660
v -0.309763 31.266516 1.109699
v -0.069048 31.220369 1.188551
v 0.216744 31.148096 1.230060
v 0.219897 31.127001 1.224291
v 0.219897 31.127001 1.224291
v 0.484515 31.048721 1.219215
v -0.309763 31.266516 1.109699
v -0.317020 31.272547 1.102495
v -0.069048 31.220369 1.188551
v 0.511699 31.089352 -1.183992
v 0.505184 31.087204 -1.178972
v 0.831190 30.956776 -1.144928
v 0.831190 30.956776 -1.144928
v 0.511699 31.089352 -1.183992
v 0.484515 31.048721 1.219215
v 0.488426 31.052135 1.218082
v 0.219897 31.127001 1.224291
v -0.851457 31.367989 0.397444
v -0.765839 31.163591 0.568764
v -0.772489 31.355566 0.562581
v -0.772489 31.355566 0.562581
v -0.851457 31.367989 0.397444
v -0.317020 31.272547 1.102495
v 2.208439 29.006258 -0.786276
v 2.137078 29.001736 -0.752780
v 2.108611 29.005671 -0.820635
v 2.180398 29.010454 -0.855051
v 2.081583 29.034933 -0.880622
v 2.151664 29.047674 -0.918910
v 2.028993 29.095797 -0.935539
v 2.097099 29.114063 -0.978754
v 1.714268 29.445620 -1.185742
v 1.772847 29.473904 -1.238063
v 1.472335 29.665436 -1.378540
v 1.522478 29.707769 -1.430012
v 1.073994 29.960066 -1.573714
v 1.117670 30.018333 -1.615551
v 0.573479 30.202227 -1.657515
v 0.591846 30.266493 -1.710610
v 0.227123 30.345612 -1.619420
v 0.238514 30.403036 -1.676336
v -0.030896 30.406162 -1.527818
v -0.030727 30.456362 -1.586590
v -0.260706 30.483974 -1.440599
v -0.274595 30.536915 -1.496749
v -0.487698 30.528090 -1.323825
v -0.518754 30.577520 -1.377117
v -0.658515 30.561724 -1.182893
v -0.704757 30.605251 -1.232041
v -0.813061 30.576366 -1.002501
v -0.871069 30.613901 -1.045639
v -0.933972 30.592360 -0.798670
v -1.000518 30.624798 -0.832188
v -1.017890 30.584854 -0.585940
v -1.091770 30.610233 -0.609996
v -1.075076 30.577759 -0.360417
v -1.152069 30.599077 -0.376066
v -1.111810 30.578245 -0.121589
v -1.190528 30.598171 -0.129500
v -1.118506 30.603376 0.114762
v -1.197531 30.623459 0.119078
v -1.086103 30.608677 0.342936
v -1.163946 30.629086 0.357706
v -1.046312 30.611958 0.572750
v -1.121915 30.637386 0.594700
v -0.979719 30.584467 0.793459
v -1.049916 30.612698 0.825402
v -0.851250 30.568438 1.039631
v -0.913748 30.600626 1.082123
v -0.676048 30.555420 1.250739
v -0.723581 30.595108 1.304182
v -0.441924 30.519962 1.409203
v -0.474317 30.554993 1.470294
v -0.203072 30.464697 1.515319
v -0.218816 30.496111 1.579168
v 0.113991 30.367443 1.597816
v 0.115255 30.397919 1.666269
v 0.384057 30.239138 1.609016
v 0.397344 30.272221 1.680746
v 0.620188 30.131271 1.594965
v 0.640250 30.168823 1.663833
v 0.881941 30.028931 1.568788
v 0.912625 30.071939 1.631741
v 1.119528 29.888071 1.478407
v 1.151622 29.927567 1.542546
v 1.363492 29.738054 1.389761
v 1.413067 29.773993 1.439999
v 1.552751 29.587347 1.267242
v 1.607600 29.612068 1.319987
v 1.963152 29.203650 0.933885
v 2.019861 29.227917 0.989405
v 2.076986 29.085184 0.823316
v 2.133378 29.109520 0.880978
v 2.131803 29.033360 0.729326
v 2.189425 29.048569 0.784900
v 2.184501 29.038874 0.644456
v 2.242263 29.050598 0.698523
v 1.802302 30.121832 0.132678
v 1.873245 30.108629 0.143884
v 1.659798 30.230932 0.452487
v 1.574629 30.249500 0.394010
v 1.556251 30.403664 0.683147
v 1.469957 30.404175 0.625934
v 1.383956 30.549139 0.866003
v 1.304476 30.539721 0.806222
v 1.149315 30.643734 1.040411
v 1.094808 30.633801 0.961651
v 0.885241 30.754702 1.117285
v 0.846447 30.755159 1.042352
v 0.699107 30.816412 1.177455
v 0.676332 30.823847 1.094555
v 0.470553 30.907038 1.206349
v 0.460639 30.915768 1.111262
v 0.225060 30.977890 1.229777
v 0.229254 30.983419 1.135260
v -0.056690 31.049229 1.186732
v -0.029558 31.049028 1.097882
v -0.308329 31.109898 1.101351
v -0.254316 31.104801 1.015295
v -0.517300 31.148335 0.928241
v -0.446233 31.143835 0.853158
v -0.665832 31.162985 0.759570
v -0.583192 31.162313 0.696515
v -0.765839 31.163591 0.568764
v -0.672281 31.170593 0.516248
v -0.835041 31.163290 0.397664
v -0.733853 31.176418 0.361270
v -0.859557 31.167511 0.225307
v -0.758267 31.181189 0.209503
v -0.869888 31.182898 0.041112
v -0.767736 31.198812 0.040723
v -0.859081 31.196367 -0.135217
v -0.758279 31.215967 -0.121497
v -0.814489 31.203308 -0.330166
v -0.717210 31.225538 -0.301898
v -0.748330 31.212364 -0.504581
v -0.659498 31.232794 -0.461972
v -0.637632 31.216574 -0.676502
v -0.560019 31.234510 -0.619377
v -0.495695 31.224897 -0.837400
v -0.425379 31.237206 -0.766333
v -0.339317 31.199436 -0.972699
v -0.284940 31.209110 -0.893274
v -0.155653 31.175390 -1.055411
v -0.113130 31.185957 -0.969074
v 0.056097 31.105150 -1.165130
v 0.085150 31.112471 -1.072139
v 0.283119 31.034576 -1.187239
v 0.296147 31.041817 -1.086747
v 0.489327 30.946856 -1.161264
v 0.491806 30.962698 -1.058510
v 0.814970 30.824190 -1.094560
v 0.800123 30.853676 -1.010575
v 1.191549 30.585505 -0.938200
v 1.136542 30.635359 -0.872070
v 1.405786 30.427664 -0.667220
v 1.348931 30.491556 -0.615322
v 1.622800 30.191557 -0.384700
v 1.551607 30.257029 -0.344764
v 1.852852 30.104856 -0.073418
v 1.766135 30.166990 -0.057733
v 2.242263 29.050598 0.698523
v 2.184501 29.038874 0.644456
v 2.210117 29.098127 0.597915
v 2.268116 29.115480 0.655108
v 2.200408 29.160015 0.567590
v 2.257629 29.183546 0.627655
v 2.167124 29.249086 0.515317
v 2.227734 29.272480 0.571498
v 2.098446 29.470190 0.379351
v 2.161529 29.492043 0.418019
v 2.072077 29.749140 0.275324
v 2.128837 29.778690 0.312664
v 2.040556 30.034903 0.165913
v 2.094290 30.070463 0.205508
v 2.006039 30.175249 0.122629
v 2.049089 30.238924 0.139046
v 1.987650 30.177559 0.129303
v 2.001420 30.263882 0.122277
v 1.963341 30.185291 0.124483
v 1.942245 30.230389 0.117216
v 1.873245 30.108629 0.143884
v 1.802302 30.121832 0.132678
v 1.766135 30.166990 -0.057733
v 1.852852 30.104856 -0.073418
v 1.914737 30.189919 -0.074363
v 1.883199 30.264820 -0.068438
v 1.943789 30.177883 -0.075524
v 1.958765 30.262402 -0.080694
v 1.972398 30.161486 -0.082307
v 2.022521 30.222216 -0.103455
v 1.983918 29.978743 -0.154299
v 2.053402 30.008121 -0.176595
v 2.021958 29.716156 -0.278227
v 2.098670 29.737207 -0.300496
v 2.105793 29.301731 -0.518272
v 2.181930 29.312334 -0.558022
v 2.151316 29.130001 -0.627181
v 2.225094 29.142828 -0.668381
v 2.157304 29.048912 -0.684968
v 2.230227 29.059910 -0.722061
v 2.137078 29.001736 -0.752780
v -0.819820 31.566782 -0.111943
v -0.766337 31.110617 -0.123052
v -0.775854 31.093328 0.040443
v -0.825414 31.562061 0.056827
v -0.764865 31.075775 0.210191
v -0.804278 31.544746 0.222527
v -0.738696 31.071184 0.362712
v -0.773419 31.532951 0.370238
v -0.674402 31.065571 0.517956
v -0.693772 31.513983 0.518030
v -0.582181 31.057482 0.698497
v -0.589512 31.495707 0.699807
v -0.441206 31.039248 0.851265
v -0.462876 31.462950 0.870336
v -0.247496 30.999857 1.011713
v -0.269371 31.426991 1.037905
v -0.024670 30.942886 1.099360
v -0.040339 31.381039 1.118831
v 0.232477 30.876238 1.135907
v 0.228956 31.311325 1.144177
v 0.464854 30.803455 1.109348
v 0.479954 31.192272 1.122461
v 0.678854 30.707714 1.083013
v 0.682105 31.112835 1.114609
v 0.848002 30.643341 1.028719
v 0.863244 31.047070 1.061949
v 1.097626 30.527542 0.955778
v 1.093257 30.926527 0.953060
v 1.310387 30.430727 0.805241
v 1.313391 30.790659 0.780947
v 1.477951 30.286333 0.627390
v 1.478612 30.635948 0.590418
v 1.583525 30.140396 0.393409
v 1.674033 30.459446 0.368546
v 1.815066 29.982605 0.086448
v 1.887948 30.207474 0.076444
v 1.891480 30.295351 0.095719
v 1.853038 30.354855 0.151858
v 1.838593 30.196014 -0.019204
v 1.782611 29.983044 -0.011536
v 1.560761 30.144949 -0.339351
v 1.638448 30.501886 -0.369025
v 1.356232 30.381029 -0.606105
v 1.449281 30.706577 -0.705056
v 1.142943 30.524336 -0.868360
v 1.203312 30.867369 -0.914763
v 0.805301 30.743155 -1.007669
v 0.833396 31.114784 -1.086011
v 0.494081 30.854774 -1.064424
v 0.522543 31.251148 -1.105099
v 0.300344 30.935041 -1.084986
v 0.315167 31.345522 -1.150217
v 0.090209 31.006342 -1.067248
v 0.098090 31.427948 -1.132532
v -0.112715 31.080370 -0.971978
v -0.122381 31.481684 -1.024989
v -0.287778 31.103706 -0.899298
v -0.300431 31.517977 -0.922259
v 1.806054 30.357540 -0.110693
v 1.840536 30.288771 -0.047175
v -0.429929 31.132023 -0.772103
v -0.464804 31.543797 -0.807237
v -0.566515 31.129305 -0.624855
v -0.612931 31.555424 -0.656099
v -0.666777 31.127579 -0.466210
v -0.720842 31.564903 -0.489069
v -0.724944 31.120264 -0.304874
v -0.795466 31.571650 -0.309619
v -0.766337 31.110617 -0.123052
v -0.819820 31.566782 -0.111943
v 1.627836 30.465452 0.331337
v 1.809960 30.364716 0.110791
v 1.848399 30.305212 0.054578
v 1.844872 30.217325 0.035449
v 1.772789 29.990248 0.048356
v 1.538863 30.145182 0.357824
v 1.432548 30.631725 0.553368
v 1.431421 30.284447 0.593135
v 1.275687 30.784323 0.735836
v 1.270172 30.423082 0.763860
v 1.067256 30.919037 0.900231
v 1.068816 30.519596 0.905736
v 0.843628 31.042435 1.006134
v 0.828707 30.638374 0.975694
v 0.671912 31.110558 1.057250
v 0.666067 30.705202 1.027990
v 0.473712 31.191017 1.063482
v 0.459132 30.801937 1.050179
v 0.229570 31.310696 1.085446
v 0.231128 30.875662 1.076827
v -0.025823 31.380039 1.063262
v -0.011992 30.942114 1.042398
v -0.238979 31.425894 0.986703
v -0.219242 30.998720 0.960469
v -0.422866 31.462187 0.825689
v -0.402063 31.038406 0.806661
v -0.543089 31.495596 0.662572
v -0.536290 31.057312 0.660657
v -0.643516 31.515482 0.486950
v -0.624258 31.066948 0.486712
v -0.719105 31.536509 0.348877
v -0.684480 31.074682 0.340636
v -0.747034 31.549734 0.212733
v -0.707474 31.080746 0.200042
v -0.766729 31.568110 0.055346
v -0.717035 31.099371 0.038611
v -0.761475 31.573925 -0.105248
v -0.707982 31.117748 -0.116425
v -0.739015 31.579744 -0.293879
v -0.761475 31.573925 -0.105248
v -0.707982 31.117748 -0.116425
v -0.668515 31.128365 -0.289057
v -0.668485 31.572964 -0.462730
v -0.614476 31.135632 -0.439758
v -0.566777 31.562836 -0.619976
v -0.520440 31.136702 -0.588489
v -0.425100 31.549646 -0.763752
v -0.390526 31.137739 -0.728338
v -0.268489 31.522377 -0.872327
v -0.257025 31.108082 -0.848929
v -0.097424 31.486168 -0.970815
v -0.088100 31.084919 -0.917981
v 0.114667 31.432861 -1.075386
v 0.103766 31.011387 -1.009833
v 0.316373 31.350645 -1.090914
v 0.298858 30.940151 -1.026164
v 0.514922 31.256197 -1.046501
v 0.485784 30.859827 -1.006347
v 0.818762 31.120192 -1.029953
v 0.787470 30.747507 -0.961814
v 1.173683 30.876642 -0.869342
v 1.110098 30.535452 -0.824340
v 1.410643 30.720131 -0.663712
v 1.316952 30.394167 -0.563530
v 1.596975 30.514011 -0.327785
v 1.518448 30.156288 -0.299352
v 1.795016 30.206280 0.019632
v 1.739306 29.992697 0.026239
v 1.796956 30.299040 -0.008300
v 1.762471 30.367811 -0.071760
v -0.425100 31.549646 -0.763752
v -0.268489 31.522377 -0.872327
v -0.282746 31.538918 -0.900141
v -0.106853 31.502539 -1.000385
v -0.097424 31.486168 -0.970815
v 0.112215 31.448526 -1.105254
v 0.114667 31.432861 -1.075386
v 0.324261 31.365316 -1.120857
v 0.316373 31.350645 -1.090914
v 0.527350 31.270748 -1.075848
v 0.514922 31.256197 -1.046501
v 0.835046 31.134235 -1.057656
v 0.818762 31.120192 -1.029953
v 1.197749 30.888552 -0.891447
v -0.444775 31.565577 -0.788145
v -0.425100 31.549646 -0.763752
v 0.684067 31.129795 1.084076
v 0.859326 31.062805 1.030782
v 0.843628 31.042435 1.006134
v 1.067256 30.919037 0.900231
v 1.086511 30.939882 0.921303
v 1.275687 30.784323 0.735836
v 1.301404 30.803335 0.750319
v 1.432548 30.631725 0.553368
v 0.843628 31.042435 1.006134
v 0.671912 31.110558 1.057250
v 0.684067 31.129795 1.084076
v 0.485765 31.208868 1.091536
v 0.684067 31.129795 1.084076
v 0.473712 31.191017 1.063482
v 0.237068 31.328617 1.114133
v -0.769600 31.594578 -0.302461
v -0.792999 31.589245 -0.108223
v -0.761475 31.573925 -0.105248
v -0.739015 31.579744 -0.293879
v -0.696539 31.587788 -0.477800
v -0.668485 31.572964 -0.462730
v -0.591005 31.577999 -0.640297
v -0.566777 31.562836 -0.619976
v -0.444775 31.565577 -0.788145
v -0.566777 31.562836 -0.619976
v -0.439893 31.481438 0.849558
v -0.250249 31.445185 1.013325
v -0.238979 31.425894 0.986703
v -0.422866 31.462187 0.825689
v -0.564261 31.514627 0.682653
v -0.543089 31.495596 0.662572
v -0.667753 31.533726 0.504196
v -0.643516 31.515482 0.486950
v -0.746365 31.553690 0.361532
v -0.719105 31.536509 0.348877
v -0.776767 31.566156 0.219613
v -0.747034 31.549734 0.212733
v -0.797901 31.583990 0.057474
v -0.766729 31.568110 0.055346
v -0.792999 31.589245 -0.108223
v -0.025823 31.380039 1.063262
v -0.250249 31.445185 1.013325
v 1.439185 30.729650 -0.681256
v 1.197749 30.888552 -0.891447
v 1.173683 30.876642 -0.869342
v 1.173683 30.876642 -0.869342
v 1.410643 30.720131 -0.663712
v 1.439185 30.729650 -0.681256
v 1.626877 30.523998 -0.344019
v 1.596975 30.514011 -0.327785
v 1.794086 30.377512 -0.084215
v 1.762471 30.367811 -0.071760
v 1.831112 30.302376 -0.015420
v 1.796956 30.299040 -0.008300
v 1.829489 30.201447 0.014908
v 1.795016 30.206280 0.019632
v 1.764390 29.972261 0.016086
v 1.739306 29.992697 0.026239
v -0.250249 31.445185 1.013325
v -0.027738 31.399006 1.091311
v -0.025823 31.380039 1.063262
v -0.027738 31.399006 1.091311
v 0.237068 31.328617 1.114133
v 0.229570 31.310696 1.085446
v 0.473712 31.191017 1.063482
v 0.229570 31.310696 1.085446
v -0.025823 31.380039 1.063262
v -0.027738 31.399006 1.091311
v 1.301404 30.803335 0.750319
v 1.462205 30.649746 0.564035
v 1.432548 30.631725 0.553368
v 1.462205 30.649746 0.564035
v 1.656815 30.479927 0.345001
v 1.627836 30.465452 0.331337
v 1.809960 30.364716 0.110791
v 1.839815 30.375944 0.125507
v 1.809960 30.364716 0.110791
v 1.627836 30.465452 0.331337
v 1.432548 30.631725 0.553368
v 1.462205 30.649746 0.564035
v 1.839815 30.375944 0.125507
v 1.882383 30.309084 0.063566
v 1.848399 30.305212 0.054578
v 1.844872 30.217325 0.035449
v 1.879125 30.211447 0.041701
v 1.772789 29.990248 0.048356
v 1.797754 29.970222 0.059573
v 1.809960 30.364716 0.110791
v 1.839815 30.375944 0.125507
v -0.566777 31.562836 -0.619976
v -0.425100 31.549646 -0.763752
v -0.444775 31.565577 -0.788145
v -0.766729 31.568110 0.055346
v -0.761475 31.573925 -0.105248
v -0.792999 31.589245 -0.108223
v 0.818762 31.120192 -1.029953
v 1.173683 30.876642 -0.869342
v 1.197749 30.888552 -0.891447
v 1.086511 30.939882 0.921303
v 0.859326 31.062805 1.030782
v 0.863244 31.047070 1.061949
v 0.682105 31.112835 1.114609
v 0.684067 31.129795 1.084076
v 0.479954 31.192272 1.122461
v 0.485765 31.208868 1.091536
v 0.228956 31.311325 1.144177
v 0.237068 31.328617 1.114133
v -0.040339 31.381039 1.118831
v -0.027738 31.399006 1.091311
v -0.269371 31.426991 1.037905
v -0.027738 31.399006 1.091311
v 0.527350 31.270748 -1.075848
v 0.835046 31.134235 -1.057656
v 0.833396 31.114784 -1.086011
v 1.203312 30.867369 -0.914763
v 1.197749 30.888552 -0.891447
v 1.449281 30.706577 -0.705056
v 1.439185 30.729650 -0.681256
v 1.638448 30.501886 -0.369025
v 1.626877 30.523998 -0.344019
v 1.806054 30.357540 -0.110693
v 1.794086 30.377512 -0.084215
v 1.840536 30.288771 -0.047175
v -0.462876 31.462950 0.870336
v -0.269371 31.426991 1.037905
v -0.250249 31.445185 1.013325
v -0.250249 31.445185 1.013325
v -0.439893 31.481438 0.849558
v -0.462876 31.462950 0.870336
v -0.589512 31.495707 0.699807
v -0.564261 31.514627 0.682653
v -0.693772 31.513983 0.518030
v -0.564261 31.514627 0.682653
v -0.667753 31.533726 0.504196
v -0.693772 31.513983 0.518030
v -0.773419 31.532951 0.370238
v -0.693772 31.513983 0.518030
v -0.746365 31.553690 0.361532
v -0.804278 31.544746 0.222527
v -0.746365 31.553690 0.361532
v -0.746365 31.553690 0.361532
v -0.776767 31.566156 0.219613
v -0.804278 31.544746 0.222527
v -0.825414 31.562061 0.056827
v -0.797901 31.583990 0.057474
v -0.819820 31.566782 -0.111943
v -0.792999 31.589245 -0.108223
v -0.720842 31.564903 -0.489069
v -0.795466 31.571650 -0.309619
v -0.769600 31.594578 -0.302461
v -0.769600 31.594578 -0.302461
v -0.696539 31.587788 -0.477800
v -0.720842 31.564903 -0.489069
v -0.612931 31.555424 -0.656099
v -0.464804 31.543797 -0.807237
v -0.612931 31.555424 -0.656099
v -0.591005 31.577999 -0.640297
v -0.591005 31.577999 -0.640297
v -0.444775 31.565577 -0.788145
v -0.464804 31.543797 -0.807237
v 1.887948 30.207474 0.076444
v 1.815066 29.982605 0.086448
v 1.797754 29.970222 0.059573
v 1.879125 30.211447 0.041701
v 1.891480 30.295351 0.095719
v 1.882383 30.309084 0.063566
v 1.853038 30.354855 0.151858
v 1.839815 30.375944 0.125507
v 1.853038 30.354855 0.151858
v -0.444775 31.565577 -0.788145
v -0.282746 31.538918 -0.900141
v -0.300431 31.517977 -0.922259
v -0.122381 31.481684 -1.024989
v -0.106853 31.502539 -1.000385
v 0.098090 31.427948 -1.132532
v 0.112215 31.448526 -1.105254
v 0.315167 31.345522 -1.150217
v 0.324261 31.365316 -1.120857
v 0.522543 31.251148 -1.105099
v 0.833396 31.114784 -1.086011
v 0.522543 31.251148 -1.105099
v 0.527350 31.270748 -1.075848
v 1.674033 30.459446 0.368546
v 1.853038 30.354855 0.151858
v 1.839815 30.375944 0.125507
v 1.839815 30.375944 0.125507
v 1.656815 30.479927 0.345001
v 1.674033 30.459446 0.368546
v 1.478612 30.635948 0.590418
v 1.462205 30.649746 0.564035
v 1.313391 30.790659 0.780947
v 1.301404 30.803335 0.750319
v 1.093257 30.926527 0.953060
v 1.794086 30.377512 -0.084215
v 1.831112 30.302376 -0.015420
v 1.840536 30.288771 -0.047175
v 1.838593 30.196014 -0.019204
v 1.831112 30.302376 -0.015420
v 1.829489 30.201447 0.014908
v 1.838593 30.196014 -0.019204
v 1.782611 29.983044 -0.011536
v 1.764390 29.972261 0.016086
v 0.863244 31.047070 1.061949
v 1.093257 30.926527 0.953060
v 1.086511 30.939882 0.921303
v 1.301404 30.803335 0.750319
v -0.027738 31.399006 1.091311
v -0.250249 31.445185 1.013325
v -0.269371 31.426991 1.037905
v -0.795466 31.571650 -0.309619
v -0.819820 31.566782 -0.111943
v -0.792999 31.589245 -0.108223
v -0.792999 31.589245 -0.108223
v -0.769600 31.594578 -0.302461
v -0.795466 31.571650 -0.309619
v -0.696539 31.587788 -0.477800
v -0.591005 31.577999 -0.640297
v -0.612931 31.555424 -0.656099
v -0.300431 31.517977 -0.922259
v -0.464804 31.543797 -0.807237
v -0.444775 31.565577 -0.788145
v 0.324261 31.365316 -1.120857
v 0.527350 31.270748 -1.075848
v 0.522543 31.251148 -1.105099
v 1.894558 30.162067 -0.374624
v 1.824597 30.174583 -0.350285
v 1.890687 30.163406 0.049180
v 1.748237 30.163641 -0.330125
v 1.810639 30.153090 0.047043
v 0.456594 30.647779 0.010891
v 1.720582 30.162611 0.414994
v 1.406893 30.293720 0.647318
v 1.463074 30.312353 0.684943
v 1.030814 30.690718 1.136502
v 0.998762 30.650967 1.073672
v 0.286867 31.038837 1.275546
v 0.296341 30.979654 1.204955
v -0.155884 31.201685 1.145558
v -0.121697 31.133411 1.082222
v -0.494077 31.305410 0.894400
v -0.441013 31.231348 0.845084
v -0.712515 31.344299 0.590686
v -0.647258 31.268066 0.558322
v -0.843930 31.367472 0.146915
v 0.355610 30.962440 -1.178149
v -0.086604 31.190599 -1.065009
v -0.373195 31.297075 -0.856989
v -0.688054 31.331879 -0.385312
v -0.771338 31.289948 0.139323
v -0.755723 31.411884 -0.408735
v -0.422251 31.375025 -0.908296
v -0.118717 31.262255 -1.128614
v 0.349641 31.020607 -1.248443
v 0.879468 30.723238 -1.187497
v 0.855863 30.681671 -1.120605
v 1.288146 30.419146 -0.956488
v 1.241730 30.394554 -0.902491
v 1.868568 30.164749 0.472984
v 1.795307 30.173492 0.438884
v 0.113442 24.090132 4.772109
v 0.125119 23.877108 5.076600
v -0.627203 24.094236 5.249961
v -0.744098 24.439266 4.923930
v -0.745345 24.624481 4.648469
v -1.283350 25.085884 4.816320
v -0.756305 24.756109 4.389486
v -1.389126 25.350588 4.473238
v -0.666236 24.830442 4.071507
v -1.445450 25.606199 4.138440
v -0.600519 25.411108 3.527585
v -1.408504 26.310976 3.630609
v -1.633759 26.329309 4.282356
v -1.774476 27.028137 3.687344
v -1.757903 27.100397 4.413770
v -1.866449 27.652988 3.757923
v -1.693306 26.684095 4.749797
v -1.690897 26.038284 4.659589
v -1.816071 26.432842 5.112325
v -1.596202 26.655626 5.372272
v 0.016343 24.325270 4.486835
v 0.028818 24.481392 4.233147
v -0.001184 24.645403 4.034737
v 0.122928 25.241690 3.530365
v 0.122928 25.241690 3.530365
v 0.893809 21.628220 10.325339
v 1.335703 21.706034 10.360834
v 1.667913 21.759548 10.285327
v 2.100760 21.750740 10.009290
v 2.366463 21.653868 9.521038
v 2.301001 21.464239 9.158895
v 2.101417 21.237967 8.965734
v 1.657842 20.997772 8.913300
v 1.319842 20.872107 8.974968
v 0.791353 21.456266 10.156363
v 0.567856 21.296167 9.949512
v 1.838114 20.037010 9.518197
v 2.002117 19.796179 9.751646
v 1.811108 19.776567 9.864741
v 0.122928 25.241690 3.530365
v 0.596087 25.568590 3.603546
v 0.815653 21.589474 10.225789
v 0.816301 21.466413 10.143138
v 0.791353 21.456266 10.156363
v 0.791154 21.587456 10.242145
v 0.907520 21.623392 10.302332
v 0.893809 21.628220 10.325339
v 0.687961 21.559557 10.257988
v 0.700643 21.542158 10.220730
v 0.492024 21.328979 10.094734
v 0.791353 21.456266 10.156363
v 0.674850 21.302336 10.080184
v 0.138472 23.666311 5.393586
v 0.463817 21.350182 10.124184
v 1.066751 20.391226 10.955359
v 1.046621 20.428007 10.984323
v 0.957137 20.418442 10.907114
v 1.002215 20.376953 10.897273
v 1.143785 20.324636 10.858447
v 1.167421 20.422649 10.985071
v 1.409859 20.485842 11.061790
v 1.166277 20.476345 11.034800
v 1.395428 20.526249 11.077967
v 1.609938 20.515797 11.047144
v 1.638233 20.564734 11.065958
v 1.987210 20.552734 10.986637
v 2.010074 20.599180 10.998319
v 2.249797 20.545160 10.883868
v 2.269952 20.581636 10.904003
v 2.445740 20.509327 10.761370
v 2.470173 20.556578 10.773278
v 2.588067 20.456127 10.615684
v 2.634182 20.490108 10.613838
v 2.692854 20.391138 10.445464
v 2.735563 20.427561 10.438910
v 2.762722 20.319576 10.241207
v 2.806163 20.353344 10.228467
v 2.786620 20.267347 10.058684
v 2.828796 20.303551 10.031527
v 2.751775 20.196774 9.855328
v 2.781470 20.227400 9.822217
v 2.655281 20.110226 9.704479
v 2.676617 20.142977 9.672187
v 2.524078 20.025970 9.648046
v 2.538985 20.040697 9.600583
v 2.347890 19.920212 9.637003
v 2.332313 19.925182 9.583773
v 2.200964 19.853424 9.674600
v 2.167362 19.850197 9.633925
v 2.029241 19.805134 9.798879
v 2.002117 19.796179 9.751646
v 1.848908 19.774036 9.903493
v 2.252173 20.120932 9.885130
v 2.416760 20.271971 10.116549
v 2.304382 20.392342 10.447980
v 1.925737 20.439461 10.670062
v 1.594414 20.328972 10.625923
v 1.905259 20.306442 10.208801
v 1.385410 20.117981 10.358178
v 1.620978 20.004419 10.161889
v 1.956505 20.002256 9.962214
v 1.315362 20.407917 10.936768
v 1.183857 20.291159 10.858116
v 1.073896 20.181910 10.706987
v 1.032405 20.091806 10.575062
v 1.053806 20.018217 10.459278
v 1.125769 19.933334 10.350295
v 1.262375 19.852558 10.242712
v 1.464468 19.804401 10.131291
v 1.670447 19.777058 10.010810
v 1.811108 19.776567 9.864741
v 1.628942 19.773766 9.970505
v 1.422418 19.796932 10.087570
v 1.226881 19.850138 10.202811
v 1.089079 19.927744 10.310501
v 0.998476 20.028910 10.437645
v 0.984449 20.120235 10.558789
v 1.015348 20.203386 10.679461
v -1.487264 26.329254 5.510928
v -1.586708 26.146797 5.372423
v -1.605622 25.930157 5.212025
v 0.817670 21.471912 -10.064691
v 0.631676 21.399532 -10.042254
v 0.595289 21.400288 -9.987783
v 0.409767 21.316292 -9.917674
v 0.421178 21.315392 -9.873215
v 0.929076 20.343285 -10.605148
v 1.014483 20.396873 -10.699981
v 1.035542 20.352865 -10.675862
v 0.953920 20.311619 -10.588959
v 1.081430 20.260609 -10.517962
v 1.298927 20.404413 -10.636143
v 1.119995 20.225773 -10.491748
v 1.357411 20.342943 -10.308879
v 1.064149 20.126127 -10.362699
v 1.070981 20.051491 -10.245040
v 1.024707 20.063164 -10.231568
v 1.107683 19.980606 -10.133223
v 1.070044 19.984182 -10.101674
v 1.160453 19.924845 -9.978943
v 1.191037 19.913883 -10.020333
v 1.339445 19.853317 -9.898213
v 1.467672 20.085773 -9.921375
v 1.499370 19.822201 -9.800886
v 1.623874 19.803461 -9.723166
v 1.459839 19.822851 -9.760382
v 1.150858 20.451361 -10.772959
v 1.171311 20.420376 -10.748047
v 1.284074 20.472622 -10.785713
v 1.430591 20.520245 -10.799214
v 1.757851 20.570307 -10.481541
v 1.904297 20.282349 -9.969016
v 1.797104 20.028395 -9.700816
v 1.787187 19.799358 -9.630865
v 2.193555 20.026724 -9.521693
v 2.529798 19.937080 -9.403179
v 2.427923 19.865841 -9.367949
v 2.430645 20.182394 -9.590602
v 2.515284 20.419760 -9.884152
v 2.243739 20.571720 -10.254525
v 2.619960 20.030397 -9.472837
v 1.600308 19.801823 -9.681870
v 1.770912 19.787352 -9.598405
v 1.987973 19.792295 -9.525293
v 2.195259 19.787924 -9.419826
v 2.310539 19.811434 -9.367455
v 2.430425 19.876354 -9.313268
v 2.544456 19.952366 -9.362432
v 2.646832 20.055292 -9.439283
v 2.709538 20.152164 -9.596135
v 2.756403 20.274483 -9.770826
v 2.300198 19.812027 -9.315337
v 2.175098 19.780317 -9.381747
v 1.960180 19.782852 -9.479977
v 2.764961 20.352432 -9.890780
v 2.710881 20.442301 -10.055573
v 2.752760 20.478781 -10.042943
v 2.598479 20.511087 -10.233902
v 2.637322 20.551277 -10.237738
v 2.473378 20.606733 -10.412283
v 2.435651 20.564140 -10.408788
v 2.244439 20.600342 -10.556572
v 2.006933 20.603621 -10.670632
v 1.737745 20.577192 -10.742413
v 1.424919 20.560574 -10.812383
v 1.279511 20.517784 -10.806785
v 1.730539 20.623886 -10.766667
v 2.017827 20.647568 -10.688787
v 2.259460 20.646194 -10.567405
v 2.795853 20.389839 -9.880764
v 2.788825 20.309767 -9.730047
v 2.740963 20.185564 -9.564214
v 1.302426 19.864513 -9.858538
v 1.022066 20.132635 -10.349440
v 2.101417 21.237967 8.965734
v 1.657842 20.997772 8.913300
v 1.644769 21.015434 8.932751
v 2.075305 21.247856 8.983041
v 2.301001 21.464239 9.158895
v 2.269566 21.465639 9.171432
v 1.319842 20.872107 8.974968
v 1.318493 20.894226 8.992098
v 1.644769 21.015434 8.932751
v 1.335703 21.706034 10.360834
v 1.667913 21.759548 10.285327
v 1.654892 21.756531 10.265910
v 1.331043 21.707388 10.339500
v 0.893809 21.628220 10.325339
v 1.331043 21.707388 10.339500
v 0.907520 21.623392 10.302332
v 2.366463 21.653868 9.521038
v 2.269566 21.465639 9.171432
v 2.331866 21.651268 9.524431
v 2.100760 21.750740 10.009290
v 2.073019 21.747145 9.997218
v 1.654892 21.756531 10.265910
v 0.578717 21.073015 9.696826
v 0.567856 21.296167 9.949512
v 0.589737 21.303745 9.934946
v 0.598563 21.088488 9.691990
v 0.710716 20.958796 9.423791
v 0.727621 20.977280 9.426640
v 0.970481 20.884937 9.212052
v 0.727621 20.977280 9.426640
v 0.980006 20.907030 9.223210
v 1.319842 20.872107 8.974968
v 0.980006 20.907030 9.223210
v 1.318493 20.894226 8.992098
v 0.598563 21.088488 9.691990
v 0.589737 21.303745 9.934946
v 0.727621 20.977280 9.426640
v 0.980006 20.907030 9.223210
v 0.727621 20.977280 9.426640
v 0.567856 21.296167 9.949512
v 0.791353 21.456266 10.156363
v 0.816301 21.466413 10.143138
v 0.589737 21.303745 9.934946
v 1.188690 21.640968 -10.091763
v 1.681414 21.621603 -9.877105
v 0.838547 21.490368 -10.018543
v 1.188690 21.640968 -10.091763
v 0.863998 21.183599 -10.266106
v 0.932065 21.289988 -10.260020
v 0.956053 21.267904 -10.282055
v 0.971514 21.237713 -10.301513
v 0.977581 21.202295 -10.316951
v 1.025196 21.198441 -10.303043
v 0.973264 21.164440 -10.326790
v 1.020646 21.150192 -10.316243
v 0.958241 21.128019 -10.329489
v 1.001362 21.103439 -10.319714
v 0.934239 21.097200 -10.324738
v 0.970056 21.064749 -10.312962
v 0.904274 21.074675 -10.313592
v 0.931968 21.036854 -10.298517
v 0.871087 21.061890 -10.297318
v 0.890170 21.020088 -10.278286
v 0.847030 21.017166 -10.252726
v 0.837405 21.060457 -10.277024
v 0.806841 21.071392 -10.254532
v 0.765641 21.196951 -10.187759
v 0.780662 21.233376 -10.185062
v 0.761369 21.159069 -10.197526
v 0.767464 21.123632 -10.212920
v 0.782897 21.093454 -10.232424
v 0.759050 21.098742 -10.171292
v 0.750738 21.143246 -10.151597
v 0.755182 21.191551 -10.138580
v 0.774471 21.238302 -10.135113
v 0.804712 21.264166 -10.189743
v 0.834706 21.286676 -10.200842
v 0.867866 21.299469 -10.217163
v 0.844050 21.304790 -10.156013
v 0.885777 21.321589 -10.176360
v 0.901502 21.300928 -10.237530
v 0.928802 21.324572 -10.202104
v 0.968033 21.310528 -10.230970
v 0.997964 21.281433 -10.258906
v 1.016955 21.242905 -10.283234
v 0.916240 21.154095 -10.179155
v 0.847030 21.017166 -10.252726
v 0.890170 21.020088 -10.278286
v 0.931968 21.036854 -10.298517
v 0.970056 21.064749 -10.312962
v 1.001362 21.103439 -10.319714
v 1.020646 21.150192 -10.316243
v 1.025196 21.198441 -10.303043
v 1.016955 21.242905 -10.283234
v 0.997964 21.281433 -10.258906
v 0.968033 21.310528 -10.230970
v 0.928802 21.324572 -10.202104
v 0.885777 21.321589 -10.176360
v 0.844050 21.304790 -10.156013
v 0.805892 21.276934 -10.141683
v 0.774471 21.238302 -10.135113
v 0.755182 21.191551 -10.138580
v 0.750738 21.143246 -10.151597
v 0.759050 21.098742 -10.171292
v 0.777974 21.060240 -10.195741
v 0.807794 21.031210 -10.223858
v 0.805892 21.276934 -10.141683
v 0.777974 21.060240 -10.195741
v 0.807794 21.031210 -10.223858
v 1.011200 20.715839 -10.537476
v 1.100764 20.804462 -10.548126
v 1.113745 20.778542 -10.574740
v 1.117408 20.746483 -10.596830
v 1.111885 20.711224 -10.612823
v 1.159330 20.696518 -10.609959
v 1.097208 20.675638 -10.620996
v 1.141380 20.650978 -10.621231
v 1.074270 20.643513 -10.619814
v 1.111936 20.609743 -10.619722
v 1.045706 20.618526 -10.609418
v 1.075136 20.578598 -10.605639
v 1.014740 20.602676 -10.591545
v 1.036001 20.559162 -10.582660
v 0.984013 20.596830 -10.568063
v 0.997096 20.551161 -10.553335
v 0.961170 20.556746 -10.518678
v 0.956227 20.602005 -10.540688
v 0.934632 20.618471 -10.512013
v 0.938189 20.747307 -10.439143
v 0.961125 20.779438 -10.440324
v 0.923564 20.711685 -10.447253
v 0.918074 20.676399 -10.463211
v 0.921703 20.644358 -10.485337
v 0.913821 20.652349 -10.420470
v 0.920172 20.696793 -10.399930
v 0.937992 20.742416 -10.388813
v 0.967441 20.783648 -10.390326
v 0.989745 20.804384 -10.450662
v 1.020745 20.820210 -10.468496
v 1.051437 20.826069 -10.492019
v 1.043596 20.834085 -10.427141
v 1.082415 20.842136 -10.456561
v 1.079169 20.820932 -10.519456
v 1.118204 20.836641 -10.491370
v 1.145923 20.815498 -10.528172
v 1.161682 20.781673 -10.561791
v 1.165765 20.740904 -10.589322
v 1.073587 20.672274 -10.464198
v 0.961170 20.556746 -10.518678
v 0.997096 20.551161 -10.553335
v 1.036001 20.559162 -10.582660
v 1.075136 20.578598 -10.605639
v 1.111936 20.609743 -10.619722
v 1.141380 20.650978 -10.621231
v 1.159330 20.696518 -10.609959
v 1.165765 20.740904 -10.589322
v 1.161682 20.781673 -10.561791
v 1.145923 20.815498 -10.528172
v 1.118204 20.836641 -10.491370
v 1.082415 20.842136 -10.456561
v 1.043596 20.834085 -10.427141
v 1.004377 20.814705 -10.404256
v 0.967441 20.783648 -10.390326
v 0.937992 20.742416 -10.388813
v 0.920172 20.696793 -10.399930
v 0.913821 20.652349 -10.420470
v 0.917820 20.611624 -10.448104
v 0.933447 20.577894 -10.481877
v 1.004377 20.814705 -10.404256
v 0.917820 20.611624 -10.448104
v 0.933447 20.577894 -10.481877
v 0.881343 21.313471 10.496786
v 0.787282 21.234936 10.465583
v 0.810919 21.209888 10.484626
v 0.841461 21.194715 10.503759
v 0.876054 21.190178 10.521434
v 0.888149 21.147581 10.498750
v 0.911920 21.197214 10.536008
v 0.933957 21.155483 10.517779
v 0.945324 21.215956 10.545626
v 0.976835 21.179539 10.530132
v 0.972439 21.244249 10.549186
v 1.010763 21.216362 10.534068
v 0.990991 21.278595 10.546812
v 1.033636 21.259985 10.530700
v 0.999865 21.315884 10.539029
v 1.045445 21.306978 10.521230
v 1.043831 21.354599 10.505329
v 0.997795 21.353024 10.526196
v 0.984185 21.385994 10.509243
v 0.859532 21.423714 10.438814
v 0.826125 21.404974 10.429197
v 0.895438 21.430725 10.453315
v 0.930057 21.426176 10.470942
v 0.960579 21.411015 10.490121
v 0.956611 21.446508 10.434823
v 0.913066 21.452940 10.412463
v 0.867171 21.445091 10.393628
v 0.824296 21.421032 10.381276
v 0.799049 21.376654 10.425565
v 0.780520 21.342287 10.427889
v 0.771633 21.305019 10.435722
v 0.767638 21.340487 10.380394
v 0.755779 21.293531 10.389989
v 0.773666 21.267904 10.448632
v 0.757303 21.245975 10.406083
v 0.774780 21.203655 10.427838
v 0.805757 21.172514 10.452197
v 0.844661 21.153971 10.476269
v 0.925200 21.285418 10.404866
v 1.043831 21.354599 10.505329
v 1.045445 21.306978 10.521230
v 1.033636 21.259985 10.530700
v 1.010763 21.216362 10.534068
v 0.976835 21.179539 10.530132
v 0.933957 21.155483 10.517779
v 0.888149 21.147581 10.498750
v 0.844661 21.153971 10.476269
v 0.805757 21.172514 10.452197
v 0.774780 21.203655 10.427838
v 0.757303 21.245975 10.406083
v 0.755779 21.293531 10.389989
v 0.767638 21.340487 10.380394
v 0.790456 21.384142 10.377147
v 0.824296 21.421032 10.381276
v 0.867171 21.445091 10.393628
v 0.913066 21.452940 10.412463
v 0.956611 21.446508 10.434823
v 0.995470 21.428001 10.459024
v 1.026350 21.396919 10.483576
v 0.790456 21.384142 10.377147
v 0.995470 21.428001 10.459024
v 1.026350 21.396919 10.483576
v 1.214865 20.648767 10.968414
v 1.175576 20.618931 10.966448
v -0.624512 22.945244 6.879364
v -0.539148 22.626085 7.191799
v -0.715416 22.988016 7.578890
v -1.337445 24.457270 6.782900
v -1.159881 24.211329 7.010830
v -1.151459 24.327761 -5.323967
v -1.278149 24.701895 -5.232100
v -1.449574 24.907064 -5.385603
v -1.411780 25.224630 -5.137877
v -1.526056 25.447145 -5.658259
v -1.625208 25.854721 -5.034130
v -1.678489 25.965181 -5.162855
v -1.524940 26.181341 -5.444318
v -1.363575 25.998112 -5.778594
v -1.298324 25.604755 -6.045470
v -1.105971 25.757959 -6.112062
v -1.282571 25.419655 -6.242861
v -0.892156 25.512110 -6.557805
v -1.266819 25.234556 -6.440249
v -0.848524 25.403770 -6.652370
v -1.253074 24.972464 -6.777634
v -0.985855 24.587074 -6.907327
v -1.459064 24.322309 -6.682705
v -0.949662 24.415604 -7.070101
v -1.349159 24.169401 -6.837813
v -1.375087 23.978142 -6.319003
v -1.209283 23.598066 -6.703932
v -1.487368 24.589500 -5.633327
v -1.488963 25.193279 -5.860761
v -1.451870 24.939415 -6.063262
v -0.977803 23.684868 -5.876762
v -0.799415 23.266312 -6.410502
v -0.848101 23.196527 -7.071605
v -0.647984 22.911762 -6.768758
v -1.169352 23.938652 -7.075172
v -0.999093 23.543327 -7.466904
v -0.789890 23.061335 -7.735539
v -0.594737 22.787127 -7.445471
v -0.564851 22.556353 -7.136509
v -0.555560 23.473320 -8.136581
v -0.759463 23.799454 -7.737625
v -0.298583 23.659969 -8.246511
v -0.482981 24.030720 -8.039734
v -0.940389 24.235540 -7.380101
v -0.564446 24.579952 -7.441108
v -0.499743 24.762703 -7.081319
v -0.553371 24.950726 -6.885513
v -0.749073 25.154320 -6.871482
vt 0.9097 0.1123
vt 0.9197 0.1150
vt 0.9191 0.1156
vt 0.9142 0.1180
vt 0.9097 0.1123
vt 0.9299 0.1224
vt 0.9057 0.1206
vt 0.9097 0.1123
vt 0.9097 0.1123
vt 0.8974 0.1244
vt 0.8967 0.1071
vt 0.9097 0.1123
vt 0.9070 0.1007
vt 0.9097 0.1123
vt 0.8826 0.1109
vt 0.8875 0.1263
vt 0.8684 0.1164
vt 0.8716 0.1329
vt 0.8567 0.1219
vt 0.8587 0.1372
vt 0.8508 0.1256
vt 0.8548 0.1394
vt 0.9387 0.1292
vt 0.9377 0.1304
vt 0.9278 0.1257
vt 0.9111 0.1225
vt 0.9045 0.1275
vt 0.8998 0.1343
vt 0.8904 0.1377
vt 0.8765 0.1446
vt 0.8629 0.1491
vt 0.8589 0.1512
vt 0.8550 0.1533
vt 0.8509 0.1416
vt 0.9291 0.1449
vt 0.9199 0.1399
vt 0.9216 0.1354
vt 0.9081 0.1340
vt 0.9091 0.1284
vt 0.9050 0.1336
vt 0.8919 0.0312
vt 0.8999 0.0191
vt 0.9043 0.0211
vt 0.9093 0.0149
vt 0.9069 0.0111
vt 0.9134 0.0081
vt 0.9137 0.0108
vt 0.9190 0.0076
vt 0.9170 0.0114
vt 0.9224 0.0124
vt 0.9196 0.0136
vt 0.9231 0.0195
vt 0.9178 0.0194
vt 0.9149 0.0267
vt 0.9096 0.0247
vt 0.9030 0.0358
vt 0.8976 0.0329
vt 0.8871 0.0505
vt 0.8829 0.0456
vt 0.8827 0.0544
vt 0.9133 0.0175
vt 0.8795 0.0481
vt 0.8763 0.0574
vt 0.8742 0.0493
vt 0.8571 0.0584
vt 0.8585 0.0447
vt 0.8504 0.0494
vt 0.8549 0.0419
vt 0.8469 0.0409
vt 0.8526 0.0371
vt 0.8445 0.0282
vt 0.8505 0.0246
vt 0.8464 0.0135
vt 0.8422 0.0167
vt 0.8412 0.0093
vt 0.8398 0.0120
vt 0.8359 0.0078
vt 0.8363 0.0123
vt 0.8314 0.0111
vt 0.8316 0.0178
vt 0.8332 0.0134
vt 0.8367 0.0180
vt 0.8381 0.0295
vt 0.8405 0.0434
vt 0.8423 0.0535
vt 0.8320 0.0282
vt 0.8274 0.0154
vt 0.8248 0.0268
vt 0.8329 0.0430
vt 0.8326 0.0537
vt 0.8459 0.0643
vt 0.8673 0.0749
vt 0.8845 0.0687
vt 0.8948 0.0867
vt 0.8983 0.0656
vt 0.9014 0.0777
vt 0.9086 0.0741
vt 0.9127 0.0804
vt 0.9070 0.0672
vt 0.9075 0.0575
vt 0.9083 0.0607
vt 0.9231 0.0548
vt 0.9075 0.0575
vt 0.9244 0.0597
vt 0.9256 0.0657
vt 0.9292 0.0721
vt 0.9433 0.0652
vt 0.9405 0.0591
vt 0.9520 0.0600
vt 0.9491 0.0553
vt 0.9567 0.0563
vt 0.9389 0.0540
vt 0.9186 0.0839
vt 0.9331 0.0773
vt 0.9464 0.0698
vt 0.9558 0.0636
vt 0.9597 0.0573
vt 0.9558 0.0527
vt 0.9476 0.0512
vt 0.9475 0.0465
vt 0.9368 0.0493
vt 0.9600 0.0506
vt 0.9532 0.0500
vt 0.9544 0.0473
vt 0.9097 0.1123
vt 0.9142 0.1180
vt 0.9191 0.1156
vt 0.9299 0.1224
vt 0.9278 0.1257
vt 0.9377 0.1304
vt 0.9333 0.1360
vt 0.9252 0.1302
vt 0.9304 0.1405
vt 0.9216 0.1354
vt 0.9291 0.1449
vt 0.9199 0.1399
vt 0.9081 0.1340
vt 0.9091 0.1284
vt 0.9050 0.1336
vt 0.9045 0.1275
vt 0.8998 0.1343
vt 0.8974 0.1244
vt 0.8875 0.1263
vt 0.8826 0.1109
vt 0.9387 0.1292
vt 0.8684 0.1164
vt 0.8617 0.0999
vt 0.8505 0.1064
vt 0.8406 0.0901
vt 0.8353 0.0938
vt 0.8254 0.0784
vt 0.8201 0.0865
vt 0.8089 0.0805
vt 0.8118 0.0751
vt 0.8306 0.0703
vt 0.8147 0.0697
vt 0.8326 0.0537
vt 0.8226 0.0553
vt 0.8329 0.0430
vt 0.8255 0.0405
vt 0.8248 0.0268
vt 0.8320 0.0282
vt 0.8316 0.0178
vt 0.8547 0.0814
vt 0.8769 0.0930
vt 0.8459 0.0643
vt 0.8673 0.0749
vt 0.8948 0.0867
vt 0.8967 0.1071
vt 0.9097 0.1123
vt 0.8367 0.0180
vt 0.8422 0.0167
vt 0.8398 0.0120
vt 0.8381 0.0295
vt 0.8405 0.0434
vt 0.8423 0.0535
vt 0.8571 0.0584
vt 0.8845 0.0687
vt 0.8983 0.0656
vt 0.9014 0.0777
vt 0.9086 0.0741
vt 0.9127 0.0804
vt 0.9292 0.0721
vt 0.9186 0.0839
vt 0.8504 0.0494
vt 0.8469 0.0409
vt 0.8445 0.0282
vt 0.8363 0.0123
vt 0.8359 0.0078
vt 0.8412 0.0093
vt 0.8464 0.0135
vt 0.8505 0.0246
vt 0.8526 0.0371
vt 0.8549 0.0419
vt 0.8585 0.0447
vt 0.8742 0.0493
vt 0.8763 0.0574
vt 0.8795 0.0481
vt 0.8332 0.0134
vt 0.8274 0.0154
vt 0.8314 0.0111
vt 0.8827 0.0544
vt 0.8829 0.0456
vt 0.8871 0.0505
vt 0.8976 0.0329
vt 0.9030 0.0358
vt 0.9096 0.0247
vt 0.9149 0.0267
vt 0.9178 0.0194
vt 0.9231 0.0195
vt 0.9196 0.0136
vt 0.9224 0.0124
vt 0.9170 0.0114
vt 0.9190 0.0076
vt 0.9137 0.0108
vt 0.9134 0.0081
vt 0.9093 0.0149
vt 0.9069 0.0111
vt 0.8999 0.0191
vt 0.9043 0.0211
vt 0.9133 0.0175
vt 0.8919 0.0312
vt 0.8448 0.1293
vt 0.8387 0.1133
vt 0.8446 0.1099
vt 0.8505 0.1064
vt 0.8617 0.0999
vt 0.8769 0.0930
vt 0.9083 0.0888
vt 0.9143 0.1001
vt 0.9159 0.0934
vt 0.9346 0.0950
vt 0.9348 0.0895
vt 0.8353 0.0938
vt 0.8406 0.0901
vt 0.8254 0.0784
vt 0.8300 0.0975
vt 0.8201 0.0865
vt 0.8089 0.0805
vt 0.8118 0.0751
vt 0.8306 0.0703
vt 0.8547 0.0814
vt 0.8147 0.0697
vt 0.8226 0.0553
vt 0.8255 0.0405
vt 0.9483 0.0965
vt 0.9492 0.0917
vt 0.9572 0.0980
vt 0.9594 0.0939
vt 0.9644 0.0977
vt 0.9624 0.0995
vt 0.9633 0.1027
vt 0.9565 0.1022
vt 0.9623 0.1059
vt 0.9568 0.1071
vt 0.9580 0.1109
vt 0.9473 0.1077
vt 0.9482 0.1126
vt 0.9338 0.1075
vt 0.9343 0.1123
vt 0.9187 0.1117
vt 0.9153 0.1069
vt 0.9097 0.1123
vt 0.9671 0.1031
vt 0.9639 0.1078
vt 0.8797 0.2186
vt 0.8828 0.2219
vt 0.8885 0.2199
vt 0.8852 0.2153
vt 0.8782 0.2142
vt 0.8815 0.2099
vt 0.8944 0.2069
vt 0.8907 0.2018
vt 0.9051 0.1983
vt 0.9014 0.1918
vt 0.9150 0.1918
vt 0.9103 0.1792
vt 0.9208 0.1661
vt 0.9235 0.1894
vt 0.9400 0.1885
vt 0.9350 0.2065
vt 0.9546 0.1895
vt 0.9533 0.2069
vt 0.9665 0.1856
vt 0.9703 0.1997
vt 0.9745 0.2141
vt 0.9742 0.2247
vt 0.9803 0.2192
vt 0.9815 0.2229
vt 0.9770 0.2273
vt 0.9819 0.2360
vt 0.9785 0.1809
vt 0.9821 0.1974
vt 0.9835 0.2088
vt 0.9849 0.2153
vt 0.9860 0.2194
vt 0.9866 0.2343
vt 0.9876 0.2450
vt 0.9903 0.2436
vt 0.9923 0.2565
vt 0.9966 0.2559
vt 0.9945 0.2416
vt 0.9994 0.2529
vt 0.9912 0.2323
vt 0.9526 0.2818
vt 0.9467 0.2823
vt 0.9486 0.2883
vt 0.9535 0.2900
vt 0.9588 0.2811
vt 0.9519 0.2710
vt 0.9572 0.2703
vt 0.9560 0.2556
vt 0.9500 0.2559
vt 0.9557 0.2389
vt 0.9487 0.2388
vt 0.9414 0.2405
vt 0.9482 0.2329
vt 0.9382 0.2350
vt 0.9430 0.2234
vt 0.9297 0.2318
vt 0.9300 0.2233
vt 0.9222 0.2230
vt 0.9205 0.2050
vt 0.9585 0.2878
vt 0.9148 0.2028
vt 0.9089 0.2044
vt 0.8984 0.2127
vt 0.9769 0.2724
vt 0.9800 0.2770
vt 0.9848 0.2772
vt 0.9819 0.2703
vt 0.9871 0.2682
vt 0.9824 0.2595
vt 0.9786 0.2617
vt 0.9784 0.2467
vt 0.9736 0.2487
vt 0.9739 0.2306
vt 0.9678 0.2325
vt 0.9666 0.2277
vt 0.9601 0.2201
vt 0.9883 0.2742
vt 0.9706 0.1574
vt 0.9718 0.1620
vt 0.9535 0.1637
vt 0.9529 0.1588
vt 0.9395 0.1625
vt 0.9396 0.1566
vt 0.9241 0.1606
vt 0.9208 0.1661
vt 0.9393 0.1683
vt 0.9400 0.1885
vt 0.9541 0.1685
vt 0.9546 0.1895
vt 0.9665 0.1856
vt 0.9533 0.2069
vt 0.9703 0.1997
vt 0.9745 0.2141
vt 0.9821 0.1974
vt 0.9835 0.2088
vt 0.9803 0.2192
vt 0.9849 0.2153
vt 0.9274 0.1552
vt 0.9860 0.2194
vt 0.9815 0.2229
vt 0.9866 0.2343
vt 0.9819 0.2360
vt 0.9876 0.2450
vt 0.9903 0.2436
vt 0.9923 0.2565
vt 0.9966 0.2559
vt 0.9945 0.2416
vt 0.9994 0.2529
vt 0.9912 0.2323
vt 0.8885 0.2199
vt 0.8828 0.2219
vt 0.8797 0.2186
vt 0.8852 0.2153
vt 0.8782 0.2142
vt 0.8815 0.2099
vt 0.8944 0.2069
vt 0.8907 0.2018
vt 0.9051 0.1983
vt 0.9014 0.1918
vt 0.9150 0.1918
vt 0.9103 0.1792
vt 0.9235 0.1894
vt 0.9350 0.2065
vt 0.9300 0.2233
vt 0.9430 0.2234
vt 0.9215 0.2525
vt 0.9224 0.2353
vt 0.9289 0.2370
vt 0.9225 0.2300
vt 0.9297 0.2318
vt 0.9222 0.2230
vt 0.9205 0.2050
vt 0.9148 0.2028
vt 0.9089 0.2044
vt 0.8984 0.2127
vt 0.9382 0.2350
vt 0.9357 0.2397
vt 0.9260 0.2537
vt 0.9224 0.2685
vt 0.9175 0.2660
vt 0.9141 0.2760
vt 0.9196 0.2782
vt 0.9136 0.2828
vt 0.9175 0.2856
vt 0.9224 0.2855
vt 0.9254 0.2795
vt 0.9288 0.2703
vt 0.9325 0.2556
vt 0.9414 0.2405
vt 0.9482 0.2329
vt 0.9601 0.2201
vt 0.9770 0.2273
vt 0.9742 0.2247
vt 0.9666 0.2277
vt 0.9577 0.2322
vt 0.9487 0.2388
vt 0.9500 0.2559
vt 0.9434 0.2575
vt 0.9457 0.2716
vt 0.9519 0.2710
vt 0.9467 0.2823
vt 0.9526 0.2818
vt 0.9486 0.2883
vt 0.9535 0.2900
vt 0.9588 0.2811
vt 0.9585 0.2878
vt 0.9557 0.2389
vt 0.9560 0.2556
vt 0.9572 0.2703
vt 0.9612 0.2359
vt 0.9678 0.2325
vt 0.9739 0.2306
vt 0.9784 0.2467
vt 0.9736 0.2487
vt 0.9675 0.2504
vt 0.9729 0.2633
vt 0.9786 0.2617
vt 0.9819 0.2703
vt 0.9824 0.2595
vt 0.9871 0.2682
vt 0.9848 0.2772
vt 0.9883 0.2742
vt 0.9331 0.0773
vt 0.9464 0.0698
vt 0.9433 0.0652
vt 0.9558 0.0636
vt 0.9520 0.0600
vt 0.9597 0.0573
vt 0.9567 0.0563
vt 0.9558 0.0527
vt 0.9491 0.0553
vt 0.9476 0.0512
vt 0.9389 0.0540
vt 0.9475 0.0465
vt 0.9368 0.0493
vt 0.9231 0.0548
vt 0.9244 0.0597
vt 0.9070 0.0672
vt 0.9256 0.0657
vt 0.9405 0.0591
vt 0.9097 0.1123
vt 0.9070 0.1007
vt 0.9083 0.0888
vt 0.9206 0.0868
vt 0.9159 0.0934
vt 0.9143 0.1001
vt 0.9346 0.0950
vt 0.9337 0.1013
vt 0.9483 0.1021
vt 0.9473 0.1077
vt 0.9568 0.1071
vt 0.9580 0.1109
vt 0.9623 0.1059
vt 0.9639 0.1078
vt 0.9633 0.1027
vt 0.9671 0.1031
vt 0.9644 0.0977
vt 0.9097 0.1123
vt 0.9153 0.1069
vt 0.9338 0.1075
vt 0.9482 0.1126
vt 0.9187 0.1117
vt 0.9097 0.1123
vt 0.9343 0.1123
vt 0.9097 0.1123
vt 0.9197 0.1150
vt 0.9333 0.1360
vt 0.9443 0.1434
vt 0.9418 0.1456
vt 0.9452 0.1403
vt 0.9380 0.1309
vt 0.9390 0.1298
vt 0.9479 0.1398
vt 0.9473 0.1456
vt 0.9422 0.1478
vt 0.9304 0.1405
vt 0.9252 0.1302
vt 0.9572 0.0980
vt 0.9594 0.0939
vt 0.9492 0.0917
vt 0.9624 0.0995
vt 0.9565 0.1022
vt 0.9483 0.0965
vt 0.9348 0.0895
vt 0.9202 0.0882
vt 0.8300 0.0975
vt 0.8446 0.1099
vt 0.8567 0.1219
vt 0.8716 0.1329
vt 0.8765 0.1446
vt 0.8904 0.1377
vt 0.8387 0.1133
vt 0.8508 0.1256
vt 0.8587 0.1372
vt 0.8629 0.1491
vt 0.8448 0.1293
vt 0.8548 0.1394
vt 0.8589 0.1512
vt 0.8550 0.1533
vt 0.8509 0.1416
vt 0.9541 0.1685
vt 0.9393 0.1683
vt 0.9395 0.1625
vt 0.9241 0.1606
vt 0.9396 0.1566
vt 0.9274 0.1552
vt 0.9535 0.1637
vt 0.9529 0.1588
vt 0.9706 0.1574
vt 0.9718 0.1620
vt 0.9730 0.1665
vt 0.9785 0.1809
vt 0.9730 0.1665
vt 0.9097 0.1123
vt 0.9337 0.1013
vt 0.9483 0.1021
vt 0.9188 0.0286
vt 0.9082 0.0392
vt 0.9114 0.0423
vt 0.8990 0.0568
vt 0.8928 0.0545
vt 0.8888 0.0599
vt 0.9075 0.0575
vt 0.9056 0.0565
vt 0.9075 0.0575
vt 0.8113 0.0986
vt 0.8073 0.0872
vt 0.7903 0.0866
vt 0.7949 0.1001
vt 0.7756 0.0870
vt 0.7801 0.1039
vt 0.7551 0.0869
vt 0.7609 0.1086
vt 0.7365 0.0910
vt 0.7408 0.1138
vt 0.7190 0.0973
vt 0.7217 0.1175
vt 0.7053 0.1012
vt 0.7057 0.1198
vt 0.6929 0.1045
vt 0.6995 0.1214
vt 0.6802 0.1038
vt 0.6844 0.1218
vt 0.6690 0.1057
vt 0.6720 0.1235
vt 0.6885 0.1398
vt 0.6751 0.1414
vt 0.7060 0.1383
vt 0.7245 0.1377
vt 0.7451 0.1366
vt 0.7666 0.1302
vt 0.7846 0.1209
vt 0.7995 0.1135
vt 0.8153 0.1099
vt 0.9196 0.2782
vt 0.9141 0.2760
vt 0.9136 0.2828
vt 0.9175 0.2856
vt 0.9224 0.2855
vt 0.9254 0.2795
vt 0.9288 0.2703
vt 0.9224 0.2685
vt 0.9325 0.2556
vt 0.9260 0.2537
vt 0.9357 0.2397
vt 0.9289 0.2370
vt 0.9225 0.2300
vt 0.9418 0.1456
vt 0.9422 0.1478
vt 0.9473 0.1456
vt 0.9443 0.1434
vt 0.9479 0.1398
vt 0.9452 0.1403
vt 0.9390 0.1298
vt 0.9380 0.1309
vt 0.9600 0.0506
vt 0.9532 0.0500
vt 0.9544 0.0473
vt 0.9224 0.2353
vt 0.9215 0.2525
vt 0.9175 0.2660
vt 0.9188 0.0286
vt 0.9082 0.0392
vt 0.9114 0.0423
vt 0.8990 0.0568
vt 0.8928 0.0545
vt 0.8888 0.0599
vt 0.9075 0.0575
vt 0.9075 0.0575
vt 0.9056 0.0565
vt 0.9577 0.2322
vt 0.9612 0.2359
vt 0.9675 0.2504
vt 0.9729 0.2633
vt 0.9202 0.0882
vt 0.9206 0.0868
vt 0.9083 0.0607
vt 0.9075 0.0575
vt 0.9075 0.0575
vt 0.9769 0.2724
vt 0.9800 0.2770
vt 0.9197 0.1150
vt 0.9097 0.1123
vt 0.9434 0.2575
vt 0.9457 0.2716
vt 0.9111 0.1225
vt 0.9057 0.1206
vt 0.9097 0.1123
vt 0.9097 0.1123
vt 0.9197 0.1150
vt 0.9097 0.1123
vt 0.6885 0.1398
vt 0.6751 0.1414
vt 0.6720 0.1235
vt 0.6844 0.1218
vt 0.7060 0.1383
vt 0.6995 0.1214
vt 0.7057 0.1198
vt 0.7053 0.1012
vt 0.7217 0.1175
vt 0.7190 0.0973
vt 0.7408 0.1138
vt 0.7365 0.0910
vt 0.7609 0.1086
vt 0.7551 0.0869
vt 0.7801 0.1039
vt 0.7756 0.0870
vt 0.7949 0.1001
vt 0.7903 0.0866
vt 0.8113 0.0986
vt 0.8073 0.0872
vt 0.6690 0.1057
vt 0.6802 0.1038
vt 0.6929 0.1045
vt 0.8153 0.1099
vt 0.7995 0.1135
vt 0.7846 0.1209
vt 0.7666 0.1302
vt 0.7451 0.1366
vt 0.7245 0.1377
vt 0.3049 0.9990
vt 0.3063 0.9983
vt 0.3049 0.9990
vt 0.3015 0.9989
vt 0.3015 0.9989
vt 0.2983 0.9990
vt 0.2983 0.9990
vt 0.2951 0.9993
vt 0.2951 0.9993
vt 0.2923 0.9997
vt 0.2923 0.9997
vt 0.2905 0.9991
vt 0.2911 0.9995
vt 0.2902 0.9983
vt 0.2902 0.9983
vt 0.3366 0.5477
vt 0.3364 0.5473
vt 0.3447 0.5482
vt 0.3363 0.5450
vt 0.3325 0.5450
vt 0.3321 0.5421
vt 0.3283 0.5421
vt 0.3279 0.5392
vt 0.3244 0.5389
vt 0.3241 0.5364
vt 0.3204 0.5364
vt 0.3208 0.5389
vt 0.3172 0.5363
vt 0.3175 0.5389
vt 0.3138 0.5362
vt 0.3141 0.5389
vt 0.3105 0.5361
vt 0.3107 0.5387
vt 0.3072 0.5361
vt 0.3073 0.5386
vt 0.3174 0.5417
vt 0.3208 0.5418
vt 0.3247 0.5419
vt 0.3286 0.5449
vt 0.3325 0.5472
vt 0.3326 0.5476
vt 0.3366 0.5477
vt 0.3326 0.5476
vt 0.3038 0.5361
vt 0.3037 0.5385
vt 0.3002 0.5361
vt 0.3001 0.5387
vt 0.2968 0.5361
vt 0.2968 0.5386
vt 0.2935 0.5360
vt 0.2937 0.5385
vt 0.2902 0.5361
vt 0.2904 0.5384
vt 0.2872 0.5360
vt 0.2876 0.5384
vt 0.2836 0.5360
vt 0.2841 0.5385
vt 0.2802 0.5360
vt 0.2806 0.5385
vt 0.2765 0.5360
vt 0.2768 0.5385
vt 0.2881 0.5411
vt 0.2908 0.5410
vt 0.2940 0.5410
vt 0.2971 0.5412
vt 0.3001 0.5412
vt 0.3037 0.5413
vt 0.3072 0.5413
vt 0.3106 0.5414
vt 0.3140 0.5417
vt 0.3286 0.5470
vt 0.3248 0.5446
vt 0.3208 0.5446
vt 0.3175 0.5443
vt 0.3141 0.5440
vt 0.3105 0.5440
vt 0.3071 0.5440
vt 0.3037 0.5439
vt 0.3002 0.5439
vt 0.3246 0.5467
vt 0.3207 0.5467
vt 0.3174 0.5466
vt 0.3141 0.5464
vt 0.3105 0.5463
vt 0.3070 0.5462
vt 0.3037 0.5461
vt 0.3002 0.5459
vt 0.2971 0.5438
vt 0.2973 0.5458
vt 0.2942 0.5438
vt 0.2946 0.5462
vt 0.2947 0.5458
vt 0.2973 0.5462
vt 0.3001 0.5463
vt 0.3036 0.5464
vt 0.3070 0.5465
vt 0.3103 0.5466
vt 0.3139 0.5469
vt 0.3172 0.5471
vt 0.3206 0.5473
vt 0.3247 0.5473
vt 0.3069 0.5468
vt 0.3036 0.5467
vt 0.3002 0.5466
vt 0.2973 0.5465
vt 0.2944 0.5464
vt 0.2917 0.5463
vt 0.2917 0.5461
vt 0.2915 0.5490
vt 0.2942 0.5492
vt 0.2973 0.5493
vt 0.3003 0.5493
vt 0.3037 0.5493
vt 0.3069 0.5468
vt 0.3069 0.5468
vt 0.3069 0.5492
vt 0.3069 0.5468
vt 0.3104 0.5468
vt 0.3104 0.5491
vt 0.3140 0.5470
vt 0.3140 0.5491
vt 0.3174 0.5472
vt 0.3174 0.5492
vt 0.3207 0.5474
vt 0.3207 0.5492
vt 0.3247 0.5475
vt 0.3247 0.5495
vt 0.3287 0.5476
vt 0.3288 0.5496
vt 0.3326 0.5478
vt 0.3326 0.5478
vt 0.3325 0.5497
vt 0.3442 0.5454
vt 0.3493 0.5490
vt 0.3491 0.5498
vt 0.3446 0.5489
vt 0.3491 0.5507
vt 0.3449 0.5496
vt 0.3446 0.5509
vt 0.3363 0.5497
vt 0.3365 0.5481
vt 0.3326 0.5478
vt 0.3366 0.5477
vt 0.3366 0.5477
vt 0.2730 0.5361
vt 0.2732 0.5386
vt 0.2682 0.5363
vt 0.2682 0.5388
vt 0.2638 0.5363
vt 0.2639 0.5392
vt 0.2603 0.5363
vt 0.2605 0.5394
vt 0.2565 0.5360
vt 0.2569 0.5392
vt 0.2535 0.5360
vt 0.2538 0.5393
vt 0.2492 0.5358
vt 0.2495 0.5394
vt 0.2449 0.5355
vt 0.2454 0.5395
vt 0.2353 0.5349
vt 0.2382 0.5399
vt 0.2542 0.5424
vt 0.2575 0.5422
vt 0.2610 0.5421
vt 0.2644 0.5418
vt 0.2685 0.5415
vt 0.2735 0.5413
vt 0.2772 0.5411
vt 0.2810 0.5409
vt 0.2845 0.5410
vt 0.2913 0.5438
vt 0.2885 0.5437
vt 0.2849 0.5437
vt 0.2813 0.5437
vt 0.2775 0.5439
vt 0.2737 0.5442
vt 0.2688 0.5443
vt 0.2917 0.5457
vt 0.2888 0.5457
vt 0.2853 0.5456
vt 0.2816 0.5457
vt 0.2777 0.5459
vt 0.2739 0.5462
vt 0.2693 0.5466
vt 0.2649 0.5447
vt 0.2650 0.5470
vt 0.2614 0.5451
vt 0.2616 0.5478
vt 0.2616 0.5474
vt 0.2652 0.5473
vt 0.2695 0.5469
vt 0.2739 0.5467
vt 0.2777 0.5464
vt 0.2817 0.5462
vt 0.2853 0.5460
vt 0.2889 0.5461
vt 0.2888 0.5464
vt 0.2917 0.5463
vt 0.2888 0.5464
vt 0.2325 0.5424
vt 0.2339 0.5452
vt 0.2407 0.5446
vt 0.2360 0.5494
vt 0.2422 0.5477
vt 0.2371 0.5519
vt 0.2431 0.5509
vt 0.2430 0.5515
vt 0.2467 0.5500
vt 0.2467 0.5504
vt 0.2507 0.5491
vt 0.2506 0.5496
vt 0.2547 0.5483
vt 0.2548 0.5489
vt 0.2582 0.5478
vt 0.2583 0.5482
vt 0.2431 0.5521
vt 0.2470 0.5511
vt 0.2508 0.5502
vt 0.2549 0.5494
vt 0.2582 0.5488
vt 0.2432 0.5529
vt 0.2378 0.5533
vt 0.2377 0.5526
vt 0.2374 0.5522
vt 0.2740 0.5491
vt 0.2740 0.5469
vt 0.2779 0.5467
vt 0.2695 0.5493
vt 0.2696 0.5471
vt 0.2656 0.5493
vt 0.2654 0.5477
vt 0.2617 0.5498
vt 0.2617 0.5482
vt 0.2586 0.5503
vt 0.2551 0.5511
vt 0.2509 0.5516
vt 0.2472 0.5521
vt 0.3285 0.5475
vt 0.3326 0.5476
vt 0.2580 0.5454
vt 0.2544 0.5458
vt 0.2503 0.5463
vt 0.2464 0.5468
vt 0.2459 0.5432
vt 0.2500 0.5428
vt 0.4346 0.3139
vt 0.4346 0.3111
vt 0.4385 0.3108
vt 0.4306 0.3141
vt 0.4306 0.3168
vt 0.4272 0.3169
vt 0.4269 0.3195
vt 0.4235 0.3197
vt 0.4238 0.3170
vt 0.4201 0.3198
vt 0.4203 0.3172
vt 0.4168 0.3198
vt 0.4169 0.3174
vt 0.4133 0.3199
vt 0.4133 0.3175
vt 0.4098 0.3200
vt 0.4097 0.3173
vt 0.4063 0.3200
vt 0.4063 0.3174
vt 0.4029 0.3200
vt 0.4035 0.3151
vt 0.4032 0.3174
vt 0.3999 0.3175
vt 0.4066 0.3149
vt 0.4096 0.3148
vt 0.4133 0.3147
vt 0.4168 0.3147
vt 0.4202 0.3145
vt 0.4236 0.3142
vt 0.4272 0.3141
vt 0.4306 0.3112
vt 0.4202 0.3120
vt 0.4238 0.3119
vt 0.4272 0.3116
vt 0.4305 0.3088
vt 0.4345 0.3087
vt 0.3903 0.3149
vt 0.3907 0.3121
vt 0.3942 0.3122
vt 0.3938 0.3148
vt 0.3979 0.3123
vt 0.3975 0.3148
vt 0.4007 0.3122
vt 0.4003 0.3150
vt 0.4037 0.3123
vt 0.4066 0.3122
vt 0.4097 0.3122
vt 0.4132 0.3122
vt 0.4167 0.3121
vt 0.4271 0.3090
vt 0.4238 0.3092
vt 0.4202 0.3094
vt 0.4167 0.3096
vt 0.4132 0.3097
vt 0.4097 0.3098
vt 0.4067 0.3099
vt 0.4041 0.3099
vt 0.4011 0.3100
vt 0.3832 0.3082
vt 0.3871 0.3086
vt 0.3870 0.3095
vt 0.3909 0.3098
vt 0.3911 0.3088
vt 0.3947 0.3099
vt 0.3947 0.3090
vt 0.3982 0.3098
vt 0.3983 0.3090
vt 0.4011 0.3091
vt 0.4040 0.3090
vt 0.4068 0.3090
vt 0.4096 0.3089
vt 0.4131 0.3088
vt 0.3834 0.3074
vt 0.3873 0.3076
vt 0.3913 0.3078
vt 0.3947 0.3080
vt 0.3982 0.3080
vt 0.4011 0.3082
vt 0.4038 0.3082
vt 0.4067 0.3082
vt 0.4097 0.3080
vt 0.4131 0.3080
vt 0.3790 0.3047
vt 0.3834 0.3049
vt 0.3873 0.3051
vt 0.3913 0.3053
vt 0.3948 0.3053
vt 0.3981 0.3052
vt 0.4010 0.3051
vt 0.4036 0.3050
vt 0.4067 0.3049
vt 0.4098 0.3049
vt 0.4132 0.3049
vt 0.4165 0.3078
vt 0.4164 0.3050
vt 0.4200 0.3077
vt 0.4199 0.3050
vt 0.4236 0.3075
vt 0.4236 0.3051
vt 0.4270 0.3073
vt 0.4271 0.3049
vt 0.4304 0.3072
vt 0.4304 0.3050
vt 0.4344 0.3071
vt 0.4344 0.3046
vt 0.4385 0.3068
vt 0.4385 0.3044
vt 0.4423 0.3064
vt 0.4422 0.3043
vt 0.4462 0.3060
vt 0.4459 0.3042
vt 0.4545 0.3045
vt 0.4542 0.3029
vt 0.4166 0.3087
vt 0.4200 0.3085
vt 0.4235 0.3083
vt 0.4269 0.3080
vt 0.4304 0.3077
vt 0.4345 0.3078
vt 0.4384 0.3074
vt 0.4424 0.3072
vt 0.4464 0.3071
vt 0.4385 0.3083
vt 0.4424 0.3082
vt 0.4463 0.3080
vt 0.4546 0.3069
vt 0.4424 0.3107
vt 0.4463 0.3106
vt 0.4542 0.3100
vt 0.4591 0.3061
vt 0.4590 0.3094
vt 0.4634 0.3049
vt 0.4641 0.3089
vt 0.4684 0.3073
vt 0.4694 0.3114
vt 0.4723 0.3108
vt 0.4708 0.3160
vt 0.4745 0.3150
vt 0.4643 0.3123
vt 0.4652 0.3169
vt 0.4731 0.3206
vt 0.4662 0.3205
vt 0.4606 0.3201
vt 0.4603 0.3165
vt 0.4598 0.3128
vt 0.4540 0.3132
vt 0.4459 0.3135
vt 0.4421 0.3136
vt 0.4383 0.3137
vt 0.4538 0.3195
vt 0.4542 0.3166
vt 0.4461 0.3162
vt 0.4420 0.3163
vt 0.4379 0.3164
vt 0.4343 0.3167
vt 0.4302 0.3193
vt 0.4340 0.3191
vt 0.4376 0.3192
vt 0.4416 0.3192
vt 0.4456 0.3192
vt 0.3997 0.3199
vt 0.3966 0.3199
vt 0.3971 0.3174
vt 0.3930 0.3199
vt 0.3934 0.3174
vt 0.3894 0.3198
vt 0.3899 0.3173
vt 0.3857 0.3197
vt 0.3861 0.3172
vt 0.3821 0.3196
vt 0.3823 0.3171
vt 0.3772 0.3194
vt 0.3772 0.3168
vt 0.3728 0.3193
vt 0.3729 0.3165
vt 0.3692 0.3193
vt 0.3700 0.3136
vt 0.3694 0.3163
vt 0.3658 0.3163
vt 0.3734 0.3139
vt 0.3776 0.3142
vt 0.3826 0.3144
vt 0.3864 0.3147
vt 0.3550 0.3122
vt 0.3554 0.3086
vt 0.3593 0.3091
vt 0.3590 0.3126
vt 0.3634 0.3097
vt 0.3631 0.3131
vt 0.3670 0.3102
vt 0.3663 0.3135
vt 0.3704 0.3105
vt 0.3740 0.3109
vt 0.3780 0.3113
vt 0.3829 0.3115
vt 0.3867 0.3118
vt 0.3831 0.3091
vt 0.3785 0.3086
vt 0.3742 0.3082
vt 0.3707 0.3078
vt 0.3673 0.3074
vt 0.3523 0.3030
vt 0.3523 0.3042
vt 0.3463 0.3030
vt 0.3559 0.3050
vt 0.3560 0.3040
vt 0.3598 0.3060
vt 0.3599 0.3049
vt 0.3638 0.3068
vt 0.3641 0.3057
vt 0.3676 0.3063
vt 0.3709 0.3068
vt 0.3745 0.3073
vt 0.3787 0.3078
vt 0.3466 0.3022
vt 0.3525 0.3019
vt 0.3565 0.3027
vt 0.3603 0.3037
vt 0.3644 0.3045
vt 0.3677 0.3051
vt 0.3711 0.3058
vt 0.3747 0.3065
vt 0.3789 0.3072
vt 0.3471 0.3013
vt 0.3472 0.3002
vt 0.3527 0.3006
vt 0.3567 0.3014
vt 0.3605 0.3019
vt 0.3646 0.3024
vt 0.3682 0.3033
vt 0.3712 0.3039
vt 0.3750 0.3045
vt 0.3654 0.3194
vt 0.3623 0.3194
vt 0.3626 0.3161
vt 0.3580 0.3196
vt 0.3585 0.3160
vt 0.3537 0.3199
vt 0.3543 0.3159
vt 0.3441 0.3205
vt 0.3471 0.3154
vt 0.3414 0.3129
vt 0.3429 0.3100
vt 0.3497 0.3108
vt 0.3451 0.3058
vt 0.3513 0.3077
vt 0.4544 0.3057
vt 0.4588 0.3048
vt 0.4588 0.3035
vt 0.4629 0.3038
vt 0.4625 0.3020
vt 0.4680 0.3024
vt 0.4675 0.3014
vt 0.4622 0.3008
vt 0.4674 0.3004
vt 0.4684 0.3034
vt 0.4702 0.3067
vt 0.4758 0.3170
vt 0.4764 0.3184
vt 0.4746 0.3206
vt 0.4764 0.3197
vt 0.4756 0.3203
vt 0.7173 0.5522
vt 0.7170 0.5466
vt 0.7176 0.5467
vt 0.7179 0.5523
vt 0.7206 0.5468
vt 0.7214 0.5526
vt 0.7226 0.5466
vt 0.7231 0.5525
vt 0.7258 0.5463
vt 0.7260 0.5524
vt 0.7309 0.5456
vt 0.7313 0.5518
vt 0.7401 0.5446
vt 0.7398 0.5517
vt 0.7481 0.5434
vt 0.7480 0.5502
vt 0.7558 0.5432
vt 0.7562 0.5499
vt 0.7633 0.5404
vt 0.7646 0.5490
vt 0.7569 0.5568
vt 0.7477 0.5572
vt 0.7393 0.5589
vt 0.7311 0.5585
vt 0.7261 0.5582
vt 0.7226 0.5580
vt 0.7205 0.5578
vt 0.7177 0.5573
vt 0.7171 0.5572
vt 0.7383 0.5644
vt 0.7299 0.5640
vt 0.7251 0.5636
vt 0.7216 0.5632
vt 0.7195 0.5629
vt 0.7167 0.5623
vt 0.7160 0.5622
vt 0.7244 0.5680
vt 0.7206 0.5671
vt 0.7184 0.5665
vt 0.7150 0.5666
vt 0.7143 0.5666
vt 0.7294 0.5695
vt 0.7228 0.5731
vt 0.7192 0.5719
vt 0.7170 0.5712
vt 0.7128 0.5712
vt 0.7122 0.5712
vt 0.7143 0.5666
vt 0.7161 0.5785
vt 0.7131 0.5781
vt 0.7105 0.5753
vt 0.7101 0.5749
vt 0.7122 0.5712
vt 0.7107 0.5783
vt 0.7103 0.5783
vt 0.7101 0.5750
vt 0.7095 0.5846
vt 0.7103 0.5783
vt 0.7101 0.5847
vt 0.7118 0.5849
vt 0.7148 0.5850
vt 0.7211 0.5792
vt 0.7294 0.5757
vt 0.7380 0.5702
vt 0.7476 0.5640
vt 0.7515 0.5600
vt 0.7570 0.5602
vt 0.7660 0.5565
vt 0.7472 0.5704
vt 0.7379 0.5765
vt 0.7474 0.5763
vt 0.7283 0.5817
vt 0.7335 0.5827
vt 0.7381 0.5828
vt 0.7471 0.5828
vt 0.7504 0.5764
vt 0.7510 0.5705
vt 0.7519 0.5642
vt 0.7497 0.5809
vt 0.7568 0.5832
vt 0.7568 0.5816
vt 0.7670 0.5835
vt 0.7770 0.5922
vt 0.7744 0.5958
vt 0.7739 0.5916
vt 0.7700 0.5952
vt 0.7708 0.5907
vt 0.7661 0.5912
vt 0.7720 0.5839
vt 0.7567 0.5910
vt 0.7465 0.5909
vt 0.7364 0.5889
vt 0.7310 0.5877
vt 0.7266 0.5861
vt 0.7196 0.5851
vt 0.7080 0.5927
vt 0.7095 0.5847
vt 0.7085 0.5926
vt 0.7107 0.5923
vt 0.7139 0.5927
vt 0.7193 0.5935
vt 0.7254 0.5936
vt 0.7292 0.5941
vt 0.7356 0.5955
vt 0.7464 0.5979
vt 0.7556 0.5994
vt 0.7128 0.6013
vt 0.7174 0.6014
vt 0.7140 0.6061
vt 0.7110 0.6054
vt 0.7101 0.6012
vt 0.7123 0.6109
vt 0.7535 0.6051
vt 0.7450 0.6046
vt 0.7344 0.6032
vt 0.7294 0.6027
vt 0.7245 0.6020
vt 0.7188 0.6073
vt 0.7148 0.6117
vt 0.7128 0.6174
vt 0.7107 0.6171
vt 0.7100 0.6109
vt 0.7094 0.6056
vt 0.7510 0.6111
vt 0.7490 0.6178
vt 0.7413 0.6165
vt 0.7594 0.6123
vt 0.7630 0.6059
vt 0.7428 0.6102
vt 0.7340 0.6096
vt 0.7296 0.6093
vt 0.7251 0.6090
vt 0.7189 0.6130
vt 0.7150 0.6180
vt 0.7256 0.6145
vt 0.7336 0.6169
vt 0.7186 0.6190
vt 0.7247 0.6208
vt 0.7327 0.6228
vt 0.7407 0.6234
vt 0.7470 0.6250
vt 0.7574 0.6197
vt 0.7649 0.6132
vt 0.7665 0.6071
vt 0.7682 0.5994
vt 0.7645 0.5997
vt 0.7728 0.5993
vt 0.7390 0.6332
vt 0.7453 0.6336
vt 0.7546 0.6264
vt 0.7650 0.6200
vt 0.7709 0.6138
vt 0.7713 0.6078
vt 0.7761 0.6007
vt 0.7802 0.6005
vt 0.7768 0.6086
vt 0.7757 0.6164
vt 0.7533 0.6337
vt 0.7638 0.6269
vt 0.7720 0.6215
vt 0.7752 0.6215
vt 0.7791 0.6176
vt 0.7823 0.6090
vt 0.7850 0.6019
vt 0.7865 0.6090
vt 0.7853 0.6167
vt 0.7809 0.6228
vt 0.7859 0.6248
vt 0.7777 0.6302
vt 0.7599 0.6341
vt 0.7702 0.6285
vt 0.7732 0.6302
vt 0.7654 0.6347
vt 0.7694 0.6362
vt 0.7834 0.6305
vt 0.7760 0.6360
vt 0.7650 0.6448
vt 0.7604 0.6402
vt 0.7562 0.6396
vt 0.7513 0.6399
vt 0.7439 0.6408
vt 0.7369 0.6391
vt 0.7295 0.6373
vt 0.7305 0.6312
vt 0.7211 0.6344
vt 0.7232 0.6291
vt 0.7835 0.6496
vt 0.7781 0.6485
vt 0.7785 0.6385
vt 0.7727 0.6474
vt 0.7918 0.6201
vt 0.7904 0.6282
vt 0.7860 0.6329
vt 0.7807 0.6361
vt 0.7811 0.6409
vt 0.7868 0.6424
vt 0.7952 0.6454
vt 0.7997 0.6392
vt 0.8069 0.6413
vt 0.8127 0.6353
vt 0.8197 0.6379
vt 0.8235 0.6277
vt 0.8248 0.6350
vt 0.8323 0.6306
vt 0.8317 0.6216
vt 0.8131 0.6440
vt 0.8018 0.6482
vt 0.7908 0.6523
vt 0.8078 0.6513
vt 0.7976 0.6548
vt 0.8055 0.6580
vt 0.7682 0.5387
vt 0.7733 0.5479
vt 0.7729 0.5382
vt 0.7802 0.5489
vt 0.7789 0.5410
vt 0.7873 0.5405
vt 0.7891 0.5481
vt 0.7928 0.5396
vt 0.7943 0.5479
vt 0.7984 0.5387
vt 0.7994 0.5477
vt 0.8064 0.5385
vt 0.8073 0.5482
vt 0.8139 0.5382
vt 0.8145 0.5486
vt 0.8225 0.5386
vt 0.8237 0.5501
vt 0.8263 0.5566
vt 0.8167 0.5563
vt 0.8102 0.5567
vt 0.8032 0.5563
vt 0.7976 0.5566
vt 0.7920 0.5568
vt 0.7829 0.5570
vt 0.7750 0.5565
vt 0.8225 0.5386
vt 0.7772 0.5955
vt 0.7804 0.5975
vt 0.7852 0.5969
vt 0.7917 0.6022
vt 0.7894 0.6121
vt 0.7994 0.6045
vt 0.7950 0.6120
vt 0.8007 0.6125
vt 0.8048 0.6053
vt 0.7973 0.6251
vt 0.7949 0.6298
vt 0.7979 0.6208
vt 0.8086 0.6158
vt 0.8158 0.6040
vt 0.8013 0.5996
vt 0.7976 0.5944
vt 0.7856 0.5925
vt 0.7815 0.5920
vt 0.8040 0.6218
vt 0.8130 0.6165
vt 0.7910 0.6358
vt 0.8038 0.6343
vt 0.8069 0.6313
vt 0.8163 0.6259
vt 0.8241 0.6189
vt 0.8297 0.6079
vt 0.8273 0.5953
vt 0.8333 0.5842
vt 0.8379 0.5948
vt 0.8390 0.6087
vt 0.8362 0.6282
vt 0.8400 0.6259
vt 0.8462 0.6191
vt 0.8493 0.6107
vt 0.8497 0.6027
vt 0.8496 0.5950
vt 0.8469 0.5875
vt 0.8416 0.5788
vt 0.8278 0.5760
vt 0.8371 0.5718
vt 0.8251 0.5691
vt 0.8303 0.5638
vt 0.8213 0.5627
vt 0.8164 0.5701
vt 0.8196 0.5764
vt 0.8244 0.5858
vt 0.8150 0.5946
vt 0.8091 0.5944
vt 0.8032 0.5942
vt 0.7958 0.5854
vt 0.7872 0.5849
vt 0.7870 0.5836
vt 0.7838 0.5848
vt 0.7842 0.5835
vt 0.7796 0.5852
vt 0.7949 0.5825
vt 0.7940 0.5796
vt 0.7990 0.5778
vt 0.7868 0.5823
vt 0.7846 0.5823
vt 0.7795 0.5825
vt 0.8058 0.5801
vt 0.8052 0.5778
vt 0.8067 0.5777
vt 0.8115 0.5777
vt 0.8077 0.5763
vt 0.8058 0.5756
vt 0.8002 0.5813
vt 0.8015 0.5848
vt 0.8071 0.5858
vt 0.8127 0.5867
vt 0.7663 0.5594
vt 0.7757 0.5591
vt 0.7832 0.5602
vt 0.7870 0.5604
vt 0.7889 0.5620
vt 0.7936 0.5635
vt 0.7928 0.5603
vt 0.7991 0.5636
vt 0.8047 0.5638
vt 0.8133 0.5636
vt 0.8095 0.5667
vt 0.8023 0.5650
vt 0.8083 0.5677
vt 0.8101 0.5705
vt 0.8135 0.5726
vt 0.8108 0.5741
vt 0.8100 0.5746
vt 0.8080 0.5707
vt 0.8066 0.5705
vt 0.8070 0.5687
vt 0.8002 0.5661
vt 0.7758 0.5824
vt 0.7757 0.5841
vt 0.7722 0.5824
vt 0.7672 0.5819
vt 0.7569 0.5801
vt 0.7512 0.5798
vt 0.7519 0.5765
vt 0.7531 0.5705
vt 0.7534 0.5643
vt 0.7534 0.5613
vt 0.7570 0.5619
vt 0.7665 0.5615
vt 0.7763 0.5614
vt 0.7834 0.5621
vt 0.5336 0.0641
vt 0.5487 0.0694
vt 0.5467 0.0786
vt 0.5303 0.0733
vt 0.5443 0.0897
vt 0.5270 0.0839
vt 0.5416 0.0994
vt 0.5338 0.0965
vt 0.5239 0.0926
vt 0.5119 0.0775
vt 0.5148 0.0888
vt 0.5067 0.0853
vt 0.5113 0.0773
vt 0.5140 0.0674
vt 0.5168 0.0586
vt 0.5196 0.0497
vt 0.5368 0.0549
vt 0.5495 0.1012
vt 0.5577 0.0240
vt 0.5596 0.0178
vt 0.5685 0.0187
vt 0.5682 0.0259
vt 0.5557 0.0305
vt 0.5679 0.0334
vt 0.5549 0.0368
vt 0.5674 0.0395
vt 0.5542 0.0430
vt 0.5669 0.0456
vt 0.5525 0.0516
vt 0.5662 0.0551
vt 0.5507 0.0601
vt 0.5655 0.0645
vt 0.5638 0.0733
vt 0.5621 0.0820
vt 0.5605 0.0935
vt 0.5701 0.0838
vt 0.5711 0.0745
vt 0.5790 0.0750
vt 0.5770 0.0842
vt 0.5684 0.0944
vt 0.5589 0.1027
vt 0.5669 0.1037
vt 0.5749 0.0948
vt 0.5797 0.0845
vt 0.5809 0.0658
vt 0.5721 0.0651
vt 0.5730 0.0565
vt 0.5739 0.0478
vt 0.5762 0.0409
vt 0.5786 0.0339
vt 0.5791 0.0403
vt 0.5797 0.0468
vt 0.5803 0.0563
vt 0.5829 0.0755
vt 0.5849 0.0851
vt 0.5797 0.0256
vt 0.5898 0.0261
vt 0.5885 0.0334
vt 0.5882 0.0395
vt 0.5878 0.0456
vt 0.5888 0.0554
vt 0.5898 0.0653
vt 0.5903 0.0755
vt 0.5907 0.0858
vt 0.5854 0.0949
vt 0.5918 0.0948
vt 0.5861 0.1045
vt 0.5947 0.1049
vt 0.5807 0.0177
vt 0.5911 0.0192
vt 0.5941 0.0256
vt 0.5973 0.0323
vt 0.5968 0.0390
vt 0.5962 0.0456
vt 0.5971 0.0559
vt 0.5980 0.0662
vt 0.5983 0.0750
vt 0.5986 0.0839
vt 0.6049 0.0188
vt 0.5712 0.0078
vt 0.5810 0.0076
vt 0.5923 0.0092
vt 0.6034 0.0090
vt 0.6139 0.0081
vt 0.6568 0.0221
vt 0.6599 0.0276
vt 0.6458 0.0317
vt 0.6442 0.0258
vt 0.6533 0.0163
vt 0.6410 0.0196
vt 0.6500 0.0107
vt 0.6378 0.0137
vt 0.6359 0.0038
vt 0.6251 0.0044
vt 0.6279 0.0159
vt 0.6165 0.0171
vt 0.6067 0.0249
vt 0.6086 0.0313
vt 0.6086 0.0375
vt 0.6463 0.0001
vt 0.5230 0.0414
vt 0.5391 0.0471
vt 0.5264 0.0331
vt 0.5414 0.0392
vt 0.5290 0.0274
vt 0.5433 0.0327
vt 0.5316 0.0218
vt 0.5451 0.0262
vt 0.5342 0.0159
vt 0.5475 0.0199
vt 0.5367 0.0103
vt 0.5497 0.0138
vt 0.5524 0.0027
vt 0.5623 0.0072
vt 0.5407 0.0001
vt 0.5969 0.0947
vt 0.6023 0.1055
vt 0.6084 0.0950
vt 0.6093 0.1057
vt 0.6197 0.1051
vt 0.6286 0.0931
vt 0.6309 0.1043
vt 0.6389 0.1029
vt 0.6484 0.1010
vt 0.6455 0.0893
vt 0.6528 0.1000
vt 0.6608 0.0841
vt 0.6616 0.0965
vt 0.6709 0.0935
vt 0.6731 0.0806
vt 0.6776 0.0908
vt 0.6709 0.0702
vt 0.6691 0.0610
vt 0.6567 0.0737
vt 0.6252 0.0622
vt 0.6258 0.0712
vt 0.6093 0.0731
vt 0.6095 0.0827
vt 0.6263 0.0802
vt 0.6416 0.0778
vt 0.6545 0.0641
vt 0.6674 0.0518
vt 0.6523 0.0545
vt 0.6652 0.0424
vt 0.6499 0.0460
vt 0.6631 0.0331
vt 0.6474 0.0375
vt 0.6401 0.0683
vt 0.6386 0.0588
vt 0.6091 0.0635
vt 0.6234 0.0530
vt 0.6370 0.0500
vt 0.6355 0.0413
vt 0.6343 0.0356
vt 0.6331 0.0300
vt 0.6304 0.0228
vt 0.6186 0.0240
vt 0.6216 0.0438
vt 0.6212 0.0375
vt 0.6208 0.0313
vt 0.6086 0.0437
vt 0.6088 0.0536
vt 0.1949 0.6345
vt 0.1986 0.6481
vt 0.1915 0.6449
vt 0.2063 0.6512
vt 0.2104 0.6416
vt 0.1985 0.6246
vt 0.2126 0.6292
vt 0.2013 0.6159
vt 0.2141 0.6197
vt 0.2041 0.6073
vt 0.2156 0.6102
vt 0.2068 0.5984
vt 0.2177 0.6008
vt 0.2095 0.5894
vt 0.2199 0.5915
vt 0.2100 0.5833
vt 0.2214 0.5859
vt 0.2105 0.5771
vt 0.2229 0.5803
vt 0.2119 0.5707
vt 0.2397 0.5795
vt 0.2248 0.5744
vt 0.2267 0.5687
vt 0.2389 0.5852
vt 0.2374 0.5910
vt 0.2359 0.5967
vt 0.2341 0.6052
vt 0.2322 0.6137
vt 0.2293 0.6230
vt 0.2264 0.6323
vt 0.2216 0.6433
vt 0.2176 0.6546
vt 0.2122 0.6535
vt 0.2447 0.6164
vt 0.2465 0.6068
vt 0.2483 0.5971
vt 0.2493 0.5914
vt 0.2503 0.5857
vt 0.2523 0.5796
vt 0.2431 0.6256
vt 0.2591 0.6185
vt 0.2604 0.6092
vt 0.2616 0.5999
vt 0.2624 0.5939
vt 0.2631 0.5879
vt 0.2639 0.5813
vt 0.2645 0.5751
vt 0.2541 0.5738
vt 0.2404 0.5740
vt 0.2133 0.5646
vt 0.2155 0.5533
vt 0.2281 0.5567
vt 0.2433 0.5610
vt 0.2567 0.5635
vt 0.2703 0.5629
vt 0.2767 0.5625
vt 0.2757 0.5750
vt 0.2753 0.5812
vt 0.2747 0.5877
vt 0.2845 0.5626
vt 0.3017 0.5748
vt 0.3001 0.5621
vt 0.3090 0.5611
vt 0.2932 0.5756
vt 0.2916 0.5625
vt 0.2850 0.5758
vt 0.2846 0.5817
vt 0.2841 0.5880
vt 0.2744 0.5940
vt 0.2840 0.5935
vt 0.2741 0.6002
vt 0.2838 0.5989
vt 0.2741 0.6090
vt 0.2842 0.6085
vt 0.2740 0.6178
vt 0.2846 0.6180
vt 0.2935 0.5815
vt 0.3349 0.5955
vt 0.3318 0.5890
vt 0.3460 0.5852
vt 0.3430 0.5800
vt 0.3286 0.5825
vt 0.3403 0.5739
vt 0.3261 0.5765
vt 0.3378 0.5681
vt 0.3238 0.5709
vt 0.3120 0.5727
vt 0.3137 0.5789
vt 0.3030 0.5810
vt 0.2937 0.5878
vt 0.2934 0.5933
vt 0.2931 0.5988
vt 0.3550 0.6076
vt 0.3520 0.5990
vt 0.3655 0.5947
vt 0.3628 0.5862
vt 0.3490 0.5905
vt 0.3607 0.5803
vt 0.3587 0.5744
vt 0.3548 0.5690
vt 0.3512 0.5638
vt 0.3480 0.5533
vt 0.3342 0.5580
vt 0.3222 0.5607
vt 0.2733 0.6265
vt 0.2850 0.6272
vt 0.2959 0.6168
vt 0.2967 0.6259
vt 0.3102 0.6171
vt 0.3119 0.6254
vt 0.3264 0.6242
vt 0.3276 0.6325
vt 0.3445 0.6293
vt 0.3422 0.6212
vt 0.3578 0.6163
vt 0.3400 0.6130
vt 0.3374 0.6043
vt 0.3137 0.6336
vt 0.2976 0.6350
vt 0.2854 0.6364
vt 0.2726 0.6353
vt 0.2712 0.6482
vt 0.2844 0.6487
vt 0.2997 0.6471
vt 0.3154 0.6468
vt 0.3297 0.6446
vt 0.3480 0.6412
vt 0.3605 0.6250
vt 0.3712 0.6119
vt 0.3681 0.6032
vt 0.3644 0.6354
vt 0.3742 0.6205
vt 0.3785 0.6297
vt 0.2790 0.6597
vt 0.2850 0.6595
vt 0.2944 0.6590
vt 0.3013 0.6585
vt 0.3088 0.6583
vt 0.3173 0.6574
vt 0.3248 0.6564
vt 0.3320 0.6553
vt 0.3398 0.6538
vt 0.3492 0.6509
vt 0.3582 0.6484
vt 0.3679 0.6453
vt 0.3758 0.6415
vt 0.3824 0.6380
vt 0.2585 0.6270
vt 0.2578 0.6354
vt 0.2571 0.6481
vt 0.2567 0.6599
vt 0.2626 0.6601
vt 0.2683 0.6600
vt 0.2416 0.6348
vt 0.2388 0.6468
vt 0.2501 0.6592
vt 0.2362 0.6571
vt 0.2254 0.6557
vt 0.2945 0.6078
vt 0.3083 0.6077
vt 0.3251 0.6158
vt 0.3226 0.6064
vt 0.3200 0.5970
vt 0.3178 0.5912
vt 0.3155 0.5854
vt 0.3044 0.5875
vt 0.3054 0.5929
vt 0.3064 0.5984
vt 0.2947 0.9967
vt 0.2931 0.9904
vt 0.2967 0.9899
vt 0.2952 0.9819
vt 0.2916 0.9817
vt 0.2947 0.9732
vt 0.2909 0.9733
vt 0.2950 0.9666
vt 0.2912 0.9665
vt 0.2913 0.9603
vt 0.2877 0.9630
vt 0.2883 0.9577
vt 0.2847 0.9569
vt 0.2891 0.9504
vt 0.2837 0.9559
vt 0.2881 0.9496
vt 0.2925 0.9418
vt 0.2913 0.9414
vt 0.2928 0.9370
vt 0.2913 0.9363
vt 0.2951 0.9374
vt 0.2945 0.9420
vt 0.2923 0.9504
vt 0.2921 0.9354
vt 0.2953 0.9361
vt 0.2987 0.9380
vt 0.2979 0.9419
vt 0.2960 0.9503
vt 0.2949 0.9602
vt 0.2986 0.9665
vt 0.2984 0.9726
vt 0.2989 0.9814
vt 0.2998 0.9895
vt 0.2989 0.9365
vt 0.3021 0.9365
vt 0.3043 0.9665
vt 0.3030 0.9666
vt 0.3032 0.9597
vt 0.3017 0.9596
vt 0.3042 0.9498
vt 0.3024 0.9497
vt 0.3060 0.9376
vt 0.3041 0.9385
vt 0.3057 0.9367
vt 0.3019 0.9381
vt 0.3011 0.9416
vt 0.2998 0.9498
vt 0.2985 0.9600
vt 0.3014 0.9665
vt 0.2982 0.9964
vt 0.3016 0.9964
vt 0.3020 0.9980
vt 0.3050 0.9979
vt 0.3044 0.9966
vt 0.3057 0.9968
vt 0.3044 0.9891
vt 0.3058 0.9888
vt 0.3046 0.9800
vt 0.3059 0.9799
vt 0.3055 0.9725
vt 0.3046 0.9724
vt 0.3056 0.9664
vt 0.3060 0.9599
vt 0.3046 0.9598
vt 0.3065 0.9497
vt 0.3053 0.9497
vt 0.3083 0.9383
vt 0.3071 0.9373
vt 0.3081 0.9368
vt 0.3073 0.9974
vt 0.3059 0.9976
vt 0.3069 0.9887
vt 0.3082 0.9966
vt 0.3083 0.9975
vt 0.2862 0.9198
vt 0.2873 0.9334
vt 0.2873 0.9334
vt 0.3032 0.9328
vt 0.3032 0.9328
vt 0.3147 0.9327
vt 0.3147 0.9327
vt 0.3283 0.9327
vt 0.3283 0.9327
vt 0.3433 0.9334
vt 0.3433 0.9334
vt 0.3439 0.9197
vt 0.3439 0.9197
vt 0.3440 0.9093
vt 0.3440 0.9093
vt 0.3438 0.9021
vt 0.3438 0.9021
vt 0.3443 0.8950
vt 0.3443 0.8950
vt 0.3440 0.8865
vt 0.3440 0.8865
vt 0.3438 0.8778
vt 0.3438 0.8778
vt 0.3433 0.8702
vt 0.3433 0.8702
vt 0.3375 0.8717
vt 0.3375 0.8717
vt 0.3282 0.8723
vt 0.3282 0.8723
vt 0.3162 0.8725
vt 0.3162 0.8725
vt 0.3030 0.8728
vt 0.3030 0.8728
vt 0.2953 0.8720
vt 0.2953 0.8720
vt 0.2870 0.8719
vt 0.2870 0.8719
vt 0.2875 0.8805
vt 0.2875 0.8805
vt 0.2874 0.8875
vt 0.2874 0.8875
vt 0.2863 0.8952
vt 0.2863 0.8952
vt 0.2863 0.9015
vt 0.2863 0.9015
vt 0.2858 0.9075
vt 0.2858 0.9075
vt 0.2862 0.9198
vt 0.3374 0.8735
vt 0.3407 0.8727
vt 0.3408 0.8781
vt 0.3427 0.8779
vt 0.3408 0.8866
vt 0.3429 0.8863
vt 0.3408 0.8949
vt 0.3429 0.8949
vt 0.3406 0.9021
vt 0.3423 0.9022
vt 0.3406 0.9091
vt 0.3424 0.9095
vt 0.3428 0.9195
vt 0.3439 0.9197
vt 0.3433 0.9334
vt 0.3439 0.9197
vt 0.3433 0.9334
vt 0.3283 0.9327
vt 0.3283 0.9327
vt 0.3147 0.9327
vt 0.3356 0.9093
vt 0.3402 0.9190
vt 0.2879 0.9016
vt 0.2863 0.9015
vt 0.2863 0.8952
vt 0.2874 0.9073
vt 0.2858 0.9075
vt 0.2874 0.9192
vt 0.2862 0.9198
vt 0.2900 0.9310
vt 0.2873 0.9334
vt 0.3033 0.9287
vt 0.3032 0.9328
vt 0.3151 0.9280
vt 0.3278 0.9285
vt 0.3418 0.9313
vt 0.3395 0.9276
vt 0.3147 0.9327
vt 0.3032 0.9328
vt 0.2873 0.9334
vt 0.2862 0.9198
vt 0.2858 0.9075
vt 0.2863 0.9015
vt 0.2863 0.8952
vt 0.2874 0.8875
vt 0.2874 0.8875
vt 0.2875 0.8805
vt 0.2875 0.8805
vt 0.2870 0.8719
vt 0.2907 0.9178
vt 0.2903 0.9070
vt 0.2908 0.9012
vt 0.2877 0.8950
vt 0.3355 0.9185
vt 0.3263 0.9174
vt 0.3264 0.9092
vt 0.3150 0.9078
vt 0.3158 0.9017
vt 0.3037 0.9069
vt 0.3039 0.9011
vt 0.2964 0.9069
vt 0.2968 0.9006
vt 0.2906 0.8944
vt 0.2886 0.8880
vt 0.2887 0.8808
vt 0.2906 0.8879
vt 0.2907 0.8804
vt 0.2886 0.8736
vt 0.2909 0.8749
vt 0.2954 0.8736
vt 0.2959 0.8753
vt 0.2972 0.8805
vt 0.2972 0.8876
vt 0.2972 0.8950
vt 0.3039 0.8958
vt 0.3160 0.8953
vt 0.3272 0.9025
vt 0.3163 0.8876
vt 0.3041 0.8880
vt 0.3037 0.8802
vt 0.3164 0.8795
vt 0.3273 0.8794
vt 0.3162 0.8740
vt 0.3034 0.8752
vt 0.3268 0.8873
vt 0.3368 0.8783
vt 0.3366 0.8866
vt 0.3274 0.8953
vt 0.3361 0.8953
vt 0.3358 0.9022
vt 0.3282 0.8740
vt 0.3282 0.8723
vt 0.3162 0.8725
vt 0.3026 0.8738
vt 0.3030 0.8728
vt 0.2953 0.8720
vt 0.2870 0.8719
vt 0.2953 0.8720
vt 0.3030 0.8728
vt 0.3162 0.8725
vt 0.3282 0.8723
vt 0.3375 0.8717
vt 0.3375 0.8717
vt 0.3433 0.8702
vt 0.3433 0.8702
vt 0.3438 0.8778
vt 0.3438 0.8778
vt 0.3440 0.8865
vt 0.3440 0.8865
vt 0.3443 0.8950
vt 0.3424 0.8724
vt 0.3438 0.9021
vt 0.3440 0.9093
vt 0.3443 0.8950
vt 0.3438 0.9021
vt 0.3440 0.9093
vt 0.2975 0.9168
vt 0.3033 0.9158
vt 0.3152 0.9156
vt 0.3278 0.9244
vt 0.3150 0.9230
vt 0.3032 0.9247
vt 0.2924 0.9270
vt 0.7163 0.6334
vt 0.7175 0.6272
vt 0.7131 0.6328
vt 0.7145 0.6258
vt 0.7113 0.6324
vt 0.7128 0.6250
vt 0.7091 0.6301
vt 0.7100 0.6249
vt 0.7086 0.6297
vt 0.7095 0.6248
vt 0.7096 0.6109
vt 0.7090 0.6057
vt 0.7101 0.6170
vt 0.7095 0.6248
vt 0.7090 0.6056
vt 0.7081 0.6011
vt 0.7087 0.6011
vt 0.7081 0.6010
vt 0.7080 0.5927
vt 0.6386 0.8754
vt 0.6330 0.8756
vt 0.6339 0.8672
vt 0.6399 0.8712
vt 0.6387 0.8610
vt 0.6430 0.8617
vt 0.6427 0.8481
vt 0.6520 0.8629
vt 0.6536 0.8502
vt 0.6612 0.8510
vt 0.6618 0.8377
vt 0.6709 0.8365
vt 0.6622 0.8245
vt 0.6729 0.8227
vt 0.6714 0.8134
vt 0.6836 0.8232
vt 0.6885 0.8092
vt 0.6938 0.8239
vt 0.6986 0.8125
vt 0.7049 0.8131
vt 0.6814 0.8016
vt 0.6549 0.8082
vt 0.6552 0.7987
vt 0.6644 0.7956
vt 0.6650 0.8058
vt 0.6716 0.7945
vt 0.6716 0.8045
vt 0.6787 0.7947
vt 0.6646 0.8162
vt 0.6550 0.8232
vt 0.6537 0.8374
vt 0.6418 0.8353
vt 0.6380 0.8465
vt 0.6380 0.8325
vt 0.6334 0.8450
vt 0.6343 0.8602
vt 0.7012 0.8246
vt 0.7086 0.8253
vt 0.7056 0.8371
vt 0.7126 0.8373
vt 0.7026 0.8502
vt 0.7121 0.8507
vt 0.7105 0.8632
vt 0.7216 0.8512
vt 0.7202 0.8629
vt 0.7276 0.8529
vt 0.7281 0.8656
vt 0.7364 0.8552
vt 0.7367 0.8712
vt 0.7405 0.8603
vt 0.7492 0.8643
vt 0.7538 0.8594
vt 0.7468 0.8527
vt 0.7603 0.8553
vt 0.7456 0.8735
vt 0.6617 0.8626
vt 0.6731 0.8626
vt 0.6723 0.8714
vt 0.6852 0.8712
vt 0.6863 0.8635
vt 0.6924 0.8711
vt 0.6936 0.8635
vt 0.7006 0.8710
vt 0.7008 0.8635
vt 0.7112 0.8704
vt 0.7205 0.8699
vt 0.7289 0.8690
vt 0.6951 0.8503
vt 0.6693 0.8509
vt 0.6780 0.8507
vt 0.6876 0.8504
vt 0.6984 0.8372
vt 0.6913 0.8373
vt 0.6808 0.8358
vt 0.7547 0.8482
vt 0.7521 0.8429
vt 0.7444 0.8469
vt 0.7483 0.8313
vt 0.7397 0.8331
vt 0.7366 0.8235
vt 0.7281 0.8246
vt 0.7331 0.8129
vt 0.7237 0.8140
vt 0.7197 0.8251
vt 0.7141 0.8252
vt 0.7190 0.8140
vt 0.7142 0.8139
vt 0.6341 0.8297
vt 0.6384 0.8277
vt 0.6380 0.8139
vt 0.6417 0.8145
vt 0.6383 0.8076
vt 0.6455 0.8113
vt 0.6440 0.8062
vt 0.6493 0.7987
vt 0.6416 0.7988
vt 0.6351 0.8015
vt 0.6332 0.8007
vt 0.6363 0.8104
vt 0.6342 0.8133
vt 0.2220 0.7689
vt 0.2324 0.7693
vt 0.2319 0.7763
vt 0.2222 0.7629
vt 0.2120 0.7620
vt 0.2120 0.7578
vt 0.2051 0.7590
vt 0.2035 0.7528
vt 0.1992 0.7530
vt 0.1987 0.7467
vt 0.1943 0.7467
vt 0.1952 0.7417
vt 0.1932 0.7417
vt 0.1942 0.7347
vt 0.1931 0.7417
vt 0.1940 0.7347
vt 0.1960 0.7271
vt 0.1964 0.7345
vt 0.1982 0.7270
vt 0.1998 0.7343
vt 0.2289 0.7306
vt 0.2371 0.7304
vt 0.2395 0.7373
vt 0.2309 0.7376
vt 0.2189 0.7327
vt 0.2203 0.7397
vt 0.2104 0.7335
vt 0.2114 0.7397
vt 0.2032 0.7342
vt 0.2036 0.7403
vt 0.1994 0.7410
vt 0.2032 0.7466
vt 0.2117 0.7518
vt 0.2221 0.7576
vt 0.2115 0.7445
vt 0.2214 0.7522
vt 0.2211 0.7458
vt 0.2318 0.7569
vt 0.2326 0.7628
vt 0.2319 0.7520
vt 0.2317 0.7444
vt 0.2402 0.7435
vt 0.2478 0.7425
vt 0.2470 0.7367
vt 0.2496 0.7364
vt 0.2507 0.7411
vt 0.2517 0.7363
vt 0.2539 0.7414
vt 0.2498 0.7493
vt 0.2562 0.7481
vt 0.2408 0.7506
vt 0.2502 0.7515
vt 0.2564 0.7503
vt 0.2601 0.7493
vt 0.2598 0.7466
vt 0.2600 0.7421
vt 0.2588 0.7355
vt 0.2521 0.7300
vt 0.2489 0.7309
vt 0.2453 0.7307
vt 0.2585 0.7286
vt 0.2562 0.7209
vt 0.2613 0.7282
vt 0.2640 0.7354
vt 0.2656 0.7416
vt 0.2655 0.7483
vt 0.2602 0.7504
vt 0.2565 0.7512
vt 0.2504 0.7524
vt 0.2410 0.7527
vt 0.2412 0.7538
vt 0.2330 0.7536
vt 0.2339 0.7549
vt 0.2329 0.7568
vt 0.2334 0.7628
vt 0.2009 0.7270
vt 0.2035 0.7269
vt 0.2092 0.7263
vt 0.2184 0.7255
vt 0.2272 0.7247
vt 0.2352 0.7248
vt 0.2428 0.7249
vt 0.2500 0.7231
vt 0.2658 0.7263
vt 0.2683 0.7336
vt 0.2606 0.7202
vt 0.2549 0.7139
vt 0.2486 0.7147
vt 0.2573 0.7034
vt 0.2615 0.7115
vt 0.2656 0.7190
vt 0.2737 0.7410
vt 0.2709 0.7408
vt 0.2728 0.7337
vt 0.2696 0.7253
vt 0.2709 0.7182
vt 0.2693 0.7112
vt 0.2629 0.7030
vt 0.2772 0.7112
vt 0.2754 0.7171
vt 0.2763 0.7262
vt 0.2774 0.7339
vt 0.2783 0.7412
vt 0.2736 0.7488
vt 0.2708 0.7487
vt 0.2711 0.7015
vt 0.2810 0.7173
vt 0.2844 0.7074
vt 0.2777 0.7002
vt 0.2933 0.7052
vt 0.2853 0.6979
vt 0.2985 0.7026
vt 0.2918 0.6956
vt 0.3090 0.7119
vt 0.3021 0.7129
vt 0.3190 0.7191
vt 0.2851 0.7565
vt 0.2787 0.7530
vt 0.2859 0.7545
vt 0.2901 0.7550
vt 0.2861 0.7529
vt 0.2908 0.7482
vt 0.2866 0.7475
vt 0.2923 0.7407
vt 0.2863 0.7406
vt 0.2933 0.7331
vt 0.2864 0.7325
vt 0.2931 0.7241
vt 0.2851 0.7244
vt 0.2889 0.7154
vt 0.2940 0.7142
vt 0.3095 0.7206
vt 0.2643 0.7496
vt 0.2695 0.7506
vt 0.2732 0.7506
vt 0.2788 0.7508
vt 0.2788 0.7487
vt 0.2339 0.7568
vt 0.2347 0.7628
vt 0.2335 0.7693
vt 0.2347 0.7694
vt 0.2334 0.7764
vt 0.2349 0.7766
vt 0.2342 0.7781
vt 0.2401 0.7787
vt 0.2390 0.7852
vt 0.2488 0.7853
vt 0.2474 0.7915
vt 0.2548 0.7930
vt 0.2555 0.7855
vt 0.2620 0.7854
vt 0.2571 0.7790
vt 0.2641 0.7793
vt 0.2647 0.7775
vt 0.2404 0.7770
vt 0.2497 0.7791
vt 0.2500 0.7770
vt 0.2575 0.7776
vt 0.2710 0.7796
vt 0.2719 0.7774
vt 0.2771 0.7775
vt 0.2790 0.7732
vt 0.2847 0.7718
vt 0.2846 0.7694
vt 0.2902 0.7686
vt 0.2896 0.7659
vt 0.2944 0.7628
vt 0.2902 0.7626
vt 0.2906 0.7593
vt 0.2927 0.7586
vt 0.2954 0.7558
vt 0.2942 0.7479
vt 0.2995 0.7564
vt 0.3017 0.7494
vt 0.3073 0.7567
vt 0.3228 0.7302
vt 0.3133 0.7308
vt 0.3236 0.7403
vt 0.3151 0.7409
vt 0.3212 0.7489
vt 0.3112 0.7501
vt 0.3035 0.7405
vt 0.2984 0.7408
vt 0.3033 0.7317
vt 0.3001 0.7220
vt 0.3152 0.7577
vt 0.3280 0.7605
vt 0.3337 0.7532
vt 0.3365 0.7422
vt 0.3366 0.7357
vt 0.3346 0.7272
vt 0.3313 0.7203
vt 0.3248 0.7133
vt 0.3197 0.7100
vt 0.3147 0.7066
vt 0.3038 0.6996
vt 0.2974 0.6915
vt 0.2854 0.6892
vt 0.2954 0.6862
vt 0.2407 0.7164
vt 0.2465 0.7060
vt 0.2524 0.7059
vt 0.2557 0.6991
vt 0.2608 0.6976
vt 0.2672 0.6948
vt 0.2741 0.6920
vt 0.2801 0.6904
vt 0.2770 0.6829
vt 0.2822 0.6811
vt 0.2954 0.6862
vt 0.2331 0.7174
vt 0.2319 0.7099
vt 0.2397 0.7086
vt 0.2436 0.6973
vt 0.2477 0.6987
vt 0.2518 0.6899
vt 0.2576 0.6889
vt 0.2634 0.6875
vt 0.2705 0.6844
vt 0.1979 0.7152
vt 0.1955 0.7154
vt 0.1939 0.7091
vt 0.1967 0.7085
vt 0.2000 0.7143
vt 0.1989 0.7077
vt 0.2021 0.7135
vt 0.2010 0.7069
vt 0.2074 0.7118
vt 0.2064 0.7055
vt 0.2159 0.7113
vt 0.2153 0.7033
vt 0.2245 0.7107
vt 0.2233 0.7012
vt 0.2305 0.7008
vt 0.2392 0.6971
vt 0.2460 0.6910
vt 0.1938 0.7092
vt 0.1923 0.7049
vt 0.1924 0.7049
vt 0.1947 0.7038
vt 0.1971 0.7031
vt 0.1994 0.7024
vt 0.2063 0.6996
vt 0.2148 0.6983
vt 0.2225 0.6960
vt 0.2304 0.6945
vt 0.2389 0.6916
vt 0.1954 0.7154
vt 0.1938 0.7092
vt 0.1958 0.7208
vt 0.1959 0.7208
vt 0.1983 0.7208
vt 0.2008 0.7204
vt 0.2032 0.7201
vt 0.2086 0.7191
vt 0.2171 0.7185
vt 0.2259 0.7180
vt 0.1959 0.7271
vt 0.1958 0.7208
vt 0.9742 0.0890
vt 0.9696 0.0902
vt 0.9699 0.0875
vt 0.9694 0.0932
vt 0.9745 0.0941
vt 0.9695 0.0967
vt 0.9695 0.1004
vt 0.9748 0.1002
vt 0.9800 0.0995
vt 0.9803 0.1053
vt 0.9864 0.0995
vt 0.9866 0.1047
vt 0.9911 0.1042
vt 0.9908 0.0988
vt 0.9861 0.0940
vt 0.9908 0.0941
vt 0.9856 0.0894
vt 0.9905 0.0895
vt 0.9858 0.0852
vt 0.9795 0.0881
vt 0.9912 0.0850
vt 0.9798 0.0848
vt 0.9745 0.0850
vt 0.9748 0.0831
vt 0.9708 0.0833
vt 0.9712 0.0800
vt 0.9751 0.0820
vt 0.9803 0.0824
vt 0.9847 0.0827
vt 0.9912 0.0850
vt 0.9899 0.0832
vt 0.9797 0.0942
vt 0.9704 0.0854
vt 0.8481 0.9327
vt 0.8474 0.9363
vt 0.8441 0.9365
vt 0.8443 0.9331
vt 0.8480 0.9283
vt 0.8432 0.9292
vt 0.8480 0.9237
vt 0.8427 0.9247
vt 0.8482 0.9173
vt 0.8425 0.9168
vt 0.8486 0.9111
vt 0.8426 0.9108
vt 0.8492 0.9061
vt 0.8432 0.9059
vt 0.8502 0.9009
vt 0.8444 0.9003
vt 0.8508 0.8956
vt 0.8452 0.8957
vt 0.8516 0.8904
vt 0.8453 0.8905
vt 0.8371 0.9057
vt 0.8384 0.9006
vt 0.8394 0.8959
vt 0.8406 0.8911
vt 0.8346 0.8936
vt 0.8338 0.8965
vt 0.8333 0.8989
vt 0.8328 0.9016
vt 0.8323 0.9046
vt 0.8318 0.9074
vt 0.8314 0.9107
vt 0.8370 0.9115
vt 0.8312 0.9138
vt 0.8313 0.9173
vt 0.8366 0.9180
vt 0.8312 0.9210
vt 0.8316 0.9252
vt 0.8373 0.9250
vt 0.8354 0.8912
vt 0.8362 0.8884
vt 0.8320 0.9310
vt 0.8380 0.9299
vt 0.8323 0.9347
vt 0.8385 0.9336
vt 0.8329 0.9383
vt 0.8390 0.9373
vt 0.8373 0.9420
vt 0.8392 0.9414
vt 0.8391 0.9421
vt 0.8426 0.9407
vt 0.8430 0.9414
vt 0.8478 0.9404
vt 0.8475 0.9410
vt 0.8529 0.9405
vt 0.8542 0.9424
vt 0.8484 0.9440
vt 0.8440 0.9443
vt 0.8361 0.9420
vt 0.8387 0.9449
vt 0.8374 0.9426
vt 0.8357 0.9427
vt 0.8341 0.9431
vt 0.8345 0.9416
vt 0.8334 0.9403
vt 0.8342 0.9455
vt 0.8532 0.9329
vt 0.8540 0.9359
vt 0.8526 0.9401
vt 0.1443 0.9863
vt 0.1535 0.9774
vt 0.1503 0.9750
vt 0.1465 0.9738
vt 0.1424 0.9737
vt 0.1386 0.9747
vt 0.1353 0.9771
vt 0.1330 0.9803
vt 0.1318 0.9841
vt 0.1316 0.9881
vt 0.1327 0.9920
vt 0.1349 0.9952
vt 0.1382 0.9976
vt 0.1420 0.9989
vt 0.1461 0.9990
vt 0.1500 0.9979
vt 0.1532 0.9956
vt 0.1555 0.9923
vt 0.1568 0.9885
vt 0.1569 0.9845
vt 0.1559 0.9806
vt 0.1536 0.9772
vt 0.1502 0.9748
vt 0.1489 0.9774
vt 0.1463 0.9735
vt 0.1458 0.9764
vt 0.1422 0.9734
vt 0.1427 0.9764
vt 0.1383 0.9747
vt 0.1396 0.9774
vt 0.1350 0.9772
vt 0.1371 0.9793
vt 0.1326 0.9806
vt 0.1352 0.9819
vt 0.1313 0.9846
vt 0.1342 0.9850
vt 0.1313 0.9887
vt 0.1342 0.9882
vt 0.1352 0.9912
vt 0.1443 0.9865
vt 0.1372 0.9938
vt 0.1534 0.9818
vt 0.1561 0.9804
vt 0.1515 0.9792
vt 0.1544 0.9880
vt 0.1544 0.9848
vt 0.1461 0.9966
vt 0.1491 0.9956
vt 0.1428 0.9966
vt 0.1398 0.9956
vt 0.1351 0.9958
vt 0.1385 0.9982
vt 0.1424 0.9995
vt 0.1466 0.9995
vt 0.1504 0.9982
vt 0.1516 0.9936
vt 0.1534 0.9910
vt 0.1573 0.9884
vt 0.1574 0.9843
vt 0.1537 0.9957
vt 0.1560 0.9923
vt 0.1443 0.9863
vt 0.1568 0.9885
vt 0.1555 0.9923
vt 0.1532 0.9956
vt 0.1500 0.9979
vt 0.1461 0.9990
vt 0.1420 0.9989
vt 0.1382 0.9976
vt 0.1349 0.9952
vt 0.1327 0.9920
vt 0.1316 0.9881
vt 0.1318 0.9841
vt 0.1330 0.9803
vt 0.1353 0.9771
vt 0.1386 0.9747
vt 0.1424 0.9737
vt 0.1465 0.9738
vt 0.1503 0.9750
vt 0.1535 0.9774
vt 0.1559 0.9806
vt 0.1569 0.9845
vt 0.1313 0.9887
vt 0.1342 0.9882
vt 0.1352 0.9912
vt 0.1325 0.9926
vt 0.1372 0.9938
vt 0.1351 0.9958
vt 0.1398 0.9956
vt 0.1385 0.9982
vt 0.1428 0.9966
vt 0.1424 0.9995
vt 0.1466 0.9995
vt 0.1461 0.9966
vt 0.1504 0.9982
vt 0.1491 0.9956
vt 0.1516 0.9936
vt 0.1443 0.9865
vt 0.1534 0.9910
vt 0.1544 0.9880
vt 0.1573 0.9884
vt 0.1574 0.9843
vt 0.1313 0.9846
vt 0.1342 0.9850
vt 0.1515 0.9792
vt 0.1534 0.9818
vt 0.1544 0.9848
vt 0.1352 0.9819
vt 0.1371 0.9793
vt 0.1396 0.9774
vt 0.1427 0.9764
vt 0.1561 0.9804
vt 0.1536 0.9772
vt 0.1489 0.9774
vt 0.1458 0.9764
vt 0.1422 0.9734
vt 0.1383 0.9747
vt 0.1350 0.9772
vt 0.1326 0.9806
vt 0.1502 0.9748
vt 0.1463 0.9735
vt 0.7374 0.7742
vt 0.7384 0.7643
vt 0.7463 0.7643
vt 0.7459 0.7763
vt 0.7547 0.7648
vt 0.7533 0.7779
vt 0.7651 0.7653
vt 0.7655 0.7768
vt 0.7740 0.7651
vt 0.7748 0.7759
vt 0.7810 0.7660
vt 0.7819 0.7756
vt 0.7887 0.7667
vt 0.7877 0.7761
vt 0.7960 0.7671
vt 0.7967 0.7746
vt 0.7993 0.7647
vt 0.8019 0.7746
vt 0.8067 0.7645
vt 0.8084 0.7746
vt 0.7577 0.7527
vt 0.7648 0.7523
vt 0.7748 0.7513
vt 0.7832 0.7530
vt 0.7655 0.7405
vt 0.7586 0.7414
vt 0.7602 0.7354
vt 0.7487 0.7400
vt 0.7479 0.7522
vt 0.7381 0.7515
vt 0.7300 0.7638
vt 0.7299 0.7501
vt 0.7293 0.7366
vt 0.7185 0.7350
vt 0.7191 0.7282
vt 0.7102 0.7290
vt 0.7101 0.7177
vt 0.7029 0.7316
vt 0.7036 0.7182
vt 0.6972 0.7187
vt 0.7041 0.7064
vt 0.6982 0.7062
vt 0.7303 0.7284
vt 0.7498 0.7287
vt 0.7601 0.7293
vt 0.7498 0.7344
vt 0.7398 0.7285
vt 0.7399 0.7336
vt 0.7384 0.7391
vt 0.8059 0.7022
vt 0.7988 0.7026
vt 0.8013 0.6992
vt 0.8081 0.7153
vt 0.7987 0.7141
vt 0.7991 0.7229
vt 0.7893 0.7129
vt 0.7907 0.7189
vt 0.7830 0.7123
vt 0.7831 0.7190
vt 0.7771 0.7112
vt 0.7757 0.7179
vt 0.7684 0.7101
vt 0.7714 0.7209
vt 0.7676 0.7222
vt 0.7672 0.7292
vt 0.8003 0.7261
vt 0.8074 0.7269
vt 0.8073 0.7401
vt 0.8025 0.7394
vt 0.8022 0.7298
vt 0.7932 0.7254
vt 0.7856 0.7242
vt 0.7769 0.7234
vt 0.7762 0.7300
vt 0.7767 0.7407
vt 0.7883 0.7399
vt 0.7898 0.7546
vt 0.7970 0.7327
vt 0.7976 0.7387
vt 0.7875 0.7316
vt 0.7952 0.7550
vt 0.7936 0.7617
vt 0.7965 0.7601
vt 0.8059 0.7528
vt 0.8031 0.7808
vt 0.8094 0.7868
vt 0.8052 0.7923
vt 0.8137 0.7991
vt 0.8094 0.8003
vt 0.8041 0.8013
vt 0.8015 0.7918
vt 0.7931 0.7933
vt 0.7978 0.7821
vt 0.7894 0.7828
vt 0.7839 0.7839
vt 0.7789 0.7855
vt 0.7660 0.7845
vt 0.7594 0.7845
vt 0.7630 0.7921
vt 0.7510 0.7851
vt 0.7504 0.7969
vt 0.7453 0.7847
vt 0.7410 0.7931
vt 0.7372 0.7832
vt 0.7291 0.7833
vt 0.7296 0.7736
vt 0.7199 0.7729
vt 0.7198 0.7629
vt 0.7195 0.7492
vt 0.7090 0.7348
vt 0.7023 0.7345
vt 0.7604 0.8059
vt 0.7833 0.7964
vt 0.7729 0.8009
vt 0.7686 0.7908
vt 0.7670 0.8008
vt 0.7651 0.8148
vt 0.7721 0.8128
vt 0.7776 0.8117
vt 0.7864 0.8078
vt 0.7880 0.7947
vt 0.7911 0.7944
vt 0.7962 0.7996
vt 0.6956 0.7342
vt 0.6922 0.7205
vt 0.6913 0.7088
vt 0.6872 0.7222
vt 0.6843 0.7114
vt 0.6780 0.7242
vt 0.6760 0.7155
vt 0.6816 0.7055
vt 0.6740 0.7106
vt 0.6768 0.6992
vt 0.6701 0.7048
vt 0.6943 0.7442
vt 0.6918 0.7339
vt 0.6881 0.7335
vt 0.6903 0.7431
vt 0.6862 0.7420
vt 0.6842 0.7482
vt 0.6883 0.7558
vt 0.6828 0.7643
vt 0.6794 0.7559
vt 0.6746 0.7667
vt 0.6733 0.7614
vt 0.6667 0.7542
vt 0.6718 0.7498
vt 0.6753 0.7450
vt 0.6774 0.7399
vt 0.6787 0.7329
vt 0.6816 0.7906
vt 0.6784 0.7786
vt 0.6872 0.7757
vt 0.6876 0.7638
vt 0.6924 0.7634
vt 0.6940 0.7975
vt 0.6856 0.8004
vt 0.6908 0.7869
vt 0.6946 0.7737
vt 0.7001 0.7634
vt 0.7009 0.7457
vt 0.7077 0.7634
vt 0.7075 0.7472
vt 0.7075 0.7728
vt 0.6986 0.7858
vt 0.7004 0.7946
vt 0.7120 0.7943
vt 0.7074 0.7838
vt 0.7212 0.7920
vt 0.7179 0.7833
vt 0.7314 0.7923
vt 0.7668 0.6664
vt 0.7741 0.6567
vt 0.7800 0.6607
vt 0.7738 0.6685
vt 0.7870 0.6632
vt 0.7797 0.6736
vt 0.7966 0.6658
vt 0.7882 0.6754
vt 0.8016 0.6678
vt 0.7923 0.6781
vt 0.8071 0.6721
vt 0.7978 0.6827
vt 0.8125 0.6757
vt 0.8022 0.6869
vt 0.8131 0.6777
vt 0.8059 0.6887
vt 0.8137 0.6797
vt 0.8096 0.6906
vt 0.7966 0.6963
vt 0.7916 0.7030
vt 0.7395 0.7182
vt 0.7496 0.7174
vt 0.7602 0.7192
vt 0.7591 0.7081
vt 0.7695 0.6976
vt 0.7786 0.6995
vt 0.7713 0.6895
vt 0.7795 0.6934
vt 0.7807 0.6871
vt 0.7866 0.6889
vt 0.7934 0.6916
vt 0.7503 0.7086
vt 0.7727 0.6817
vt 0.7656 0.6868
vt 0.7639 0.6966
vt 0.7565 0.6956
vt 0.7503 0.6947
vt 0.7429 0.6942
vt 0.7474 0.6822
vt 0.7383 0.6817
vt 0.7513 0.6746
vt 0.7392 0.6743
vt 0.7262 0.6816
vt 0.7302 0.6724
vt 0.7194 0.6708
vt 0.7169 0.6802
vt 0.7112 0.6686
vt 0.7566 0.6846
vt 0.7678 0.6781
vt 0.7604 0.6715
vt 0.7022 0.6888
vt 0.6926 0.7022
vt 0.6951 0.6860
vt 0.6871 0.6982
vt 0.6797 0.6939
vt 0.7100 0.7065
vt 0.7135 0.6900
vt 0.7070 0.6784
vt 0.6994 0.6761
vt 0.6862 0.6833
vt 0.6920 0.6730
vt 0.7036 0.6661
vt 0.7243 0.6916
vt 0.7216 0.7069
vt 0.7198 0.7187
vt 0.7315 0.7178
vt 0.6960 0.6630
vt 0.9316 0.1937
vt 0.9325 0.1983
vt 0.9319 0.1984
vt 0.9310 0.1938
vt 0.9276 0.1987
vt 0.9262 0.1938
vt 0.9211 0.1992
vt 0.9191 0.1937
vt 0.9155 0.1989
vt 0.9130 0.1940
vt 0.9101 0.2004
vt 0.9092 0.1981
vt 0.9085 0.1957
vt 0.9120 0.1898
vt 0.9077 0.1935
vt 0.9072 0.1911
vt 0.9113 0.1839
vt 0.9067 0.1882
vt 0.9062 0.1849
vt 0.9107 0.1787
vt 0.9169 0.1668
vt 0.9165 0.1734
vt 0.9105 0.1727
vt 0.9172 0.1787
vt 0.9178 0.1830
vt 0.9180 0.1888
vt 0.9244 0.1876
vt 0.9238 0.1600
vt 0.9221 0.1671
vt 0.9222 0.1738
vt 0.9230 0.1783
vt 0.9238 0.1825
vt 0.9292 0.1868
vt 0.9282 0.1819
vt 0.9268 0.1778
vt 0.9255 0.1739
vt 0.9250 0.1673
vt 0.9269 0.1607
vt 0.9287 0.1552
vt 0.9250 0.1553
vt 0.9183 0.1587
vt 0.9105 0.1654
vt 0.9256 0.1673
vt 0.9261 0.1739
vt 0.9274 0.1776
vt 0.9274 0.1777
vt 0.9288 0.1818
vt 0.9298 0.1867
vt 0.9316 0.1937
vt 0.9056 0.1821
vt 0.9052 0.1791
vt 0.9050 0.1757
vt 0.9050 0.1722
vt 0.9053 0.1683
vt 0.9056 0.1643
vt 0.9122 0.1571
vt 0.9194 0.1542
vt 0.9245 0.1523
vt 0.9282 0.1529
vt 0.9248 0.1494
vt 0.9275 0.1503
vt 0.9254 0.1488
vt 0.9275 0.1500
vt 0.9286 0.1551
vt 0.9290 0.1456
vt 0.9224 0.1443
vt 0.9204 0.1474
vt 0.9165 0.1429
vt 0.9164 0.1463
vt 0.9111 0.1419
vt 0.9063 0.1596
vt 0.9070 0.1546
vt 0.9132 0.1533
vt 0.9193 0.1510
vt 0.9201 0.1482
vt 0.9075 0.1521
vt 0.9079 0.1498
vt 0.9089 0.1475
vt 0.9144 0.1495
vt 0.9162 0.1470
vt 0.9121 0.1448
vt 0.9101 0.1445
vt 0.9111 0.1419
vt 0.9118 0.1453
vt 0.9101 0.1458
vt 0.9130 0.1458
vt 0.9135 0.1452
vt 0.9111 0.1419
vt 0.9111 0.1419
vt 0.2018 0.7853
vt 0.1993 0.7854
vt 0.1991 0.7793
vt 0.2018 0.7793
vt 0.1988 0.7739
vt 0.2017 0.7738
vt 0.1977 0.7680
vt 0.2012 0.7679
vt 0.1969 0.7624
vt 0.2006 0.7630
vt 0.1962 0.7574
vt 0.2007 0.7582
vt 0.1949 0.7533
vt 0.1925 0.7468
vt 0.1923 0.7468
vt 0.1931 0.7417
vt 0.1967 0.7845
vt 0.1961 0.7790
vt 0.1962 0.7790
vt 0.1968 0.7846
vt 0.1964 0.7737
vt 0.1960 0.7684
vt 0.1958 0.7631
vt 0.1942 0.7578
vt 0.1940 0.7554
vt 0.1929 0.7530
vt 0.1928 0.7530
vt 0.1923 0.7468
vt 0.1957 0.7631
vt 0.1941 0.7580
vt 0.1939 0.7555
vt 0.1928 0.7531
vt 0.1941 0.7578
vt 0.2312 0.7845
vt 0.2377 0.7917
vt 0.2042 0.7637
vt 0.2129 0.7671
vt 0.2221 0.7751
vt 0.2288 0.7907
vt 0.2212 0.7825
vt 0.2122 0.7730
vt 0.2048 0.7678
vt 0.2046 0.7736
vt 0.2119 0.7798
vt 0.2202 0.7896
vt 0.2116 0.7867
vt 0.2045 0.7793
vt 0.2042 0.7852
vt 0.2950 0.9983
vt 0.2931 0.9974
vt 0.2925 0.9988
vt 0.2911 0.9987
vt 0.2925 0.9966
vt 0.2912 0.9970
vt 0.2917 0.9930
vt 0.2906 0.9932
vt 0.2898 0.9874
vt 0.2884 0.9877
vt 0.2874 0.9820
vt 0.2861 0.9826
vt 0.2836 0.9766
vt 0.2825 0.9774
vt 0.2809 0.9728
vt 0.2800 0.9734
vt 0.2792 0.9697
vt 0.2872 0.9661
vt 0.2873 0.9710
vt 0.2872 0.9759
vt 0.2808 0.9686
vt 0.2807 0.9655
vt 0.2805 0.9626
vt 0.2790 0.9653
vt 0.2786 0.9677
vt 0.2779 0.9699
vt 0.2773 0.9673
vt 0.2779 0.9650
vt 0.2793 0.9618
vt 0.2984 0.9981
vt 0.2921 0.9354
vt 0.2913 0.9363
vt 0.2913 0.9345
vt 0.2926 0.9343
vt 0.2953 0.9361
vt 0.2956 0.9352
vt 0.2989 0.9365
vt 0.2987 0.9356
vt 0.3021 0.9365
vt 0.3021 0.9356
vt 0.3057 0.9367
vt 0.3053 0.9359
vt 0.3071 0.9373
vt 0.3072 0.9361
vt 0.2761 0.9666
vt 0.2769 0.9644
vt 0.2779 0.9650
vt 0.2793 0.9618
vt 0.2784 0.9611
vt 0.2837 0.9559
vt 0.2829 0.9553
vt 0.2881 0.9496
vt 0.2871 0.9491
vt 0.2913 0.9414
vt 0.2902 0.9409
vt 0.2903 0.9360
vt 0.2905 0.9350
vt 0.2769 0.9644
vt 0.2784 0.9611
vt 0.2829 0.9553
vt 0.2871 0.9491
vt 0.2902 0.9409
vt 0.2903 0.9360
vt 0.3015 0.9723
vt 0.3032 0.9725
vt 0.3018 0.9806
vt 0.3033 0.9804
vt 0.3027 0.9891
vt 0.3491 0.5459
vt 0.3499 0.5426
vt 0.3543 0.5429
vt 0.3541 0.5463
vt 0.3536 0.5501
vt 0.3583 0.5478
vt 0.3585 0.5514
vt 0.3600 0.5484
vt 0.3620 0.5443
vt 0.3592 0.5437
vt 0.3605 0.5392
vt 0.3551 0.5384
vt 0.3559 0.5348
vt 0.3504 0.5351
vt 0.3503 0.5387
vt 0.3437 0.5357
vt 0.3441 0.5387
vt 0.3355 0.5361
vt 0.3360 0.5393
vt 0.3315 0.5363
vt 0.3628 0.5347
vt 0.3643 0.5347
vt 0.3652 0.5350
vt 0.3660 0.5357
vt 0.3660 0.5370
vt 0.3654 0.5383
vt 0.3640 0.5403
vt 0.3319 0.5393
vt 0.3276 0.5364
vt 0.3440 0.5422
vt 0.3358 0.5422
vt 0.3579 0.5527
vt 0.3578 0.5534
vt 0.3526 0.5531
vt 0.3528 0.5521
vt 0.3489 0.5524
vt 0.3532 0.5508
vt 0.2280 0.8036
vt 0.2293 0.8118
vt 0.2191 0.8143
vt 0.2342 0.8063
vt 0.2378 0.7971
vt 0.2388 0.8026
vt 0.2478 0.7972
vt 0.2482 0.8014
vt 0.2551 0.7993
vt 0.2533 0.8081
vt 0.2589 0.8026
vt 0.2582 0.8102
vt 0.2629 0.8043
vt 0.2610 0.8189
vt 0.2582 0.8168
vt 0.2606 0.8318
vt 0.2571 0.8293
vt 0.2566 0.8331
vt 0.2519 0.8346
vt 0.2517 0.8464
vt 0.2595 0.8459
vt 0.2585 0.8728
vt 0.2573 0.8734
vt 0.2569 0.8682
vt 0.2577 0.8661
vt 0.2618 0.8635
vt 0.2574 0.8566
vt 0.2603 0.8552
vt 0.2576 0.8460
vt 0.2527 0.8590
vt 0.2424 0.8608
vt 0.2506 0.8679
vt 0.2436 0.8684
vt 0.2341 0.8613
vt 0.2348 0.8686
vt 0.2532 0.8671
vt 0.2419 0.8484
vt 0.2324 0.8484
vt 0.2223 0.8623
vt 0.2229 0.8693
vt 0.2101 0.8634
vt 0.2107 0.8696
vt 0.2022 0.8636
vt 0.2027 0.8695
vt 0.1943 0.8637
vt 0.1947 0.8693
vt 0.1845 0.8630
vt 0.1845 0.8690
vt 0.1748 0.8624
vt 0.1750 0.8688
vt 0.1650 0.8649
vt 0.1841 0.8505
vt 0.1757 0.8508
vt 0.1646 0.8501
vt 0.1565 0.8625
vt 0.1584 0.8656
vt 0.1575 0.8324
vt 0.1611 0.8212
vt 0.1682 0.8239
vt 0.1656 0.8339
vt 0.1761 0.8349
vt 0.1831 0.8364
vt 0.1925 0.8501
vt 0.2005 0.8510
vt 0.1747 0.8242
vt 0.1814 0.8249
vt 0.1659 0.8697
vt 0.1610 0.8698
vt 0.1511 0.8746
vt 0.1481 0.8687
vt 0.1505 0.8527
vt 0.1532 0.8471
vt 0.1432 0.8409
vt 0.1479 0.8297
vt 0.1526 0.8186
vt 0.1556 0.8086
vt 0.1633 0.8094
vt 0.1730 0.8108
vt 0.1431 0.8599
vt 0.1406 0.8456
vt 0.1345 0.8538
vt 0.1794 0.8108
vt 0.1880 0.8257
vt 0.1900 0.8379
vt 0.1976 0.8378
vt 0.2084 0.8520
vt 0.2183 0.8512
vt 0.2256 0.8501
vt 0.2246 0.8327
vt 0.2318 0.8336
vt 0.2304 0.8190
vt 0.2421 0.8221
vt 0.1858 0.8108
vt 0.2476 0.7937
vt 0.2423 0.7940
vt 0.2390 0.7936
vt 0.2291 0.7938
vt 0.2224 0.8045
vt 0.2107 0.8030
vt 0.2118 0.8202
vt 0.2000 0.8088
vt 0.2026 0.8240
vt 0.1964 0.8247
vt 0.2051 0.8378
vt 0.2144 0.8361
vt 0.2409 0.8108
vt 0.2466 0.8107
vt 0.2538 0.8136
vt 0.2520 0.8256
vt 0.2421 0.8353
vt 0.2143 0.7977
vt 0.2236 0.7928
vt 0.2166 0.7913
vt 0.7843 0.7006
vt 0.7879 0.7021
vt 0.7904 0.6973
vt 0.7852 0.6950
vt 0.6427 0.8256
vt 0.3387 0.3184
vt 0.3398 0.3206
vt 0.3387 0.3198
vt 0.3392 0.3172
vt 0.3414 0.3206
vt 0.3400 0.3158
vt 0.4586 0.3017
vt 0.2299 0.5370
vt 0.2300 0.5356
vt 0.2310 0.5348
vt 0.2303 0.5381
vt 0.2325 0.5347
vt 0.2311 0.5395
vt 0.3582 0.5521
vt 0.6947 0.9900
vt 0.6940 0.9860
vt 0.6947 0.9859
vt 0.6953 0.9899
vt 0.6955 0.9942
vt 0.6961 0.9941
vt 0.6973 0.9993
vt 0.6979 0.9992
vt 0.7003 0.9932
vt 0.6996 0.9891
vt 0.7063 0.9881
vt 0.7059 0.9840
vt 0.7131 0.9831
vt 0.7126 0.9792
vt 0.7177 0.9780
vt 0.7173 0.9764
vt 0.7163 0.9737
vt 0.7116 0.9767
vt 0.7057 0.9798
vt 0.7053 0.9769
vt 0.6992 0.9854
vt 0.6992 0.9815
vt 0.6938 0.9825
vt 0.6944 0.9823
vt 0.6999 0.9772
vt 0.6949 0.9784
vt 0.6938 0.9825
vt 0.6942 0.9786
vt 0.6942 0.9786
vt 0.6952 0.9751
vt 0.6958 0.9754
vt 0.6975 0.9745
vt 0.6955 0.9724
vt 0.6952 0.9751
vt 0.6950 0.9724
vt 0.7181 0.9801
vt 0.7184 0.9823
vt 0.7137 0.9875
vt 0.7073 0.9921
vt 0.7020 0.9985
vt 0.7188 0.9851
vt 0.7193 0.9878
vt 0.7085 0.9976
vt 0.7138 0.9920
vt 0.7197 0.9901
vt 0.7203 0.9928
vt 0.7143 0.9979
vt 0.7203 0.9959
vt 0.7202 0.9993
vt 0.9985 0.1594
vt 0.9980 0.1627
vt 0.9906 0.1602
vt 0.9896 0.1680
vt 0.9942 0.1679
vt 0.9885 0.1758
vt 0.9805 0.1719
vt 0.9812 0.1654
vt 0.9705 0.1682
vt 0.9715 0.1625
vt 0.9672 0.1622
vt 0.9633 0.1553
vt 0.9724 0.1569
vt 0.9818 0.1590
vt 0.9822 0.1518
vt 0.9911 0.1538
vt 0.9827 0.1449
vt 0.9919 0.1457
vt 0.9916 0.1413
vt 0.9991 0.1412
vt 0.9990 0.1536
vt 0.9994 0.1461
vt 0.9912 0.1342
vt 0.9991 0.1329
vt 0.9987 0.1216
vt 0.9913 0.1223
vt 0.9944 0.1113
vt 0.9832 0.1116
vt 0.9833 0.1232
vt 0.9750 0.1223
vt 0.9757 0.1332
vt 0.9642 0.1318
vt 0.9637 0.1410
vt 0.9751 0.1426
vt 0.9737 0.1497
vt 0.9635 0.1482
vt 0.9983 0.1111
vt 0.1325 0.9926
vt 0.0008 0.5155
vt 0.0008 0.5111
vt 0.0049 0.5090
vt 0.0049 0.5156
vt 0.0008 0.5200
vt 0.0049 0.5222
vt 0.0077 0.5157
vt 0.0077 0.5091
vt 0.0170 0.5157
vt 0.0170 0.5089
vt 0.0241 0.5090
vt 0.0242 0.5157
vt 0.0377 0.5089
vt 0.0376 0.5157
vt 0.0510 0.5157
vt 0.0508 0.5226
vt 0.0582 0.5157
vt 0.0580 0.5226
vt 0.0653 0.5226
vt 0.0653 0.5157
vt 0.0774 0.5226
vt 0.0775 0.5158
vt 0.0886 0.5227
vt 0.0887 0.5159
vt 0.0953 0.5227
vt 0.0955 0.5160
vt 0.1056 0.5158
vt 0.1058 0.5090
vt 0.1111 0.5090
vt 0.1111 0.5158
vt 0.1055 0.5226
vt 0.1111 0.5227
vt 0.0513 0.5089
vt 0.0583 0.5089
vt 0.0652 0.5089
vt 0.0776 0.5090
vt 0.0888 0.5091
vt 0.0957 0.5093
vt 0.0078 0.5223
vt 0.0171 0.5224
vt 0.0242 0.5224
vt 0.0374 0.5226
vt 0.9298 0.1546
vt 0.9294 0.1513
vt 0.9325 0.1498
vt 0.9290 0.1456
vt 0.9275 0.1500
vt 0.2902 0.9983
vt 0.2911 0.9987
vt 0.2905 0.9991
vt 0.2912 0.9970
vt 0.2902 0.9969
vt 0.2906 0.9932
vt 0.2895 0.9933
vt 0.2884 0.9877
vt 0.2874 0.9879
vt 0.2861 0.9826
vt 0.2850 0.9829
vt 0.2825 0.9774
vt 0.2815 0.9777
vt 0.2800 0.9734
vt 0.2790 0.9737
vt 0.2779 0.9699
vt 0.2768 0.9697
vt 0.2773 0.9673
vt 0.2895 0.9933
vt 0.2874 0.9879
vt 0.2850 0.9829
vt 0.2815 0.9777
vt 0.2790 0.9737
vt 0.2768 0.9697
vt 0.2759 0.9674
vt 0.3059 0.9976
vt 0.3073 0.9974
vt 0.3074 0.9984
vt 0.3063 0.9983
vt 0.3050 0.9979
vt 0.3049 0.9990
vt 0.3020 0.9980
vt 0.3015 0.9989
vt 0.2984 0.9981
vt 0.2983 0.9990
vt 0.2950 0.9983
vt 0.2951 0.9993
vt 0.2925 0.9988
vt 0.2923 0.9997
vt 0.2911 0.9987
vt 0.2911 0.9995
vt 0.1443 0.9865
vt 0.1427 0.9764
vt 0.1458 0.9764
vt 0.1489 0.9774
vt 0.1515 0.9792
vt 0.1536 0.9772
vt 0.1534 0.9818
vt 0.1561 0.9804
vt 0.1544 0.9848
vt 0.1574 0.9843
vt 0.1544 0.9880
vt 0.1573 0.9884
vt 0.1534 0.9910
vt 0.1560 0.9923
vt 0.1516 0.9936
vt 0.1537 0.9957
vt 0.1504 0.9982
vt 0.1491 0.9956
vt 0.1461 0.9966
vt 0.1352 0.9912
vt 0.1342 0.9882
vt 0.1372 0.9938
vt 0.1398 0.9956
vt 0.1428 0.9966
vt 0.1385 0.9982
vt 0.1351 0.9958
vt 0.1325 0.9926
vt 0.1313 0.9887
vt 0.1342 0.9850
vt 0.1352 0.9819
vt 0.1371 0.9793
vt 0.1326 0.9806
vt 0.1350 0.9772
vt 0.1396 0.9774
vt 0.1383 0.9747
vt 0.1422 0.9734
vt 0.1463 0.9735
vt 0.1502 0.9748
vt 0.1443 0.9863
vt 0.1559 0.9806
vt 0.1569 0.9845
vt 0.1568 0.9885
vt 0.1555 0.9923
vt 0.1532 0.9956
vt 0.1500 0.9979
vt 0.1461 0.9990
vt 0.1420 0.9989
vt 0.1382 0.9976
vt 0.1349 0.9952
vt 0.1327 0.9920
vt 0.1316 0.9881
vt 0.1318 0.9841
vt 0.1330 0.9803
vt 0.1353 0.9771
vt 0.1386 0.9747
vt 0.1424 0.9737
vt 0.1465 0.9738
vt 0.1503 0.9750
vt 0.1535 0.9774
vt 0.1313 0.9846
vt 0.1424 0.9995
vt 0.1466 0.9995
vt 0.3326 0.5476
vt 0.3326 0.5478
vt 0.3287 0.5476
vt 0.3285 0.5475
vt 0.3247 0.5475
vt 0.3247 0.5473
vt 0.3207 0.5474
vt 0.3206 0.5473
vt 0.3174 0.5472
vt 0.3172 0.5471
vt 0.3140 0.5470
vt 0.3139 0.5469
vt 0.3104 0.5468
vt 0.3103 0.5466
vt 0.3069 0.5468
vt 0.3070 0.5465
vt 0.3056 0.9664
vt 0.3060 0.9599
vt 0.3056 0.9664
vt 0.3065 0.9497
vt 0.3060 0.9599
vt 0.3083 0.9383
vt 0.3065 0.9497
vt 0.3081 0.9368
vt 0.3083 0.9383
vt 0.3053 0.9359
vt 0.3072 0.9361
vt 0.3021 0.9356
vt 0.3053 0.9359
vt 0.2987 0.9356
vt 0.3021 0.9356
vt 0.2956 0.9352
vt 0.2987 0.9356
vt 0.2926 0.9343
vt 0.2956 0.9352
vt 0.2913 0.9345
vt 0.2926 0.9343
vt 0.2903 0.9360
vt 0.2905 0.9350
vt 0.3063 0.9983
vt 0.3074 0.9984
vt 0.3063 0.9983
vt 0.3082 0.9966
vt 0.3083 0.9975
vt 0.3069 0.9887
vt 0.3059 0.9799
vt 0.3069 0.9887
vt 0.3055 0.9725
vt 0.3059 0.9799
vt 0.3055 0.9725
vt 0.2902 0.9969
vt 0.3407 0.8727
vt 0.3424 0.8724
vt 0.3433 0.8702
vt 0.3427 0.8779
vt 0.3408 0.8781
vt 0.3408 0.8866
vt 0.3366 0.8866
vt 0.3361 0.8953
vt 0.3274 0.8953
vt 0.3358 0.9022
vt 0.3272 0.9025
vt 0.3356 0.9093
vt 0.3264 0.9092
vt 0.3263 0.9174
vt 0.3150 0.9078
vt 0.3152 0.9156
vt 0.3033 0.9158
vt 0.3032 0.9247
vt 0.2924 0.9270
vt 0.2900 0.9310
vt 0.2874 0.9192
vt 0.2862 0.9198
vt 0.2874 0.9073
vt 0.2858 0.9075
vt 0.2907 0.9178
vt 0.2975 0.9168
vt 0.3037 0.9069
vt 0.3158 0.9017
vt 0.3160 0.8953
vt 0.3268 0.8873
vt 0.3368 0.8783
vt 0.3374 0.8735
vt 0.3433 0.8702
vt 0.2903 0.9070
vt 0.2863 0.8952
vt 0.2863 0.9015
vt 0.2879 0.9016
vt 0.2908 0.9012
vt 0.2964 0.9069
vt 0.3039 0.9011
vt 0.3039 0.8958
vt 0.2968 0.9006
vt 0.2863 0.9015
vt 0.2858 0.9075
vt 0.2874 0.8875
vt 0.2863 0.8952
vt 0.2877 0.8950
vt 0.2906 0.8944
vt 0.2972 0.8950
vt 0.3041 0.8880
vt 0.3163 0.8876
vt 0.3273 0.8794
vt 0.3282 0.8740
vt 0.3375 0.8717
vt 0.2886 0.8880
vt 0.2874 0.8875
vt 0.3162 0.8740
vt 0.3282 0.8723
vt 0.3164 0.8795
vt 0.3037 0.8802
vt 0.2972 0.8876
vt 0.2906 0.8879
vt 0.2887 0.8808
vt 0.2875 0.8805
vt 0.2972 0.8805
vt 0.2907 0.8804
vt 0.2959 0.8753
vt 0.3034 0.8752
vt 0.3162 0.8725
vt 0.2909 0.8749
vt 0.3162 0.8725
vt 0.3026 0.8738
vt 0.2954 0.8736
vt 0.2886 0.8736
vt 0.3030 0.8728
vt 0.2870 0.8719
vt 0.2870 0.8719
vt 0.2870 0.8719
vt 0.2875 0.8805
vt 0.3151 0.9280
vt 0.3033 0.9287
vt 0.3032 0.9328
vt 0.3150 0.9230
vt 0.3278 0.9285
vt 0.3278 0.9244
vt 0.3418 0.9313
vt 0.3395 0.9276
vt 0.3428 0.9195
vt 0.3402 0.9190
vt 0.3406 0.9091
vt 0.3406 0.9021
vt 0.3408 0.8949
vt 0.3433 0.9334
vt 0.3283 0.9327
vt 0.3147 0.9327
vt 0.3283 0.9327
vt 0.3147 0.9327
vt 0.3032 0.9328
vt 0.2873 0.9334
vt 0.3355 0.9185
vt 0.2862 0.9198
vt 0.2873 0.9334
vt 0.3424 0.9095
vt 0.3439 0.9197
vt 0.3423 0.9022
vt 0.3429 0.8949
vt 0.3429 0.8863
vt 0.3440 0.8865
vt 0.3440 0.9093
vt 0.3440 0.9093
vt 0.3438 0.9021
vt 0.3438 0.9021
vt 0.3443 0.8950
vt 0.3443 0.8950
vt 0.3440 0.8865
vt 0.3282 0.8723
vt 0.3162 0.8725
vt 0.3375 0.8717
vt 0.3282 0.8723
vt 0.3438 0.8778
vt 0.3440 0.8865
vt 0.3438 0.8778
vt 0.3433 0.8702
vt 0.3439 0.9197
vt 0.3440 0.9093
vt 0.3283 0.9327
vt 0.3433 0.9334
vt 0.2873 0.9334
vt 0.3032 0.9328
vt 0.2875 0.8805
vt 0.2874 0.8875
vt 0.3162 0.8725
vt 0.3030 0.8728
vt 0.2953 0.8720
vt 0.2870 0.8719
vt 0.3030 0.8728
vt 0.2953 0.8720
vt 0.3433 0.8702
vt 0.3375 0.8717
vt 0.3433 0.9334
vt 0.3439 0.9197
vt 0.2858 0.9075
vt 0.2862 0.9198
vt 0.3015 0.9723
vt 0.3032 0.9725
vt 0.3030 0.9666
vt 0.3018 0.9806
vt 0.2989 0.9814
vt 0.2998 0.9895
vt 0.2967 0.9899
vt 0.2982 0.9964
vt 0.2947 0.9967
vt 0.2950 0.9983
vt 0.2931 0.9974
vt 0.2925 0.9988
vt 0.2911 0.9987
vt 0.2925 0.9966
vt 0.2912 0.9970
vt 0.2917 0.9930
vt 0.2906 0.9932
vt 0.2898 0.9874
vt 0.2884 0.9877
vt 0.2874 0.9820
vt 0.2931 0.9904
vt 0.2916 0.9817
vt 0.2952 0.9819
vt 0.2913 0.9603
vt 0.2912 0.9665
vt 0.2950 0.9666
vt 0.2909 0.9733
vt 0.2873 0.9710
vt 0.2872 0.9759
vt 0.2809 0.9728
vt 0.2836 0.9766
vt 0.2947 0.9732
vt 0.2984 0.9726
vt 0.3014 0.9665
vt 0.3017 0.9596
vt 0.2985 0.9600
vt 0.3024 0.9497
vt 0.2998 0.9498
vt 0.2949 0.9602
vt 0.2960 0.9503
vt 0.2986 0.9665
vt 0.2792 0.9697
vt 0.2808 0.9686
vt 0.2872 0.9661
vt 0.2877 0.9630
vt 0.2883 0.9577
vt 0.2923 0.9504
vt 0.2979 0.9419
vt 0.3011 0.9416
vt 0.3041 0.9385
vt 0.3060 0.9376
vt 0.3042 0.9498
vt 0.3032 0.9597
vt 0.3019 0.9381
vt 0.2945 0.9420
vt 0.2987 0.9380
vt 0.3021 0.9365
vt 0.3057 0.9367
vt 0.3071 0.9373
vt 0.3053 0.9497
vt 0.3046 0.9598
vt 0.3065 0.9497
vt 0.3060 0.9599
vt 0.3043 0.9665
vt 0.3056 0.9664
vt 0.3046 0.9724
vt 0.3055 0.9725
vt 0.3046 0.9800
vt 0.3033 0.9804
vt 0.3044 0.9891
vt 0.3058 0.9888
vt 0.3057 0.9968
vt 0.3073 0.9974
vt 0.3059 0.9976
vt 0.3050 0.9979
vt 0.3044 0.9966
vt 0.3016 0.9964
vt 0.3027 0.9891
vt 0.2861 0.9826
vt 0.2825 0.9774
vt 0.2800 0.9734
vt 0.2779 0.9699
vt 0.2786 0.9677
vt 0.2807 0.9655
vt 0.2805 0.9626
vt 0.2847 0.9569
vt 0.2891 0.9504
vt 0.2773 0.9673
vt 0.2790 0.9653
vt 0.2779 0.9650
vt 0.2793 0.9618
vt 0.2837 0.9559
vt 0.2881 0.9496
vt 0.2925 0.9418
vt 0.2913 0.9414
vt 0.2928 0.9370
vt 0.2913 0.9363
vt 0.2921 0.9354
vt 0.2953 0.9361
vt 0.2951 0.9374
vt 0.3059 0.9799
vt 0.3069 0.9887
vt 0.3082 0.9966
vt 0.3083 0.9975
vt 0.2989 0.9365
vt 0.3020 0.9980
vt 0.2984 0.9981
vt 0.3071 0.9373
vt 0.3072 0.9361
vt 0.3053 0.9359
vt 0.3057 0.9367
vt 0.3021 0.9356
vt 0.3021 0.9365
vt 0.2987 0.9356
vt 0.2989 0.9365
vt 0.2956 0.9352
vt 0.2953 0.9361
vt 0.2926 0.9343
vt 0.2921 0.9354
vt 0.2913 0.9345
vt 0.2913 0.9363
vt 0.2905 0.9350
vt 0.2903 0.9360
vt 0.2902 0.9409
vt 0.2913 0.9414
vt 0.2902 0.9409
vt 0.2871 0.9491
vt 0.2871 0.9491
vt 0.2881 0.9496
vt 0.2871 0.9491
vt 0.2829 0.9553
vt 0.2829 0.9553
vt 0.2837 0.9559
vt 0.2829 0.9553
vt 0.2784 0.9611
vt 0.2784 0.9611
vt 0.2793 0.9618
vt 0.2784 0.9611
vt 0.2769 0.9644
vt 0.2769 0.9644
vt 0.2779 0.9650
vt 0.2769 0.9644
vt 0.2761 0.9666
vt 0.2761 0.9666
vt 0.2773 0.9673
vt 0.2759 0.9674
vt 0.2768 0.9697
vt 0.2768 0.9697
vt 0.2779 0.9699
vt 0.2768 0.9697
vt 0.2790 0.9737
vt 0.2800 0.9734
vt 0.2790 0.9737
vt 0.2815 0.9777
vt 0.2815 0.9777
vt 0.2825 0.9774
vt 0.2815 0.9777
vt 0.2850 0.9829
vt 0.2850 0.9829
vt 0.2861 0.9826
vt 0.2850 0.9829
vt 0.2874 0.9879
vt 0.2874 0.9879
vt 0.2884 0.9877
vt 0.2874 0.9879
vt 0.2895 0.9933
vt 0.2906 0.9932
vt 0.2895 0.9933
vt 0.2902 0.9969
vt 0.2902 0.9969
vt 0.2912 0.9970
vt 0.2902 0.9969
vt 0.2902 0.9983
vt 0.2911 0.9987
vt 0.2905 0.9991
vt 0.2903 0.9360
vt 0.2902 0.9409
vt 0.2911 0.9987
vt 0.2911 0.9995
vt 0.2923 0.9997
vt 0.2925 0.9988
vt 0.2951 0.9993
vt 0.2950 0.9983
vt 0.2983 0.9990
vt 0.2984 0.9981
vt 0.3015 0.9989
vt 0.3020 0.9980
vt 0.3049 0.9990
vt 0.3050 0.9979
vt 0.3063 0.9983
vt 0.3059 0.9976
vt 0.3074 0.9984
vt 0.3073 0.9974
vt 0.3083 0.9383
vt 0.3081 0.9368
vt 0.3049 0.9990
vt 0.3049 0.9990
vt 0.3063 0.9983
vt 0.3015 0.9989
vt 0.3015 0.9989
vt 0.2983 0.9990
vt 0.2983 0.9990
vt 0.2951 0.9993
vt 0.2951 0.9993
vt 0.2923 0.9997
vt 0.2923 0.9997
vt 0.2905 0.9991
vt 0.2911 0.9995
vt 0.2902 0.9983
vt 0.2902 0.9983
vt 0.2903 0.9360
vt 0.2903 0.9360
vt 0.2902 0.9409
vt 0.2902 0.9409
vt 0.2871 0.9491
vt 0.2871 0.9491
vt 0.2829 0.9553
vt 0.2829 0.9553
vt 0.2784 0.9611
vt 0.2784 0.9611
vt 0.2769 0.9644
vt 0.2769 0.9644
vt 0.2761 0.9666
vt 0.2759 0.9674
vt 0.2768 0.9697
vt 0.2768 0.9697
vt 0.2790 0.9737
vt 0.2790 0.9737
vt 0.2815 0.9777
vt 0.2815 0.9777
vt 0.2850 0.9829
vt 0.2850 0.9829
vt 0.2874 0.9879
vt 0.2874 0.9879
vt 0.2895 0.9933
vt 0.2895 0.9933
vt 0.2902 0.9969
vt 0.3056 0.9664
vt 0.3056 0.9664
vt 0.3060 0.9599
vt 0.3055 0.9725
vt 0.3055 0.9725
vt 0.3059 0.9799
vt 0.3059 0.9799
vt 0.3069 0.9887
vt 0.3069 0.9887
vt 0.3074 0.9984
vt 0.3083 0.9975
vt 0.3082 0.9966
vt 0.3063 0.9983
vt 0.3063 0.9983
vt 0.3053 0.9359
vt 0.3053 0.9359
vt 0.3021 0.9356
vt 0.3021 0.9356
vt 0.2987 0.9356
vt 0.2987 0.9356
vt 0.2956 0.9352
vt 0.2956 0.9352
vt 0.2926 0.9343
vt 0.2926 0.9343
vt 0.2913 0.9345
vt 0.2905 0.9350
vt 0.2903 0.9360
vt 0.3060 0.9599
vt 0.3065 0.9497
vt 0.3065 0.9497
vt 0.3083 0.9383
vt 0.3083 0.9383
vt 0.3081 0.9368
vt 0.3072 0.9361
vt 0.2902 0.9969
vt 0.2902 0.9969
vt 0.2902 0.9983
vt 0.7317 0.8359
vt 0.7254 0.8367
vt 0.7196 0.8374
vt 0.7352 0.6926
vt 0.7415 0.7076
vt 0.7333 0.7073
vt 0.7417 0.8102
vt 0.7456 0.8201
vt 0.7945 0.8040
vt 0.7898 0.8002
vt 0.7898 0.8068
vt 0.7898 0.8068
vt 0.7898 0.8068
vt 0.5720 0.1043
vt 0.5794 0.0950
vt 0.5792 0.1057
vt 0.6606 0.8710
vt 0.6514 0.8711
vt 0.6446 0.8693
vt 0.6429 0.8697
vt 0.6407 0.8718
vt 0.6400 0.8754
vt 0.6313 0.7999
vt 0.2636 0.8705
vt 0.7943 0.7372
vt 0.7977 0.7370
vt 0.7977 0.7397
vt 0.7943 0.7394
vt 0.7977 0.7412
vt 0.7942 0.7411
vt 0.7941 0.7453
vt 0.7977 0.7460
vt 0.7976 0.7497
vt 0.7940 0.7494
vt 0.7976 0.7561
vt 0.7937 0.7557
vt 0.7934 0.7619
vt 0.7976 0.7624
vt 0.7932 0.7648
vt 0.7976 0.7653
vt 0.7930 0.7678
vt 0.7976 0.7682
vt 0.7975 0.7725
vt 0.7927 0.7721
vt 0.7975 0.7766
vt 0.7925 0.7761
vt 0.7975 0.7794
vt 0.7923 0.7792
vt 0.7975 0.7820
vt 0.7922 0.7817
vt 0.7920 0.7848
vt 0.7975 0.7849
vt 0.7944 0.7342
vt 0.7943 0.7311
vt 0.7977 0.7315
vt 0.7977 0.7343
vt 0.7977 0.7370
vt 0.7943 0.7372
vt 0.7921 0.6875
vt 0.7920 0.6846
vt 0.7975 0.6845
vt 0.7975 0.6873
vt 0.7975 0.6899
vt 0.7923 0.6905
vt 0.7925 0.6936
vt 0.7975 0.6925
vt 0.7928 0.6968
vt 0.7975 0.6963
vt 0.7931 0.7004
vt 0.7976 0.7003
vt 0.7933 0.7035
vt 0.7976 0.7031
vt 0.7935 0.7062
vt 0.7976 0.7058
vt 0.7976 0.7121
vt 0.7938 0.7130
vt 0.7940 0.7191
vt 0.7976 0.7189
vt 0.7977 0.7228
vt 0.7941 0.7235
vt 0.7943 0.7279
vt 0.7977 0.7276
vt 0.7977 0.7291
vt 0.7943 0.7292
vt 0.7943 0.7311
vt 0.7977 0.7315
vt 0.5303 0.0733
vt 0.5467 0.0786
vt 0.5525 0.0516
vt 0.5443 0.0897
vt 0.5621 0.0820
vt 0.5605 0.0935
vt 0.5684 0.0944
vt 0.5669 0.1037
vt 0.5749 0.0948
vt 0.5720 0.1043
vt 0.5794 0.0950
vt 0.5792 0.1057
vt 0.5854 0.0949
vt 0.5861 0.1045
vt 0.5918 0.0948
vt 0.5947 0.1049
vt 0.5969 0.0947
vt 0.6023 0.1055
vt 0.6084 0.0950
vt 0.6093 0.1057
vt 0.5730 0.0565
vt 0.5701 0.0838
vt 0.5770 0.0842
vt 0.5797 0.0845
vt 0.5849 0.0851
vt 0.5907 0.0858
vt 0.5986 0.0839
vt 0.6095 0.0827
vt 0.6263 0.0802
vt 0.6286 0.0931
vt 0.6455 0.0893
vt 0.5971 0.0559
vt 0.6088 0.0536
vt 0.6234 0.0530
vt 0.6608 0.0841
vt 0.6731 0.0806
vt 0.6709 0.0702
vt 0.6567 0.0737
vt 0.6416 0.0778
vt 0.6370 0.0500
vt 0.6499 0.0460
vt 0.6652 0.0424
vt 0.6197 0.1051
vt 0.6309 0.1043
vt 0.6389 0.1029
vt 0.6484 0.1010
vt 0.6528 0.1000
vt 0.6616 0.0965
vt 0.6709 0.0935
vt 0.6776 0.0908
vt 0.3758 0.6415
vt 0.3824 0.6380
vt 0.3785 0.6297
vt 0.3644 0.6354
vt 0.3679 0.6453
vt 0.3582 0.6484
vt 0.3480 0.6412
vt 0.3492 0.6509
vt 0.3297 0.6446
vt 0.3398 0.6538
vt 0.3320 0.6553
vt 0.3154 0.6468
vt 0.3248 0.6564
vt 0.3173 0.6574
vt 0.3088 0.6583
vt 0.2997 0.6471
vt 0.3013 0.6585
vt 0.2944 0.6590
vt 0.2844 0.6487
vt 0.2850 0.6595
vt 0.3742 0.6205
vt 0.3605 0.6250
vt 0.3655 0.5947
vt 0.3445 0.6293
vt 0.3520 0.5990
vt 0.3276 0.6325
vt 0.3137 0.6336
vt 0.2976 0.6350
vt 0.2854 0.6364
vt 0.2712 0.6482
vt 0.2726 0.6353
vt 0.2571 0.6481
vt 0.2578 0.6354
vt 0.2388 0.6468
vt 0.2416 0.6348
vt 0.2216 0.6433
vt 0.2264 0.6323
vt 0.2126 0.6292
vt 0.2341 0.6052
vt 0.3226 0.6064
vt 0.3083 0.6077
vt 0.2945 0.6078
vt 0.2842 0.6085
vt 0.2741 0.6090
vt 0.2604 0.6092
vt 0.2465 0.6068
vt 0.2790 0.6597
vt 0.2683 0.6600
vt 0.2626 0.6601
vt 0.2567 0.6599
vt 0.2501 0.6592
vt 0.2362 0.6571
vt 0.2254 0.6557
vt 0.2176 0.6546
vt 0.2104 0.6416
vt 0.1985 0.6246
vt 0.2177 0.6008
vt 0.1949 0.6345
vt 0.2063 0.6512
vt 0.2122 0.6535
vt 0.1986 0.6481
vt 0.1915 0.6449
vt 0.5589 0.1027
vt 0.5495 0.1012
vt 0.5416 0.0994
vt 0.5270 0.0839
vt 0.5338 0.0965
vt 0.5239 0.0926
vt 0.5119 0.0775
vt 0.5148 0.0888
vt 0.5067 0.0853
vt 0.5113 0.0773
vt 0.5140 0.0674
vt 0.5391 0.0471
vt 0.5797 0.0845
vt 0.5849 0.0851
vt 0.5809 0.0658
vt 0.5770 0.0842
vt 0.5809 0.0658
vt 0.5888 0.0554
vt 0.5803 0.0563
vt 0.5701 0.0838
vt 0.5770 0.0842
vt 0.5809 0.0658
vt 0.3374 0.6043
vt 0.5662 0.0551
vt 0.1915 0.6429
vt 0.1915 0.6449
vt 0.1986 0.6481
vt 0.1986 0.6461
vt 0.2063 0.6512
vt 0.2063 0.6492
vt 0.2122 0.6535
vt 0.2122 0.6515
vt 0.2176 0.6546
vt 0.2176 0.6526
vt 0.2254 0.6557
vt 0.2254 0.6537
vt 0.2362 0.6571
vt 0.2362 0.6551
vt 0.2501 0.6592
vt 0.2501 0.6572
vt 0.2567 0.6599
vt 0.2567 0.6579
vt 0.2626 0.6601
vt 0.2626 0.6581
vt 0.2683 0.6600
vt 0.2683 0.6580
vt 0.2790 0.6597
vt 0.2790 0.6577
vt 0.2850 0.6595
vt 0.2850 0.6575
vt 0.2944 0.6590
vt 0.2944 0.6570
vt 0.3013 0.6585
vt 0.3013 0.6565
vt 0.3088 0.6583
vt 0.3088 0.6563
vt 0.3173 0.6574
vt 0.3173 0.6554
vt 0.3248 0.6564
vt 0.3248 0.6544
vt 0.3320 0.6553
vt 0.3320 0.6533
vt 0.3398 0.6538
vt 0.3398 0.6518
vt 0.3492 0.6509
vt 0.3492 0.6489
vt 0.3582 0.6484
vt 0.3582 0.6464
vt 0.3679 0.6453
vt 0.3679 0.6433
vt 0.3758 0.6415
vt 0.3758 0.6395
vt 0.3824 0.6380
vt 0.3824 0.6360
vt 0.5067 0.0828
vt 0.5067 0.0853
vt 0.5148 0.0888
vt 0.5148 0.0863
vt 0.5239 0.0926
vt 0.5239 0.0901
vt 0.5338 0.0965
vt 0.5338 0.0940
vt 0.5416 0.0994
vt 0.5416 0.0969
vt 0.5495 0.1012
vt 0.5495 0.0986
vt 0.5589 0.1027
vt 0.5589 0.1002
vt 0.5669 0.1037
vt 0.5669 0.1012
vt 0.5720 0.1043
vt 0.5720 0.1017
vt 0.5792 0.1057
vt 0.5792 0.1031
vt 0.5861 0.1045
vt 0.5861 0.1019
vt 0.5947 0.1049
vt 0.5947 0.1024
vt 0.6023 0.1055
vt 0.6023 0.1030
vt 0.6093 0.1057
vt 0.6093 0.1031
vt 0.6197 0.1051
vt 0.6197 0.1025
vt 0.6309 0.1043
vt 0.6309 0.1018
vt 0.6389 0.1029
vt 0.6389 0.1004
vt 0.6484 0.1010
vt 0.6484 0.0985
vt 0.6528 0.1000
vt 0.6528 0.0974
vt 0.6616 0.0965
vt 0.6616 0.0940
vt 0.6709 0.0935
vt 0.6709 0.0910
vt 0.6776 0.0908
vt 0.6776 0.0883
vt 0.2779 0.5488
vt 0.2779 0.5467
vt 0.2820 0.5466
vt 0.2819 0.5486
vt 0.2853 0.5465
vt 0.2853 0.5487
vt 0.2888 0.5464
vt 0.2779 0.5467
vt 0.2779 0.5467
vt 0.2740 0.5469
vt 0.2739 0.5467
vt 0.2777 0.5464
vt 0.2740 0.5469
vt 0.2696 0.5471
vt 0.2695 0.5469
vt 0.2695 0.5469
vt 0.2654 0.5477
vt 0.2777 0.5464
vt 0.2779 0.5467
vt 0.2740 0.5469
vt 0.3326 0.5478
vt 0.3326 0.5476
vt 0.3366 0.5477
vt 0.3366 0.5477
vt 0.3326 0.5478
vt 0.2654 0.5477
vt 0.2652 0.5473
vt 0.2695 0.5469
vt 0.2917 0.5463
vt 0.2887 0.5489
vt 0.2888 0.5464
vt 0.2888 0.5464
vt 0.2917 0.5463
vt 0.2779 0.5467
vt 0.4764 0.3197
vt 0.4768 0.3204
vt 0.4759 0.3210
vt 0.4756 0.3203
vt 0.4748 0.3213
vt 0.4746 0.3206
vt 0.4731 0.3214
vt 0.4731 0.3206
vt 0.4662 0.3212
vt 0.4662 0.3205
vt 0.4606 0.3209
vt 0.4606 0.3201
vt 0.4537 0.3202
vt 0.4538 0.3195
vt 0.4455 0.3199
vt 0.4456 0.3192
vt 0.4416 0.3199
vt 0.4416 0.3192
vt 0.4376 0.3199
vt 0.4376 0.3192
vt 0.4340 0.3198
vt 0.4340 0.3191
vt 0.4302 0.3200
vt 0.4302 0.3193
vt 0.4269 0.3202
vt 0.4269 0.3195
vt 0.4235 0.3204
vt 0.4235 0.3197
vt 0.4201 0.3205
vt 0.4201 0.3198
vt 0.4168 0.3205
vt 0.4168 0.3198
vt 0.4133 0.3206
vt 0.4133 0.3199
vt 0.4098 0.3207
vt 0.4098 0.3200
vt 0.4063 0.3207
vt 0.4063 0.3200
vt 0.4029 0.3207
vt 0.4029 0.3200
vt 0.3997 0.3206
vt 0.3997 0.3199
vt 0.3966 0.3207
vt 0.3966 0.3199
vt 0.3930 0.3206
vt 0.3930 0.3199
vt 0.3894 0.3205
vt 0.3894 0.3198
vt 0.3857 0.3204
vt 0.3857 0.3197
vt 0.3820 0.3203
vt 0.3821 0.3196
vt 0.3772 0.3201
vt 0.3772 0.3194
vt 0.3728 0.3200
vt 0.3728 0.3193
vt 0.3692 0.3200
vt 0.3692 0.3193
vt 0.3654 0.3201
vt 0.3654 0.3194
vt 0.3623 0.3201
vt 0.3623 0.3194
vt 0.3580 0.3203
vt 0.3580 0.3196
vt 0.3537 0.3206
vt 0.3537 0.3199
vt 0.3442 0.3212
vt 0.3441 0.3205
vt 0.3413 0.3214
vt 0.3414 0.3206
vt 0.3396 0.3212
vt 0.3398 0.3206
vt 0.3384 0.3205
vt 0.3387 0.3198
vt 0.3472 0.3002
vt 0.3472 0.2995
vt 0.3527 0.2999
vt 0.3527 0.3006
vt 0.3568 0.3007
vt 0.3567 0.3014
vt 0.3606 0.3012
vt 0.3605 0.3019
vt 0.3648 0.3017
vt 0.3646 0.3024
vt 0.3683 0.3026
vt 0.3682 0.3033
vt 0.3713 0.3032
vt 0.3712 0.3039
vt 0.3751 0.3038
vt 0.3750 0.3045
vt 0.3790 0.3040
vt 0.3790 0.3047
vt 0.3834 0.3042
vt 0.3834 0.3049
vt 0.3873 0.3044
vt 0.3873 0.3051
vt 0.3913 0.3046
vt 0.3913 0.3053
vt 0.3947 0.3045
vt 0.3948 0.3053
vt 0.3981 0.3045
vt 0.3981 0.3052
vt 0.4009 0.3044
vt 0.4010 0.3051
vt 0.4036 0.3043
vt 0.4036 0.3050
vt 0.4067 0.3042
vt 0.4067 0.3049
vt 0.4097 0.3042
vt 0.4098 0.3049
vt 0.4132 0.3042
vt 0.4132 0.3049
vt 0.4165 0.3043
vt 0.4164 0.3050
vt 0.4200 0.3043
vt 0.4199 0.3050
vt 0.4237 0.3044
vt 0.4236 0.3051
vt 0.4271 0.3042
vt 0.4271 0.3049
vt 0.4304 0.3043
vt 0.4304 0.3050
vt 0.4344 0.3039
vt 0.4344 0.3046
vt 0.4384 0.3037
vt 0.4385 0.3044
vt 0.4421 0.3036
vt 0.4422 0.3043
vt 0.4458 0.3035
vt 0.4459 0.3042
vt 0.4540 0.3022
vt 0.4542 0.3029
vt 0.4584 0.3010
vt 0.4586 0.3017
vt 0.4621 0.3001
vt 0.4622 0.3008
vt 0.4673 0.2997
vt 0.4674 0.3004
vt 0.3387 0.3198
vt 0.3380 0.3197
vt 0.3380 0.3183
vt 0.3387 0.3184
vt 0.3385 0.3169
vt 0.3392 0.3172
vt 0.3394 0.3154
vt 0.3400 0.3158
vt 0.3408 0.3126
vt 0.3414 0.3129
vt 0.3423 0.3097
vt 0.3429 0.3100
vt 0.3445 0.3055
vt 0.3451 0.3058
vt 0.3456 0.3028
vt 0.3463 0.3030
vt 0.3459 0.3021
vt 0.3466 0.3022
vt 0.3464 0.3012
vt 0.3471 0.3013
vt 0.3463 0.3003
vt 0.3472 0.3002
vt 0.4674 0.3004
vt 0.4682 0.3006
vt 0.4683 0.3014
vt 0.4675 0.3014
vt 0.4687 0.3023
vt 0.4680 0.3024
vt 0.4690 0.3033
vt 0.4684 0.3034
vt 0.4708 0.3064
vt 0.4702 0.3067
vt 0.4729 0.3105
vt 0.4723 0.3108
vt 0.4751 0.3146
vt 0.4745 0.3150
vt 0.4764 0.3167
vt 0.4758 0.3170
vt 0.4770 0.3182
vt 0.4764 0.3184
vt 0.4771 0.3196
vt 0.0632 0.5671
vt 0.0641 0.5733
vt 0.0663 0.5731
vt 0.0655 0.5668
vt 0.0686 0.5730
vt 0.0678 0.5667
vt 0.0707 0.5728
vt 0.0698 0.5666
vt 0.0730 0.5726
vt 0.0721 0.5666
vt 0.0757 0.5724
vt 0.0750 0.5665
vt 0.0786 0.5722
vt 0.0777 0.5665
vt 0.0820 0.5722
vt 0.0809 0.5665
vt 0.0852 0.5723
vt 0.0839 0.5665
vt 0.0888 0.5723
vt 0.0873 0.5666
vt 0.0922 0.5723
vt 0.0909 0.5674
vt 0.0953 0.5726
vt 0.0937 0.5678
vt 0.0979 0.5726
vt 0.0962 0.5677
vt 0.1017 0.5728
vt 0.0997 0.5677
vt 0.1054 0.5726
vt 0.1036 0.5679
vt 0.1092 0.5729
vt 0.1076 0.5687
vt 0.1132 0.5733
vt 0.1122 0.5689
vt 0.1187 0.5730
vt 0.1180 0.5698
vt 0.1174 0.5688
vt 0.1162 0.5685
vt 0.1178 0.5765
vt 0.1187 0.5736
vt 0.1131 0.5733
vt 0.1114 0.5779
vt 0.1078 0.5741
vt 0.1060 0.5783
vt 0.1028 0.5738
vt 0.1012 0.5781
vt 0.0969 0.5740
vt 0.0951 0.5787
vt 0.0921 0.5737
vt 0.0906 0.5788
vt 0.0891 0.5738
vt 0.0877 0.5792
vt 0.0859 0.5739
vt 0.0848 0.5795
vt 0.0825 0.5741
vt 0.0816 0.5794
vt 0.0798 0.5739
vt 0.0790 0.5794
vt 0.1157 0.5779
vt 0.1170 0.5775
vt 0.0770 0.5739
vt 0.0764 0.5795
vt 0.0741 0.5737
vt 0.0737 0.5795
vt 0.0714 0.5736
vt 0.0711 0.5796
vt 0.0690 0.5734
vt 0.0686 0.5796
vt 0.0665 0.5733
vt 0.0659 0.5795
vt 0.1122 0.5689
vt 0.1162 0.5685
vt 0.1174 0.5688
vt 0.1180 0.5698
vt 0.1187 0.5730
vt 0.1132 0.5733
vt 0.1076 0.5687
vt 0.1092 0.5729
vt 0.1036 0.5679
vt 0.1054 0.5726
vt 0.0997 0.5677
vt 0.1017 0.5728
vt 0.0962 0.5677
vt 0.0979 0.5726
vt 0.0937 0.5678
vt 0.0953 0.5726
vt 0.0909 0.5674
vt 0.0922 0.5723
vt 0.0873 0.5666
vt 0.0888 0.5723
vt 0.0839 0.5665
vt 0.0852 0.5723
vt 0.0809 0.5665
vt 0.0820 0.5722
vt 0.0777 0.5665
vt 0.0786 0.5722
vt 0.0750 0.5665
vt 0.0757 0.5724
vt 0.0721 0.5666
vt 0.0730 0.5726
vt 0.0698 0.5666
vt 0.0707 0.5728
vt 0.0678 0.5667
vt 0.0686 0.5730
vt 0.0655 0.5668
vt 0.0663 0.5731
vt 0.0632 0.5671
vt 0.0641 0.5733
vt 0.0686 0.5796
vt 0.0659 0.5795
vt 0.0665 0.5733
vt 0.0690 0.5734
vt 0.0711 0.5796
vt 0.0714 0.5736
vt 0.0737 0.5795
vt 0.0741 0.5737
vt 0.0764 0.5795
vt 0.0770 0.5739
vt 0.0790 0.5794
vt 0.0798 0.5739
vt 0.0816 0.5794
vt 0.0825 0.5741
vt 0.0848 0.5795
vt 0.0859 0.5739
vt 0.0877 0.5792
vt 0.0891 0.5738
vt 0.0906 0.5788
vt 0.0921 0.5737
vt 0.0951 0.5787
vt 0.0969 0.5740
vt 0.1012 0.5781
vt 0.1028 0.5738
vt 0.1060 0.5783
vt 0.1078 0.5741
vt 0.1114 0.5779
vt 0.1131 0.5733
vt 0.1178 0.5765
vt 0.1187 0.5736
vt 0.1170 0.5775
vt 0.1157 0.5779
vt 0.0764 0.5795
vt 0.0790 0.5794
vt 0.0790 0.5794
vt 0.0816 0.5794
vt 0.0816 0.5794
vt 0.0848 0.5795
vt 0.0848 0.5795
vt 0.0877 0.5792
vt 0.0877 0.5792
vt 0.0906 0.5788
vt 0.0906 0.5788
vt 0.0951 0.5787
vt 0.0951 0.5787
vt 0.1012 0.5781
vt 0.0764 0.5795
vt 0.0764 0.5795
vt 0.0937 0.5678
vt 0.0962 0.5677
vt 0.0962 0.5677
vt 0.0997 0.5677
vt 0.0997 0.5677
vt 0.1036 0.5679
vt 0.1036 0.5679
vt 0.1076 0.5687
vt 0.0962 0.5677
vt 0.0937 0.5678
vt 0.0937 0.5678
vt 0.0909 0.5674
vt 0.0937 0.5678
vt 0.0909 0.5674
vt 0.0873 0.5666
vt 0.0686 0.5796
vt 0.0659 0.5795
vt 0.0659 0.5795
vt 0.0686 0.5796
vt 0.0711 0.5796
vt 0.0711 0.5796
vt 0.0737 0.5795
vt 0.0737 0.5795
vt 0.0764 0.5795
vt 0.0737 0.5795
vt 0.0777 0.5665
vt 0.0809 0.5665
vt 0.0809 0.5665
vt 0.0777 0.5665
vt 0.0750 0.5665
vt 0.0750 0.5665
vt 0.0721 0.5666
vt 0.0721 0.5666
vt 0.0698 0.5666
vt 0.0698 0.5666
vt 0.0678 0.5667
vt 0.0678 0.5667
vt 0.0655 0.5668
vt 0.0655 0.5668
vt 0.0632 0.5671
vt 0.0839 0.5665
vt 0.0809 0.5665
vt 0.1060 0.5783
vt 0.1012 0.5781
vt 0.1012 0.5781
vt 0.1012 0.5781
vt 0.1060 0.5783
vt 0.1060 0.5783
vt 0.1114 0.5779
vt 0.1114 0.5779
vt 0.1157 0.5779
vt 0.1157 0.5779
vt 0.1170 0.5775
vt 0.1170 0.5775
vt 0.1178 0.5765
vt 0.1178 0.5765
vt 0.1187 0.5736
vt 0.1187 0.5736
vt 0.0809 0.5665
vt 0.0839 0.5665
vt 0.0839 0.5665
vt 0.0839 0.5665
vt 0.0873 0.5666
vt 0.0873 0.5666
vt 0.0909 0.5674
vt 0.0873 0.5666
vt 0.0839 0.5665
vt 0.0839 0.5665
vt 0.1036 0.5679
vt 0.1076 0.5687
vt 0.1076 0.5687
vt 0.1076 0.5687
vt 0.1122 0.5689
vt 0.1122 0.5689
vt 0.1162 0.5685
vt 0.1162 0.5685
vt 0.1162 0.5685
vt 0.1122 0.5689
vt 0.1076 0.5687
vt 0.1076 0.5687
vt 0.1162 0.5685
vt 0.1174 0.5688
vt 0.1174 0.5688
vt 0.1180 0.5698
vt 0.1180 0.5698
vt 0.1187 0.5730
vt 0.1187 0.5730
vt 0.1162 0.5685
vt 0.1162 0.5685
vt 0.0737 0.5795
vt 0.0764 0.5795
vt 0.0764 0.5795
vt 0.0655 0.5668
vt 0.0632 0.5671
vt 0.0632 0.5671
vt 0.0951 0.5787
vt 0.1012 0.5781
vt 0.1012 0.5781
vt 0.0997 0.5677
vt 0.0962 0.5677
vt 0.0962 0.5677
vt 0.0937 0.5678
vt 0.0937 0.5678
vt 0.0909 0.5674
vt 0.0909 0.5674
vt 0.0873 0.5666
vt 0.0873 0.5666
vt 0.0839 0.5665
vt 0.0839 0.5665
vt 0.0809 0.5665
vt 0.0839 0.5665
vt 0.0906 0.5788
vt 0.0951 0.5787
vt 0.0951 0.5787
vt 0.1012 0.5781
vt 0.1012 0.5781
vt 0.1060 0.5783
vt 0.1060 0.5783
vt 0.1114 0.5779
vt 0.1114 0.5779
vt 0.1157 0.5779
vt 0.1157 0.5779
vt 0.1170 0.5775
vt 0.0777 0.5665
vt 0.0809 0.5665
vt 0.0809 0.5665
vt 0.0809 0.5665
vt 0.0777 0.5665
vt 0.0777 0.5665
vt 0.0750 0.5665
vt 0.0750 0.5665
vt 0.0721 0.5666
vt 0.0750 0.5665
vt 0.0721 0.5666
vt 0.0721 0.5666
vt 0.0698 0.5666
vt 0.0721 0.5666
vt 0.0698 0.5666
vt 0.0678 0.5667
vt 0.0698 0.5666
vt 0.0698 0.5666
vt 0.0678 0.5667
vt 0.0678 0.5667
vt 0.0655 0.5668
vt 0.0655 0.5668
vt 0.0632 0.5671
vt 0.0632 0.5671
vt 0.0711 0.5796
vt 0.0686 0.5796
vt 0.0686 0.5796
vt 0.0686 0.5796
vt 0.0711 0.5796
vt 0.0711 0.5796
vt 0.0737 0.5795
vt 0.0764 0.5795
vt 0.0737 0.5795
vt 0.0737 0.5795
vt 0.0737 0.5795
vt 0.0764 0.5795
vt 0.0764 0.5795
vt 0.1180 0.5698
vt 0.1187 0.5730
vt 0.1187 0.5730
vt 0.1180 0.5698
vt 0.1174 0.5688
vt 0.1174 0.5688
vt 0.1162 0.5685
vt 0.1162 0.5685
vt 0.1162 0.5685
vt 0.0764 0.5795
vt 0.0790 0.5794
vt 0.0790 0.5794
vt 0.0816 0.5794
vt 0.0816 0.5794
vt 0.0848 0.5795
vt 0.0848 0.5795
vt 0.0877 0.5792
vt 0.0877 0.5792
vt 0.0906 0.5788
vt 0.0951 0.5787
vt 0.0906 0.5788
vt 0.0906 0.5788
vt 0.1122 0.5689
vt 0.1162 0.5685
vt 0.1162 0.5685
vt 0.1162 0.5685
vt 0.1122 0.5689
vt 0.1122 0.5689
vt 0.1076 0.5687
vt 0.1076 0.5687
vt 0.1036 0.5679
vt 0.1036 0.5679
vt 0.0997 0.5677
vt 0.1157 0.5779
vt 0.1170 0.5775
vt 0.1170 0.5775
vt 0.1178 0.5765
vt 0.1170 0.5775
vt 0.1178 0.5765
vt 0.1178 0.5765
vt 0.1187 0.5736
vt 0.1187 0.5736
vt 0.0962 0.5677
vt 0.0997 0.5677
vt 0.0997 0.5677
vt 0.1036 0.5679
vt 0.0839 0.5665
vt 0.0809 0.5665
vt 0.0809 0.5665
vt 0.0686 0.5796
vt 0.0659 0.5795
vt 0.0659 0.5795
vt 0.0659 0.5795
vt 0.0686 0.5796
vt 0.0686 0.5796
vt 0.0711 0.5796
vt 0.0737 0.5795
vt 0.0737 0.5795
vt 0.0790 0.5794
vt 0.0764 0.5795
vt 0.0764 0.5795
vt 0.0877 0.5792
vt 0.0906 0.5788
vt 0.0906 0.5788
vt 0.1051 0.5830
vt 0.1043 0.5829
vt 0.1042 0.5782
vt 0.1034 0.5827
vt 0.1033 0.5784
vt 0.0874 0.5818
vt 0.1016 0.5745
vt 0.0973 0.5726
vt 0.0977 0.5719
vt 0.0905 0.5677
vt 0.0905 0.5687
vt 0.0810 0.5680
vt 0.0816 0.5689
vt 0.0761 0.5705
vt 0.0769 0.5713
vt 0.0727 0.5742
vt 0.0738 0.5747
vt 0.0710 0.5781
vt 0.0722 0.5783
vt 0.0705 0.5834
vt 0.0873 0.5957
vt 0.0816 0.5955
vt 0.0777 0.5938
vt 0.0734 0.5890
vt 0.0717 0.5833
vt 0.0724 0.5896
vt 0.0769 0.5947
vt 0.0810 0.5965
vt 0.0871 0.5967
vt 0.0938 0.5948
vt 0.0936 0.5938
vt 0.0989 0.5909
vt 0.0984 0.5903
vt 0.1031 0.5735
vt 0.1023 0.5740
vt 0.2732 0.7960
vt 0.2669 0.7952
vt 0.2686 0.7853
vt 0.2760 0.7852
vt 0.2823 0.7860
vt 0.2850 0.7778
vt 0.2883 0.7867
vt 0.2926 0.7776
vt 0.2946 0.7886
vt 0.2996 0.7779
vt 0.3073 0.7901
vt 0.3115 0.7789
vt 0.3043 0.7713
vt 0.3169 0.7729
vt 0.3100 0.7642
vt 0.3221 0.7671
vt 0.3023 0.7639
vt 0.2969 0.7700
vt 0.2972 0.7632
vt 0.2958 0.7576
vt 0.2813 0.7958
vt 0.2882 0.7968
vt 0.2939 0.7970
vt 0.3056 0.7996
vt 0.3056 0.7996
vt 0.8532 0.9329
vt 0.8517 0.9274
vt 0.8521 0.9231
vt 0.8528 0.9173
vt 0.8551 0.9111
vt 0.8557 0.9061
vt 0.8554 0.9016
vt 0.8558 0.8957
vt 0.8561 0.8914
vt 0.9910 0.0805
vt 0.9912 0.0849
vt 0.9755 0.1065
vt 0.9702 0.1068
vt 0.9697 0.1036
vt 0.2939 0.6799
vt 0.2954 0.6862
vt 0.8549 0.9346
vt 0.8562 0.9374
vt 0.8563 0.9378
vt 0.8549 0.9348
vt 0.8533 0.9329
vt 0.8532 0.9329
vt 0.8540 0.9359
vt 0.8547 0.9364
vt 0.8529 0.9405
vt 0.8560 0.9379
vt 0.8542 0.9424
vt 0.2609 0.7941
vt 0.8526 0.9401
vt 0.8939 0.3405
vt 0.8945 0.3408
vt 0.8936 0.3420
vt 0.8931 0.3414
vt 0.8923 0.3389
vt 0.8947 0.3392
vt 0.8969 0.3364
vt 0.8957 0.3395
vt 0.8974 0.3367
vt 0.8977 0.3335
vt 0.8985 0.3333
vt 0.8991 0.3281
vt 0.8998 0.3279
vt 0.8992 0.3238
vt 0.8998 0.3237
vt 0.8986 0.3204
vt 0.8993 0.3202
vt 0.8973 0.3176
vt 0.8978 0.3170
vt 0.8955 0.3151
vt 0.8960 0.3145
vt 0.8931 0.3130
vt 0.8934 0.3123
vt 0.8907 0.3115
vt 0.8909 0.3107
vt 0.8878 0.3107
vt 0.8878 0.3100
vt 0.8850 0.3108
vt 0.8850 0.3101
vt 0.8831 0.3119
vt 0.8828 0.3113
vt 0.8811 0.3139
vt 0.8805 0.3135
vt 0.8801 0.3159
vt 0.8794 0.3158
vt 0.8798 0.3189
vt 0.8790 0.3187
vt 0.8796 0.3220
vt 0.8854 0.3170
vt 0.8898 0.3167
vt 0.8937 0.3202
vt 0.8945 0.3265
vt 0.8919 0.3306
vt 0.8888 0.3234
vt 0.8866 0.3312
vt 0.8842 0.3267
vt 0.8836 0.3209
vt 0.8946 0.3370
vt 0.8921 0.3381
vt 0.8891 0.3385
vt 0.8868 0.3380
vt 0.8851 0.3368
vt 0.8834 0.3351
vt 0.8819 0.3325
vt 0.8808 0.3289
vt 0.8800 0.3252
vt 0.8789 0.3221
vt 0.8793 0.3254
vt 0.8801 0.3292
vt 0.8812 0.3328
vt 0.8828 0.3354
vt 0.8847 0.3375
vt 0.8866 0.3387
vt 0.8887 0.3393
vt 0.9850 0.1801
vt 0.9789 0.1797
vt 0.9750 0.1791
vt 0.9289 0.1555
vt 0.9282 0.1529
vt 0.9294 0.1513
vt 0.9275 0.1503
vt 0.9275 0.1500
vt 0.4814 0.7887
vt 0.4830 0.7894
vt 0.4825 0.7900
vt 0.4810 0.7892
vt 0.4806 0.7916
vt 0.4842 0.7936
vt 0.4803 0.7924
vt 0.4817 0.7973
vt 0.4780 0.7929
vt 0.4765 0.7940
vt 0.4761 0.7934
vt 0.4752 0.7954
vt 0.4746 0.7951
vt 0.4734 0.7971
vt 0.4741 0.7974
vt 0.4732 0.8003
vt 0.4772 0.8018
vt 0.4728 0.8031
vt 0.4726 0.8053
vt 0.4721 0.8029
vt 0.4847 0.7907
vt 0.4844 0.7912
vt 0.4858 0.7923
vt 0.4873 0.7939
vt 0.4871 0.8007
vt 0.4817 0.8066
vt 0.4766 0.8076
vt 0.4726 0.8080
vt 0.4773 0.8134
vt 0.4770 0.8201
vt 0.4752 0.8188
vt 0.4807 0.8158
vt 0.4856 0.8134
vt 0.4882 0.8080
vt 0.4792 0.8207
vt 0.4719 0.8053
vt 0.4720 0.8081
vt 0.4726 0.8112
vt 0.4730 0.8148
vt 0.4738 0.8170
vt 0.4748 0.8195
vt 0.4769 0.8207
vt 0.4793 0.8214
vt 0.4821 0.8205
vt 0.4853 0.8189
vt 0.4732 0.8174
vt 0.4725 0.8149
vt 0.4719 0.8113
vt 0.4872 0.8174
vt 0.4891 0.8149
vt 0.4896 0.8155
vt 0.4906 0.8122
vt 0.4912 0.8126
vt 0.4921 0.8094
vt 0.4914 0.8090
vt 0.4917 0.8056
vt 0.4911 0.8019
vt 0.4896 0.7980
vt 0.4878 0.7936
vt 0.4864 0.7919
vt 0.4902 0.7977
vt 0.4918 0.8018
vt 0.4924 0.8056
vt 0.4876 0.8179
vt 0.4854 0.8198
vt 0.4823 0.8212
vt 0.4725 0.8000
vt 0.4776 0.7924
vt 0.8554 0.9016
vt 0.8558 0.8957
vt 0.8560 0.8957
vt 0.8556 0.9016
vt 0.8557 0.9061
vt 0.8559 0.9061
vt 0.8561 0.8914
vt 0.8562 0.8914
vt 0.8560 0.8957
vt 0.8517 0.9274
vt 0.8521 0.9231
vt 0.8522 0.9231
vt 0.8518 0.9274
vt 0.8532 0.9329
vt 0.8518 0.9274
vt 0.8532 0.9329
vt 0.8551 0.9111
vt 0.8559 0.9061
vt 0.8553 0.9111
vt 0.8528 0.9173
vt 0.8529 0.9173
vt 0.8522 0.9231
vt 0.9905 0.0895
vt 0.9912 0.0850
vt 0.9913 0.0850
vt 0.9906 0.0895
vt 0.9908 0.0941
vt 0.9909 0.0941
vt 0.9908 0.0988
vt 0.9909 0.0941
vt 0.9909 0.0988
vt 0.9911 0.1042
vt 0.9909 0.0988
vt 0.9913 0.1042
vt 0.1959 0.7684
vt 0.1957 0.7631
vt 0.1963 0.7737
vt 0.1961 0.7790
vt 0.1963 0.7737
vt 0.9912 0.0849
vt 0.9910 0.0805
vt 0.9912 0.0803
vt 0.9913 0.0850
vt 0.9275 0.1609
vt 0.9256 0.1673
vt 0.9294 0.1552
vt 0.9275 0.1608
vt 0.1443 0.9865
vt 0.1427 0.9764
vt 0.1458 0.9764
vt 0.1489 0.9774
vt 0.1515 0.9792
vt 0.1536 0.9772
vt 0.1534 0.9818
vt 0.1561 0.9804
vt 0.1544 0.9848
vt 0.1574 0.9843
vt 0.1544 0.9880
vt 0.1573 0.9884
vt 0.1534 0.9910
vt 0.1560 0.9923
vt 0.1516 0.9936
vt 0.1537 0.9957
vt 0.1504 0.9982
vt 0.1491 0.9956
vt 0.1461 0.9966
vt 0.1352 0.9912
vt 0.1342 0.9882
vt 0.1372 0.9938
vt 0.1398 0.9956
vt 0.1428 0.9966
vt 0.1385 0.9982
vt 0.1351 0.9958
vt 0.1325 0.9926
vt 0.1313 0.9887
vt 0.1342 0.9850
vt 0.1352 0.9819
vt 0.1371 0.9793
vt 0.1326 0.9806
vt 0.1350 0.9772
vt 0.1396 0.9774
vt 0.1383 0.9747
vt 0.1422 0.9734
vt 0.1463 0.9735
vt 0.1502 0.9748
vt 0.1443 0.9863
vt 0.1559 0.9806
vt 0.1569 0.9845
vt 0.1568 0.9885
vt 0.1555 0.9923
vt 0.1532 0.9956
vt 0.1500 0.9979
vt 0.1461 0.9990
vt 0.1420 0.9989
vt 0.1382 0.9976
vt 0.1349 0.9952
vt 0.1327 0.9920
vt 0.1316 0.9881
vt 0.1318 0.9841
vt 0.1330 0.9803
vt 0.1353 0.9771
vt 0.1386 0.9747
vt 0.1424 0.9737
vt 0.1465 0.9738
vt 0.1503 0.9750
vt 0.1535 0.9774
vt 0.1313 0.9846
vt 0.1424 0.9995
vt 0.1466 0.9995
vt 0.1443 0.9865
vt 0.1427 0.9764
vt 0.1458 0.9764
vt 0.1489 0.9774
vt 0.1515 0.9792
vt 0.1536 0.9772
vt 0.1534 0.9818
vt 0.1561 0.9804
vt 0.1544 0.9848
vt 0.1574 0.9843
vt 0.1544 0.9880
vt 0.1573 0.9884
vt 0.1534 0.9910
vt 0.1560 0.9923
vt 0.1516 0.9936
vt 0.1537 0.9957
vt 0.1504 0.9982
vt 0.1491 0.9956
vt 0.1461 0.9966
vt 0.1352 0.9912
vt 0.1342 0.9882
vt 0.1372 0.9938
vt 0.1398 0.9956
vt 0.1428 0.9966
vt 0.1385 0.9982
vt 0.1351 0.9958
vt 0.1325 0.9926
vt 0.1313 0.9887
vt 0.1342 0.9850
vt 0.1352 0.9819
vt 0.1371 0.9793
vt 0.1326 0.9806
vt 0.1350 0.9772
vt 0.1396 0.9774
vt 0.1383 0.9747
vt 0.1422 0.9734
vt 0.1463 0.9735
vt 0.1502 0.9748
vt 0.1443 0.9863
vt 0.1559 0.9806
vt 0.1569 0.9845
vt 0.1568 0.9885
vt 0.1555 0.9923
vt 0.1532 0.9956
vt 0.1500 0.9979
vt 0.1461 0.9990
vt 0.1420 0.9989
vt 0.1382 0.9976
vt 0.1349 0.9952
vt 0.1327 0.9920
vt 0.1316 0.9881
vt 0.1318 0.9841
vt 0.1330 0.9803
vt 0.1353 0.9771
vt 0.1386 0.9747
vt 0.1424 0.9737
vt 0.1465 0.9738
vt 0.1503 0.9750
vt 0.1535 0.9774
vt 0.1313 0.9846
vt 0.1424 0.9995
vt 0.1466 0.9995
vt 0.1443 0.9865
vt 0.1427 0.9764
vt 0.1458 0.9764
vt 0.1489 0.9774
vt 0.1515 0.9792
vt 0.1536 0.9772
vt 0.1534 0.9818
vt 0.1561 0.9804
vt 0.1544 0.9848
vt 0.1574 0.9843
vt 0.1544 0.9880
vt 0.1573 0.9884
vt 0.1534 0.9910
vt 0.1560 0.9923
vt 0.1516 0.9936
vt 0.1537 0.9957
vt 0.1504 0.9982
vt 0.1491 0.9956
vt 0.1461 0.9966
vt 0.1352 0.9912
vt 0.1342 0.9882
vt 0.1372 0.9938
vt 0.1398 0.9956
vt 0.1428 0.9966
vt 0.1385 0.9982
vt 0.1351 0.9958
vt 0.1325 0.9926
vt 0.1313 0.9887
vt 0.1342 0.9850
vt 0.1352 0.9819
vt 0.1371 0.9793
vt 0.1326 0.9806
vt 0.1350 0.9772
vt 0.1396 0.9774
vt 0.1383 0.9747
vt 0.1422 0.9734
vt 0.1463 0.9735
vt 0.1502 0.9748
vt 0.1443 0.9863
vt 0.1559 0.9806
vt 0.1569 0.9845
vt 0.1568 0.9885
vt 0.1555 0.9923
vt 0.1532 0.9956
vt 0.1500 0.9979
vt 0.1461 0.9990
vt 0.1420 0.9989
vt 0.1382 0.9976
vt 0.1349 0.9952
vt 0.1327 0.9920
vt 0.1316 0.9881
vt 0.1318 0.9841
vt 0.1330 0.9803
vt 0.1353 0.9771
vt 0.1386 0.9747
vt 0.1424 0.9737
vt 0.1465 0.9738
vt 0.1503 0.9750
vt 0.1535 0.9774
vt 0.1313 0.9846
vt 0.1424 0.9995
vt 0.1466 0.9995
vt 0.1537 0.9957
vt 0.1560 0.9923
vt 0.9640 0.1210
vt 0.9642 0.1099
vt 0.9754 0.1113
vt 0.9831 0.1410
vt 0.9837 0.1345
vt 0.9633 0.1553
vt 0.9669 0.1617
vt 0.9715 0.1625
vt 0.9705 0.1682
vt 0.9809 0.1685
vt 0.9750 0.1791
vt 0.9789 0.1797
vt 0.9850 0.1801
vt 0.9885 0.1758
vt 0.9893 0.1678
vt 0.9938 0.1683
vt 0.9900 0.1640
vt 0.9980 0.1627
vt 0.9906 0.1602
vt 0.9985 0.1594
vt 0.9911 0.1538
vt 0.9919 0.1457
vt 0.9827 0.1449
vt 0.9916 0.1413
vt 0.9831 0.1410
vt 0.9751 0.1426
vt 0.9757 0.1332
vt 0.9724 0.1569
vt 0.9814 0.1638
vt 0.9818 0.1590
vt 0.9637 0.1410
vt 0.9642 0.1318
vt 0.9750 0.1223
vt 0.9640 0.1210
vt 0.9837 0.1345
vt 0.9833 0.1232
vt 0.9832 0.1116
vt 0.9754 0.1113
vt 0.9642 0.1099
vt 0.9917 0.1108
vt 0.9913 0.1223
vt 0.9983 0.1111
vt 0.9987 0.1216
vt 0.9912 0.1342
vt 0.9991 0.1329
vt 0.9991 0.1412
vt 0.9994 0.1461
vt 0.9990 0.1536
vn 0.8032 0.0132 0.5956
vn 0.8974 -0.0478 0.4386
vn 0.9536 0.2211 -0.2042
vn 0.9204 -0.0319 0.3897
vn 0.9366 -0.0961 0.3371
vn 0.1418 0.7523 -0.6434
vn 0.4638 0.5075 -0.7261
vn 0.5365 0.8208 -0.1961
vn -0.4839 0.4951 -0.7216
vn 0.1009 0.5599 -0.8224
vn 0.0130 0.4074 -0.9131
vn 0.2365 0.5076 -0.8285
vn -0.1560 0.4489 -0.8798
vn 0.0931 0.6356 -0.7663
vn -0.5360 0.4901 -0.6873
vn -0.0238 0.6959 -0.7178
vn -0.6489 0.4947 -0.5781
vn -0.0919 0.6417 -0.7614
vn -0.6609 0.3558 -0.6608
vn -0.0907 0.5151 -0.8523
vn -0.6743 0.1416 -0.7247
vn 0.9893 -0.0303 0.1423
vn 0.9398 -0.0745 -0.3333
vn 0.9828 -0.0018 -0.1844
vn 0.2651 0.5589 -0.7857
vn -0.7538 0.3290 -0.5687
vn -0.8934 0.1862 -0.4089
vn -0.8492 0.2041 -0.4870
vn -0.8750 0.2609 -0.4078
vn -0.9004 0.2226 -0.3739
vn -0.9179 0.1013 -0.3835
vn -0.9272 0.0205 -0.3741
vn -0.7113 0.0720 -0.6992
vn -0.9922 0.0224 -0.1224
vn -0.9847 -0.0160 -0.1736
vn -0.6869 0.1030 -0.7194
vn -0.9544 -0.0481 -0.2946
vn -0.6458 0.3225 -0.6920
vn -0.9375 0.0299 -0.3468
vn 0.6048 -0.1930 0.7727
vn 0.7125 -0.0934 0.6954
vn 0.9397 -0.1739 0.2946
vn 0.9784 -0.1354 -0.1561
vn 0.8818 -0.0262 0.4709
vn 0.7128 -0.5554 0.4283
vn 0.8286 -0.5595 -0.0182
vn 0.0504 -0.9751 0.2159
vn 0.3179 -0.9164 -0.2430
vn -0.6128 -0.7324 -0.2967
vn -0.3382 -0.7267 -0.5979
vn -0.7732 -0.1386 -0.6188
vn -0.3274 -0.2730 -0.9045
vn -0.2855 -0.0079 -0.9583
vn 0.6810 -0.1161 -0.7230
vn 0.7203 0.1349 -0.6804
vn 0.9549 -0.0364 0.2947
vn 0.9362 0.0382 0.3492
vn 0.6954 -0.2198 0.6841
vn 0.9147 0.0803 0.3959
vn 0.5457 -0.3557 -0.7587
vn 0.7553 -0.2529 0.6046
vn 0.9797 0.0373 0.1967
vn 0.6842 -0.4297 0.5893
vn 0.9740 0.1243 -0.1893
vn 0.6261 -0.7796 -0.0137
vn 0.5192 0.1005 -0.8487
vn 0.0362 0.0351 -0.9987
vn 0.4552 0.3026 -0.8374
vn -0.0791 0.2798 -0.9568
vn 0.4576 0.3995 -0.7943
vn 0.0041 0.3948 -0.9187
vn 0.1724 0.1378 -0.9753
vn 0.6350 0.1932 -0.7479
vn 0.4562 -0.4165 -0.7864
vn 0.7435 -0.2136 -0.6337
vn 0.5173 -0.8390 -0.1685
vn 0.8811 -0.4726 -0.0173
vn 0.3852 -0.7917 0.4740
vn 0.5440 -0.3673 0.7544
vn 0.6577 -0.5355 0.5297
vn 0.9937 0.0184 0.1100
vn 0.9910 0.1137 0.0707
vn 0.9669 0.2481 -0.0601
vn 0.9350 0.3536 0.0271
vn 0.5190 -0.2127 0.8278
vn 0.1386 -0.5195 0.8431
vn 0.0762 -0.3323 0.9401
vn 0.6838 -0.1517 0.7137
vn 0.6339 -0.0408 0.7723
vn 0.8762 0.4679 0.1149
vn 0.7814 0.5447 -0.3045
vn 0.7424 0.5058 -0.4393
vn 0.4443 0.5210 -0.7288
vn 0.5849 0.4044 -0.7031
vn 0.5277 0.5999 -0.6014
vn 0.5096 0.3864 -0.7687
vn -0.3483 0.2342 -0.9076
vn 0.9995 -0.0190 0.0237
vn 0.8576 -0.3254 0.3983
vn 0.8093 -0.3113 0.4980
vn 0.8221 -0.1097 0.5586
vn 0.8238 -0.4688 0.3186
vn 0.9969 -0.0314 0.0713
vn 0.5542 0.1318 -0.8218
vn -0.4524 0.0791 -0.8883
vn -0.5198 -0.1238 -0.8453
vn 0.4349 -0.2571 -0.8629
vn -0.6007 -0.2849 -0.7469
vn 0.2773 -0.4938 -0.8242
vn -0.5741 -0.6587 -0.4862
vn 0.9754 -0.2032 -0.0853
vn -0.7455 0.0320 -0.6657
vn -0.8663 -0.0123 -0.4993
vn -0.9003 0.0210 -0.4347
vn -0.9085 -0.0905 -0.4079
vn -0.7898 -0.6001 -0.1264
vn 0.1479 -0.9546 -0.2585
vn 0.9006 -0.3625 -0.2396
vn 0.9363 -0.1286 0.3268
vn 0.8899 -0.0238 0.4555
vn -0.0189 -0.9456 0.3246
vn 0.7902 -0.6123 -0.0267
vn 0.7467 -0.5339 0.3966
vn 0.9395 0.0807 -0.3328
vn 0.9124 0.3052 0.2727
vn 0.9211 0.0651 -0.3837
vn 0.9592 0.0158 -0.2822
vn 0.9656 0.0876 0.2449
vn 0.9219 0.0035 0.3874
vn 0.1531 -0.2306 0.9609
vn 0.2749 0.1377 0.9515
vn -0.7912 -0.1748 0.5860
vn -0.7340 -0.0033 0.6792
vn -0.9946 -0.0837 0.0614
vn -0.9861 -0.1238 0.1112
vn -0.9596 -0.1588 0.2322
vn -0.7142 0.2203 0.6643
vn -0.9538 -0.0822 0.2888
vn -0.8151 0.2221 0.5349
vn -0.9298 0.0744 0.3605
vn -0.5730 0.4065 0.7116
vn -0.6223 0.3981 0.6740
vn -0.0172 0.6019 0.7983
vn 0.9937 0.0766 -0.0817
vn -0.1367 0.6525 0.7454
vn 0.3442 0.6906 0.6361
vn 0.3044 0.7045 0.6411
vn 0.7394 0.6290 0.2399
vn 0.7990 0.5587 0.2222
vn 0.7256 0.3627 -0.5847
vn 0.7389 0.3344 -0.5849
vn 0.4218 0.0584 -0.9048
vn 0.4309 0.0851 -0.8984
vn 0.7241 0.4299 -0.5392
vn 0.4254 0.0855 -0.9009
vn 0.6779 0.0625 -0.7324
vn 0.2815 -0.2627 -0.9229
vn 0.7356 -0.0457 -0.6759
vn 0.3804 -0.2526 -0.8896
vn 0.1638 -0.2747 -0.9474
vn 0.5848 -0.1170 -0.8027
vn 0.6213 -0.2718 -0.7349
vn 0.6780 0.6805 0.2777
vn 0.3557 0.6296 0.6907
vn 0.8283 0.5589 -0.0391
vn 0.7021 0.6043 0.3766
vn 0.3456 0.5252 0.7776
vn -0.0047 0.5246 0.8513
vn -0.0815 0.3596 0.9295
vn 0.9912 0.1238 -0.0471
vn 0.5678 0.2177 0.7938
vn 0.7240 -0.1697 0.6685
vn 0.9763 0.2162 -0.0038
vn 0.9310 0.3406 0.1311
vn 0.8934 0.4467 0.0469
vn 0.9435 0.2118 0.2548
vn 0.6597 0.5548 0.5069
vn 0.4987 0.4248 0.7555
vn 0.4275 0.6185 0.6593
vn 0.4221 0.3960 0.8155
vn -0.4220 0.1515 0.8938
vn -0.5083 -0.0121 0.8611
vn -0.7817 -0.0770 0.6189
vn 0.4565 0.1088 0.8830
vn 0.3728 0.3038 0.8767
vn 0.3676 0.4026 0.8383
vn 0.9228 -0.3819 0.0508
vn 0.5908 -0.7902 0.1626
vn 0.4510 -0.4080 0.7938
vn 0.1010 0.1046 0.9893
vn -0.0894 0.3459 0.9340
vn -0.1623 0.2213 0.9616
vn -0.0248 -0.0123 0.9996
vn 0.7016 -0.7124 0.0177
vn 0.7575 -0.3282 -0.5643
vn 0.9803 0.1455 -0.1335
vn 0.8108 -0.1446 -0.5672
vn 0.7388 -0.4390 -0.5113
vn 0.2396 -0.4594 -0.8553
vn 0.4916 -0.7238 -0.4841
vn 0.9227 0.1919 -0.3343
vn 0.7524 -0.1136 -0.6488
vn 0.9457 0.1498 -0.2882
vn 0.9688 0.0747 -0.2362
vn 0.6623 0.1718 0.7292
vn 0.6469 -0.0837 0.7580
vn -0.3375 -0.0853 0.9374
vn -0.3487 -0.3503 0.8693
vn -0.7889 -0.2470 0.5627
vn -0.2949 -0.7865 0.5425
vn -0.5497 -0.8045 0.2249
vn 0.3965 -0.8910 0.2210
vn 0.1632 -0.9528 -0.2558
vn 0.8796 -0.4735 0.0446
vn 0.7897 -0.4584 -0.4076
vn 0.9766 -0.0441 0.2104
vn 0.9053 0.0866 -0.4159
vn 0.7570 0.0142 -0.6533
vn 0.9679 -0.0633 -0.2431
vn 0.5352 -0.3372 0.7745
vn 0.6647 -0.0916 -0.7414
vn -0.1228 0.5011 -0.8566
vn 0.4085 0.6829 -0.6056
vn 0.4173 0.6846 -0.5976
vn 0.4226 0.6998 -0.5759
vn 0.4508 0.6791 -0.5793
vn 0.4594 0.6197 -0.6363
vn 0.4002 0.2210 -0.8894
vn 0.3276 0.4243 -0.8442
vn 0.9859 0.0086 -0.1670
vn 0.9951 0.0073 -0.0981
vn 0.8509 -0.0873 0.5179
vn 0.8288 0.5521 -0.0908
vn 0.7985 0.5885 -0.1265
vn 0.6516 0.3389 0.6786
vn 0.8533 0.5170 -0.0676
vn 0.6590 0.3058 0.6871
vn 0.3107 0.0804 0.9471
vn 0.3272 0.1271 0.9363
vn 0.7045 0.3577 0.6129
vn 0.7590 0.6185 -0.2034
vn 0.3498 0.0955 0.9319
vn 0.1957 -0.3314 0.9229
vn 0.2971 -0.3302 0.8959
vn 0.9698 -0.2029 -0.1352
vn 0.8954 -0.0757 0.4389
vn 0.9198 -0.3616 -0.1524
vn 0.9178 -0.1075 0.3821
vn 0.7032 -0.5094 0.4960
vn 0.7485 -0.6568 0.0913
vn 0.1344 -0.9722 -0.1915
vn 0.2796 -0.5271 -0.8025
vn -0.4945 -0.6673 -0.5568
vn -0.5524 -0.3180 -0.7704
vn -0.8605 -0.1208 -0.4949
vn -0.6178 -0.0837 -0.7819
vn -0.9408 0.1204 -0.3169
vn -0.5835 0.0689 -0.8092
vn -0.9116 -0.0437 -0.4088
vn -0.8373 0.0419 -0.5451
vn -0.4988 0.2598 -0.8268
vn -0.8073 0.0328 -0.5892
vn -0.0479 -0.9365 0.3474
vn -0.7320 -0.6323 -0.2536
vn -0.7367 -0.6695 0.0954
vn -0.7575 -0.5573 0.3400
vn -0.8229 -0.4395 0.3601
vn -0.8031 -0.5851 0.1128
vn -0.6573 -0.7295 -0.1892
vn -0.7497 -0.6283 -0.2079
vn -0.9379 -0.3333 0.0962
vn -0.8245 -0.4183 -0.3810
vn -0.8874 -0.4558 -0.0680
vn -0.6215 -0.5395 -0.5679
vn -0.4774 -0.8594 -0.1831
vn -0.4758 -0.6736 -0.5655
vn -0.3048 -0.5986 -0.7408
vn -0.2991 -0.9179 -0.2609
vn -0.2912 -0.8311 -0.4738
vn -0.2389 -0.9345 -0.2637
vn -0.2123 -0.8634 -0.4575
vn -0.2026 -0.8387 -0.5054
vn -0.5318 -0.7324 -0.4251
vn -0.4305 -0.8283 -0.3584
vn -0.4171 -0.8206 -0.3905
vn -0.1617 -0.9192 -0.3590
vn -0.4832 -0.7607 -0.4335
vn -0.1791 -0.5974 -0.7817
vn 0.3559 -0.4914 -0.7949
vn 0.3873 -0.1152 -0.9147
vn -0.8122 -0.5482 -0.1994
vn -0.7290 -0.6504 -0.2134
vn -0.7049 -0.6386 -0.3085
vn -0.7262 -0.6077 -0.3213
vn -0.6633 -0.5843 -0.4675
vn -0.1111 -0.1632 -0.9803
vn 0.3709 0.1355 -0.9187
vn -0.1072 0.1284 -0.9859
vn 0.2126 0.1605 -0.9639
vn -0.1802 0.1373 -0.9740
vn -0.5349 0.0919 -0.8399
vn -0.5334 0.1180 -0.8376
vn -0.6145 -0.2182 -0.7581
vn -0.1964 0.3205 -0.9266
vn 0.2667 0.3292 -0.9058
vn 0.2459 0.1502 -0.9575
vn -0.2096 0.0914 -0.9735
vn -0.6391 0.2235 -0.7359
vn -0.3581 0.2554 -0.8981
vn -0.7689 0.1804 -0.6133
vn -0.7901 -0.1879 -0.5835
vn -0.3672 -0.1788 -0.9128
vn -0.6504 -0.7141 -0.2588
vn -0.3134 -0.6530 -0.6894
vn 0.0998 -0.6326 -0.7680
vn -0.1509 -0.8950 -0.4197
vn -0.0457 -0.9669 -0.2510
vn -0.2163 -0.8176 -0.5336
vn -0.0493 -0.8361 -0.5463
vn -0.0137 -0.7347 -0.6782
vn 0.1199 -0.7284 -0.6745
vn -0.1684 -0.9857 0.0074
vn -0.5000 0.1323 -0.8559
vn -0.5248 -0.6894 0.4992
vn -0.8231 -0.2792 0.4944
vn -0.8973 -0.1800 0.4031
vn 0.0777 0.3101 -0.9475
vn -0.0930 0.2682 -0.9588
vn -0.3721 0.1369 -0.9180
vn -0.3232 0.2841 -0.9026
vn -0.6813 0.2156 -0.6995
vn -0.7502 0.1603 -0.6414
vn -0.3619 0.2687 -0.8926
vn -0.7774 -0.2307 -0.5851
vn -0.3833 -0.1828 -0.9053
vn -0.6774 -0.6967 -0.2358
vn -0.3433 -0.6878 -0.6395
vn -0.2096 -0.8982 -0.3864
vn -0.2308 -0.8223 -0.5201
vn -0.6506 0.0800 -0.7552
vn -0.6517 -0.6729 0.3500
vn -0.6623 -0.6705 0.3343
vn -0.5837 -0.6348 0.5063
vn -0.5392 -0.6320 0.5565
vn -0.4550 -0.4421 0.7729
vn -0.4318 -0.4274 0.7942
vn -0.4303 -0.4250 0.7963
vn -0.4104 -0.5981 0.6883
vn -0.4502 -0.5888 0.6713
vn -0.4021 -0.8169 0.4134
vn -0.5872 -0.6278 0.5108
vn -0.3261 -0.8565 0.4001
vn -0.6282 -0.6918 0.3561
vn -0.3170 -0.8351 0.4496
vn -0.5330 -0.7946 0.2905
vn -0.5210 -0.7898 0.3237
vn -0.8025 -0.5805 0.1379
vn -0.7833 -0.5755 0.2347
vn -0.5832 -0.7253 0.3658
vn -0.8022 -0.5432 0.2478
vn -0.4296 -0.4241 0.7972
vn -0.7464 -0.5329 0.3984
vn -0.2865 -0.6101 0.7387
vn -0.1877 -0.1946 0.9627
vn 0.3162 -0.1955 0.9283
vn 0.3248 0.0551 0.9442
vn -0.1549 0.0945 0.9834
vn 0.1673 0.0943 0.9814
vn -0.2257 0.1114 0.9678
vn -0.5741 0.1090 0.8115
vn -0.5699 0.1348 0.8106
vn -0.6792 -0.1873 0.7096
vn -0.8389 -0.3355 -0.4285
vn -0.7871 -0.4602 -0.4107
vn -0.7928 -0.5848 -0.1714
vn -0.8492 -0.4933 -0.1882
vn -0.7378 -0.6653 0.1139
vn -0.8205 -0.5561 0.1324
vn -0.9589 -0.2298 -0.1666
vn -0.8845 -0.3474 0.3114
vn -0.9313 -0.3642 -0.0063
vn -0.7067 -0.4973 0.5032
vn -0.5718 -0.8127 0.1115
vn -0.5753 -0.6455 0.5023
vn -0.4054 -0.8928 0.1962
vn -0.3475 -0.9157 0.2017
vn -0.1296 -0.7590 0.6380
vn -0.3301 -0.8139 0.4780
vn -0.2552 -0.2741 0.9272
vn -0.1048 -0.5846 0.8045
vn -0.6810 -0.5185 0.5171
vn 0.0555 -0.7427 0.6673
vn -0.1670 -0.8502 0.4993
vn 0.0039 -0.7664 0.6423
vn -0.2658 -0.9616 -0.0673
vn -0.5594 -0.6084 -0.5628
vn -0.8147 -0.1702 -0.5543
vn -0.8840 -0.0680 -0.4624
vn -0.1581 -0.9673 0.1984
vn -0.8420 -0.5263 0.1182
vn -0.7486 -0.2434 0.6166
vn -0.6934 0.0176 0.7203
vn -0.1952 -0.0715 0.9781
vn -0.0616 -0.0164 0.9980
vn -0.5275 0.0547 0.8477
vn -0.0013 -0.0841 0.9964
vn -0.3808 -0.1415 0.9138
vn -0.7927 -0.1081 0.5999
vn -0.8781 0.1508 0.4541
vn -0.9473 0.1035 0.3032
vn -0.9732 -0.1471 0.1765
vn -0.0122 -0.6733 0.7392
vn -0.2659 -0.8925 0.3642
vn -0.3442 -0.8165 0.4635
vn 0.2546 -0.5607 0.7879
vn -0.2753 -0.9127 0.3018
vn -0.3225 -0.8881 0.3275
vn -0.2980 -0.9399 0.1664
vn -0.4197 -0.6473 0.6362
vn -0.4393 -0.1805 0.8800
vn 0.1095 -0.1757 0.9783
vn 0.0771 0.1197 0.9898
vn -0.3857 0.2506 0.8879
vn 0.2416 0.2589 0.9351
vn -0.2205 0.2973 0.9290
vn 0.1998 0.0809 0.9765
vn -0.2595 0.0689 0.9633
vn -0.6579 0.2553 0.7085
vn -0.5364 0.1448 0.8314
vn -0.7338 -0.6539 0.1845
vn -0.8397 -0.1312 0.5270
vn -0.7835 0.2312 0.5767
vn -0.0333 -0.6913 0.7218
vn -0.4498 -0.6765 0.5830
vn -0.7574 -0.6328 0.1608
vn -0.8315 -0.1751 0.5271
vn -0.4553 -0.1826 0.8714
vn 0.0254 -0.2085 0.9777
vn 0.0790 0.1667 0.9828
vn -0.3878 0.2644 0.8830
vn -0.3485 0.2753 0.8959
vn -0.7687 0.2081 0.6047
vn -0.6983 0.2533 0.6695
vn -0.4127 0.1334 0.9010
vn -0.6849 0.1129 0.7198
vn -0.8875 -0.1248 0.4435
vn -0.9210 -0.0918 0.3784
vn -0.5517 -0.2183 0.8049
vn -0.9161 -0.2020 0.3462
vn -0.6099 -0.3815 0.6946
vn -0.7295 -0.6821 0.0501
vn -0.5298 -0.7370 0.4196
vn 0.2307 -0.9468 0.2242
vn 0.2792 -0.5047 0.8169
vn 0.9181 -0.2819 0.2786
vn 0.9847 -0.1082 0.1366
vn 0.9617 -0.0171 -0.2734
vn 0.9122 0.0890 -0.3999
vn 0.8597 0.0020 -0.5108
vn 0.9973 0.0726 -0.0105
vn 0.9958 0.0828 0.0376
vn 0.4896 0.1448 0.8598
vn 0.4091 -0.2557 0.8759
vn -0.2517 0.3856 0.8877
vn 0.1349 0.4859 0.8635
vn 0.3236 0.2145 0.9215
vn 0.3882 -0.6404 0.6627
vn 0.9685 0.0992 0.2281
vn 0.2330 0.4115 0.8811
vn 0.9818 0.1023 0.1600
vn 0.2817 0.1397 0.9492
vn 0.3074 -0.2736 0.9114
vn -0.6496 -0.1851 0.7374
vn -0.5598 -0.4108 0.7196
vn -0.8703 -0.2317 0.4345
vn -0.4539 -0.7412 0.4945
vn -0.6761 -0.7147 0.1790
vn 0.2230 -0.9623 0.1557
vn 0.0692 -0.9176 -0.3913
vn 0.7793 -0.4102 -0.4736
vn -0.2639 0.4268 0.8650
vn -0.5695 0.1659 0.8050
vn -0.6329 -0.0314 0.7736
vn -0.9648 0.0089 0.2629
vn -0.8670 -0.0703 0.4934
vn -0.8388 -0.0785 0.5388
vn -0.9241 -0.1559 0.3489
vn -0.8725 -0.0697 0.4836
vn 0.1886 -0.2019 -0.9611
vn -0.1138 -0.9593 -0.2586
vn -0.7473 -0.5307 -0.3998
vn 0.6946 -0.7004 -0.1642
vn 0.9054 -0.2744 -0.3241
vn 0.9735 -0.1375 0.1828
vn 0.7308 -0.5615 0.3880
vn -0.2551 -0.8397 0.4793
vn -0.9252 -0.3672 0.0953
vn -0.7668 -0.0656 -0.6385
vn 0.3460 0.1511 -0.9260
vn 0.9420 -0.2746 0.1929
vn 0.9444 0.0049 -0.3287
vn 0.9220 0.0372 -0.3853
vn 0.8164 -0.5727 -0.0739
vn 0.2862 -0.5365 0.7939
vn 0.9763 -0.1110 0.1860
vn 0.8837 0.0252 -0.4674
vn 0.9205 -0.1610 -0.3561
vn 0.8423 0.5082 0.1793
vn 0.3146 0.6848 0.6573
vn -0.2165 0.6081 0.7637
vn -0.7285 0.3969 0.5582
vn -0.9192 0.1505 0.3639
vn -0.8923 0.0926 0.4419
vn 0.3286 0.6836 0.6517
vn -0.2153 0.5181 0.8278
vn -0.7626 0.3164 0.5642
vn -0.9494 0.1709 0.2635
vn -0.2327 0.5145 0.8253
vn -0.8015 0.1738 0.5721
vn -0.9718 0.1086 0.2093
vn -0.9800 0.0312 0.1965
vn -0.8332 0.1143 0.5410
vn -0.5019 -0.6352 -0.5870
vn -0.3489 -0.5999 -0.7200
vn -0.3540 -0.4597 -0.8144
vn -0.3305 -0.4427 -0.8335
vn -0.3312 -0.4450 -0.8320
vn -0.3298 -0.4418 -0.8343
vn -0.5020 -0.6267 -0.5959
vn -0.4351 -0.6291 -0.6441
vn -0.5851 -0.6598 -0.4715
vn -0.5989 -0.6562 -0.4590
vn -0.6974 -0.5381 -0.4732
vn -0.8740 -0.4697 0.1244
vn -0.7654 -0.5191 0.3802
vn -0.1654 0.4901 -0.8558
vn 0.3528 0.1522 -0.9232
vn 0.3344 -0.2629 -0.9050
vn -0.7142 0.0199 -0.6996
vn -0.2306 0.1569 -0.9603
vn -0.6894 0.1012 -0.7173
vn -0.2150 0.3212 -0.9223
vn 0.7328 0.4353 -0.5228
vn 0.7815 0.5773 -0.2364
vn -0.7201 0.0555 -0.6916
vn -0.7107 0.2636 -0.6522
vn -0.7412 0.3650 -0.5633
vn -0.9789 -0.1256 0.1611
vn -0.9821 -0.0670 0.1759
vn -0.8567 0.2204 0.4663
vn -0.8857 0.1257 0.4469
vn -0.3289 0.6010 0.7284
vn -0.3637 0.5629 0.7422
vn 0.2898 0.7439 0.6022
vn 0.2669 0.7345 0.6239
vn 0.7886 0.5895 0.1749
vn 0.7968 0.5831 0.1582
vn 0.8577 0.1053 -0.5032
vn 0.8104 0.0432 -0.5843
vn 0.2018 -0.4332 -0.8784
vn 0.1467 -0.4498 -0.8809
vn -0.1727 -0.7126 -0.6799
vn -0.1173 -0.7305 -0.6728
vn -0.3249 -0.8173 -0.4758
vn -0.2341 -0.8388 -0.4915
vn -0.4979 -0.7809 -0.3771
vn -0.4943 -0.7833 -0.3769
vn -0.1529 -0.8498 -0.5044
vn -0.4904 -0.7855 -0.3773
vn 0.1620 -0.4915 -0.8556
vn 0.7918 0.0446 -0.6091
vn 0.7779 0.5994 0.1889
vn 0.2625 0.7264 0.6352
vn -0.3571 0.5488 0.7559
vn -0.8960 0.0664 0.4391
vn -0.9719 -0.1775 0.1547
vn -0.4810 0.0445 -0.8756
vn -0.0023 0.0283 -0.9996
vn 0.0644 -0.0330 -0.9974
vn -0.3112 -0.1323 -0.9411
vn -0.7417 -0.1565 -0.6522
vn -0.8615 0.0847 -0.5006
vn -0.9340 0.0231 -0.3566
vn -0.6491 -0.0155 -0.7605
vn -0.9411 -0.2350 -0.2431
vn -0.6829 -0.2857 -0.6723
vn -0.7749 -0.6016 -0.1938
vn -0.5929 -0.5574 -0.5811
vn 0.1701 -0.6984 -0.6952
vn -0.7101 -0.6228 0.3284
vn -0.8753 -0.4531 -0.1690
vn -0.1391 -0.8356 -0.5314
vn -0.0286 -0.9778 0.2077
vn 0.8060 -0.4647 -0.3666
vn 0.7527 -0.6345 0.1755
vn 0.9913 -0.0295 -0.1279
vn 0.9088 -0.1981 0.3671
vn 0.0976 -0.9250 -0.3672
vn 0.8464 -0.5303 0.0484
vn 0.8194 -0.4352 -0.3730
vn 0.0024 -0.5505 -0.8348
vn -0.1720 -0.2509 -0.9526
vn -0.1304 -0.0409 -0.9906
vn -0.7513 -0.0876 0.6541
vn -0.3002 0.0838 0.9502
vn -0.7361 -0.0052 0.6768
vn -0.2995 0.2506 0.9206
vn 0.6528 0.4796 0.5864
vn 0.7028 0.6402 0.3102
vn -0.7604 -0.0525 0.6473
vn -0.8060 0.2595 0.5320
vn -0.7703 0.1573 0.6179
vn -0.1892 -0.9554 -0.2266
vn 0.0797 -0.6535 -0.7527
vn 0.1027 -0.1549 -0.9826
vn 0.1175 0.2237 -0.9675
vn 0.8757 -0.2711 0.3996
vn 0.3623 -0.6467 -0.6711
vn 0.8644 -0.2026 -0.4602
vn 0.8848 -0.3668 -0.2874
vn 0.9080 -0.2168 -0.3584
vn 0.0495 0.2576 0.9650
vn -0.1250 0.2332 0.9644
vn -0.8433 0.0426 -0.5356
vn 0.1829 -0.1138 -0.9765
vn 0.1208 0.1771 -0.9767
vn 0.1604 0.5420 0.8249
vn 0.0262 0.7289 0.6840
vn 0.4367 0.8595 0.2656
vn 0.3665 0.5139 0.7755
vn 0.8303 0.1242 -0.5433
vn -0.2741 -0.8550 0.4403
vn -0.5807 -0.7607 0.2899
vn -0.5836 -0.7587 0.2894
vn -0.3415 -0.8389 0.4237
vn -0.0369 -0.6275 0.7778
vn -0.2318 -0.7556 0.6127
vn -0.0098 -0.5742 0.8186
vn 0.1176 -0.5079 0.8534
vn 0.7642 -0.0566 0.6424
vn 0.8253 0.0104 0.5646
vn 0.8499 0.5227 -0.0659
vn 0.8432 0.5309 -0.0844
vn 0.3709 0.7415 -0.5590
vn 0.3960 0.7476 -0.5330
vn -0.2572 0.6298 -0.7329
vn -0.2145 0.6667 -0.7137
vn -0.8306 0.2170 -0.5129
vn -0.7895 0.3134 -0.5276
vn -0.9654 -0.0496 -0.2560
vn -0.9633 0.0080 -0.2683
vn -0.5864 -0.7566 0.2893
vn -0.4189 -0.8130 0.4043
vn -0.2727 -0.7395 0.6154
vn -0.9627 -0.1005 -0.2510
vn -0.8473 0.1565 -0.5075
vn -0.2576 0.6125 -0.7472
vn 0.3630 0.7345 -0.5734
vn 0.8352 0.5416 -0.0949
vn 0.7399 -0.0617 0.6699
vn -0.7861 -0.5908 0.1815
vn -0.9063 -0.3976 0.1430
vn -0.6065 -0.7643 0.2192
vn -0.5440 -0.8099 0.2193
vn -0.6923 -0.6881 0.2174
vn -0.6876 -0.6929 0.2170
vn -0.6958 -0.6846 0.2173
vn -0.6977 -0.6825 0.2177
vn -0.7240 -0.6511 0.2277
vn -0.6941 -0.6864 0.2170
vn -0.7842 -0.5673 0.2514
vn -0.7572 -0.6076 0.2398
vn -0.8969 -0.3213 0.3037
vn -0.5531 -0.3775 0.7426
vn -0.4072 -0.5304 0.7436
vn -0.6223 -0.3273 0.7111
vn -0.3547 -0.2596 0.8982
vn -0.1954 -0.2718 0.9423
vn -0.1356 -0.3236 0.9364
vn 0.0329 -0.2843 0.9581
vn 0.0454 -0.4994 0.8652
vn 0.2089 -0.5239 0.8257
vn 0.1698 -0.6504 0.7403
vn 0.3108 -0.6641 0.6800
vn 0.3254 -0.5242 0.7870
vn 0.4833 -0.6153 0.6227
vn 0.4777 -0.4970 0.7244
vn 0.6461 -0.5461 0.5332
vn 0.6438 -0.4669 0.6062
vn 0.7651 -0.5097 0.3934
vn 0.7654 -0.4454 0.4645
vn 0.8596 -0.4206 0.2902
vn 0.8508 -0.3986 0.3423
vn 0.5115 -0.3536 0.7832
vn 0.3950 -0.3395 0.8536
vn 0.2523 -0.2928 0.9223
vn -0.0341 -0.2518 0.9672
vn -0.3479 -0.6883 0.6366
vn -0.3899 -0.8891 0.2397
vn -0.3696 -0.8005 0.4717
vn 0.9131 -0.3599 0.1917
vn 0.9079 -0.3617 0.2118
vn 0.9336 -0.3420 0.1071
vn 0.9316 -0.3446 0.1153
vn 0.9424 -0.3334 -0.0267
vn 0.9345 -0.3556 -0.0149
vn 0.9439 -0.3018 -0.1338
vn 0.9230 -0.3591 -0.1379
vn 0.9022 -0.3493 -0.2532
vn 0.8878 -0.3819 -0.2569
vn 0.8319 -0.3918 -0.3930
vn 0.8270 -0.4048 -0.3901
vn 0.7172 -0.4530 -0.5294
vn 0.7290 -0.4388 -0.5253
vn 0.5452 -0.4821 -0.6858
vn 0.5609 -0.4614 -0.6874
vn 0.3233 -0.5121 -0.7957
vn 0.3076 -0.4933 -0.8136
vn 0.8671 -0.2891 -0.4056
vn 0.9346 -0.2516 -0.2513
vn 0.9611 -0.2443 -0.1283
vn 0.9751 -0.2212 -0.0157
vn 0.9680 -0.2275 0.1055
vn 0.9366 -0.2280 0.2658
vn 0.8688 -0.2939 0.3985
vn 0.7914 -0.3251 0.5176
vn 0.6717 -0.3495 0.6532
vn -0.2533 -0.7110 0.6559
vn 0.2406 -0.2188 0.9456
vn 0.4348 -0.2518 0.8646
vn 0.5262 -0.2327 0.8179
vn 0.6724 -0.2038 0.7115
vn 0.7933 -0.1523 0.5894
vn 0.8730 -0.0993 0.4773
vn 0.9505 -0.0901 0.2972
vn 0.9875 -0.1027 0.1195
vn 0.0768 -0.6035 0.7936
vn 0.2279 -0.6566 0.7190
vn 0.3099 -0.6553 0.6888
vn 0.4806 -0.6091 0.6308
vn 0.5961 -0.6252 0.5037
vn 0.6385 -0.6679 0.3823
vn 0.6527 -0.7336 0.1890
vn 0.6803 -0.7312 0.0494
vn 0.9904 -0.1368 -0.0209
vn 0.6238 -0.7800 -0.0498
vn 0.9739 -0.1701 -0.1503
vn 0.5920 -0.7995 -0.1011
vn 0.5899 -0.7997 -0.1118
vn 0.5372 -0.8417 -0.0541
vn 0.5745 -0.8185 -0.0016
vn 0.5164 -0.8502 0.1022
vn 0.4946 -0.8415 0.2172
vn 0.2121 -0.9561 0.2021
vn 0.2570 -0.9077 0.3318
vn 0.0308 -0.9476 0.3178
vn -0.0241 -0.9201 0.3910
vn -0.1375 -0.8985 0.4169
vn 0.9257 -0.1242 0.3573
vn -0.0020 -0.9992 0.0394
vn -0.0627 -0.9980 -0.0044
vn -0.0936 -0.9942 -0.0528
vn 0.0005 -0.9458 -0.3246
vn -0.6171 -0.7834 0.0733
vn 0.5462 -0.8101 -0.2130
vn -0.9595 -0.0855 0.2683
vn -0.9883 -0.1162 0.0990
vn -0.9899 -0.1415 -0.0025
vn -0.9742 -0.1868 -0.1265
vn -0.9245 -0.2485 -0.2889
vn -0.9071 -0.2409 -0.3450
vn -0.9005 -0.2514 -0.3546
vn -0.8613 -0.2524 -0.4410
vn -0.8166 -0.2468 -0.5218
vn -0.7682 -0.2530 -0.5881
vn -0.7660 -0.2537 -0.5906
vn -0.6475 -0.2446 -0.7217
vn -0.6616 -0.2080 -0.7204
vn -0.5647 -0.1074 -0.8183
vn -0.5550 -0.0897 -0.8270
vn -0.4581 -0.1509 -0.8760
vn -0.4521 -0.1663 -0.8763
vn -0.3508 -0.1466 -0.9249
vn -0.3135 -0.1512 -0.9374
vn -0.0706 -0.2029 -0.9766
vn -0.0291 -0.2053 -0.9782
vn 0.0670 -0.2220 -0.9727
vn 0.0536 -0.1655 -0.9847
vn 0.0600 -0.1883 -0.9803
vn -0.5366 -0.2614 0.8023
vn -0.7445 -0.5159 0.4237
vn -0.5413 -0.8404 -0.0270
vn -0.4908 -0.8573 -0.1552
vn -0.0612 -0.8836 -0.4642
vn 0.4120 -0.2993 -0.8606
vn 0.3353 -0.3876 -0.8586
vn 0.1339 -0.3484 -0.9277
vn 0.0416 -0.4507 -0.8917
vn 0.0650 -0.1671 -0.9838
vn 0.0268 -0.5386 -0.8421
vn -0.5705 -0.4281 0.7009
vn 0.1089 -0.5597 -0.8215
vn 0.0825 -0.5434 -0.8354
vn -0.1134 -0.5615 -0.8197
vn -0.0828 -0.5090 -0.8567
vn -0.2449 -0.5117 -0.8235
vn -0.2942 -0.4739 -0.8300
vn -0.3346 -0.5685 -0.7515
vn -0.3812 -0.5154 -0.7674
vn -0.4717 -0.5932 -0.6524
vn -0.4348 -0.5941 -0.6767
vn -0.4972 -0.4522 -0.7405
vn -0.4646 -0.4948 -0.7343
vn -0.6453 -0.4176 -0.6396
vn -0.6111 -0.4255 -0.6674
vn -0.7154 -0.3356 -0.6128
vn -0.7170 -0.3673 -0.5924
vn -0.8169 -0.3610 -0.4498
vn -0.8358 -0.3433 -0.4284
vn -0.4215 -0.4379 -0.7941
vn -0.3945 -0.4125 -0.8211
vn -0.4190 -0.2969 -0.8580
vn -0.2957 -0.3184 -0.9007
vn -0.0223 -0.3365 -0.9414
vn 0.1525 -0.3358 -0.9295
vn 0.3140 -0.3603 -0.8784
vn 0.5930 -0.3592 -0.7206
vn 0.7822 -0.3160 -0.5370
vn 0.9270 -0.2246 -0.3004
vn 0.8612 -0.2568 -0.4386
vn 0.7696 -0.3097 -0.5584
vn 0.6164 -0.3208 -0.7191
vn 0.3867 -0.2807 -0.8784
vn 0.1902 -0.2447 -0.9507
vn -0.0520 -0.3242 -0.9445
vn 0.5089 -0.8401 -0.1874
vn 0.4040 -0.8767 -0.2609
vn 0.5025 -0.7451 -0.4385
vn 0.4001 -0.7461 -0.5322
vn 0.1836 -0.7698 -0.6113
vn -0.0461 -0.7991 -0.5993
vn -0.2422 -0.8894 -0.3876
vn -0.2249 -0.3010 -0.9267
vn -0.3035 -0.8289 -0.4699
vn -0.3827 -0.2039 -0.9011
vn -0.0866 -0.6882 0.7203
vn -0.3881 -0.6544 -0.6489
vn -0.1602 -0.7258 0.6690
vn -0.2771 -0.8870 0.3693
vn -0.2466 -0.9684 -0.0376
vn -0.0234 -0.9724 -0.2319
vn 0.0613 -0.9713 -0.2296
vn 0.2310 -0.9278 -0.2928
vn -0.1217 -0.9926 0.0002
vn 0.0080 -0.9995 -0.0316
vn 0.9021 0.0002 -0.4315
vn -0.8644 -0.3126 -0.3938
vn -0.8414 -0.2991 -0.4500
vn -0.8248 -0.3371 -0.4538
vn -0.8150 -0.3130 -0.4876
vn -0.8180 -0.2926 -0.4952
vn -0.7387 -0.5983 -0.3103
vn -0.6408 -0.7667 -0.0395
vn 0.1291 -0.8299 0.5427
vn -0.5033 -0.8330 0.2295
vn 0.0447 -0.7734 0.6323
vn -0.6295 -0.7576 -0.1724
vn -0.3949 -0.8643 0.3114
vn -0.5871 -0.4787 -0.6527
vn -0.4895 -0.8703 -0.0546
vn -0.4313 -0.2618 -0.8634
vn -0.4197 -0.9048 -0.0723
vn 0.3711 -0.6802 0.6320
vn 0.3415 -0.5963 0.7265
vn 0.1781 -0.6235 0.7613
vn 0.1507 -0.5529 0.8195
vn 0.1491 -0.4208 0.8948
vn 0.5421 -0.4837 0.6871
vn 0.5825 -0.5498 0.5986
vn 0.0205 -0.9396 0.3415
vn -0.0750 -0.9471 0.3119
vn -0.2281 -0.0254 0.9733
vn -0.2614 -0.0274 0.9648
vn -0.3341 -0.0341 0.9419
vn -0.0028 -0.0035 1.0000
vn -0.0650 -0.0169 0.9977
vn 0.0655 -0.0816 0.9945
vn 0.0564 -0.0355 0.9978
vn 0.1765 -0.1490 0.9729
vn 0.2306 0.0759 0.9701
vn 0.2535 -0.1206 0.9598
vn 0.5549 0.1424 0.8196
vn 0.7474 0.2385 0.6200
vn 0.8934 0.1939 0.4053
vn -0.3465 -0.9330 0.0970
vn -0.3817 -0.8935 0.2364
vn -0.3910 -0.1357 -0.9103
vn -0.4754 -0.2526 -0.8427
vn -0.6947 -0.2907 -0.6579
vn -0.8077 -0.3118 -0.5004
vn -0.7838 -0.3739 -0.4957
vn -0.6343 -0.3737 -0.6767
vn -0.2628 0.2835 -0.9222
vn -0.2340 0.2527 -0.9388
vn 0.0337 0.2872 -0.9572
vn -0.3917 0.3290 -0.8592
vn -0.3292 0.5071 -0.7965
vn -0.4824 0.4708 -0.7386
vn -0.5054 0.5767 -0.6418
vn -0.6732 0.4991 -0.5455
vn -0.6566 0.4417 -0.6113
vn -0.7907 0.4632 -0.4002
vn -0.7764 0.4249 -0.4654
vn -0.8823 0.3634 -0.2991
vn -0.8602 0.3739 -0.3467
vn -0.9339 0.2986 -0.1965
vn -0.9178 0.3344 -0.2137
vn -0.9533 0.2835 -0.1041
vn -0.9408 0.3197 -0.1126
vn -0.9608 0.2755 0.0318
vn -0.9422 0.3346 0.0171
vn -0.9617 0.2385 0.1351
vn -0.9590 0.2522 0.1290
vn -0.9330 0.3334 0.1356
vn -0.8995 0.3527 0.2578
vn -0.9737 0.2272 0.0142
vn -0.9668 0.2325 -0.1057
vn -0.9359 0.2311 -0.2659
vn -0.8679 0.2974 -0.3978
vn -0.7937 0.3265 -0.5132
vn -0.6768 0.3498 -0.6477
vn -0.5090 0.3468 -0.7878
vn -0.4200 0.2727 -0.8656
vn -0.7906 0.1697 -0.5883
vn -0.6706 0.2275 -0.7060
vn -0.5187 0.2552 -0.8159
vn -0.2077 0.6763 -0.7067
vn -0.0632 0.6262 -0.7770
vn -0.5970 0.3638 0.7150
vn -0.6037 0.3560 0.7133
vn -0.7606 0.3346 0.5564
vn -0.7788 0.3227 0.5378
vn -0.8474 0.2921 0.4434
vn -0.8609 0.2987 0.4117
vn -0.9164 0.2563 0.3074
vn -0.9300 0.2618 0.2580
vn -0.9658 0.2040 0.1596
vn -0.9869 0.1598 0.0231
vn -0.9841 0.1335 -0.1168
vn -0.9477 0.1156 -0.2975
vn -0.8707 0.1248 -0.4756
vn -0.3355 0.6270 -0.7031
vn -0.5068 0.5835 -0.6345
vn -0.6564 0.5237 -0.5430
vn -0.7377 0.5308 -0.4172
vn -0.7871 0.5759 -0.2207
vn -0.7777 0.6258 -0.0602
vn -0.7450 0.6644 0.0586
vn -0.6965 0.7042 0.1375
vn -0.6489 0.7208 0.2437
vn 0.2535 0.9639 -0.0815
vn 0.1789 0.9838 -0.0096
vn -0.2087 0.7446 0.6341
vn -0.4105 0.7344 0.5405
vn 0.1213 0.9916 0.0445
vn -0.5185 0.7304 0.4445
vn 0.0732 0.9926 0.0968
vn -0.5603 0.7602 0.3290
vn 0.1051 0.9944 0.0025
vn 0.0103 0.9987 0.0497
vn -0.0295 0.9984 0.0472
vn -0.1556 0.9862 0.0567
vn -0.1598 0.9869 0.0223
vn -0.1824 0.9825 -0.0377
vn 0.3115 0.5610 -0.7669
vn 0.4841 0.5989 -0.6379
vn 0.6287 0.6129 -0.4785
vn 0.6921 0.6226 -0.3651
vn 0.7291 0.5930 -0.3417
vn 0.6988 0.6943 -0.1721
vn 0.7086 0.7024 -0.0670
vn 0.6262 0.7788 0.0360
vn 0.6465 0.7588 0.0789
vn 0.6047 0.7779 0.1706
vn 0.0250 0.1238 -0.9920
vn 0.2604 0.1610 -0.9520
vn 0.5060 0.1788 -0.8438
vn 0.7155 0.1623 -0.6795
vn 0.8204 0.1178 -0.5595
vn 0.8951 0.1703 -0.4120
vn 0.9398 0.2223 -0.2595
vn 0.9644 0.2446 -0.1003
vn 0.9614 0.2744 0.0203
vn 0.9417 0.3081 0.1351
vn 0.8940 0.3469 0.2835
vn 0.5961 0.7519 0.2816
vn 0.8434 0.3365 0.4187
vn 0.5509 0.7307 0.4031
vn 0.7441 0.3368 0.5770
vn 0.5066 0.7028 0.4993
vn 0.6626 0.2988 0.6868
vn 0.5014 0.6485 0.5728
vn 0.5734 0.2564 0.7782
vn 0.4723 0.6460 0.5996
vn 0.4653 0.3277 0.8222
vn 0.3764 0.7655 0.5218
vn 0.3392 0.3235 0.8833
vn 0.2303 0.7071 0.6686
vn 0.0629 0.3474 0.9356
vn 0.1560 0.6218 0.7675
vn 0.0180 0.3372 0.9413
vn 0.1446 0.6540 0.7425
vn -0.0441 0.4560 0.8889
vn -0.0694 0.6422 0.7634
vn -0.2201 0.5166 0.8274
vn -0.1484 0.9832 -0.1059
vn -0.0991 0.9879 -0.1194
vn 0.0129 0.9954 -0.0950
vn 0.1202 0.9895 -0.0804
vn 0.2290 0.9727 -0.0381
vn 0.2118 0.9574 -0.1964
vn 0.3432 0.9391 -0.0190
vn 0.3627 0.9286 0.0778
vn 0.4651 0.8852 0.0014
vn 0.2344 0.6745 -0.7001
vn 0.3408 0.6765 -0.6528
vn 0.4455 0.5566 -0.7012
vn 0.6475 0.4663 -0.6028
vn 0.1939 0.2838 -0.9391
vn 0.3625 0.2699 -0.8920
vn 0.5410 0.2739 -0.7951
vn 0.7331 0.5389 -0.4149
vn 0.6913 0.2929 -0.6605
vn 0.7374 0.6615 -0.1367
vn 0.8336 0.2951 -0.4669
vn 0.9370 0.2705 -0.2208
vn 0.9069 0.2814 -0.3135
vn 0.9554 0.2270 -0.1886
vn 0.8592 0.3355 -0.3863
vn 0.8866 0.3468 -0.3059
vn 0.7861 0.3448 -0.5130
vn 0.7659 0.4136 -0.4923
vn 0.8438 0.3493 -0.4074
vn 0.7805 0.3461 -0.5206
vn 0.6987 0.4486 -0.5573
vn 0.6750 0.4933 -0.5486
vn 0.6841 0.3574 -0.6358
vn 0.5165 0.3934 -0.7605
vn 0.3104 0.3420 -0.8869
vn 0.1244 0.3173 -0.9401
vn -0.0419 0.2736 -0.9609
vn 0.5225 0.7125 -0.4682
vn 0.5232 0.6282 -0.5758
vn 0.3667 0.5511 -0.7495
vn 0.1198 0.5566 -0.8220
vn -0.0539 0.4715 -0.8802
vn -0.2215 0.5075 -0.8326
vn -0.3262 0.6475 -0.6887
vn -0.1859 0.6323 -0.7520
vn -0.0582 0.6006 -0.7974
vn 0.1025 0.7408 -0.6638
vn 0.3528 0.7277 -0.5882
vn -0.9257 0.2800 0.2540
vn -0.8560 0.3278 0.3997
vn -0.8371 0.3785 0.3950
vn -0.7405 0.3963 0.5427
vn -0.7396 0.4137 0.5308
vn -0.5659 0.4226 0.7078
vn -0.5778 0.4292 0.6942
vn -0.3496 0.4335 0.8305
vn -0.3192 0.4557 0.8309
vn -0.1294 0.5008 0.8558
vn -0.0809 0.5260 0.8466
vn 0.0758 0.5176 0.8523
vn 0.0602 0.4927 0.8681
vn 0.2177 0.4767 0.8516
vn 0.2786 0.4670 0.8392
vn 0.3167 0.5361 0.7824
vn 0.4162 0.3132 0.8536
vn 0.3673 0.5106 0.7774
vn 0.4299 0.5933 0.6806
vn 0.2904 0.3307 0.8979
vn 0.0137 0.3435 0.9390
vn -0.1470 0.3402 0.9288
vn -0.2989 0.3738 0.8780
vn 0.7767 0.3811 0.5014
vn 0.8048 0.3420 0.4850
vn 0.7027 0.3017 0.6443
vn 0.6373 0.3702 0.6759
vn 0.4869 0.2763 0.8285
vn 0.4270 0.4428 0.7884
vn 0.3952 0.1752 0.9017
vn 0.3974 0.4400 0.8052
vn 0.3919 0.2494 0.8855
vn 0.2255 0.3325 0.9157
vn 0.0596 0.3436 0.9372
vn -0.1853 0.2673 0.9456
vn -0.3746 0.3168 0.8714
vn 0.0235 0.7537 0.6567
vn 0.2188 0.7898 0.5729
vn 0.2965 0.7936 0.5312
vn 0.3673 0.7239 0.5840
vn 0.4610 0.5602 0.6883
vn 0.0576 0.8802 -0.4711
vn 0.7065 0.6900 0.1572
vn 0.7321 0.6332 0.2510
vn 0.7519 0.6356 0.1747
vn 0.2481 0.8538 -0.4576
vn 0.6897 0.6625 0.2921
vn 0.3078 0.8728 -0.3788
vn 0.5964 0.5819 0.5529
vn 0.3468 0.8955 -0.2790
vn 0.3194 0.8990 -0.2995
vn 0.1980 0.8550 -0.4792
vn 0.2455 0.8799 -0.4068
vn 0.3087 0.9436 -0.1192
vn 0.1897 0.9368 -0.2938
vn -0.3899 0.6049 -0.6943
vn -0.4562 0.4900 -0.7428
vn -0.3451 0.4767 -0.8084
vn -0.2898 0.4120 -0.8638
vn -0.1420 0.4060 -0.9027
vn -0.0566 0.3225 -0.9449
vn 0.0820 0.3995 -0.9131
vn 0.2449 0.6095 -0.7539
vn -0.3941 0.6326 -0.6667
vn -0.4913 0.5163 -0.7015
vn -0.5578 0.4255 -0.7126
vn -0.8299 0.0479 -0.5558
vn -0.6859 -0.0117 -0.7276
vn -0.5123 0.0157 -0.8586
vn -0.2334 0.1662 -0.9580
vn -0.1337 0.1741 -0.9756
vn -0.0272 0.1419 -0.9895
vn 0.4570 0.5571 0.6934
vn 0.4878 0.4042 0.7737
vn 0.4652 0.4822 0.7423
vn 0.6461 0.3941 0.6536
vn 0.6121 0.4181 0.6712
vn 0.7031 0.3117 0.6391
vn 0.7059 0.3640 0.6076
vn 0.8195 0.3432 0.4589
vn 0.8451 0.3229 0.4260
vn 0.8739 0.3109 0.3736
vn 0.8631 0.2900 0.4134
vn 0.8329 0.3345 0.4409
vn 0.8332 0.3309 0.4429
vn 0.8188 0.3272 0.4716
vn 0.4865 0.8640 0.1298
vn 0.4568 0.8811 0.1226
vn -0.0252 0.8468 0.5313
vn 0.1951 0.9120 0.3607
vn -0.3219 0.6993 0.6382
vn 0.3694 0.9000 0.2315
vn -0.1674 0.8659 0.4714
vn -0.5035 0.5182 0.6913
vn -0.4936 0.6534 0.5739
vn 0.8238 0.5591 -0.0937
vn 0.9775 0.1900 -0.0912
vn 0.8315 0.4047 -0.3804
vn 0.8858 0.2605 -0.3840
vn 0.8734 0.3185 -0.3683
vn 0.9249 0.0718 -0.3734
vn 0.9250 0.0749 -0.3726
vn -0.0058 -0.9581 -0.2863
vn -0.0700 -0.9724 -0.2225
vn -0.0855 -0.9848 -0.1508
vn -0.0331 -0.9771 -0.2102
vn -0.1686 -0.9638 0.2063
vn -0.2624 -0.9486 0.1770
vn -0.2471 -0.8271 0.5048
vn -0.3844 -0.8210 0.4221
vn -0.2440 -0.8329 0.4968
vn -0.3432 -0.8433 0.4135
vn -0.2146 -0.8293 0.5159
vn -0.3157 -0.8413 0.4387
vn -0.2366 -0.7528 0.6142
vn -0.3628 -0.7881 0.4971
vn -0.1359 -0.7140 0.6868
vn -0.2341 -0.7808 0.5792
vn -0.0095 -0.7289 0.6845
vn -0.1712 -0.7599 0.6270
vn 0.0147 -0.7655 0.6432
vn -0.1609 -0.7284 0.6660
vn -0.5879 -0.6760 0.4442
vn -0.6471 -0.7211 0.2477
vn -0.7479 -0.6522 0.1240
vn -0.6965 -0.7009 0.1536
vn -0.5683 -0.7992 0.1954
vn -0.5524 -0.8102 0.1960
vn -0.3650 -0.9310 -0.0048
vn -0.0663 -0.9633 -0.2600
vn -0.0058 -0.9497 -0.3132
vn -0.8985 -0.3758 -0.2268
vn -0.9329 -0.3308 -0.1423
vn -0.9278 -0.3601 -0.0980
vn -0.8062 -0.5902 -0.0400
vn -0.5388 -0.8212 -0.1879
vn -0.1600 -0.8917 -0.4233
vn -0.0622 -0.8885 -0.4547
vn -0.9455 -0.1144 -0.3049
vn -0.9618 -0.1668 -0.2171
vn -0.6744 -0.6151 -0.4084
vn -0.1415 -0.8086 -0.5710
vn -0.0684 -0.8244 -0.5618
vn -0.9062 -0.1235 -0.4042
vn -0.8525 0.1792 -0.4910
vn -0.9053 0.1907 -0.3795
vn -0.7609 -0.2910 -0.5799
vn -0.1785 -0.8139 -0.5529
vn -0.0613 -0.8011 -0.5954
vn -0.0590 -0.8022 -0.5941
vn -0.6125 0.5248 -0.5911
vn -0.5809 0.1218 -0.8048
vn -0.3349 -0.8099 -0.4815
vn -0.1610 -0.8713 -0.4636
vn -0.1216 -0.8992 -0.4202
vn -0.4183 -0.5702 -0.7070
vn -0.3059 -0.8685 -0.3900
vn -0.2821 -0.8786 -0.3854
vn 0.1698 -0.7642 -0.6222
vn 0.1472 -0.6878 -0.7108
vn 0.1576 -0.4789 -0.8636
vn -0.0995 0.1001 -0.9900
vn -0.2260 0.6501 -0.7254
vn -0.5791 0.4597 -0.6732
vn -0.7694 0.1074 -0.6297
vn -0.8608 -0.2055 -0.4655
vn -0.8821 -0.4556 -0.1193
vn -0.9412 -0.3310 0.0674
vn -0.9702 -0.2178 -0.1064
vn -0.5321 -0.6880 0.4934
vn -0.8684 -0.2334 -0.4373
vn -0.7697 0.0866 -0.6324
vn -0.6130 0.0201 -0.7898
vn -0.3861 0.2834 -0.8778
vn -0.4606 0.3703 -0.8066
vn -0.4568 0.5477 -0.7010
vn -0.3938 0.3457 -0.8517
vn -0.7698 0.2049 -0.6045
vn -0.9885 -0.0390 -0.1463
vn -0.9652 -0.1262 0.2289
vn -0.6420 0.2305 -0.7312
vn -0.2846 0.6016 -0.7463
vn -0.8480 0.1699 -0.5020
vn -0.5941 0.6053 -0.5297
vn -0.2734 0.7463 -0.6069
vn 0.1011 0.4827 -0.8699
vn -0.2350 0.4068 -0.8827
vn 0.0964 0.4824 -0.8706
vn -0.2250 0.4335 -0.8726
vn -0.1332 0.6314 -0.7639
vn -0.8327 0.3670 -0.4145
vn -0.0207 0.7000 -0.7138
vn 0.0022 0.6073 -0.7944
vn -0.0437 0.7280 -0.6841
vn -0.0964 0.5148 -0.8518
vn -0.1131 0.3933 -0.9124
vn -0.1961 0.6860 -0.7006
vn 0.2225 -0.7741 -0.5927
vn 0.2375 -0.7534 -0.6131
vn 0.3527 -0.5964 -0.7210
vn 0.3758 0.1236 -0.9184
vn 0.2806 0.6748 -0.6825
vn 0.3169 0.6797 -0.6615
vn 0.2710 0.5380 -0.7981
vn 0.2296 0.7268 -0.6473
vn 0.2682 0.7368 -0.6206
vn 0.3268 0.6124 -0.7198
vn 0.2641 0.6944 -0.6693
vn 0.6946 0.6427 -0.3231
vn 0.7305 0.5952 -0.3347
vn 0.8593 0.5093 -0.0463
vn 0.9575 0.1462 -0.2483
vn 0.7623 0.4934 -0.4188
vn 0.9933 -0.0237 0.1129
vn 0.6503 0.5445 -0.5297
vn 0.6656 0.5206 -0.5347
vn 0.6328 0.6679 -0.3916
vn 0.7299 0.5767 -0.3669
vn 0.7614 0.3777 -0.5269
vn 0.9212 0.3875 -0.0342
vn 0.8421 0.3302 0.4263
vn 0.8318 -0.3854 0.3994
vn 0.6555 -0.7519 -0.0702
vn 0.7309 -0.6213 -0.2823
vn 0.7798 -0.5187 -0.3504
vn 0.9452 0.3194 -0.0677
vn 0.9197 0.0659 0.3870
vn 0.9519 0.0311 0.3047
vn 0.9426 0.2889 0.1674
vn 0.5242 0.5736 -0.6294
vn 0.9387 0.3366 -0.0735
vn 0.9514 0.2465 -0.1845
vn 0.9717 0.2344 0.0280
vn 0.9802 0.1973 -0.0176
vn 0.9131 0.1167 0.3907
vn 0.7483 -0.0375 0.6623
vn 0.9495 -0.0835 0.3024
vn 0.9436 -0.0917 0.3180
vn 0.8076 -0.1410 0.5726
vn 0.8198 -0.3236 0.4725
vn 0.7646 -0.3138 0.5628
vn 0.7690 -0.1997 0.6073
vn 0.7471 -0.1599 0.6452
vn 0.8533 0.0467 0.5192
vn 0.9896 0.0059 0.1438
vn 0.6286 0.6151 -0.4759
vn 0.1227 0.5922 -0.7964
vn 0.1025 0.7219 -0.6844
vn 0.2353 0.8213 -0.5196
vn 0.3966 -0.4840 0.7800
vn 0.4844 -0.4714 0.7369
vn 0.8419 -0.1443 0.5199
vn 0.9648 -0.2564 -0.0580
vn 0.8971 0.4262 -0.1166
vn 0.4357 0.8876 -0.1491
vn 0.2798 0.7407 -0.6108
vn 0.1524 0.6144 -0.7741
vn 0.7257 0.4918 -0.4811
vn 0.6828 0.5924 -0.4275
vn 0.6654 -0.4364 0.6056
vn 0.9301 -0.3644 -0.0456
vn 0.9163 -0.3248 -0.2341
vn 0.9803 0.1606 0.1153
vn 0.9286 0.2451 -0.2785
vn 0.5766 0.1774 -0.7975
vn 0.0721 0.6837 -0.7262
vn 0.5191 0.5455 -0.6579
vn 0.9696 0.1741 -0.1721
vn 0.9569 0.2036 0.2068
vn 0.9666 -0.1238 -0.2241
vn 0.9618 -0.1205 0.2458
vn 0.8248 -0.5098 0.2443
vn 0.8919 -0.4494 -0.0491
vn 0.9015 -0.2960 0.3156
vn 0.7191 -0.6351 0.2819
vn 0.5541 -0.6343 0.5390
vn 0.9811 -0.1830 -0.0621
vn 0.7187 -0.5487 0.4271
vn 0.3520 -0.6351 0.6875
vn 0.4321 -0.5211 0.7360
vn 0.7312 -0.5910 0.3407
vn 0.5362 -0.6464 0.5428
vn 0.2731 -0.6235 0.7325
vn 0.1669 -0.5948 0.7863
vn 0.1385 -0.6686 0.7306
vn 0.4028 -0.5780 0.7097
vn 0.2258 -0.7516 0.6198
vn 0.4601 -0.6346 0.6209
vn 0.4523 -0.5893 0.6694
vn 0.3577 -0.6995 0.6186
vn 0.4693 -0.6178 0.6309
vn 0.3639 -0.7129 0.5994
vn 0.8812 0.2008 -0.4280
vn 0.9831 -0.1691 -0.0704
vn 0.9532 -0.2342 0.1909
vn 0.7735 -0.3341 0.5385
vn 0.4792 -0.5437 0.6890
vn 0.6285 -0.3828 0.6771
vn 0.6937 -0.3744 0.6153
vn 0.8211 -0.2264 0.5240
vn 0.8443 -0.3608 0.3962
vn 0.9567 -0.2900 0.0234
vn 0.9664 -0.2465 -0.0726
vn 0.9249 0.1221 -0.3601
vn 0.9968 -0.0383 -0.0694
vn 0.8422 0.2600 -0.4722
vn 0.5852 0.4813 -0.6526
vn 0.8229 -0.4646 0.3271
vn 0.7041 -0.3717 0.6050
vn 0.6156 -0.5225 0.5899
vn 0.6408 -0.3808 0.6665
vn 0.6390 -0.4682 0.6103
vn 0.5712 -0.4140 0.7088
vn -0.0219 -0.7263 0.6870
vn -0.1262 -0.7327 0.6687
vn -0.0275 -0.7027 0.7109
vn -0.1238 -0.7831 0.6095
vn -0.0093 -0.7392 0.6733
vn 0.0403 -0.7674 0.6399
vn -0.1094 -0.7871 0.6070
vn 0.0739 -0.7317 0.6776
vn -0.1389 -0.7429 0.6548
vn 0.0926 -0.7334 0.6734
vn -0.1821 -0.7365 0.6514
vn 0.0959 -0.7218 0.6854
vn -0.2224 -0.7239 0.6530
vn 0.0721 -0.6465 0.7595
vn -0.2576 -0.5747 0.7768
vn 0.0567 -0.5817 0.8114
vn -0.3967 -0.3958 0.8282
vn -0.7414 -0.3417 0.5774
vn -0.7164 -0.3270 0.6163
vn -0.7612 -0.4386 0.4776
vn -0.7196 -0.5102 0.4710
vn -0.6587 -0.4194 0.6247
vn -0.6005 -0.5717 0.5590
vn -0.5575 -0.6809 0.4749
vn -0.4624 -0.7266 0.5081
vn -0.1431 -0.3819 0.9131
vn 0.0056 0.8042 -0.5943
vn 0.0495 0.8058 -0.5901
vn 0.0043 0.7533 -0.6576
vn 0.1561 0.6299 -0.7608
vn 0.7211 0.5544 -0.4155
vn 0.3958 0.5082 -0.7649
vn 0.4906 0.7788 -0.3908
vn 0.4796 0.2848 -0.8300
vn 0.2947 0.4190 -0.8588
vn 0.9775 0.1329 -0.1635
vn 0.9497 -0.0589 0.3074
vn 0.6322 0.3868 -0.6713
vn 0.5156 0.3273 -0.7919
vn 0.0163 0.5759 -0.8173
vn 0.1742 0.4718 -0.8643
vn -0.1439 0.6294 -0.7636
vn -0.1056 0.5993 -0.7935
vn -0.2380 0.8355 -0.4952
vn 0.8317 0.1982 -0.5185
vn 0.5441 0.4712 -0.6942
vn 0.7956 -0.1655 0.5827
vn 0.9586 -0.1241 0.2562
vn 0.9857 -0.0809 0.1475
vn 0.9679 0.1033 -0.2289
vn 0.6538 0.4945 -0.5727
vn 0.0452 0.5633 -0.8250
vn -0.3751 0.5054 -0.7771
vn -0.7436 0.3023 -0.5963
vn -0.4583 0.4955 -0.7378
vn -0.0002 0.6232 -0.7820
vn 0.7421 0.3371 -0.5794
vn 0.4949 0.4898 -0.7177
vn 0.3222 0.5677 -0.7575
vn -0.0624 0.6657 -0.7436
vn -0.2875 0.6679 -0.6865
vn -0.4683 0.5348 -0.7033
vn -0.6781 0.4006 -0.6161
vn -0.8032 0.2353 -0.5473
vn -0.9922 0.0766 -0.0987
vn -0.8446 0.0001 -0.5354
vn -0.9945 -0.0999 0.0292
vn -0.9583 -0.2790 0.0612
vn -0.9272 -0.2523 0.2770
vn -0.8974 -0.0793 0.4339
vn -0.9521 0.2919 -0.0910
vn -0.5763 0.4624 -0.6738
vn -0.2829 0.5972 -0.7505
vn -0.2378 0.5867 -0.7741
vn -0.2553 0.6346 -0.7295
vn -0.3913 0.5035 -0.7703
vn -0.2480 0.5540 -0.7947
vn -0.8025 0.1465 -0.5783
vn -0.2656 0.6016 -0.7533
vn -0.8179 0.1147 -0.5638
vn -0.5498 0.1859 -0.8143
vn -0.7846 0.0609 -0.6170
vn -0.8838 -0.3207 -0.3406
vn -0.8438 -0.3980 -0.3599
vn -0.9275 -0.3612 -0.0963
vn -0.9367 -0.3494 -0.0221
vn -0.5646 -0.1748 -0.8066
vn -0.6667 0.5385 -0.5152
vn -0.9024 -0.1990 -0.3822
vn -0.7786 0.4887 -0.3936
vn -0.6331 0.6422 -0.4321
vn -0.8968 0.1245 -0.4245
vn -0.7661 -0.5405 -0.3478
vn -0.7671 0.1304 -0.6282
vn -0.4264 0.5770 -0.6965
vn -0.4267 0.6752 -0.6016
vn -0.5570 0.6105 -0.5631
vn -0.9435 -0.3300 -0.0288
vn -0.9259 -0.3744 0.0501
vn -0.9710 -0.2271 -0.0739
vn -0.9641 -0.2321 -0.1286
vn -0.5585 0.1020 -0.8232
vn -0.9818 -0.1210 -0.1459
vn -0.9471 -0.2477 0.2041
vn -0.9254 -0.3088 0.2196
vn -0.7837 -0.3413 0.5190
vn -0.8984 -0.2219 0.3789
vn -0.7267 -0.1435 0.6717
vn -0.8801 -0.4581 0.1244
vn -0.9436 -0.2862 0.1664
vn -0.9710 0.0303 0.2372
vn -0.9161 0.1111 0.3851
vn -0.8625 0.4566 -0.2181
vn -0.8906 0.2894 -0.3507
vn -0.8913 -0.2801 -0.3564
vn -0.8050 -0.4642 -0.3695
vn -0.6753 -0.4346 -0.5959
vn -0.8612 -0.3356 -0.3817
vn -0.9103 -0.2117 -0.3557
vn -0.8644 0.0288 -0.5018
vn -0.9990 -0.0350 -0.0278
vn -0.8740 0.3561 -0.3306
vn -0.9727 -0.1991 -0.1187
vn -0.9378 0.2150 -0.2724
vn -0.7655 0.6195 -0.1739
vn -0.9601 0.1243 0.2503
vn -0.8842 0.2270 0.4082
vn -0.9098 0.3298 -0.2518
vn -0.8572 0.2165 -0.4672
vn -0.9192 0.0555 -0.3897
vn -0.9645 -0.0074 -0.2639
vn -0.9108 0.1032 -0.3996
vn -0.5184 0.2306 0.8234
vn -0.7267 0.2563 0.6373
vn -0.7111 0.2438 0.6594
vn -0.5114 0.2356 0.8264
vn -0.7163 0.2101 0.6654
vn -0.4823 0.2104 0.8503
vn -0.7021 0.1783 0.6894
vn -0.5688 0.3354 0.7509
vn -0.4214 0.1359 0.8966
vn -0.4742 0.6762 0.5638
vn -0.4955 0.1930 0.8469
vn -0.4928 0.1930 0.8484
vn -0.4504 0.2087 0.8681
vn -0.5047 0.1877 0.8426
vn -0.5321 0.2045 0.8216
vn -0.5523 0.2255 0.8025
vn -0.5270 0.2419 0.8147
vn -0.9074 0.1838 0.3778
vn -0.5583 0.5812 0.5919
vn -0.6787 0.3879 0.6236
vn -0.7761 0.4233 0.4675
vn -0.7434 0.5390 0.3959
vn -0.5779 0.4447 0.6843
vn -0.8458 0.3811 0.3734
vn -0.6583 0.3397 0.6717
vn -0.9139 0.2282 0.3355
vn -0.7197 0.2460 0.6491
vn -0.9445 0.1486 0.2931
vn -0.7408 0.1888 0.6446
vn -0.9356 0.1623 0.3134
vn -0.7327 0.2479 0.6337
vn -0.9065 0.2533 0.3377
vn -0.8968 0.2638 0.3551
vn -0.9290 0.1988 0.3121
vn -0.9792 0.1216 0.1625
vn -0.9148 0.0960 0.3924
vn -0.8683 0.2492 0.4288
vn -0.9344 0.2198 0.2802
vn -0.8767 0.1170 0.4666
vn -0.9310 0.0523 0.3612
vn -0.9984 0.0281 0.0479
vn -0.9777 -0.0354 0.2068
vn -0.8414 0.0210 0.5400
vn -0.9784 0.1120 0.1736
vn -0.9347 0.2581 0.2445
vn -0.8663 0.2806 0.4133
vn -0.8979 0.2230 0.3794
vn -0.9387 0.1588 0.3059
vn -0.9209 0.1609 0.3550
vn -0.9214 0.3215 0.2183
vn -0.9315 0.2177 0.2911
vn -0.9147 0.2303 0.3319
vn -0.9012 0.2644 0.3432
vn -0.9830 0.1808 -0.0310
vn -0.9943 0.0643 -0.0854
vn -0.8465 0.4892 0.2097
vn -0.8242 0.3276 -0.4619
vn -0.8679 0.3427 -0.3596
vn -0.9181 0.2628 -0.2966
vn -0.9358 0.2692 -0.2276
vn -0.9348 0.2127 -0.2842
vn -0.9430 0.1812 -0.2792
vn -0.9512 0.1889 -0.2439
vn -0.9662 -0.0009 -0.2578
vn -0.9727 -0.0783 -0.2183
vn -0.9880 -0.0857 -0.1280
vn -0.9497 -0.0711 -0.3048
vn -0.9760 -0.1916 -0.1033
vn -0.9082 0.3287 0.2589
vn -0.9866 0.1632 0.0017
vn -0.9329 0.1177 -0.3402
vn -0.9303 0.3296 -0.1607
vn -0.9360 0.3005 -0.1832
vn -0.9326 0.2440 -0.2658
vn -0.9273 0.2320 -0.2936
vn -0.9470 0.2459 -0.2068
vn -0.9547 0.1520 -0.2557
vn -0.9620 0.1032 -0.2529
vn -0.9633 0.2600 -0.0659
vn -0.8943 0.1452 0.4233
vn -0.9509 0.1142 0.2875
vn -0.9951 0.0970 0.0211
vn -0.9164 0.3793 -0.1278
vn -0.9237 0.1812 -0.3375
vn -0.2574 0.3938 -0.8824
vn -0.2133 0.3012 -0.9294
vn -0.3821 0.3837 -0.8407
vn -0.4228 0.5417 -0.7264
vn -0.3283 0.5987 -0.7305
vn -0.4425 0.6218 -0.6462
vn -0.4074 0.3226 -0.8543
vn -0.5222 0.1381 -0.8415
vn -0.4991 -0.2487 -0.8301
vn -0.8401 -0.2750 -0.4675
vn -0.7666 0.1974 -0.6110
vn -0.8325 0.3445 -0.4338
vn -0.9578 0.2870 0.0157
vn -0.9518 0.2991 0.0670
vn -0.9948 0.0899 0.0477
vn -0.3887 -0.2263 -0.8931
vn -0.5590 0.2166 0.8003
vn -0.5198 0.1646 0.8383
vn -0.5182 0.2893 0.8048
vn -0.5066 0.2098 0.8362
vn -0.4696 0.3692 0.8019
vn -0.4899 0.3930 0.7782
vn -0.4903 0.5019 0.7125
vn -0.4545 0.4492 0.7691
vn -0.4339 0.5897 0.6811
vn -0.4196 0.4157 0.8069
vn -0.3485 0.3475 0.8704
vn -0.4872 0.2195 0.8452
vn -0.5379 0.0103 0.8429
vn -0.7911 0.0595 0.6088
vn -0.2958 0.0486 0.9540
vn -0.9979 -0.0167 -0.0620
vn -0.9818 -0.1377 -0.1306
vn -0.9904 -0.0728 -0.1177
vn -0.9964 -0.0285 -0.0792
vn -0.9920 -0.1078 0.0649
vn -0.9949 0.0515 -0.0864
vn -0.9944 -0.0989 0.0374
vn -0.9766 0.0008 -0.2151
vn -0.8217 0.1491 -0.5500
vn -0.7335 0.1992 -0.6498
vn -0.5020 0.1573 -0.8504
vn -0.3614 0.1861 -0.9136
vn -0.3246 0.0219 -0.9456
vn -0.3403 0.1388 -0.9300
vn -0.2860 0.2198 -0.9326
vn -0.3264 0.2007 -0.9237
vn -0.2792 0.2126 -0.9364
vn -0.2658 0.2077 -0.9413
vn -0.3539 0.1980 -0.9141
vn -0.9480 0.2462 -0.2017
vn -0.9525 0.2515 -0.1715
vn -0.9807 0.1780 -0.0803
vn -0.9915 0.1225 -0.0443
vn -0.9666 0.1972 -0.1635
vn -0.7218 0.2017 -0.6620
vn -0.3330 0.1993 -0.9216
vn -0.2582 0.2660 -0.9287
vn -0.3219 0.2802 -0.9043
vn -0.2664 0.3215 -0.9086
vn -0.3041 0.2746 -0.9122
vn -0.2331 0.3004 -0.9249
vn -0.3202 0.2781 -0.9056
vn -0.7020 0.2272 -0.6749
vn -0.6872 0.2581 -0.6790
vn -0.9742 0.2159 -0.0662
vn -0.9672 0.1802 -0.1791
vn -0.7095 0.2627 -0.6538
vn -0.6990 0.3984 -0.5938
vn -0.6666 0.4799 -0.5704
vn -0.6074 0.5744 -0.5488
vn -0.6150 0.5967 -0.5155
vn -0.7453 0.5724 -0.3417
vn -0.9765 0.1345 -0.1685
vn -0.9521 0.2017 -0.2298
vn -0.8084 0.5111 -0.2920
vn -0.9973 0.0720 -0.0078
vn -0.9792 0.1992 -0.0394
vn 0.0180 0.2395 -0.9707
vn 0.0484 0.2960 -0.9539
vn -0.0911 0.2031 -0.9749
vn 0.1431 0.2432 -0.9593
vn 0.1873 0.2099 -0.9596
vn 0.0116 0.1968 -0.9803
vn 0.1476 0.1773 -0.9730
vn -0.0165 0.1949 -0.9807
vn 0.1355 0.2285 -0.9640
vn -0.0086 0.2679 -0.9634
vn 0.1178 0.2655 -0.9568
vn -0.0229 0.3016 -0.9531
vn 0.0856 0.2553 -0.9630
vn -0.1080 0.3041 -0.9465
vn 0.0709 0.2822 -0.9567
vn -0.1174 0.3245 -0.9386
vn 0.1481 0.3572 -0.9222
vn -0.0721 0.4282 -0.9008
vn 0.1565 0.4686 -0.8694
vn -0.0300 0.6463 -0.7625
vn 0.4496 0.5714 -0.6865
vn 0.1396 0.6488 -0.7480
vn 0.1038 0.3123 -0.9443
vn 0.5189 0.3970 -0.7570
vn 0.5538 0.3404 -0.7598
vn 0.5554 0.3374 -0.7600
vn 0.5612 0.2406 -0.7919
vn 0.5668 0.1494 -0.8101
vn 0.5543 0.1460 -0.8194
vn 0.5634 0.1291 -0.8160
vn 0.5340 0.1218 -0.8367
vn 0.5956 0.1468 -0.7897
vn 0.4292 0.2886 -0.8559
vn 0.8225 0.0796 -0.5631
vn 0.8171 0.1455 -0.5578
vn 0.8082 0.1744 -0.5625
vn 0.7976 0.1848 -0.5742
vn 0.7602 0.3641 -0.5381
vn 0.7327 0.4874 -0.4749
vn 0.8151 0.1308 -0.5643
vn 0.9392 0.0544 -0.3389
vn 0.9413 0.1228 -0.3144
vn 0.9369 0.1667 -0.3072
vn 0.9434 0.1985 -0.2657
vn 0.8865 0.4096 -0.2151
vn 0.8358 0.4832 -0.2607
vn 0.9209 0.1951 -0.3373
vn 0.8116 0.2159 -0.5428
vn 0.4882 0.3497 -0.7996
vn -0.0600 0.2814 -0.9577
vn -0.0922 -0.2041 -0.9746
vn 0.0866 -0.1478 -0.9852
vn 0.5804 0.0295 -0.8137
vn 0.8378 -0.1219 -0.5322
vn 0.9765 -0.1727 -0.1284
vn 0.9964 0.0045 -0.0841
vn 0.9848 0.0864 -0.1506
vn 0.9838 0.1747 -0.0405
vn 0.9552 0.2902 0.0580
vn 0.9994 0.0327 0.0088
vn 0.9280 0.0728 0.3653
vn 0.9229 -0.2348 0.3049
vn 0.8783 -0.1541 0.4526
vn 0.9669 0.0845 0.2408
vn 0.9969 -0.0774 -0.0146
vn 0.9961 0.0088 0.0877
vn 0.9968 0.0785 0.0145
vn 0.9578 0.2764 -0.0787
vn 0.9663 0.2541 0.0401
vn 0.9681 0.2327 -0.0921
vn 0.9827 0.1816 0.0358
vn 0.9904 0.1264 -0.0559
vn 0.9796 0.1942 0.0501
vn 0.9822 0.1848 -0.0330
vn 0.9901 0.1393 0.0159
vn 0.9979 0.0559 -0.0313
vn 0.9033 0.4140 0.1126
vn 0.5524 0.2958 0.7793
vn 0.5703 0.3169 0.7579
vn 0.2690 0.3407 0.9008
vn 0.2593 0.5385 0.8017
vn 0.5201 0.4759 0.7092
vn 0.2457 0.6594 0.7105
vn 0.4867 0.5527 0.6765
vn 0.2784 0.3182 0.9062
vn 0.6099 0.2361 0.7564
vn 0.8704 0.2535 0.4221
vn 0.7619 0.5472 0.3465
vn 0.8851 0.4134 0.2137
vn 0.9170 0.3943 0.0593
vn 0.9797 0.1851 0.0771
vn 0.9911 0.1068 0.0798
vn 0.2322 0.2049 0.9508
vn 0.2458 0.2454 0.9377
vn 0.0854 0.2402 0.9669
vn 0.0901 0.3231 0.9420
vn 0.2573 0.3094 0.9154
vn 0.0827 0.3785 0.9219
vn 0.0705 0.4757 0.8767
vn 0.0877 0.6235 0.7768
vn 0.1534 0.4043 0.9016
vn 0.0930 -0.0104 0.9956
vn 0.2492 -0.1667 0.9540
vn 0.6490 -0.1971 0.7348
vn 0.9915 0.1124 0.0646
vn 0.9976 0.0499 -0.0482
vn 0.9766 0.1874 0.1057
vn 0.9945 0.1027 0.0200
vn 0.9163 0.2187 0.3355
vn 0.9300 0.0350 0.3658
vn 0.9074 0.0192 0.4198
vn 0.9116 0.0709 0.4050
vn 0.5890 0.1935 0.7846
vn 0.5852 0.1914 0.7879
vn 0.2214 0.1857 0.9573
vn 0.5802 0.1946 0.7909
vn 0.5790 0.2398 0.7793
vn 0.9385 0.0234 0.3445
vn 0.9984 -0.0148 0.0551
vn 0.9973 0.0150 -0.0715
vn 0.9912 0.0913 0.0956
vn 0.9803 -0.1108 0.1636
vn 0.9759 -0.2162 -0.0283
vn 0.9988 -0.0474 0.0128
vn 0.9395 0.1215 0.3202
vn 0.9186 0.1144 0.3781
vn 0.5323 0.2537 0.8076
vn 0.2083 0.2085 0.9556
vn 0.1133 0.1973 0.9738
vn 0.0951 0.2275 0.9691
vn 0.1715 0.2191 0.9605
vn 0.0890 0.1939 0.9769
vn 0.0548 0.1918 0.9799
vn 0.8606 -0.3512 0.3687
vn 0.9250 -0.3287 -0.1906
vn 0.8614 -0.1693 -0.4789
vn 0.9604 -0.0761 -0.2680
vn 0.9671 0.0692 0.2448
vn 0.9112 0.1455 0.3854
vn 0.9520 0.0758 0.2964
vn 0.9628 0.0120 0.2700
vn 0.8370 0.2343 0.4944
vn 0.5508 0.3171 0.7720
vn 0.2515 0.2204 0.9424
vn 0.1523 0.1809 0.9716
vn 0.0641 0.1998 0.9777
vn 0.1057 0.2336 0.9666
vn 0.9331 0.1198 -0.3390
vn 0.9293 0.1421 -0.3410
vn 0.9474 0.0169 -0.3194
vn 0.9559 0.0461 -0.2901
vn 0.9972 0.0146 0.0735
vn 0.8982 -0.2222 0.3793
vn 0.8040 0.1503 -0.5752
vn 0.8109 -0.0008 -0.5852
vn 0.8328 -0.0086 -0.5535
vn 0.8238 -0.1181 -0.5544
vn 0.7771 -0.0776 -0.6245
vn 0.9646 0.2273 0.1335
vn 0.9419 0.2023 0.2680
vn 0.9163 0.0754 0.3932
vn 0.9437 0.0884 0.3188
vn 0.9167 0.1627 0.3649
vn 0.8875 0.2555 0.3834
vn 0.8292 0.4115 0.3783
vn 0.9183 0.3223 0.2296
vn 0.9682 0.0671 0.2410
vn 0.9737 0.0038 0.2276
vn 0.7204 0.6284 -0.2934
vn 0.8345 0.5431 -0.0930
vn 0.7514 0.6581 -0.0472
vn 0.7609 0.6270 -0.1667
vn 0.8933 0.4102 -0.1835
vn 0.7615 0.5771 -0.2950
vn 0.8830 0.3440 -0.3193
vn 0.7328 0.5310 -0.4254
vn 0.8559 0.2568 -0.4489
vn 0.8008 0.2600 -0.5394
vn 0.9030 0.1050 -0.4166
vn 0.8157 0.1415 -0.5608
vn 0.8049 0.4650 -0.3686
vn 0.6364 0.5221 -0.5677
vn 0.6335 0.7574 -0.1581
vn 0.4202 0.8389 -0.3459
vn 0.4872 0.4288 -0.7607
vn 0.2542 0.7490 -0.6118
vn 0.6914 0.3860 -0.6106
vn 0.3645 0.6268 -0.6886
vn 0.8518 0.1783 -0.4926
vn 0.6248 0.0819 -0.7764
vn 0.6819 0.2185 -0.6980
vn 0.7491 0.5016 -0.4327
vn 0.9514 0.2802 -0.1272
vn 0.8377 0.1818 -0.5149
vn 0.6578 0.2289 -0.7175
vn 0.6119 0.4360 -0.6598
vn 0.6766 0.4898 -0.5499
vn 0.5873 0.7094 -0.3896
vn 0.6171 0.7403 -0.2667
vn 0.5878 0.7965 -0.1415
vn 0.5734 0.8183 -0.0402
vn 0.9273 0.3254 -0.1849
vn 0.8624 0.4011 -0.3089
vn 0.0670 0.9805 -0.1846
vn 0.7627 0.4792 -0.4342
vn 0.7071 0.4544 -0.5418
vn 0.7111 0.4170 -0.5660
vn 0.7370 0.3283 -0.5908
vn 0.7280 0.2927 -0.6199
vn 0.6930 0.3103 -0.6507
vn 0.8575 0.1995 -0.4741
vn 0.7819 0.2565 -0.5681
vn 0.7683 0.3767 -0.5175
vn 0.6565 0.4660 -0.5931
vn 0.5116 0.6178 -0.5971
vn 0.5419 0.6662 -0.5124
vn 0.7655 0.4643 -0.4454
vn 0.7010 0.6805 -0.2131
vn 0.6962 0.6923 -0.1897
vn 0.6370 0.6934 -0.3367
vn 0.8376 0.5054 -0.2071
vn 0.8426 0.4953 -0.2111
vn 0.7105 0.7002 -0.0692
vn 0.7513 0.6522 -0.1008
vn -0.0316 0.9995 -0.0059
vn 0.1352 0.9876 -0.0796
vn -0.3922 0.9198 0.0095
vn -0.4070 0.9122 0.0473
vn 0.0152 0.9965 -0.0822
vn -0.3684 0.9294 0.0206
vn -0.4228 0.8993 0.1112
vn 0.0150 0.9805 -0.1957
vn -0.3143 0.9493 0.0076
vn 0.0996 0.9531 -0.2858
vn -0.3589 0.9242 -0.1304
vn 0.0238 0.9172 -0.3976
vn -0.4630 0.8431 -0.2734
vn -0.1010 0.9902 0.0967
vn 0.6949 0.7162 0.0642
vn -0.4238 0.9043 0.0512
vn -0.4372 0.8706 0.2255
vn -0.4035 0.8223 0.4012
vn -0.4830 -0.0528 0.8740
vn -0.3863 -0.6509 0.6535
vn -0.2541 -0.8744 0.4134
vn 0.0570 -0.9831 -0.1737
vn 0.0583 -0.9821 -0.1793
vn 0.0319 -0.9892 -0.1426
vn 0.0340 -0.9880 -0.1508
vn 0.0149 -0.9914 -0.1302
vn 0.0140 -0.9913 -0.1307
vn 0.1415 -0.5343 -0.8333
vn 0.1331 -0.5926 -0.7944
vn 0.2027 0.1317 -0.9703
vn 0.2037 0.1185 -0.9718
vn 0.2039 0.0192 -0.9788
vn 0.2040 0.0189 -0.9788
vn 0.2047 0.0334 -0.9782
vn 0.2049 0.0366 -0.9781
vn 0.2060 0.0509 -0.9772
vn 0.2061 0.0496 -0.9773
vn 0.2068 0.0611 -0.9765
vn 0.2069 0.0692 -0.9759
vn 0.2069 0.1177 -0.9713
vn 0.2072 0.1381 -0.9685
vn 0.1366 0.8302 -0.5404
vn 0.1394 0.8171 -0.5593
vn -0.0123 0.9900 0.1404
vn -0.0189 0.9869 0.1601
vn -0.0068 0.9959 0.0903
vn -0.0080 0.9958 0.0913
vn -0.0270 0.9931 0.1141
vn -0.0287 0.9929 0.1157
vn -0.0743 0.9806 0.1811
vn -0.0844 0.9767 0.1971
vn -0.0743 0.9826 0.1699
vn -0.0531 0.9898 0.1321
vn -0.3994 0.6385 0.6578
vn -0.4633 0.4643 0.7548
vn -0.5060 -0.2833 0.8146
vn -0.5046 -0.2840 0.8153
vn -0.5055 -0.2262 0.8326
vn -0.5042 -0.2256 0.8336
vn -0.4971 -0.2145 0.8408
vn -0.4947 -0.2202 0.8407
vn -0.4890 -0.1788 0.8538
vn -0.4884 -0.1634 0.8572
vn -0.4871 -0.0942 0.8683
vn -0.4863 -0.0942 0.8687
vn -0.4829 -0.0420 0.8747
vn 0.8511 0.5061 -0.1395
vn 0.7276 0.6785 -0.1004
vn 0.8563 0.4499 0.2534
vn 0.7589 0.3572 0.5444
vn 0.9281 0.3008 0.2194
vn 0.7573 0.2594 0.5993
vn 0.9709 0.1574 0.1806
vn 0.7334 0.1108 0.6707
vn 0.9898 0.0285 0.1394
vn 0.9199 0.0645 0.3867
vn 0.9843 0.0257 0.1745
vn 0.8342 0.0182 0.5511
vn 0.7596 0.1317 0.6369
vn 0.4364 0.1479 0.8874
vn 0.7156 -0.4934 0.4944
vn 0.1948 0.1199 0.9734
vn 0.1323 -0.5945 0.7931
vn 0.3572 -0.9335 -0.0310
vn 0.0151 -0.9913 0.1307
vn 0.3798 -0.9163 -0.1264
vn 0.9647 -0.0367 -0.2607
vn 0.9720 0.0826 0.2199
vn -0.1173 -0.1108 -0.9869
vn -0.3493 -0.1513 -0.9247
vn -0.3321 -0.2289 -0.9150
vn -0.3614 -0.0848 -0.9285
vn -0.4668 -0.1004 -0.8787
vn -0.2565 -0.0893 -0.9624
vn -0.2996 -0.0334 -0.9535
vn 0.3731 -0.2876 -0.8821
vn 0.0301 -0.6847 -0.7281
vn 0.6275 -0.7207 -0.2945
vn 0.3233 -0.9456 -0.0353
vn 0.7533 -0.4837 -0.4454
vn 0.7849 -0.5429 -0.2985
vn 0.9855 -0.1324 -0.1055
vn 0.9841 -0.1245 0.1264
vn 0.0351 -0.9879 0.1507
vn 0.0589 -0.9823 0.1776
vn -0.3824 -0.6569 -0.6497
vn -0.4846 -0.0467 -0.8735
vn -0.4907 -0.0814 -0.8675
vn -0.4935 -0.1478 -0.8571
vn -0.4989 -0.2074 -0.8414
vn -0.1267 -0.1713 -0.9770
vn -0.5055 -0.2230 -0.8334
vn -0.1387 -0.2460 -0.9593
vn -0.5046 -0.2898 -0.8133
vn -0.1303 0.5136 -0.8480
vn -0.1375 -0.0725 -0.9878
vn 0.0620 -0.0372 -0.9974
vn 0.0438 -0.2131 -0.9760
vn -0.1950 -0.2433 -0.9501
vn 0.9691 0.0365 -0.2436
vn 0.8890 0.0465 -0.4554
vn 0.9131 -0.0013 -0.4078
vn 0.9039 -0.1416 -0.4035
vn 0.9164 0.0357 -0.3985
vn 0.7395 -0.1458 -0.6572
vn 0.7682 -0.0110 -0.6400
vn 0.3852 -0.1206 -0.9149
vn 0.4272 -0.1455 -0.8924
vn 0.0464 -0.1432 -0.9886
vn 0.0465 -0.0976 -0.9941
vn 0.1995 -0.1643 -0.9660
vn 0.0892 -0.0235 -0.9957
vn 0.3204 -0.0532 -0.9458
vn 0.3706 0.0537 -0.9272
vn 0.6251 -0.0276 -0.7800
vn 0.6028 0.3497 -0.7171
vn 0.6611 -0.0794 -0.7460
vn 0.5131 0.2507 -0.8208
vn 0.5745 0.0216 -0.8182
vn 0.5717 0.1122 -0.8127
vn 0.7331 0.1746 -0.6573
vn 0.8904 0.1550 -0.4279
vn 0.9077 -0.0251 -0.4187
vn 0.8874 0.1455 -0.4375
vn 0.7885 0.1363 -0.5997
vn 0.7392 0.2403 -0.6292
vn 0.8726 0.1950 -0.4479
vn 0.9104 0.2797 -0.3047
vn 0.8408 0.2910 -0.4565
vn 0.7181 0.1447 -0.6807
vn 0.8973 0.2026 -0.3921
vn 0.8468 0.5111 -0.1474
vn 0.9407 0.2554 -0.2231
vn 0.9026 0.1517 -0.4028
vn 0.9220 0.2108 -0.3249
vn 0.9776 0.0452 -0.2055
vn 0.9299 0.2943 -0.2206
vn 0.6043 0.7682 -0.2113
vn 0.5045 0.7773 -0.3757
vn 0.6364 0.3336 -0.6955
vn 0.2036 0.8915 -0.4047
vn 0.0227 0.9746 -0.2226
vn -0.4563 0.4903 -0.7425
vn -0.0402 0.9929 -0.1120
vn -0.0857 0.9754 -0.2029
vn -0.0375 0.9898 -0.1375
vn -0.0165 0.9929 -0.1180
vn 0.5962 0.7976 -0.0914
vn -0.0227 0.9837 -0.1782
vn 0.3755 0.7997 0.4684
vn 0.1417 0.8122 0.5658
vn 0.4741 0.2241 0.8514
vn 0.2076 0.1345 0.9689
vn 0.5001 0.1510 0.8527
vn 0.2078 0.0683 0.9758
vn 0.4207 0.0962 0.9021
vn 0.8045 0.4530 0.3840
vn 0.5531 0.0487 0.8316
vn 0.5089 0.0470 0.8595
vn 0.2070 0.0511 0.9770
vn 0.2055 0.0543 0.9771
vn 0.2020 0.0643 0.9773
vn 0.5605 -0.1303 -0.8178
vn 0.8371 -0.1296 -0.5315
vn 0.8546 -0.1328 -0.5020
vn 0.9023 -0.1113 -0.4164
vn 0.8495 -0.1259 -0.5122
vn 0.7743 -0.3131 -0.5499
vn 0.1948 -0.2739 -0.9418
vn 0.2260 -0.7581 0.6117
vn 0.4554 -0.5957 0.6616
vn 0.2051 -0.7546 0.6233
vn 0.4469 -0.5467 0.7081
vn 0.2318 -0.8605 0.4537
vn 0.5102 -0.7448 0.4300
vn 0.3041 -0.9522 0.0262
vn 0.4245 -0.9030 -0.0663
vn 0.3343 -0.9332 -0.1315
vn 0.3441 -0.9238 -0.1676
vn 0.5668 -0.7319 -0.3781
vn 0.5759 -0.7270 -0.3739
vn 0.5445 -0.8101 -0.2171
vn 0.4537 -0.8713 -0.1869
vn 0.5779 -0.7134 -0.3963
vn 0.6063 -0.6966 -0.3836
vn 0.8313 -0.1559 -0.5335
vn 0.4242 -0.6417 -0.6390
vn 0.3496 -0.7617 -0.5455
vn 0.9474 -0.2736 -0.1662
vn 0.7419 -0.6703 0.0150
vn 0.8230 -0.5677 0.0207
vn 0.9803 -0.1825 -0.0746
vn 0.9417 -0.2372 -0.2383
vn 0.9568 0.1303 -0.2597
vn 0.8359 -0.0505 -0.5466
vn 0.9648 0.1332 -0.2269
vn 0.8667 0.0232 -0.4982
vn 0.8975 0.0656 -0.4361
vn 0.7533 -0.1322 -0.6442
vn 0.7591 -0.1079 -0.6419
vn 0.5912 0.1226 -0.7971
vn 0.4988 -0.1273 -0.8573
vn 0.4686 -0.0754 -0.8802
vn 0.5710 -0.1635 -0.8045
vn 0.5749 -0.3150 -0.7551
vn 0.6755 -0.1447 -0.7230
vn 0.8241 -0.2962 -0.4828
vn 0.8789 -0.0721 -0.4715
vn 0.2227 -0.2049 -0.9531
vn 0.1897 -0.0702 -0.9793
vn 0.2041 0.3137 -0.9273
vn 0.1492 -0.3790 -0.9133
vn 0.1591 -0.4779 -0.8639
vn 0.0516 -0.4346 -0.8991
vn 0.1975 -0.2680 -0.9429
vn -0.0596 -0.1819 -0.9815
vn 0.4808 0.0662 -0.8743
vn 0.4988 0.0402 -0.8657
vn 0.7490 0.0203 -0.6622
vn 0.7561 -0.1363 -0.6401
vn 0.8510 -0.0569 -0.5220
vn 0.6571 -0.3352 -0.6752
vn 0.8622 0.0518 -0.5039
vn 0.7775 -0.5891 -0.2201
vn 0.8107 -0.0209 -0.5850
vn 0.8762 0.2121 -0.4328
vn 0.8148 0.3809 -0.4370
vn 0.7376 0.5877 -0.3324
vn 0.9220 0.2983 -0.2469
vn 0.8023 0.5628 -0.1989
vn 0.8151 0.5790 -0.0193
vn 0.6848 0.7140 -0.1457
vn 0.8069 0.5815 -0.1035
vn 0.6218 0.7764 -0.1026
vn 0.8401 0.4500 -0.3028
vn 0.6720 0.6791 -0.2952
vn 0.8170 0.2946 -0.4957
vn 0.7062 0.4584 -0.5395
vn 0.6842 0.2333 -0.6909
vn 0.3815 0.2329 -0.8945
vn 0.4552 0.6344 -0.6246
vn 0.1939 0.2328 -0.9530
vn 0.7696 0.1501 -0.6205
vn 0.9674 0.0746 -0.2418
vn 0.9932 0.0638 -0.0968
vn 0.9915 0.1223 0.0443
vn 0.9465 0.2936 0.1339
vn 0.9513 0.3070 -0.0272
vn 0.9143 0.3899 0.1095
vn 0.9200 0.3877 -0.0562
vn 0.8994 0.4149 0.1375
vn 0.9056 0.4239 -0.0069
vn 0.8568 0.5151 0.0245
vn 0.8343 0.5226 -0.1758
vn 0.8750 0.3571 -0.3268
vn 0.9202 0.3152 -0.2320
vn 0.9295 -0.1200 -0.3486
vn 0.9304 -0.0682 -0.3601
vn 0.9126 0.3004 -0.2774
vn 0.8256 0.2752 -0.4925
vn 0.7670 0.1108 -0.6319
vn 0.7086 -0.0699 -0.7021
vn 0.2961 0.5939 -0.7481
vn 0.3908 0.8620 -0.3227
vn 0.4614 0.8423 -0.2785
vn 0.2035 0.9368 -0.2845
vn 0.3349 0.8999 -0.2791
vn 0.3985 0.8867 -0.2344
vn 0.6366 0.7425 -0.2083
vn 0.4225 0.8882 -0.1805
vn 0.7350 0.6663 -0.1255
vn 0.7674 0.6195 -0.1652
vn 0.8278 0.5005 -0.2533
vn 0.8692 0.4191 -0.2624
vn 0.8943 0.2073 -0.3964
vn 0.5292 -0.5199 -0.6705
vn 0.4985 -0.4363 -0.7491
vn 0.3145 -0.5611 -0.7657
vn 0.2863 -0.1626 -0.9442
vn -0.0745 -0.5853 -0.8074
vn 0.2643 0.1329 -0.9552
vn -0.0510 -0.2076 -0.9769
vn 0.0348 0.0594 -0.9976
vn -0.5095 -0.5441 -0.6666
vn -0.4902 -0.2994 -0.8186
vn -0.1818 -0.6389 -0.7475
vn 0.0699 -0.8809 -0.4680
vn 0.1692 -0.8036 -0.5706
vn -0.9495 -0.2260 0.2177
vn -0.9600 -0.2723 0.0654
vn -0.7266 -0.6637 -0.1775
vn -0.8845 -0.1036 0.4549
vn -0.8686 0.0868 0.4878
vn -0.7143 0.3281 0.6181
vn -0.7924 0.0759 0.6052
vn -0.3230 0.6387 0.6984
vn -0.4481 0.5415 0.7113
vn -0.1951 0.7600 0.6199
vn -0.0775 0.4001 0.9131
vn 0.2632 0.2170 0.9400
vn 0.3605 -0.4133 0.8361
vn 0.7414 -0.1548 0.6529
vn 0.4755 -0.5164 0.7122
vn 0.6466 -0.3255 0.6899
vn 0.8345 -0.4285 0.3464
vn 0.7207 0.1523 0.6763
vn 0.9611 -0.0358 0.2738
vn 0.6446 0.5298 0.5511
vn 0.6236 0.6365 0.4538
vn 0.5896 0.6500 0.4795
vn 0.1140 0.6997 0.7053
vn 0.1204 0.6647 0.7373
vn 0.6242 0.6393 0.4490
vn 0.0723 0.7082 0.7022
vn 0.6748 0.5733 0.4647
vn 0.1759 0.7173 0.6741
vn 0.5954 0.6439 0.4805
vn 0.0546 0.5907 0.8050
vn 0.0962 0.6325 0.7685
vn -0.2497 0.5762 0.7782
vn -0.4660 0.4068 0.7857
vn -0.6994 0.1749 0.6929
vn -0.2083 0.5689 0.7955
vn -0.3876 0.4761 0.7894
vn -0.1369 0.6482 0.7490
vn -0.7804 0.2781 0.5600
vn -0.9379 -0.0362 0.3451
vn -0.3638 0.5485 0.7528
vn -0.1839 0.6123 0.7689
vn -0.2572 0.6192 0.7419
vn -0.3163 0.5801 0.7506
vn 0.1557 0.5504 0.8202
vn 0.1281 0.5925 0.7953
vn -0.2445 0.6070 0.7562
vn 0.0735 0.8557 0.5122
vn -0.3008 0.6790 0.6696
vn -0.3402 0.6596 0.6702
vn -0.3729 0.4482 0.8124
vn -0.3150 0.6648 0.6773
vn -0.7614 0.4460 0.4705
vn -0.7629 0.2999 0.5727
vn -0.8266 0.1274 0.5481
vn -0.3400 0.4240 0.8394
vn -0.1322 0.7846 0.6057
vn 0.2477 0.8948 0.3715
vn 0.6009 0.7812 0.1692
vn 0.6148 0.6033 0.5080
vn 0.5602 0.5626 0.6080
vn 0.4743 0.7989 0.3699
vn 0.9203 0.0767 0.3835
vn 0.4016 0.1731 0.8993
vn 0.1833 0.2805 0.9421
vn 0.0093 0.2546 0.9670
vn -0.7328 0.0308 0.6797
vn -0.9647 -0.2601 -0.0409
vn -0.9532 -0.2821 -0.1085
vn -0.9986 0.0101 0.0522
vn -0.7722 0.4060 0.4886
vn -0.9908 0.0116 0.1348
vn -0.6315 0.5727 0.5227
vn -0.7986 0.5824 -0.1518
vn -0.7573 0.6530 -0.0011
vn -0.9265 0.3745 -0.0365
vn 0.9080 0.4135 0.0673
vn 0.9132 0.4054 0.0398
vn 0.9590 0.2793 -0.0476
vn 0.9525 0.3039 0.0157
vn 0.9264 0.3742 0.0414
vn 0.9197 0.3887 0.0547
vn 0.8685 0.4893 -0.0786
vn 0.9921 0.0679 0.1055
vn 0.6213 0.2458 0.7440
vn 0.2941 0.5172 0.8037
vn 0.8847 0.4652 -0.0299
vn 0.9586 -0.2783 0.0607
vn 0.9872 -0.1512 -0.0500
vn 0.9016 -0.3800 -0.2065
vn 0.9887 -0.1099 -0.1016
vn 0.9785 0.1606 0.1289
vn -0.1108 0.8419 0.5282
vn -0.0252 0.4576 0.8888
vn 0.3237 0.8109 0.4874
vn 0.6047 0.6154 0.5056
vn 0.8688 0.0145 0.4949
vn 0.9463 -0.2546 0.1993
vn 0.8667 -0.4286 -0.2551
vn 0.9935 0.0905 0.0692
vn 0.7863 0.4498 0.4234
vn 0.4398 0.6554 0.6141
vn 0.2700 0.5930 0.7586
vn -0.1182 0.7301 0.6730
vn -0.7040 0.2136 0.6773
vn -0.4581 0.2083 0.8641
vn 0.7952 -0.2848 -0.5353
vn 0.8420 0.2531 0.4763
vn 0.9853 -0.0595 -0.1599
vn 0.8239 -0.2314 -0.5172
vn 0.9549 -0.1536 -0.2541
vn 0.8574 -0.2514 -0.4491
vn 0.9764 -0.2144 -0.0241
vn 0.8489 -0.3110 -0.4273
vn 0.9402 0.1726 0.2935
vn 0.9722 0.1923 0.1337
vn 0.5881 0.4444 0.6757
vn -0.8692 -0.3070 0.3876
vn -0.8735 -0.3899 0.2916
vn -0.8764 -0.2446 0.4147
vn -0.7868 0.2054 0.5820
vn -0.7446 0.2343 0.6250
vn -0.3391 0.5688 0.7493
vn -0.2675 0.6379 0.7222
vn -0.0635 0.5565 0.8284
vn -0.1261 0.6613 0.7394
vn 0.0985 0.5218 0.8473
vn 0.1652 0.6222 0.7652
vn 0.3367 0.4698 0.8160
vn 0.4501 0.4586 0.7662
vn 0.8520 0.1633 0.4974
vn 0.9373 0.2353 0.2571
vn 0.5916 0.5429 0.5961
vn -0.9540 -0.2037 0.2197
vn -0.3457 0.0934 0.9337
vn -0.9257 -0.1206 0.3583
vn -0.8222 0.0776 0.5639
vn -0.2608 0.6218 0.7384
vn -0.4971 0.7064 -0.5039
vn -0.6937 0.5862 -0.4185
vn -0.9439 0.1455 -0.2964
vn -0.6995 0.3963 -0.5946
vn -0.8370 -0.3162 -0.4465
vn -0.8814 0.1190 -0.4571
vn -0.6677 -0.4584 -0.5865
vn -0.7804 -0.5637 -0.2706
vn -0.3087 -0.7286 -0.6113
vn -0.2963 -0.7458 -0.5966
vn -0.1093 -0.7474 -0.6553
vn -0.1653 -0.7585 -0.6303
vn -0.3032 -0.7045 -0.6417
vn -0.3678 -0.7010 -0.6109
vn -0.8235 -0.4936 -0.2796
vn -0.7853 -0.5076 -0.3543
vn -0.9604 -0.2716 -0.0616
vn -0.9517 -0.3057 0.0266
vn -0.7380 -0.6051 -0.2985
vn -0.9150 -0.4026 -0.0240
vn -0.9797 -0.1802 0.0876
vn -0.7463 -0.5448 -0.3824
vn -0.9134 -0.4000 0.0756
vn -0.8686 -0.4816 -0.1164
vn -0.7968 -0.3186 0.5134
vn -0.9209 -0.3538 0.1635
vn -0.6676 -0.1810 0.7221
vn -0.9033 -0.2604 0.3407
vn -0.3892 -0.2548 0.8852
vn -0.8438 -0.1056 0.5261
vn -0.5952 -0.3581 0.7194
vn -0.6400 -0.4049 0.6530
vn -0.7678 -0.0604 0.6378
vn -0.7001 0.5964 0.3926
vn -0.4960 0.6249 0.6028
vn -0.7159 0.6020 0.3536
vn -0.5852 0.5226 0.6200
vn -0.8001 0.2043 0.5640
vn 0.1139 0.6088 0.7850
vn 0.1679 0.6342 0.7547
vn -0.3133 0.6138 0.7246
vn -0.3122 0.4990 0.8084
vn -0.6542 0.4602 0.6001
vn -0.6358 0.2922 0.7144
vn -0.3930 0.5549 0.7332
vn -0.2539 0.5990 0.7594
vn 0.1132 0.4863 0.8664
vn 0.5239 0.4785 0.7046
vn -0.8750 0.2238 0.4292
vn -0.8745 0.2580 0.4106
vn -0.6755 0.4105 0.6124
vn -0.3960 0.5058 0.7664
vn -0.2240 0.4640 0.8570
vn 0.1058 0.6647 0.7396
vn 0.3626 0.5224 0.7718
vn 0.6808 0.3243 0.6567
vn 0.7841 0.3135 0.5356
vn 0.9494 0.0854 0.3022
vn 0.9649 -0.2621 0.0114
vn 0.7692 -0.3602 -0.5277
vn 0.4996 -0.4620 -0.7327
vn 0.6872 -0.3413 -0.6412
vn 0.8555 0.1791 -0.4857
vn 0.8814 -0.4408 -0.1694
vn 0.8781 -0.4750 -0.0562
vn 0.4740 -0.7406 -0.4762
vn 0.3888 -0.7095 -0.5877
vn 0.3976 -0.6872 -0.6080
vn 0.3672 -0.6376 -0.6772
vn 0.4470 -0.5369 -0.7154
vn 0.1599 -0.7757 -0.6104
vn 0.2777 -0.6635 -0.6947
vn 0.1628 -0.5020 -0.8494
vn 0.9258 0.0188 -0.3775
vn 0.7215 -0.3232 -0.6123
vn 0.7741 -0.2406 -0.5855
vn 0.3048 -0.7572 -0.5777
vn 0.4408 -0.7921 -0.4222
vn 0.0302 -0.8257 -0.5632
vn 0.0350 -0.8300 -0.5567
vn -0.0107 -0.8083 -0.5886
vn -0.0007 -0.7888 -0.6146
vn 0.6797 -0.7064 -0.1974
vn 0.5636 -0.8167 0.1237
vn 0.4197 -0.9030 0.0913
vn 0.3823 -0.8650 -0.3251
vn 0.7308 -0.5822 -0.3564
vn 0.2478 -0.7902 -0.5604
vn 0.7111 -0.5784 -0.3996
vn 0.2222 -0.8398 -0.4952
vn 0.6034 -0.4567 -0.6536
vn 0.1994 -0.6975 -0.6883
vn 0.4660 -0.4352 -0.7703
vn 0.3531 -0.6145 -0.7054
vn 0.6562 -0.3952 -0.6428
vn 0.3880 -0.6450 -0.6583
vn 0.4328 -0.5679 -0.7001
vn 0.2678 -0.7412 -0.6155
vn -0.0266 -0.7830 -0.6214
vn 0.3351 -0.9398 -0.0661
vn 0.3343 -0.9391 -0.0799
vn 0.3392 -0.9396 0.0461
vn 0.1785 -0.9232 -0.3403
vn -0.0111 -0.7694 -0.6386
vn 0.0093 -0.8679 -0.4967
vn 0.1092 -0.6961 -0.7095
vn 0.4974 -0.6368 -0.5891
vn 0.1470 -0.6950 -0.7038
vn 0.1542 -0.6949 -0.7024
vn -0.0412 -0.7355 -0.6762
vn 0.5839 -0.8117 0.0085
vn 0.4788 -0.8766 -0.0478
vn 0.7119 -0.6976 0.0809
vn 0.6645 -0.6985 0.2655
vn 0.9159 -0.4013 0.0031
vn 0.8636 0.0728 -0.4989
vn 0.8928 0.1127 -0.4362
vn 0.9553 -0.0450 -0.2921
vn 0.9076 -0.0457 -0.4173
vn 0.8985 0.0038 -0.4389
vn 0.8118 -0.4593 0.3605
vn 0.7657 -0.6150 0.1882
vn -0.8915 -0.3001 -0.3392
vn -0.7089 -0.0550 -0.7031
vn -0.9065 -0.0024 -0.4221
vn -0.6746 -0.2776 -0.6840
vn -0.7250 -0.5799 -0.3716
vn -0.5063 -0.3929 -0.7677
vn -0.4607 -0.7163 -0.5240
vn -0.4935 -0.7587 -0.4253
vn -0.5396 -0.7094 -0.4534
vn -0.3215 -0.7072 -0.6297
vn -0.6091 -0.5439 -0.5771
vn -0.3634 -0.5892 -0.7217
vn -0.4514 -0.4473 -0.7721
vn -0.6510 -0.4412 -0.6177
vn -0.8224 -0.5376 -0.1857
vn -0.7368 -0.6242 -0.2598
vn -0.8862 -0.4434 0.1339
vn -0.8004 -0.5741 0.1720
vn -0.8842 -0.3279 0.3326
vn -0.9296 -0.3684 0.0069
vn -0.8074 -0.4590 0.3706
vn -0.9728 -0.1295 0.1919
vn -0.9882 -0.1526 -0.0139
vn -0.9609 -0.0803 0.2650
vn -0.9438 0.0637 0.3244
vn -0.8548 0.0361 0.5177
vn -0.9280 -0.0899 0.3616
vn -0.9557 -0.0331 0.2923
vn -0.9077 -0.1686 0.3842
vn -0.7964 -0.2414 0.5544
vn -0.7731 0.0793 0.6293
vn -0.7647 -0.6191 -0.1788
vn -0.9993 0.0377 -0.0003
vn -0.3229 0.4531 0.8309
vn -0.5283 0.3402 0.7779
vn -0.5228 0.3773 0.7644
vn -0.3218 0.4404 0.8381
vn 0.0780 0.5238 0.8482
vn 0.1052 0.5462 0.8310
vn 0.3131 0.4490 0.8369
vn 0.3056 0.5697 0.7629
vn 0.6168 0.4910 0.6152
vn 0.5883 0.5470 0.5955
vn 0.9282 0.3584 0.0999
vn 0.9225 0.3594 0.1402
vn 0.9129 -0.0178 -0.4077
vn 0.9057 -0.0463 -0.4213
vn 0.6313 -0.3230 -0.7050
vn 0.6567 -0.3245 -0.6807
vn 0.2293 -0.4859 -0.8434
vn 0.3345 -0.4644 -0.8200
vn 0.0588 -0.5067 -0.8601
vn 0.1617 -0.4929 -0.8549
vn 0.9020 0.2030 -0.3809
vn 0.6263 0.1405 -0.7668
vn 0.3311 -0.2036 -0.9214
vn 0.1068 -0.4971 -0.8610
vn 0.0972 -0.2291 -0.9685
vn 0.2558 0.1346 -0.9573
vn 0.4010 0.4697 -0.7864
vn 0.4771 0.7297 -0.4898
vn 0.7755 0.5403 -0.3265
vn 0.8039 0.5945 0.0183
vn 0.8669 0.4728 0.1577
vn 0.8619 0.4410 0.2503
vn 0.7234 0.5734 0.3844
vn 0.5653 0.6593 0.4956
vn 0.4968 0.6430 0.5828
vn 0.3409 0.7237 0.6001
vn 0.1976 0.7152 0.6704
vn 0.2466 0.6340 0.7330
vn -0.0827 -0.6261 -0.7753
vn -0.2038 -0.7494 -0.6299
vn 0.0397 0.6247 0.7798
vn 0.0656 0.5571 0.8278
vn -0.1563 0.5665 0.8091
vn -0.2649 0.4797 0.8365
vn -0.4342 0.5418 0.7196
vn -0.4742 0.4273 0.7697
vn -0.9145 -0.1102 0.3892
vn -0.8330 0.1197 0.5401
vn -0.7619 -0.4538 -0.4622
vn -0.8212 0.1352 0.5543
vn -0.7829 -0.5132 -0.3516
vn -0.7982 -0.0108 0.6023
vn -0.7124 -0.6009 -0.3623
vn -0.5645 -0.7180 -0.4072
vn -0.1646 -0.6544 -0.7380
vn -0.1979 -0.6287 -0.7521
vn -0.3321 -0.6307 -0.7014
vn -0.8474 -0.1505 0.5091
vn -0.1883 -0.6767 -0.7118
vn -0.5582 -0.7194 -0.4133
vn -0.5155 -0.8562 -0.0344
vn -0.4364 -0.8779 0.1967
vn -0.7641 0.0277 0.6444
vn -0.4957 0.7203 0.4853
vn -0.2034 -0.9178 -0.3410
vn -0.4142 0.1995 0.8880
vn -0.4639 0.1808 0.8672
vn -0.8542 -0.3077 0.4190
vn -0.8758 -0.1280 -0.4653
vn -0.9055 -0.3999 -0.1414
vn -0.9551 -0.2842 -0.0839
vn -0.9850 -0.1603 -0.0641
vn -0.9962 -0.0323 -0.0801
vn -0.9864 0.0974 -0.1325
vn -0.9522 0.2130 -0.2187
vn -0.9010 0.2918 -0.3210
vn -0.8479 0.3249 -0.4189
vn -0.8030 0.3230 -0.5007
vn -0.7632 0.2901 -0.5773
vn -0.7156 0.2066 -0.6672
vn -0.6625 0.0645 -0.7463
vn -0.6212 -0.0969 -0.7776
vn -0.6018 -0.2388 -0.7621
vn -0.6013 -0.3469 -0.7197
vn -0.6176 -0.4295 -0.6588
vn -0.6535 -0.4986 -0.5695
vn -0.7055 -0.5398 -0.4592
vn -0.7681 -0.5386 -0.3462
vn -0.8392 -0.4907 -0.2344
vn 0.9570 0.0091 -0.2898
vn 0.9161 0.2051 -0.3445
vn 0.9802 0.1979 0.0052
vn 0.8726 0.3716 -0.3169
vn 0.9546 0.2971 0.0227
vn 0.8095 0.5475 -0.2118
vn 0.9131 0.3974 0.0913
vn 0.7120 0.7015 -0.0297
vn 0.8499 0.4860 0.2037
vn 0.5900 0.7876 0.1774
vn 0.7747 0.5392 0.3301
vn 0.4841 0.7973 0.3604
vn 0.7102 0.5461 0.4443
vn 0.4104 0.7347 0.5401
vn 0.6611 0.5073 0.5527
vn 0.3585 0.5962 0.7183
vn 0.6219 0.4259 0.6571
vn 0.5952 0.3092 0.7417
vn 0.8725 0.1213 0.4732
vn 0.5847 0.1737 0.7924
vn 0.9921 -0.0628 0.1082
vn 0.9664 -0.1982 -0.1637
vn 0.9969 0.0709 0.0335
vn 0.9035 -0.2744 0.3291
vn 0.9568 -0.1900 0.2202
vn 0.6803 -0.1754 0.7116
vn 0.7381 -0.2542 0.6250
vn 0.6269 -0.0691 0.7760
vn 0.5941 0.0442 0.8032
vn 0.2986 0.1835 0.9366
vn 0.3171 -0.0183 0.9482
vn 0.3732 -0.1973 0.9065
vn 0.4646 -0.3710 0.8040
vn 0.5604 -0.5051 0.6563
vn 0.7978 -0.3022 0.5216
vn 0.8497 -0.3097 0.4267
vn 0.8218 -0.5432 0.1717
vn 0.9139 -0.4059 0.0030
vn 0.6530 -0.5833 0.4830
vn 0.7343 -0.5946 0.3274
vn 0.4211 -0.5017 -0.7556
vn 0.5054 -0.7120 -0.4874
vn 0.4169 -0.7514 -0.5114
vn 0.3182 -0.7665 -0.5578
vn 0.2224 -0.7513 -0.6213
vn 0.1479 -0.7091 -0.6894
vn 0.1024 -0.6493 -0.7536
vn 0.0843 -0.5738 -0.8146
vn 0.0954 -0.4811 -0.8714
vn 0.1372 -0.3822 -0.9138
vn 0.2020 -0.2958 -0.9336
vn 0.2790 -0.2329 -0.9316
vn 0.3675 -0.1928 -0.9098
vn 0.4678 -0.1769 -0.8659
vn 0.5653 -0.1906 -0.8025
vn 0.6410 -0.2313 -0.7319
vn 0.6873 -0.2911 -0.6655
vn 0.7064 -0.3687 -0.6042
vn 0.6955 -0.4645 -0.5482
vn 0.6519 -0.5649 -0.5058
vn 0.5843 -0.6505 -0.4851
vn -0.1296 0.9723 0.1943
vn -0.2678 0.8439 0.4648
vn -0.1415 0.8248 0.5474
vn 0.0760 0.9413 0.3287
vn -0.0366 0.7684 0.6389
vn 0.2474 0.8487 0.4674
vn 0.0309 0.6856 0.7273
vn 0.3475 0.7188 0.6021
vn 0.0529 0.5834 0.8104
vn 0.3808 0.5636 0.7330
vn 0.3491 0.3639 0.8635
vn 0.0334 0.4550 0.8898
vn 0.2582 0.1522 0.9540
vn -0.0224 0.3249 0.9455
vn -0.1101 0.2034 0.9728
vn -0.4179 0.5029 0.7566
vn -0.2128 0.1181 0.9699
vn -0.3378 0.0668 0.9388
vn -0.2269 -0.2561 0.9396
vn -0.4475 -0.2780 0.8499
vn -0.3390 0.9370 0.0845
vn -0.4020 0.8235 0.4003
vn -0.7027 0.1183 0.7015
vn -0.6036 0.0669 0.7945
vn -0.4745 0.0494 0.8788
vn -0.5246 0.7692 0.3648
vn -0.6318 0.6846 0.3634
vn -0.7196 0.5708 0.3954
vn -0.7758 0.4382 0.4539
vn -0.6555 -0.2426 0.7151
vn -0.8108 -0.1663 0.5612
vn -0.7670 0.2015 0.6092
vn -0.7916 0.3083 0.5276
vn -0.9263 0.3304 0.1809
vn -0.8329 0.5455 0.0932
vn -0.6905 0.7223 0.0395
vn -0.5254 0.8502 0.0322
vn -0.9091 -0.0467 0.4139
vn -0.9492 0.1193 0.2909
vn -0.9588 0.2653 0.1018
vn -0.9826 0.1816 0.0375
vn -0.9987 -0.0498 -0.0016
vn -0.9754 -0.1085 0.1918
vn -0.9880 -0.1538 0.0072
vn -0.9489 -0.1780 0.2607
vn -0.9825 -0.1703 0.0749
vn -0.9052 -0.2630 0.3338
vn -0.9789 -0.1455 0.1430
vn -0.8077 -0.2004 0.5545
vn -0.9779 -0.1344 0.1599
vn -0.7293 -0.3014 0.6142
vn -0.6952 -0.6555 0.2948
vn -0.4275 -0.7345 0.5269
vn -0.3326 -0.7174 0.6121
vn -0.3756 -0.7631 0.5259
vn -0.4794 -0.7282 0.4898
vn -0.6882 -0.4970 0.5285
vn -0.3646 -0.8984 0.2448
vn -0.5636 -0.7259 0.3941
vn -0.9868 -0.1586 -0.0307
vn -0.9980 0.0354 -0.0529
vn -0.9929 -0.0739 -0.0933
vn -0.9682 -0.2300 -0.0986
vn -0.9599 -0.2787 -0.0299
vn -0.9758 -0.2118 0.0548
vn -0.9518 -0.3051 0.0294
vn -0.9959 -0.0008 0.0904
vn -0.9946 -0.0973 -0.0366
vn -0.9985 0.0492 -0.0216
vn -0.9605 0.2256 0.1627
vn -0.9825 0.1813 0.0428
vn -0.9868 0.1619 0.0058
vn -0.9579 0.2844 -0.0377
vn -0.9566 0.2665 -0.1176
vn -0.9291 0.3675 -0.0400
vn -0.9202 0.3599 -0.1536
vn -0.8582 0.5121 0.0349
vn -0.8505 0.4900 -0.1909
vn -0.7734 0.5882 -0.2362
vn -0.7245 0.6120 -0.3169
vn -0.6279 0.6874 -0.3649
vn -0.9754 0.2186 -0.0284
vn -0.9989 -0.0293 0.0370
vn -0.9511 -0.2742 0.1419
vn -0.9847 -0.0164 0.1733
vn -0.9924 0.1062 0.0616
vn -0.9822 0.0770 0.1713
vn -0.9997 0.0209 0.0089
vn -0.3717 -0.8731 -0.3153
vn -0.5189 -0.7158 -0.4672
vn -0.4375 -0.7614 -0.4783
vn -0.3325 -0.9348 -0.1245
vn -0.6026 -0.7932 -0.0874
vn -0.6843 -0.7261 0.0666
vn -0.8665 -0.4709 -0.1657
vn -0.8345 -0.5300 0.1505
vn -0.9317 -0.2495 -0.2639
vn -0.9212 -0.3358 0.1967
vn -0.9251 -0.1429 -0.3517
vn -0.9769 -0.2133 -0.0071
vn -0.9688 -0.1369 -0.2064
vn -0.9692 -0.0442 0.2423
vn -0.9515 -0.0341 0.3057
vn -0.9165 -0.2535 0.3094
vn -0.7939 -0.4368 0.4230
vn -0.7699 -0.6353 -0.0593
vn -0.9986 0.0038 0.0519
vn -0.9806 -0.1891 -0.0522
vn -0.8640 -0.3982 0.3079
vn -0.8036 -0.3041 0.5115
vn -0.7979 -0.3370 0.4998
vn -0.8083 -0.3117 0.4995
vn -0.9286 -0.1520 0.3385
vn -0.9628 -0.2204 -0.1559
vn -0.9160 -0.3503 -0.1957
vn -0.9031 -0.4042 -0.1449
vn -0.9004 -0.3374 0.2744
vn -0.9508 -0.3034 -0.0614
vn -0.8978 -0.3888 0.2069
vn -0.7187 -0.6723 -0.1774
vn -0.6075 -0.7329 0.3062
vn -0.5800 -0.7976 0.1657
vn -0.4908 -0.8712 -0.0101
vn -0.5853 -0.4328 0.6856
vn -0.3158 -0.6748 0.6670
vn -0.4718 -0.2390 0.8487
vn -0.2213 -0.5939 0.7735
vn -0.2100 -0.6849 0.6977
vn -0.2404 -0.8594 0.4513
vn -0.5112 -0.6674 0.5415
vn -0.2660 -0.8720 0.4109
vn -0.3895 -0.8003 0.4558
vn -0.4441 -0.6734 0.5910
vn -0.5193 -0.0961 0.8491
vn -0.5281 -0.3556 0.7711
vn -0.7139 -0.4516 0.5351
vn -0.7731 -0.2490 0.5834
vn -0.4329 -0.2774 0.8577
vn -0.7606 -0.1955 0.6191
vn -0.4446 -0.2043 0.8721
vn -0.8188 -0.2069 0.5354
vn -0.7309 -0.1682 0.6614
vn -0.8920 0.1390 0.4301
vn -0.9261 0.2840 0.2484
vn -0.9518 0.2902 0.0985
vn -0.9163 0.3721 0.1482
vn -0.8913 0.4172 0.1774
vn -0.9297 0.3644 0.0538
vn -0.9034 0.4092 0.1281
vn -0.8730 0.4765 0.1045
vn -0.0370 0.0892 0.9953
vn -0.5041 -0.0846 0.8595
vn -0.3317 -0.4522 0.8279
vn -0.5381 -0.5271 0.6577
vn -0.2398 -0.1793 0.9541
vn 0.0265 0.1723 0.9847
vn -0.0676 0.0273 0.9973
vn -0.1071 0.0993 0.9893
vn -0.3043 -0.1169 0.9453
vn -0.4592 0.2430 0.8544
vn -0.4468 -0.2740 0.8516
vn -0.1431 -0.6832 0.7160
vn -0.8595 0.5108 0.0176
vn -0.7610 0.6032 -0.2385
vn -0.5808 0.6637 -0.4713
vn -0.8352 0.4697 -0.2858
vn -0.5562 0.5450 -0.6273
vn -0.8862 0.3253 -0.3299
vn -0.6444 0.3428 -0.6835
vn -0.2094 0.6267 -0.7505
vn -0.3330 0.2973 -0.8948
vn -0.0197 0.7002 -0.7137
vn -0.1078 0.2660 -0.9579
vn -0.7814 0.5647 0.2653
vn -0.8689 0.4938 0.0354
vn -0.9116 0.4062 0.0634
vn -0.7423 0.6198 0.2546
vn -0.8173 0.5049 0.2777
vn -0.6577 0.5481 0.5167
vn -0.6265 0.6161 0.4774
vn -0.2620 0.8744 0.4084
vn -0.2158 0.6969 0.6840
vn 0.0661 0.9359 0.3460
vn 0.1115 0.7693 0.6290
vn -0.1306 0.3289 0.9353
vn -0.3381 0.3742 0.8635
vn -0.6415 0.3697 0.6721
vn -0.8460 0.3225 0.4245
vn -0.9496 0.3042 0.0756
vn 0.0409 0.9701 0.2391
vn 0.0170 0.9581 0.2859
vn -0.1810 0.9602 0.2126
vn -0.5740 0.7269 0.3771
vn -0.6263 0.7339 0.2629
vn -0.2299 0.9460 0.2283
vn 0.0210 0.9743 0.2244
vn -0.1816 0.9533 0.2414
vn -0.5252 0.8450 0.1003
vn -0.6914 0.7013 0.1735
vn -0.8498 0.4764 0.2256
vn -0.7654 0.6249 0.1535
vn -0.8864 0.4364 0.1542
vn -0.8072 0.5884 0.0466
vn -0.5892 0.7804 0.2091
vn -0.5884 0.7861 0.1893
vn -0.8437 0.5214 0.1279
vn -0.7952 0.5841 0.1624
vn -0.9601 0.2721 0.0639
vn -0.9049 0.3886 0.1737
vn -0.9723 0.0173 0.2331
vn -0.3191 -0.4504 -0.8338
vn 0.0674 -0.1990 -0.9777
vn -0.0843 -0.4654 -0.8810
vn 0.0023 -0.2102 -0.9776
vn 0.0491 -0.1699 -0.9842
vn 0.1041 0.0654 -0.9924
vn 0.1297 0.3674 -0.9210
vn -0.1105 -0.1641 -0.9802
vn -0.0403 -0.3369 -0.9407
vn -0.2532 -0.5216 -0.8148
vn -0.0774 -0.5441 -0.8354
vn -0.2723 -0.4210 -0.8652
vn -0.0423 -0.4242 -0.9046
vn -0.3572 -0.4094 -0.8394
vn -0.0403 -0.6218 -0.7821
vn -0.2370 -0.8473 -0.4752
vn -0.0279 -0.7079 -0.7057
vn -0.1475 -0.9752 -0.1650
vn -0.6145 -0.4699 -0.6337
vn -0.7286 -0.5322 -0.4312
vn -0.9868 0.1501 -0.0603
vn -0.9988 0.0421 -0.0256
vn -0.9971 0.0263 0.0715
vn -0.9936 -0.0662 -0.0913
vn -0.9203 -0.3029 -0.2476
vn -0.9009 -0.2896 -0.3231
vn -0.7818 -0.3562 -0.5118
vn -0.7890 -0.3942 -0.4713
vn -0.5874 -0.4619 -0.6645
vn -0.5312 -0.5658 -0.6306
vn -0.5694 -0.4753 -0.6708
vn -0.9915 0.0933 -0.0898
vn -0.4256 -0.3053 -0.8518
vn -0.7251 -0.1433 -0.6735
vn -0.9461 -0.1603 -0.2813
vn -0.9579 -0.0146 -0.2867
vn -0.9743 0.0711 -0.2134
vn -0.9617 0.1326 -0.2397
vn -0.7618 0.0776 -0.6431
vn -0.9502 0.1218 -0.2868
vn -0.7213 -0.2878 -0.6300
vn -0.9919 -0.0800 0.0987
vn -0.9422 0.2668 -0.2024
vn -0.9681 0.2506 0.0000
vn -0.8932 0.3887 -0.2261
vn -0.8904 0.4342 -0.1362
vn -0.6236 0.6635 -0.4133
vn -0.7093 -0.1653 -0.6852
vn -0.2452 -0.1335 -0.9602
vn -0.3617 -0.2081 -0.9087
vn -0.5935 0.7825 -0.1884
vn -0.4859 0.7913 -0.3710
vn -0.2475 0.9245 -0.2897
vn -0.2476 0.9017 -0.3544
vn -0.0054 0.9379 -0.3468
vn -0.8040 0.5225 -0.2836
vn -0.8314 0.5462 -0.1025
vn -0.5706 0.7842 -0.2438
vn -0.2056 0.9042 -0.3744
vn 0.0089 0.9475 -0.3195
vn -0.1475 0.9389 -0.3109
vn -0.2620 0.8572 -0.4433
vn -0.8876 0.4219 -0.1846
vn -0.9161 0.3610 -0.1744
vn -0.9534 0.2926 -0.0735
vn -0.9651 0.2463 -0.0889
vn -0.3468 0.9043 -0.2489
vn -0.2193 0.4801 0.8493
vn -0.2139 0.4711 0.8557
vn -0.0269 -0.0773 0.9966
vn 0.1048 -0.0076 0.9944
vn 0.0889 -0.5881 0.8039
vn 0.2140 -0.3841 0.8981
vn -0.0769 -0.4732 0.8776
vn 0.2881 -0.3689 0.8837
vn 0.0798 -0.5507 0.8308
vn 0.4254 -0.3596 0.8304
vn -0.0740 -0.4494 0.8903
vn -0.1927 -0.3357 0.9220
vn 0.3458 -0.1572 0.9250
vn 0.7114 -0.0264 0.7023
vn 0.4279 0.0668 0.9013
vn 0.5992 0.1493 0.7865
vn 0.8961 0.1772 0.4068
vn 0.7434 0.2169 0.6327
vn 0.8915 0.2996 0.3398
vn 0.8838 0.4467 -0.1391
vn 0.3160 0.5866 -0.7457
vn 0.6184 0.5489 -0.5624
vn 0.5716 0.6067 -0.5524
vn 0.9153 0.3797 -0.1345
vn 0.9326 0.1039 0.3455
vn 0.7544 -0.1420 0.6408
vn 0.6759 -0.0699 0.7336
vn -0.0135 0.3781 -0.9257
vn 0.3452 0.5952 -0.7257
vn 0.6377 0.4570 -0.6200
vn 0.9073 0.4147 -0.0688
vn 0.8781 0.2244 0.4225
vn 0.4621 0.3086 0.8314
vn 0.5586 0.6216 0.5492
vn 0.5669 0.7740 0.2819
vn 0.6097 0.7102 -0.3520
vn 0.2263 0.8498 -0.4761
vn -0.1009 0.7208 -0.6857
vn -0.3673 0.6314 -0.6829
vn -0.3956 0.2390 -0.8868
vn -0.0558 0.5437 -0.8374
vn 0.2805 0.6881 -0.6692
vn -0.0110 0.9944 -0.1055
vn 0.3041 0.8603 -0.4091
vn 0.1104 0.9284 0.3546
vn 0.1206 0.8820 0.4554
vn 0.0788 0.8253 0.5591
vn -0.0347 0.6935 0.7196
vn -0.0494 0.6013 0.7974
vn 0.9257 0.3557 0.1285
vn 0.8253 0.5290 -0.1976
vn 0.6679 0.7125 -0.2149
vn 0.5047 0.7513 -0.4252
vn 0.3671 0.8389 -0.4018
vn 0.2041 0.7812 -0.5900
vn -0.0995 0.6175 -0.7802
vn -0.5173 0.3316 -0.7889
vn -0.4800 0.0477 -0.8759
vn -0.3468 -0.0797 -0.9345
vn -0.7492 -0.1798 -0.6375
vn -0.8643 -0.2744 -0.4216
vn -0.7457 -0.4602 0.4818
vn -0.8237 -0.3190 0.4688
vn -0.2252 0.2905 -0.9300
vn -0.2542 -0.4949 0.8309
vn -0.2201 -0.6005 0.7687
vn -0.7688 -0.5632 0.3027
vn -0.2223 -0.7712 0.5965
vn -0.7301 -0.5887 0.3470
vn -0.2311 -0.8498 0.4737
vn 0.0771 0.7144 -0.6955
vn -0.1740 0.6560 -0.7344
vn -0.4991 0.4679 -0.7294
vn -0.6420 0.2448 -0.7265
vn -0.7767 0.0662 -0.6264
vn -0.3456 0.6558 -0.6711
vn -0.5183 0.5670 -0.6401
vn -0.6743 0.5171 -0.5272
vn -0.6681 0.3811 -0.6390
vn -0.8530 0.0516 -0.5192
vn -0.5120 -0.8586 0.0258
vn -0.4536 -0.8301 -0.3242
vn -0.2513 -0.9414 -0.2250
vn -0.8809 -0.3024 -0.3641
vn -0.8647 0.0802 -0.4959
vn -0.9293 -0.0087 -0.3691
vn -0.4659 -0.7082 0.5305
vn 0.4217 -0.4115 0.8080
vn -0.0360 -0.9199 0.3904
vn -0.2134 -0.8100 -0.5462
vn -0.1661 -0.9372 -0.3066
vn -0.1251 -0.9903 -0.0609
vn -0.1736 -0.9431 -0.2833
vn -0.3576 -0.9138 0.1926
vn -0.4665 -0.8816 0.0714
vn -0.6893 -0.5728 0.4436
vn -0.7971 -0.4652 0.3851
vn -0.8115 0.0490 0.5823
vn -0.7777 -0.2644 0.5703
vn -0.7578 -0.2587 0.5990
vn -0.6612 -0.2884 0.6926
vn -0.5156 0.0764 0.8534
vn 0.0960 -0.2349 0.9673
vn 0.2340 -0.4230 0.8754
vn 0.2634 -0.5651 0.7818
vn -0.0294 -0.9995 0.0092
vn -0.0215 -0.9995 0.0238
vn -0.0082 -0.9824 0.1864
vn 0.0469 -0.9916 0.1202
vn -0.0776 -0.9486 0.3066
vn -0.3781 -0.7993 0.4670
vn -0.7394 -0.2446 0.6272
vn -0.5666 -0.3916 0.7249
vn -0.6447 -0.4635 0.6079
vn -0.2334 -0.3771 0.8963
vn 0.0094 -0.4599 0.8879
vn 0.0185 -0.4810 0.8765
vn -0.3415 -0.5248 0.7797
vn -0.3341 -0.5311 0.7786
vn -0.2745 -0.5756 0.7703
vn -0.3421 -0.6354 0.6922
vn -0.3237 -0.5424 0.7752
vn -0.3382 -0.7232 -0.6022
vn -0.1691 -0.7140 -0.6794
vn -0.8090 -0.3396 0.4798
vn -0.9221 -0.2065 0.3272
vn -0.8002 -0.5770 -0.1638
vn -0.1596 -0.7413 -0.6519
vn -0.3135 -0.8084 -0.4981
vn -0.7272 -0.6807 -0.0884
vn -0.8205 -0.4563 0.3442
vn -0.5464 -0.8359 -0.0520
vn -0.3514 -0.8248 -0.4429
vn -0.0530 -0.8095 -0.5846
vn -0.1623 -0.8230 -0.5444
vn -0.1379 -0.9372 -0.3203
vn -0.0429 -0.8943 -0.4454
vn 0.5918 0.6083 -0.5289
vn 0.6238 0.5905 -0.5120
vn 0.6025 0.5697 -0.5590
vn 0.5760 0.7396 -0.3480
vn 0.6374 0.7515 -0.1701
vn 0.3982 0.9149 0.0659
vn 0.6937 0.7174 -0.0634
vn 0.5163 0.8516 -0.0904
vn 0.4753 0.8263 -0.3023
vn 0.4221 0.8665 -0.2665
vn 0.7629 0.5272 -0.3742
vn 0.4657 0.7317 -0.4977
vn 0.7748 0.4573 -0.4364
vn 0.5272 0.6206 -0.5805
vn 0.7421 0.4068 -0.5328
vn 0.5852 0.5393 -0.6055
vn 0.7055 0.4165 -0.5734
vn 0.8884 0.0985 -0.4483
vn 0.8932 0.1670 -0.4174
vn 0.9392 0.2033 -0.2767
vn 0.8322 0.2553 -0.4920
vn 0.8247 0.1961 -0.5305
vn 0.7912 0.5019 -0.3493
vn 0.6981 0.5889 -0.4071
vn 0.6782 0.5400 -0.4984
vn 0.6055 0.5489 -0.5762
vn 0.4780 0.7788 -0.4062
vn 0.4477 0.8723 -0.1963
vn 0.6465 0.7452 -0.1634
vn 0.5883 0.6812 -0.4357
vn -0.0449 -0.6381 -0.7686
vn 0.4924 -0.8409 -0.2246
vn -0.1860 -0.5848 -0.7895
vn -0.3007 -0.3372 -0.8921
vn -0.2306 -0.2767 -0.9329
vn -0.1864 -0.2945 -0.9373
vn -0.1540 -0.3096 -0.9383
vn -0.1636 -0.3077 -0.9373
vn -0.2332 -0.2762 -0.9323
vn -0.2520 -0.2718 -0.9288
vn -0.3936 -0.0497 -0.9179
vn -0.2766 -0.1255 -0.9527
vn -0.3924 0.0746 -0.9167
vn -0.1979 -0.0438 -0.9792
vn -0.2752 -0.9187 0.2833
vn -0.1799 -0.9830 0.0361
vn 0.5086 -0.7968 -0.3261
vn 0.3295 -0.7880 -0.5199
vn -0.4603 -0.8871 -0.0336
vn 0.3414 -0.7571 -0.5569
vn -0.3435 -0.9327 -0.1094
vn 0.4488 -0.7060 -0.5478
vn 0.0291 -0.9995 -0.0137
vn 0.5048 -0.7941 -0.3384
vn 0.4283 -0.9025 0.0445
vn 0.3692 -0.8404 -0.3967
vn 0.2094 -0.7595 -0.6159
vn -0.8966 -0.3208 0.3052
vn -0.7714 -0.3142 0.5533
vn -0.8940 -0.2705 0.3571
vn -0.7446 -0.4263 0.5136
vn -0.3586 -0.7330 0.5780
vn 0.3686 -0.8985 0.2385
vn 0.7982 0.5281 -0.2897
vn 0.7780 0.5730 -0.2575
vn 0.7977 0.5832 -0.1532
vn 0.8368 0.5260 -0.1519
vn 0.7839 0.6140 -0.0920
vn -0.6964 -0.2775 0.6618
vn -0.6912 -0.3473 0.6337
vn -0.7910 -0.3373 0.5103
vn -0.8387 -0.2857 0.4635
vn -0.6903 -0.7173 0.0947
vn -0.9206 -0.2588 0.2925
vn -0.8221 -0.5465 0.1596
vn -0.9534 -0.1998 0.2260
vn -0.9422 -0.2477 0.2253
vn -0.9002 -0.2892 0.3255
vn -0.8492 -0.3610 0.3854
vn -0.7701 -0.4283 0.4727
vn -0.7865 -0.3890 0.4795
vn -0.7073 -0.4855 0.5138
vn -0.6829 -0.5013 0.5313
vn -0.5294 -0.7178 0.4522
vn -0.5312 -0.6258 0.5710
vn -0.3670 -0.7325 0.5733
vn -0.3772 -0.5580 0.7391
vn -0.1244 -0.7394 0.6616
vn -0.8360 -0.3823 0.3937
vn -0.8616 -0.3573 0.3604
vn -0.9215 -0.0665 0.3827
vn -0.9215 -0.1263 0.3672
vn -0.8758 -0.3026 0.3760
vn -0.8287 -0.4155 0.3748
vn -0.8717 -0.3672 0.3244
vn -0.1344 -0.5600 0.8175
vn 0.0451 -0.6332 0.7726
vn -0.5205 -0.3813 0.7640
vn -0.3209 -0.3432 0.8827
vn 0.0390 -0.9299 -0.3658
vn 0.6406 -0.4727 -0.6051
vn 0.6145 -0.4028 -0.6783
vn 0.4264 -0.6332 -0.6459
vn 0.2976 -0.7126 -0.6352
vn -0.0557 -0.9066 -0.4183
vn 0.4969 -0.4106 0.7645
vn 0.5937 -0.2221 0.7734
vn 0.5791 -0.0950 0.8097
vn 0.5521 -0.2595 0.7923
vn 0.3474 -0.4649 0.8144
vn 0.4869 -0.3168 0.8140
vn 0.6820 -0.3751 0.6277
vn 0.3364 -0.3194 0.8859
vn 0.4307 -0.1207 0.8944
vn 0.2110 -0.4050 0.8896
vn 0.1390 -0.6468 0.7498
vn 0.0882 -0.4466 0.8903
vn 0.0606 -0.4734 0.8787
vn 0.2402 -0.5047 0.8292
vn 0.1006 -0.2928 0.9509
vn 0.5423 -0.3563 0.7609
vn 0.4768 -0.2445 0.8443
vn 0.6779 -0.3954 0.6197
vn 0.7106 -0.0562 0.7013
vn 0.8435 0.1341 0.5200
vn 0.5657 -0.7391 0.3657
vn 0.9525 -0.3045 0.0039
vn 0.9887 0.1441 -0.0398
vn 0.9816 0.1909 -0.0077
vn 0.9517 -0.3067 0.0138
vn 0.6739 -0.7384 -0.0226
vn 0.8807 -0.3829 0.2787
vn 0.7030 -0.7019 0.1144
vn 0.7860 -0.2874 0.5473
vn 0.9440 0.1527 0.2925
vn 0.9523 0.0686 0.2973
vn 0.9844 0.1563 0.0806
vn 0.9862 0.0634 0.1529
vn 0.9564 0.0125 0.2917
vn 0.9953 0.0505 0.0827
vn 0.9793 0.1988 0.0372
vn 0.8736 0.0617 0.4826
vn 0.8300 0.0114 0.5577
vn 0.9873 0.0874 0.1328
vn 0.9781 0.1651 -0.1269
vn 0.9487 0.3153 -0.0216
vn 0.9120 0.3367 -0.2343
vn 0.8921 0.4514 -0.0213
vn 0.9033 0.3993 -0.1564
vn 0.8554 0.5177 -0.0144
vn 0.8798 0.4724 -0.0511
vn 0.8336 0.5430 0.1012
vn 0.8483 0.4586 0.2644
vn 0.8382 0.4929 0.2333
vn 0.7869 0.4115 0.4598
vn 0.7824 0.4653 0.4139
vn 0.7996 0.5929 0.0945
vn 0.7622 0.6373 0.1132
vn 0.6749 0.7111 0.1969
vn 0.7088 0.4461 0.5465
vn 0.7028 0.2844 0.6520
vn 0.4321 0.8650 0.2550
vn 0.4922 0.8509 0.1832
vn 0.6862 0.6808 0.2561
vn 0.5791 0.7756 0.2509
vn 0.7679 0.5720 0.2882
vn 0.8342 0.4593 0.3051
vn 0.8711 0.4633 0.1628
vn 0.8859 0.4126 0.2118
vn 0.7785 0.5206 0.3504
vn 0.8114 0.4301 0.3958
vn 0.7244 0.3522 0.5925
vn 0.6944 0.2503 0.6746
vn 0.6589 0.2085 0.7227
vn 0.6813 0.2032 0.7032
vn 0.5827 0.5716 0.5777
vn 0.5429 0.8166 0.1958
vn 0.3740 0.8983 0.2305
vn 0.2868 0.9142 0.2863
vn 0.3638 0.9063 0.2149
vn 0.3137 0.9340 0.1711
vn 0.5245 0.8409 0.1332
vn 0.8516 0.4881 0.1910
vn 0.4999 0.1270 0.8567
vn 0.3901 0.6178 0.6827
vn 0.2760 0.2157 0.9366
vn 0.8874 0.3347 0.3169
vn 0.8719 0.2383 0.4278
vn 0.8604 0.3415 0.3782
vn 0.8383 0.2834 0.4657
vn 0.9158 0.2675 0.2994
vn 0.8743 -0.0576 0.4819
vn 0.8373 -0.0730 0.5417
vn 0.7330 -0.1253 0.6686
vn 0.6832 0.1395 0.7167
vn 0.6416 0.0066 0.7670
vn 0.5339 -0.0011 0.8455
vn 0.8929 0.0429 0.4481
vn 0.7369 -0.4150 0.5335
vn 0.3534 -0.6239 0.6970
vn 0.0340 -0.0340 0.9988
vn -0.0375 0.0826 0.9958
vn 0.0596 0.0171 0.9980
vn 0.3473 -0.1158 0.9305
vn 0.6978 -0.0895 0.7107
vn 0.8068 -0.2659 0.5275
vn 0.7303 -0.1606 0.6639
vn 0.8055 -0.1384 0.5761
vn 0.7952 0.0564 0.6037
vn 0.7249 -0.1918 0.6616
vn 0.1393 -0.0360 0.9896
vn 0.1756 -0.2815 0.9433
vn 0.2961 -0.2524 0.9212
vn 0.4810 -0.1546 0.8629
vn 0.7416 0.1243 0.6592
vn -0.1261 -0.0162 0.9919
vn -0.0664 0.0464 0.9967
vn -0.2514 0.1498 0.9562
vn -0.8442 -0.2775 -0.4585
vn -0.7778 -0.3195 -0.5412
vn -0.6088 -0.3997 -0.6852
vn -0.7027 -0.5072 -0.4990
vn 0.4408 -0.1133 -0.8904
vn 0.7417 0.2955 0.6021
vn 0.8664 0.1054 0.4880
vn 0.8529 0.0094 0.5219
vn 0.7245 0.4513 0.5209
vn 0.8301 0.3180 0.4580
vn 0.7385 0.5075 0.4438
vn -0.2593 0.7349 0.6267
vn -0.7185 -0.3504 -0.6008
vn -0.8471 -0.0494 -0.5292
vn -0.8657 -0.1274 -0.4841
vn -0.7171 -0.4681 -0.5163
vn -0.8293 -0.3280 -0.4524
vn -0.7492 -0.4930 -0.4423
vn -0.4448 -0.8867 -0.1262
vn -0.5701 0.4105 0.7116
vn -0.7008 0.4671 0.5392
vn -0.9340 -0.0807 0.3481
vn -0.7271 -0.1683 0.6655
vn -0.4038 0.3551 0.8431
vn -0.4926 -0.2018 0.8465
vn -0.2809 0.4357 0.8551
vn -0.3347 -0.4336 0.8366
vn -0.4247 -0.6735 0.6049
vn -0.6238 -0.6603 0.4180
vn -0.6256 -0.6919 0.3605
vn -0.7783 -0.6176 0.1126
vn -0.8318 -0.4723 0.2916
vn -0.9417 -0.3292 0.0692
vn -0.9782 0.0015 0.2073
vn -0.9748 0.2189 -0.0421
vn -0.9953 0.0603 -0.0761
vn -0.9271 -0.3623 -0.0957
vn -0.9157 -0.3630 -0.1724
vn -0.9353 -0.1889 -0.2992
vn -0.8044 -0.5787 0.1338
vn -0.9123 -0.3575 -0.1997
vn -0.7295 0.5133 0.4521
vn -0.9815 0.1872 0.0401
vn -0.9043 -0.1167 -0.4105
vn -0.8657 0.4471 -0.2247
vn -0.7193 0.6630 0.2073
vn -0.7236 0.6592 0.2047
vn -0.5345 0.8408 -0.0857
vn -0.5824 0.8052 -0.1115
vn -0.9074 0.3720 -0.1955
vn -0.9077 -0.0898 -0.4098
vn -0.9716 0.2220 0.0818
vn -0.7620 0.5926 0.2611
vn -0.8755 0.4276 0.2251
vn -0.9140 -0.0752 0.3987
vn -0.8017 -0.3069 0.5130
vn -0.6904 -0.6172 0.3773
vn -0.4410 -0.6756 0.5908
vn -0.2558 -0.6846 0.6825
vn -0.6187 -0.5440 0.5668
vn -0.5337 -0.6647 0.5228
vn -0.2990 -0.6167 0.7282
vn -0.4544 -0.7180 0.5272
vn -0.3548 -0.7931 0.4950
vn -0.3185 -0.7860 0.5298
vn -0.3279 -0.7169 0.6152
vn -0.3215 -0.7658 0.5569
vn -0.2707 -0.7739 0.5724
vn -0.3129 0.3618 0.8782
vn -0.5376 0.5854 0.6068
vn -0.8017 0.3996 0.4445
vn -0.7360 0.4668 0.4903
vn -0.4951 0.6738 0.5484
vn -0.7841 0.3790 0.4915
vn -0.9517 0.0582 0.3015
vn -0.9596 -0.0256 0.2802
vn -0.9835 -0.1678 0.0675
vn -0.9571 -0.2586 -0.1304
vn -0.8167 -0.3744 -0.4391
vn -0.8402 -0.4379 -0.3197
vn -0.9562 -0.2608 -0.1325
vn -0.9825 0.0185 0.1852
vn -0.9941 0.0606 0.0891
vn -0.6675 0.2504 0.7013
vn -0.9536 0.0694 0.2929
vn -0.4023 0.2409 0.8832
vn -0.5705 0.5105 0.6434
vn -0.4046 0.5783 0.7084
vn -0.1270 0.2268 0.9656
vn -0.4318 0.4210 0.7977
vn -0.6825 0.4718 0.5582
vn -0.3938 0.6609 0.6388
vn -0.5752 0.4620 0.6750
vn -0.7142 0.2763 0.6431
vn -0.8048 0.2862 0.5199
vn -0.8839 -0.0429 0.4657
vn -0.8994 -0.0663 0.4320
vn -0.8912 -0.4474 0.0748
vn -0.9211 -0.3892 -0.0039
vn -0.8092 -0.5538 -0.1959
vn -0.8238 -0.4885 -0.2874
vn -0.9360 -0.3189 -0.1489
vn -0.9486 -0.2962 -0.1117
vn -0.8357 -0.4702 -0.2837
vn -0.8713 0.3260 0.3666
vn 0.3189 0.4019 0.8583
vn 0.9911 0.1237 -0.0494
vn 0.9678 -0.0978 -0.2320
vn 0.9889 0.0627 -0.1347
vn 0.9846 0.1736 -0.0215
vn 0.9878 0.1493 0.0435
vn 0.9859 0.1634 0.0349
vn 0.9855 0.1685 -0.0194
vn 0.9883 0.1313 -0.0775
vn 0.9939 0.1009 -0.0442
vn 0.9922 0.1129 -0.0529
vn 0.9943 0.0667 -0.0829
vn 0.9955 0.0884 -0.0346
vn 0.9834 0.1811 0.0131
vn 0.9814 0.1883 0.0381
vn 0.9452 0.3248 0.0325
vn 0.9440 0.3275 0.0393
vn 0.9093 0.4134 0.0472
vn 0.9015 0.4296 0.0525
vn 0.8993 0.4322 0.0665
vn 0.9008 0.4304 0.0576
vn 0.8964 0.4391 0.0605
vn 0.8928 0.4480 0.0457
vn 0.9116 0.4088 0.0423
vn 0.9035 0.4275 0.0279
vn 0.9336 0.3579 0.0158
vn 0.9286 0.3707 0.0100
vn 0.9690 0.2469 0.0038
vn 0.9688 0.2478 0.0035
vn 0.9854 0.1701 0.0038
vn 0.9820 0.1882 0.0157
vn 0.9642 0.2647 0.0141
vn 0.9714 0.2321 0.0500
vn 0.9454 0.3243 0.0310
vn 0.9140 0.4039 0.0380
vn 0.9014 0.4308 0.0425
vn 0.8898 0.4552 0.0331
vn 0.8980 0.4395 0.0191
vn 0.9247 0.3806 0.0087
vn 0.9901 0.1375 0.0267
vn 0.9953 0.0965 -0.0062
vn 0.9930 0.1184 0.0030
vn 0.9813 0.1882 0.0389
vn 0.1047 0.5585 0.8229
vn 0.1717 0.5042 0.8463
vn 0.0428 0.4649 0.8843
vn 0.1293 0.4550 0.8810
vn 0.2915 0.5014 0.8146
vn 0.5552 -0.8133 -0.1739
vn 0.4725 -0.8156 -0.3337
vn 0.5051 -0.8510 0.1439
vn 0.5559 -0.7780 -0.2925
vn 0.7748 -0.5531 -0.3061
vn 0.5941 -0.8043 -0.0061
vn 0.3006 -0.9525 -0.0490
vn 0.6067 -0.7766 0.1698
vn 0.0986 -0.9731 0.2079
vn 0.6559 -0.6888 0.3086
vn -0.1534 -0.8289 0.5379
vn 0.6217 -0.6226 0.4752
vn -0.1656 -0.7353 0.6571
vn 0.6071 -0.6213 0.4953
vn -0.1368 -0.6969 0.7040
vn 0.5853 -0.7435 0.3235
vn -0.1048 -0.8210 0.5611
vn 0.4958 -0.8645 -0.0819
vn 0.1000 -0.9909 -0.0902
vn -0.4422 -0.8887 0.1205
vn -0.8117 -0.4583 0.3621
vn -0.8342 -0.3788 0.4008
vn -0.8342 -0.3569 0.4203
vn -0.8075 -0.2921 0.5124
vn -0.7884 -0.2768 0.5493
vn 0.2230 0.1953 0.9550
vn 0.1554 0.3553 0.9217
vn 0.1836 0.2790 0.9426
vn 0.2191 0.2111 0.9526
vn 0.3152 0.0891 0.9448
vn 0.3078 0.1218 0.9436
vn 0.3423 0.0394 0.9387
vn 0.3453 0.0224 0.9382
vn 0.3090 0.0469 0.9499
vn 0.3115 0.0629 0.9481
vn 0.3158 0.1389 0.9386
vn 0.3234 0.1718 0.9305
vn 0.4533 0.0488 0.8900
vn 0.4490 0.0300 0.8930
vn 0.5626 -0.1697 0.8091
vn 0.5495 -0.3026 0.7787
vn 0.8730 0.1364 -0.4682
vn 0.9104 0.4055 -0.0819
vn 0.9520 0.3057 -0.0124
vn 0.9779 0.2091 0.0054
vn 0.9959 0.0873 -0.0208
vn 0.9519 0.0248 0.3053
vn 0.9949 -0.0415 -0.0919
vn 0.9669 -0.1765 0.1844
vn 0.9653 -0.1670 -0.2006
vn 0.9244 -0.3808 0.0206
vn 0.9163 -0.2534 -0.3101
vn 0.8415 -0.5191 -0.1496
vn 0.8630 -0.2919 -0.4122
vn 0.7576 -0.5737 -0.3113
vn 0.8087 -0.2864 -0.5137
vn 0.6749 -0.5649 -0.4747
vn 0.5761 -0.4885 -0.6552
vn 0.7443 -0.2384 -0.6239
vn 0.6814 -0.1586 -0.7144
vn 0.5858 0.3110 -0.7484
vn 0.6109 0.4266 -0.6669
vn 0.5774 0.1803 -0.7963
vn 0.5889 0.0563 -0.8062
vn 0.6241 -0.0532 -0.7795
vn 0.3074 -0.0119 -0.9515
vn 0.2842 0.1834 -0.9410
vn 0.3025 0.3968 -0.8666
vn 0.3430 0.5894 -0.7314
vn 0.6502 0.5105 -0.5627
vn 0.7010 0.5524 -0.4509
vn 0.7684 0.5477 -0.3310
vn 0.4761 0.7954 -0.3751
vn 0.5859 0.7886 -0.1863
vn 0.8460 0.4948 -0.1984
vn 0.7095 0.7041 0.0278
vn 0.8060 0.5512 0.2156
vn 0.8672 0.3775 0.3246
vn 0.9098 0.2146 0.3552
vn -0.8750 -0.1434 0.4624
vn -0.8358 -0.4927 0.2421
vn -0.7648 -0.5380 0.3544
vn -0.7019 -0.5388 0.4659
vn -0.6494 -0.4991 0.5737
vn -0.6131 -0.4323 0.6612
vn -0.5972 -0.3519 0.7208
vn -0.5995 -0.2463 0.7615
vn -0.6230 -0.1078 0.7747
vn -0.6705 0.0491 0.7402
vn -0.7296 0.1856 0.6582
vn -0.7799 0.2642 0.5674
vn -0.8198 0.2941 0.4912
vn -0.8631 0.2947 0.4102
vn -0.9129 0.2618 0.3131
vn -0.9596 0.1853 0.2115
vn -0.9893 0.0731 0.1258
vn -0.9958 -0.0522 0.0751
vn -0.9826 -0.1750 0.0619
vn -0.9519 -0.2942 0.0851
vn -0.9021 -0.4058 0.1464
vn 0.3981 0.7293 -0.5564
vn 0.3701 -0.1856 -0.9102
vn 0.4712 -0.3561 -0.8069
vn 0.2228 0.7698 0.5982
vn 0.2176 0.7628 0.6089
vn 0.3256 0.8853 0.3319
vn 0.3267 0.8846 0.3328
vn 0.3718 0.7138 0.5934
vn 0.3642 0.7242 0.5856
vn 0.0833 0.9421 -0.3247
vn 0.0723 0.9425 -0.3263
vn 0.2414 0.9598 0.1428
vn 0.2493 0.9550 0.1605
vn 0.2767 0.9362 0.2167
vn 0.2720 0.9369 0.2192
vn 0.3697 0.8848 0.2836
vn 0.4240 0.8639 0.2718
vn 0.8206 -0.0425 0.5698
vn 0.8196 -0.0574 0.5700
vn -0.7313 -0.4948 0.4694
vn -0.7093 -0.4458 0.5459
vn -0.7100 -0.4678 0.5264
vn -0.7235 -0.3489 0.5956
vn -0.7089 -0.4385 0.5523
vn -0.5892 -0.6765 0.4418
vn -0.7251 -0.3349 0.6016
vn -0.6179 -0.6316 0.4683
vn -0.5672 -0.7093 0.4185
vn -0.6928 -0.4804 0.5378
vn -0.6442 -0.5831 0.4948
vn -0.7604 -0.2574 0.5962
vn -0.7506 -0.2947 0.5914
vn -0.7808 -0.1687 0.6015
vn -0.7731 -0.1997 0.6019
vn -0.7972 -0.0982 0.5957
vn -0.7901 -0.1263 0.5998
vn -0.7394 -0.2417 0.6283
vn -0.8045 -0.0657 0.5903
vn -0.5593 -0.5239 0.6424
vn -0.6309 -0.4334 0.6435
vn -0.3551 -0.7136 0.6039
vn -0.0678 -0.9614 0.2665
vn -0.2458 -0.9337 0.2601
vn -0.6223 -0.7536 0.2116
vn -0.8706 -0.4746 0.1293
vn -0.9035 -0.4140 0.1104
vn -0.9181 -0.3821 0.1054
vn -0.9298 -0.3578 0.0857
vn -0.8283 -0.4968 0.2590
vn -0.8636 -0.4710 0.1799
vn -0.7564 -0.5301 0.3832
vn 0.9074 -0.2452 -0.3412
vn 0.7338 0.6677 0.1250
vn 0.8142 0.4487 -0.3684
vn 0.7692 0.6193 -0.1573
vn 0.7666 0.3556 -0.5346
vn 0.8649 0.4454 -0.2314
vn 0.9360 0.2979 -0.1876
vn 0.9361 0.2445 0.2527
vn 0.9055 0.2126 0.3673
vn 0.8957 0.1393 0.4223
vn 0.9653 0.0560 0.2550
vn 0.8909 -0.0238 0.4535
vn 0.9324 0.0115 0.3612
vn 0.8913 0.0330 0.4521
vn 0.8611 0.0866 0.5009
vn 0.8945 -0.1337 0.4266
vn 0.8396 -0.0811 0.5370
vn 0.8371 -0.0757 0.5417
vn 0.7838 -0.2557 0.5659
vn 0.2093 -0.2355 0.9490
vn 0.3805 -0.2651 0.8860
vn -0.2502 -0.0770 0.9651
vn -0.1020 0.0301 0.9943
vn -0.3698 -0.0963 0.9241
vn -0.4585 -0.1608 0.8740
vn -0.1340 -0.0583 0.9893
vn 0.5705 -0.0841 0.8169
vn 0.7344 -0.1545 0.6608
vn 0.9129 0.0264 0.4074
vn 0.8918 0.1469 0.4279
vn 0.8937 0.1882 0.4072
vn 0.8494 0.5018 0.1635
vn 0.8536 0.4960 0.1595
vn 0.3507 0.8731 0.3385
vn 0.0479 -0.0425 0.9979
vn -0.1528 -0.3010 0.9413
vn -0.1739 -0.1596 0.9717
vn -0.1316 -0.1361 0.9819
vn 0.0306 -0.2436 0.9694
vn 0.3795 -0.1277 0.9163
vn 0.7699 -0.0405 0.6369
vn 0.7427 0.1476 0.6531
vn 0.4206 -0.1828 0.8886
vn -0.4747 -0.0944 0.8750
vn -0.1979 -0.2156 0.9562
vn -0.1828 -0.2657 0.9466
vn -0.2098 -0.2672 0.9405
vn 0.0310 -0.1730 0.9844
vn 0.5739 0.0668 0.8162
vn 0.8054 0.1165 0.5812
vn 0.8902 0.1353 0.4349
vn 0.9123 0.2589 0.3174
vn 0.9345 0.2707 0.2311
vn 0.9165 0.3618 0.1708
vn 0.0136 -0.1279 0.9917
vn 0.2213 -0.1092 0.9691
vn 0.8553 0.2589 0.4488
vn 0.9230 0.2239 0.3128
vn 0.8803 0.1695 0.4431
vn 0.7593 0.2276 0.6096
vn 0.5801 -0.0086 0.8144
vn 0.0684 -0.0562 0.9961
vn 0.1625 -0.1851 0.9692
vn 0.2192 -0.1469 0.9645
vn 0.5183 0.2427 0.8200
vn 0.2968 -0.0756 0.9519
vn 0.6653 -0.0974 0.7401
vn 0.7391 0.1224 0.6623
vn 0.7808 0.2623 0.5671
vn 0.6049 -0.0326 0.7956
vn 0.8352 0.1099 0.5387
vn 0.6518 0.3306 0.6825
vn 0.5977 0.3463 0.7230
vn 0.3324 0.0644 0.9409
vn 0.4026 0.6979 0.5923
vn 0.4337 0.4574 0.7763
vn 0.0605 -0.2782 0.9586
vn 0.2255 -0.2123 0.9508
vn 0.7612 -0.4468 0.4701
vn 0.6465 -0.6958 0.3128
vn 0.5712 -0.7928 0.2123
vn 0.8417 -0.0590 0.5367
vn 0.7873 -0.5325 0.3106
vn 0.8936 -0.0856 0.4406
vn 0.9690 -0.1827 0.1662
vn 0.9830 -0.1462 -0.1106
vn 0.7736 0.1278 -0.6207
vn 0.9987 0.0392 -0.0317
vn 0.9916 0.0900 -0.0928
vn 0.9947 0.0544 -0.0871
vn 0.9764 0.1626 -0.1419
vn 0.9893 0.0247 0.1435
vn 0.6504 -0.7543 0.0896
vn 0.5724 -0.7827 0.2442
vn 0.6503 -0.6537 0.3870
vn 0.6511 -0.6539 0.3854
vn 0.6452 -0.4305 0.6311
vn 0.9200 0.0186 0.3913
vn 0.1428 0.1586 0.9769
vn 0.8492 0.0482 -0.5259
vn 0.7075 0.0578 -0.7043
vn 0.9269 0.0879 -0.3647
vn 0.7392 0.1130 -0.6639
vn 0.7645 0.2605 -0.5896
vn 0.6837 0.3016 -0.6645
vn 0.7659 0.0496 -0.6409
vn 0.8193 0.0257 -0.5728
vn 0.8182 0.0478 -0.5729
vn 0.6064 0.1250 -0.7852
vn 0.6037 0.1357 -0.7855
vn 0.7416 0.1362 -0.6568
vn 0.8909 0.3190 0.3232
vn 0.9597 0.2430 0.1414
vn 0.7106 0.3139 -0.6296
vn 0.7136 0.3054 -0.6304
vn 0.7182 0.3216 -0.6170
vn 0.7671 0.0403 -0.6403
vn 0.8921 -0.2422 0.3813
vn 0.5354 -0.8046 0.2569
vn 0.2206 -0.1462 0.9643
vn 0.5047 0.7109 0.4898
vn 0.1305 0.9641 0.2310
vn 0.0180 0.9212 0.3885
vn 0.9318 0.3528 -0.0851
vn 0.6488 0.2565 -0.7164
vn -0.0582 -0.0731 0.9956
vn 0.8120 0.5080 0.2871
vn 0.7900 0.5585 0.2528
vn 0.7786 0.4633 0.4232
vn 0.8043 0.5740 0.1538
vn 0.5908 0.7956 0.1341
vn 0.5752 0.8168 0.0441
vn 0.7550 0.6530 0.0599
vn 0.6992 0.6759 0.2329
vn 0.7158 0.6209 0.3195
vn 0.5836 0.5980 0.5493
vn 0.6134 0.5804 0.5356
vn 0.5916 0.5603 0.5797
vn 0.5706 0.7334 0.3695
vn 0.6321 0.7506 0.1926
vn 0.3974 0.9155 -0.0627
vn 0.6921 0.7168 0.0846
vn 0.5145 0.8517 0.0990
vn 0.4907 0.8201 0.2944
vn 0.4278 0.8678 0.2528
vn 0.7678 0.5156 0.3801
vn 0.8354 0.5377 0.1141
vn 0.8972 0.3955 0.1965
vn 0.7654 0.6209 0.1690
vn 0.8242 0.2378 0.5139
vn 0.8671 0.2242 0.4448
vn 0.7512 0.5127 0.4158
vn 0.8879 0.3188 0.3317
vn 0.8907 0.1407 0.4324
vn 0.9370 0.1785 0.3002
vn 0.7419 0.3985 0.5391
vn 0.7762 0.4455 0.4461
vn 0.7720 0.5621 0.2967
vn 0.6277 0.7340 0.2592
vn 0.7845 0.4425 0.4344
vn 0.7312 0.4025 0.5507
vn 0.5593 0.6663 0.4931
vn 0.7314 0.2904 0.6169
vn 0.5093 0.6315 0.5846
vn 0.7004 0.4794 0.5287
vn 0.6245 0.4401 0.6452
vn 0.6039 0.7033 0.3750
vn 0.7052 0.4144 0.5752
vn 0.8308 0.2446 0.4999
vn 0.8903 0.0719 0.4497
vn 0.9130 0.0786 0.4002
vn 0.8399 0.1230 0.5286
vn 0.7027 0.2102 0.6797
vn 0.6463 0.2261 0.7288
vn 0.6242 0.4882 0.6099
vn 0.8402 0.2089 0.5003
vn 0.6681 0.3149 0.6742
vn 0.7355 0.3296 0.5918
vn 0.7234 0.4465 0.5266
vn 0.7383 0.3832 0.5550
vn 0.6217 0.0697 0.7801
vn 0.8241 0.1743 0.5390
vn 0.8469 0.4048 0.3447
vn 0.7610 0.2641 0.5925
vn -0.0044 0.9119 0.4103
vn 0.0887 0.9523 0.2918
vn 0.0234 0.9825 0.1847
vn -0.3162 0.9487 0.0038
vn -0.4117 0.9051 -0.1065
vn 0.0783 0.9830 0.1660
vn -0.3535 0.9348 -0.0320
vn 0.0265 0.9977 0.0624
vn -0.3884 0.9191 -0.0657
vn 0.1420 0.9880 0.0597
vn 0.8414 0.5178 0.1547
vn 0.7602 0.6392 0.1159
vn -0.0243 0.9996 -0.0096
vn 0.7136 0.6958 0.0811
vn -0.0916 0.9901 -0.1064
vn 0.6984 0.7133 -0.0588
vn 0.8364 0.5018 0.2203
vn 0.8401 0.4906 0.2312
vn 0.6956 0.6879 0.2070
vn 0.7923 0.6005 0.1077
vn 0.4747 0.7344 0.4850
vn 0.5324 0.6186 0.5777
vn 0.5876 0.5382 0.6042
vn 0.6083 0.5486 0.5736
vn 0.6818 0.5417 0.4917
vn 0.8280 0.1868 0.5286
vn 0.8021 0.4969 0.3311
vn 0.8239 0.4580 0.3337
vn 0.6572 0.5206 0.5449
vn 0.4865 0.7819 0.3898
vn 0.7061 0.5862 0.3971
vn 0.4535 0.8738 0.1754
vn 0.6515 0.7462 0.1366
vn 0.6388 0.7593 0.1238
vn 0.4212 0.8454 0.3283
vn 0.4802 0.4216 0.7691
vn 0.2355 0.7477 0.6208
vn 0.6811 0.3719 0.6307
vn 0.3324 0.6150 0.7150
vn 0.7353 0.4922 0.4658
vn 0.9543 0.2645 0.1393
vn 0.8468 0.1617 0.5067
vn -0.3753 0.9262 -0.0355
vn -0.4118 0.9082 -0.0747
vn -0.4318 0.8694 -0.2404
vn -0.3985 0.8214 -0.4081
vn 0.9231 0.3222 0.2098
vn 0.6350 0.6878 0.3517
vn 0.5827 0.6751 0.4524
vn -0.4099 0.0913 0.9075
vn -0.2194 -0.0328 0.9751
vn -0.2912 -0.1136 0.9499
vn -0.4033 -0.0413 0.9141
vn -0.2676 -0.2640 0.9266
vn -0.2492 -0.2693 0.9302
vn -0.1841 -0.3049 0.9344
vn -0.1755 -0.3064 0.9356
vn -0.2044 -0.2957 0.9331
vn -0.2488 -0.2759 0.9284
vn -0.3105 -0.3407 0.8874
vn -0.0461 -0.6514 0.7573
vn -0.2001 -0.5833 0.7872
vn 0.4961 -0.8468 0.1916
vn 0.2064 -0.7736 0.5990
vn 0.6261 -0.7782 0.0493
vn 0.5022 -0.8069 0.3110
vn 0.4042 -0.8049 0.4343
vn 0.4815 -0.7304 0.4844
vn 0.4474 -0.7288 0.5183
vn 0.4433 -0.7137 0.5423
vn 0.3460 -0.7714 0.5340
vn 0.3347 -0.7735 0.5381
vn 0.3425 -0.7686 0.5402
vn 0.2611 -0.7964 0.5455
vn 0.3132 -0.7971 0.5163
vn 0.2873 -0.8169 0.5000
vn 0.4743 -0.7496 0.4617
vn 0.4851 -0.8055 0.3404
vn 0.6003 -0.7833 0.1614
vn 0.3951 -0.8719 0.2891
vn 0.4682 -0.8769 0.1085
vn 0.5000 -0.8655 -0.0297
vn 0.5259 -0.8494 -0.0442
vn 0.5659 -0.7699 -0.2948
vn 0.5599 -0.6855 -0.4654
vn 0.5937 -0.6540 -0.4687
vn 0.5917 -0.6558 -0.4689
vn 0.5919 -0.6528 -0.4727
vn 0.6037 -0.6422 -0.4723
vn 0.6086 -0.6571 -0.4447
vn 0.6021 -0.6780 -0.4217
vn 0.6433 -0.6428 -0.4159
vn 0.6384 -0.7194 -0.2736
vn 0.6359 -0.7557 -0.1568
vn 0.5880 -0.7944 -0.1518
vn 0.5858 -0.7997 -0.1314
vn 0.5840 -0.8040 -0.1115
vn 0.5718 -0.8190 0.0478
vn 0.5523 -0.8286 0.0913
vn 0.5181 -0.8238 0.2299
vn 0.5928 -0.7811 0.1961
vn 0.5314 -0.7813 0.3273
vn 0.5477 -0.7564 0.3576
vn 0.5168 -0.8331 0.1972
vn 0.4531 -0.8164 0.3579
vn 0.4948 -0.8607 -0.1199
vn 0.5842 -0.8111 0.0275
vn 0.5635 -0.1727 -0.8078
vn 0.5500 -0.3082 -0.7762
vn 0.4503 0.0266 -0.8925
vn 0.4537 0.0480 -0.8899
vn 0.3236 0.1729 -0.9302
vn 0.3159 0.1400 -0.9384
vn 0.3115 0.0646 -0.9480
vn 0.3090 0.0484 -0.9498
vn 0.3453 0.0234 -0.9382
vn 0.3422 0.0404 -0.9387
vn 0.3077 0.1225 -0.9435
vn 0.3150 0.0898 -0.9448
vn 0.2189 0.2124 -0.9523
vn 0.2229 0.1962 -0.9549
vn 0.1836 0.2799 -0.9423
vn 0.1556 0.3558 -0.9215
vn -0.3672 0.9184 0.1474
vn -0.4672 0.8366 0.2859
vn -0.7820 -0.5923 -0.1938
vn -0.9057 -0.3912 -0.1629
vn -0.6111 -0.7601 -0.2209
vn -0.5474 -0.8080 -0.2177
vn -0.6938 -0.6846 -0.2235
vn -0.6893 -0.6894 -0.2228
vn -0.6960 -0.6824 -0.2233
vn -0.6987 -0.6794 -0.2241
vn -0.7266 -0.6450 -0.2367
vn -0.6937 -0.6850 -0.2227
vn -0.7909 -0.5508 -0.2668
vn -0.7607 -0.5983 -0.2515
vn -0.9039 -0.2698 -0.3318
vn 0.4668 -0.8708 -0.1542
vn 0.3635 -0.9033 -0.2275
vn -0.3291 -0.7675 -0.5500
vn -0.4539 -0.7003 -0.5509
vn -0.7743 -0.4079 -0.4837
vn -0.8319 -0.3499 -0.4307
vn -0.9085 -0.2486 -0.3357
vn -0.8463 -0.2794 -0.4534
vn -0.7806 -0.3016 -0.5473
vn -0.8538 -0.3068 -0.4205
vn -0.9009 -0.3061 -0.3076
vn -0.8548 -0.2867 -0.4325
vn -0.7921 -0.2617 -0.5514
vn -0.8003 -0.2683 -0.5362
vn -0.8105 -0.2766 -0.5163
vn -0.8238 -0.3058 -0.4774
vn -0.8366 -0.3390 -0.4302
vn -0.8369 -0.3511 -0.4197
vn -0.8370 -0.3605 -0.4115
vn -0.8211 -0.4263 -0.3795
vn -0.8131 -0.4528 -0.3657
vn -0.5425 -0.8233 -0.1669
vn -0.4655 -0.8771 -0.1180
vn -0.0338 -0.9972 0.0668
vn 0.0290 -0.9953 0.0921
vn -0.7505 -0.4762 -0.4582
vn -0.7309 -0.4514 -0.5118
vn -0.7301 -0.4223 -0.5371
vn -0.8449 -0.4710 -0.2535
vn -0.7740 -0.5096 -0.3757
vn -0.9241 -0.3637 -0.1172
vn -0.8791 -0.4427 -0.1767
vn -0.8949 -0.4256 -0.1341
vn -0.9337 -0.3431 -0.1020
vn -0.2382 -0.9394 -0.2464
vn -0.8593 -0.4885 -0.1512
vn -0.6129 -0.7601 -0.2157
vn -0.0721 -0.9665 -0.2463
vn -0.6862 -0.5031 -0.5254
vn -0.7498 -0.3161 -0.5812
vn -0.7613 -0.2756 -0.5868
vn -0.7760 -0.2144 -0.5932
vn -0.7851 -0.1792 -0.5928
vn -0.7958 -0.1315 -0.5911
vn -0.8050 -0.0948 -0.5857
vn -0.8140 -0.0525 -0.5784
vn -0.7456 -0.2439 -0.6202
vn -0.6270 -0.4511 -0.6351
vn -0.5395 -0.5572 -0.6312
vn -0.2870 -0.7681 -0.5723
vn -0.7296 -0.4129 -0.5451
vn -0.7487 -0.2400 -0.6179
vn -0.7493 -0.2132 -0.6269
vn -0.6136 -0.6388 -0.4640
vn -0.5882 -0.6802 -0.4375
vn -0.6169 -0.6351 -0.4649
vn -0.6321 -0.6087 -0.4796
vn 0.9208 -0.1185 0.3715
vn 0.6007 0.7539 -0.2660
vn 0.7406 0.5847 -0.3310
vn 0.7541 0.5596 -0.3438
vn -0.9181 0.2558 -0.3025
vn -0.9860 0.1439 -0.0838
vn -0.9646 0.2417 -0.1056
vn 0.2022 0.9452 -0.2564
vn 0.2273 0.9463 -0.2297
vn -0.0649 -0.5578 0.8274
vn -0.3058 0.2384 0.9218
vn -0.1896 -0.5997 0.7774
vn -0.1905 0.8222 0.5363
vn -0.3662 -0.2701 0.8904
vn -0.8863 -0.1084 0.4502
vn -0.9933 -0.0140 0.1144
vn -0.9933 -0.0421 0.1069
vn 0.9892 0.0570 -0.1348
vn 0.9930 0.1165 -0.0197
vn 0.9933 0.1099 -0.0368
vn 1.0000 0.0031 -0.0025
vn 0.9922 0.0604 -0.1093
vn 0.9721 0.1116 -0.2063
vn -0.0795 -0.6063 -0.7912
vn 0.7372 -0.6667 0.1092
vn 0.3046 -0.5179 0.7993
vn 0.4401 -0.4973 0.7476
vn -0.3188 -0.2866 0.9034
vn -0.3772 -0.2749 0.8844
vn -0.4216 -0.0493 0.9054
vn -0.4158 -0.0349 0.9088
vn -0.5115 -0.0410 0.8583
vn -0.5338 -0.0292 0.8451
vn -0.3042 -0.0445 0.9515
vn -0.2955 -0.0472 0.9542
vn -0.5734 -0.1062 0.8123
vn -0.5864 -0.0964 0.8042
vn -0.5293 -0.1638 0.8324
vn -0.5328 -0.1716 0.8286
vn -0.5939 -0.2568 0.7624
vn -0.6052 -0.2660 0.7503
vn -0.6899 -0.3419 0.6381
vn -0.7027 -0.3483 0.6204
vn -0.4166 -0.2556 0.8724
vn -0.3930 -0.2509 0.8846
vn -0.1251 -0.1103 0.9860
vn -0.1293 -0.1187 0.9844
vn -0.4054 -0.1079 0.9077
vn -0.4385 -0.0818 0.8950
vn -0.5822 -0.0593 0.8108
vn -0.6070 -0.0707 0.7916
vn -0.4559 -0.0150 0.8899
vn -0.4217 0.0023 0.9067
vn 0.0365 -0.9987 -0.0334
vn -0.0681 -0.9969 -0.0385
vn -0.0552 -0.9977 -0.0377
vn 0.0293 -0.9992 -0.0281
vn 0.2488 -0.9655 -0.0773
vn 0.2842 -0.9549 -0.0857
vn -0.3254 -0.0172 -0.9454
vn -0.3246 0.0243 -0.9455
vn -0.3251 0.0243 -0.9453
vn -0.3264 -0.0293 -0.9448
vn -0.2965 -0.0667 -0.9527
vn -0.3016 -0.0695 -0.9509
vn -0.1777 -0.0453 -0.9830
vn -0.1727 -0.0432 -0.9840
vn -0.2051 -0.0603 -0.9769
vn -0.2094 -0.0617 -0.9759
vn -0.2691 -0.1009 -0.9578
vn -0.2763 -0.1181 -0.9538
vn -0.3065 -0.1386 -0.9417
vn -0.3100 -0.1394 -0.9404
vn -0.3365 -0.1250 -0.9333
vn -0.3375 -0.1218 -0.9334
vn -0.3769 -0.0912 -0.9217
vn -0.3919 -0.0755 -0.9169
vn -0.2564 -0.0301 -0.9661
vn -0.2304 -0.0252 -0.9727
vn -0.4795 -0.0515 -0.8760
vn -0.4982 -0.0539 -0.8654
vn -0.2236 -0.0234 -0.9744
vn -0.2062 -0.0273 -0.9781
vn -0.1562 -0.2216 -0.9625
vn -0.2202 -0.1750 -0.9596
vn 0.1917 -0.4927 -0.8488
vn 0.2890 -0.5110 -0.8095
vn 0.4325 -0.7603 -0.4847
vn 0.4940 -0.7581 -0.4256
vn 0.3499 -0.7897 -0.5039
vn 0.5403 -0.6977 -0.4703
vn 0.6651 -0.7089 -0.2347
vn 0.7663 -0.6206 -0.1659
vn 0.7099 -0.6236 -0.3272
vn 0.8331 -0.5166 -0.1975
vn 0.6524 -0.5959 -0.4683
vn 0.7882 -0.4692 -0.3982
vn 0.8175 -0.5724 -0.0641
vn 0.8566 -0.5040 -0.1105
vn 0.8210 -0.5214 0.2325
vn 0.8501 -0.4561 0.2633
vn 0.8353 -0.5278 0.1539
vn 0.9007 -0.3646 0.2362
vn 0.8549 -0.4910 0.1672
vn 0.8918 -0.3934 0.2232
vn 0.8735 -0.4614 0.1547
vn 0.8864 -0.4471 0.1196
vn 0.6501 -0.7422 -0.1625
vn 0.6817 -0.6807 -0.2681
vn 0.6432 -0.6712 -0.3683
vn 0.7400 -0.6700 -0.0592
vn 0.4531 -0.8692 0.1978
vn 0.7132 -0.6641 0.2243
vn 0.7233 -0.6638 0.1901
vn 0.7702 -0.6366 0.0378
vn 0.7387 -0.6684 0.0864
vn 0.8585 -0.5112 0.0402
vn 0.6024 -0.6852 0.4093
vn 0.6538 -0.6489 0.3890
vn 0.7145 -0.6996 -0.0004
vn 0.7142 -0.6999 0.0022
vn 0.3260 -0.7338 0.5960
vn 0.2613 -0.7507 0.6067
vn 0.2423 -0.8091 0.5354
vn 0.2784 -0.7998 0.5318
vn 0.5048 -0.7697 0.3908
vn 0.6379 -0.7491 0.1785
vn 0.2802 -0.8123 0.5114
vn 0.2420 -0.8146 0.5271
vn 0.9342 -0.3512 -0.0620
vn 0.9297 -0.3678 -0.0157
vn 0.8544 -0.4930 0.1639
vn 0.6659 -0.6184 0.4173
vn 0.4453 -0.6536 0.6119
vn 0.3630 -0.6268 0.6894
vn 0.3380 -0.6789 0.6518
vn 0.3246 -0.7071 0.6282
vn -0.0260 -0.7330 -0.6797
vn -0.0405 -0.7644 -0.6435
vn 0.0519 -0.7736 -0.6315
vn -0.1127 -0.7831 -0.6116
vn -0.1339 -0.7023 -0.6992
vn -0.2109 -0.7417 -0.6367
vn -0.4076 -0.7792 -0.4762
vn -0.4023 -0.7779 -0.4828
vn -0.7095 -0.6692 -0.2209
vn -0.6703 -0.6785 -0.3003
vn -0.8133 -0.5578 -0.1655
vn -0.7402 -0.6435 -0.1948
vn -0.7783 -0.6011 -0.1815
vn -0.7325 -0.6359 -0.2429
vn -0.7945 -0.5872 -0.1549
vn -0.8136 -0.5809 0.0226
vn -0.8560 -0.4734 0.2079
vn -0.8176 -0.3681 0.4427
vn -0.8820 -0.4704 -0.0256
vn -0.9461 -0.2848 0.1538
vn 0.0667 -0.8285 -0.5559
vn -0.0830 -0.8387 -0.5382
vn 0.0693 -0.8459 -0.5288
vn -0.4191 -0.7981 -0.4328
vn -0.2149 -0.8434 -0.4924
vn -0.6550 -0.7272 -0.2053
vn -0.6833 -0.7009 -0.2046
vn -0.7309 -0.6823 -0.0102
vn -0.7541 -0.6567 -0.0053
vn -0.8263 -0.5167 -0.2238
vn -0.7142 -0.6834 -0.1512
vn -0.7319 -0.6534 0.1932
vn -0.6134 -0.7598 0.2156
vn -0.6100 -0.6806 0.4057
vn -0.5334 -0.7700 0.3501
vn -0.3639 -0.7491 0.5535
vn -0.3507 -0.8104 0.4691
vn -0.0128 -0.8194 0.5731
vn -0.1379 -0.8408 0.5235
vn -0.7128 -0.6967 -0.0811
vn -0.5888 -0.7396 -0.3261
vn -0.6796 -0.6547 0.3309
vn -0.6550 -0.6657 -0.3576
vn -0.6484 -0.7559 0.0907
vn -0.5374 -0.7783 0.3247
vn -0.5125 -0.7841 0.3500
vn -0.8751 -0.1900 -0.4450
vn -0.8627 -0.2894 -0.4147
vn -0.8374 -0.5387 -0.0928
vn -0.7722 -0.6019 0.2036
vn -0.7006 -0.5897 0.4017
vn -0.6758 -0.5908 0.4407
vn -0.5932 -0.6430 0.4843
vn -0.4279 -0.7312 0.5313
vn -0.0825 -0.7837 0.6155
vn 0.0860 -0.8104 0.5795
vn 0.1125 -0.8289 0.5480
vn 0.0144 -0.7979 0.6026
vn -0.1131 -0.7868 0.6066
vn -0.2956 -0.7842 0.5455
vn 0.0157 -0.7868 0.6170
vn 0.1355 -0.7432 0.6552
vn 0.8288 -0.5488 -0.1094
vn 0.6902 -0.6367 -0.3438
vn 0.5396 -0.6657 -0.5153
vn 0.4482 -0.7041 -0.5507
vn 0.4529 -0.7127 -0.5356
vn 0.4314 -0.6684 -0.6058
vn 0.4257 -0.8470 -0.3183
vn 0.4932 -0.6633 -0.5628
vn 0.4847 -0.6636 -0.5698
vn 0.4692 -0.7015 -0.5363
vn 0.4916 -0.7430 -0.4541
vn 0.4924 -0.7590 -0.4259
vn -0.1974 -0.9686 0.1511
vn -0.1839 -0.9690 0.1647
vn -0.1882 -0.9689 0.1604
vn -0.2023 -0.9684 0.1461
vn 0.4630 -0.8813 -0.0943
vn 0.6626 -0.7222 -0.1985
vn 0.6807 -0.7321 0.0258
vn 0.5440 -0.7462 -0.3836
vn 0.6701 -0.7417 -0.0272
vn 0.6910 -0.5838 0.4262
vn -0.5622 -0.7736 -0.2923
vn 0.5777 -0.7609 -0.2954
vn 0.1201 -0.9926 0.0146
vn 0.1195 -0.9927 0.0132
vn 0.0715 -0.9973 0.0124
vn 0.0769 -0.9969 0.0134
vn -0.0224 -0.9997 -0.0040
vn -0.0218 -0.9997 -0.0051
vn -0.0587 -0.9981 -0.0153
vn -0.0564 -0.9983 -0.0162
vn -0.0210 -0.9998 -0.0068
vn -0.0057 -1.0000 -0.0018
vn 0.0057 -1.0000 0.0025
vn -0.0034 -1.0000 -0.0019
vn -0.0331 -0.9991 -0.0251
vn -0.0423 -0.9985 -0.0336
vn -0.0522 -0.9959 -0.0729
vn -0.0507 -0.9959 -0.0749
vn -0.0403 -0.9962 -0.0776
vn -0.0373 -0.9964 -0.0765
vn -0.0276 -0.9971 -0.0703
vn -0.0292 -0.9964 -0.0793
vn -0.0268 -0.9957 -0.0883
vn -0.0249 -0.9958 -0.0876
vn -0.0126 -0.9955 -0.0941
vn -0.0119 -0.9943 -0.1062
vn -0.0020 -0.9951 -0.0985
vn 0.0001 -0.9947 -0.1030
vn 0.0061 -0.9987 -0.0500
vn 0.0107 -0.9969 -0.0779
vn -0.0007 -1.0000 0.0020
vn 0.0037 -0.9998 -0.0169
vn -0.0234 -0.9976 0.0656
vn -0.0221 -0.9981 0.0576
vn -0.0547 -0.9935 0.0999
vn -0.0576 -0.9934 0.0992
vn -0.0695 -0.9934 0.0912
vn -0.0741 -0.9929 0.0931
vn -0.0866 -0.9924 0.0874
vn -0.0887 -0.9923 0.0864
vn -0.1176 -0.9891 0.0889
vn -0.1186 -0.9892 0.0862
vn -0.0984 -0.9938 0.0520
vn -0.1056 -0.9930 0.0525
vn -0.0426 -0.9990 0.0152
vn -0.0407 -0.9991 0.0134
vn -0.0366 -0.9993 0.0072
vn -0.0376 -0.9993 0.0065
vn -0.0025 -1.0000 0.0008
vn -0.0033 -1.0000 0.0008
vn 0.0475 -0.9988 0.0005
vn 0.0481 -0.9988 0.0016
vn 0.2575 -0.9662 0.0134
vn 0.2582 -0.9660 0.0087
vn 0.2613 -0.9645 0.0364
vn 0.2638 -0.9636 0.0433
vn 0.2116 -0.9754 0.0608
vn 0.2010 -0.9775 0.0633
vn 0.1138 -0.9919 0.0553
vn 0.1103 -0.9922 0.0572
vn 0.0164 -0.9998 0.0103
vn -0.0024 -1.0000 -0.0029
vn -0.0716 -0.9949 -0.0703
vn -0.0825 -0.9930 -0.0847
vn -0.0771 -0.9915 -0.1041
vn -0.0697 -0.9927 -0.0985
vn -0.0449 -0.9957 -0.0804
vn -0.0390 -0.9965 -0.0738
vn 0.0165 -0.9991 0.0393
vn 0.0116 -0.9995 0.0308
vn -0.0015 -0.9999 -0.0129
vn -0.0165 -0.9980 -0.0609
vn -0.0201 -0.9958 -0.0895
vn 0.0088 -0.9983 0.0574
vn 0.0122 -0.9737 0.2273
vn 0.0067 -0.9710 0.2389
vn -0.0236 -0.9733 0.2281
vn -0.0298 -0.9727 0.2300
vn -0.0268 -0.9948 0.0985
vn -0.0354 -0.9924 0.1177
vn -0.0265 -0.9990 0.0356
vn -0.0265 -0.9991 0.0329
vn -0.0081 -0.9999 -0.0061
vn -0.0327 -0.9991 0.0246
vn 0.0118 -0.9997 -0.0226
vn 0.0144 -0.9996 -0.0234
vn 0.0668 -0.9971 -0.0359
vn 0.0563 -0.9980 -0.0273
vn 0.1365 -0.9890 -0.0568
vn 0.1361 -0.9893 -0.0526
vn 0.1678 -0.9851 -0.0367
vn 0.1737 -0.9842 -0.0337
vn 0.1686 -0.9857 -0.0016
vn 0.1694 -0.9855 0.0016
vn 0.1802 -0.9835 0.0125
vn 0.1825 -0.9831 0.0162
vn -0.4691 -0.0320 0.8825
vn -0.6394 -0.0396 0.7679
vn -0.4590 -0.8307 0.3151
vn -0.7064 -0.0318 0.7071
vn -0.4468 -0.8745 0.1886
vn -0.8150 0.0219 0.5791
vn -0.2000 -0.9796 0.0154
vn 0.0427 -0.9698 -0.2400
vn 0.5575 -0.2678 -0.7857
vn 0.3404 0.6974 -0.6307
vn 0.2739 0.6081 -0.7451
vn 0.2611 0.5959 -0.7594
vn 0.1586 0.2835 -0.9457
vn 0.2120 0.2870 -0.9341
vn 0.0620 0.2720 -0.9603
vn 0.0884 -0.7182 -0.6902
vn 0.2338 0.7469 0.6224
vn -0.1445 -0.5837 -0.7990
vn 0.0852 0.2249 0.9706
vn -0.9245 -0.0737 0.3740
vn -0.9006 -0.0313 0.4335
vn -0.8856 -0.0157 0.4641
vn -0.9025 -0.0174 0.4303
vn -0.3264 -0.0241 0.9449
vn 0.1752 -0.9541 0.2428
vn 0.0301 -0.9970 -0.0703
vn -0.0457 -0.9723 -0.2291
vn -0.0428 -0.9634 -0.2644
vn -0.1606 -0.8306 -0.5332
vn -0.1538 -0.8165 -0.5565
vn -0.2241 -0.7214 -0.6552
vn -0.2229 -0.7220 -0.6550
vn -0.2229 -0.7303 -0.6457
vn -0.2155 -0.7300 -0.6485
vn -0.1423 -0.6988 -0.7010
vn -0.1352 -0.6872 -0.7137
vn -0.0843 -0.5477 -0.8324
vn -0.0828 -0.5447 -0.8345
vn -0.2217 -0.5787 -0.7848
vn -0.2366 -0.5842 -0.7763
vn -0.3531 -0.6169 -0.7033
vn -0.3459 -0.6332 -0.6923
vn -0.4049 -0.6874 -0.6029
vn -0.3940 -0.7004 -0.5951
vn -0.4337 -0.7046 -0.5616
vn -0.4277 -0.7142 -0.5541
vn -0.4390 -0.7666 -0.4686
vn -0.4291 -0.7810 -0.4537
vn -0.4368 -0.8305 -0.3456
vn -0.4195 -0.8437 -0.3348
vn -0.4066 -0.8817 -0.2393
vn -0.3911 -0.8902 -0.2334
vn -0.3669 -0.9138 -0.1744
vn -0.3499 -0.9207 -0.1728
vn -0.2904 -0.9468 -0.1384
vn -0.2758 -0.9510 -0.1393
vn -0.2571 -0.9636 -0.0729
vn -0.2503 -0.9653 -0.0739
vn -0.2496 -0.9679 0.0272
vn -0.2465 -0.9687 0.0268
vn -0.2430 -0.9671 0.0748
vn -0.2418 -0.9675 0.0741
vn -0.2431 -0.9683 0.0565
vn -0.2489 -0.9667 0.0597
vn -0.3044 -0.9520 0.0308
vn -0.3152 -0.9483 0.0357
vn -0.3435 -0.9373 0.0587
vn -0.3517 -0.9337 0.0667
vn -0.3448 -0.9211 0.1805
vn -0.3540 -0.9152 0.1924
vn -0.3653 -0.8770 0.3119
vn -0.3699 -0.8731 0.3174
vn -0.3501 -0.8801 0.3206
vn -0.3501 -0.8799 0.3212
vn -0.3515 -0.8721 0.3403
vn -0.3512 -0.8703 0.3453
vn -0.3813 -0.8431 0.3791
vn -0.3789 -0.8403 0.3877
vn -0.3685 -0.8189 0.4400
vn -0.3626 -0.8146 0.4526
vn -0.2885 -0.8075 0.5145
vn -0.2785 -0.8006 0.5306
vn -0.2110 -0.7631 0.6109
vn -0.2077 -0.7598 0.6160
vn -0.2453 -0.7638 0.5970
vn -0.2395 -0.7624 0.6011
vn -0.1610 -0.7289 0.6653
vn -0.1635 -0.7279 0.6658
vn -0.2309 -0.7580 0.6100
vn -0.2404 -0.7593 0.6047
vn -0.2422 -0.7730 0.5863
vn -0.2453 -0.7727 0.5854
vn -0.1498 -0.8487 0.5072
vn -0.2026 -0.8253 0.5271
vn 0.0552 -0.9717 0.2296
vn -0.0408 -0.9554 0.2923
vn 0.1668 -0.9840 0.0621
vn 0.1413 -0.9879 0.0632
vn -0.2276 -0.9481 0.2220
vn -0.2129 -0.9498 0.2291
vn -0.3830 -0.8764 0.2918
vn -0.3748 -0.8780 0.2977
vn -0.3064 -0.8523 0.4238
vn -0.2829 -0.8575 0.4296
vn -0.1939 -0.9009 0.3884
vn -0.1871 -0.9079 0.3751
vn -0.2424 -0.9233 0.2977
vn -0.2643 -0.9219 0.2832
vn -0.3235 -0.9290 0.1795
vn -0.3347 -0.9311 0.1450
vn -0.3552 -0.9341 0.0340
vn -0.3714 -0.9284 0.0106
vn -0.3366 -0.9406 -0.0440
vn -0.3378 -0.9398 -0.0523
vn -0.2604 -0.9632 -0.0666
vn -0.2611 -0.9629 -0.0681
vn -0.2242 -0.9723 -0.0660
vn -0.2250 -0.9720 -0.0679
vn -0.1813 -0.9819 -0.0541
vn -0.1821 -0.9814 -0.0609
vn -0.1115 -0.9930 -0.0401
vn -0.1066 -0.9930 -0.0510
vn -0.0373 -0.9989 -0.0262
vn -0.0254 -0.9988 -0.0412
vn 0.0422 -0.9985 -0.0348
vn 0.0576 -0.9969 -0.0523
vn 0.0996 -0.9938 -0.0496
vn 0.1099 -0.9921 -0.0600
vn 0.1205 -0.9904 -0.0674
vn 0.1281 -0.9890 -0.0746
vn 0.1472 -0.9854 -0.0850
vn 0.1612 -0.9825 -0.0925
vn 0.1873 -0.9816 -0.0374
vn 0.2011 -0.9786 -0.0423
vn 0.2132 -0.9769 0.0161
vn 0.2179 -0.9758 0.0150
vn 0.1964 -0.9786 0.0612
vn 0.1924 -0.9793 0.0619
vn 0.1637 -0.9823 0.0910
vn 0.1521 -0.9844 0.0883
vn 0.0553 -0.9902 0.1284
vn 0.0404 -0.9916 0.1226
vn -0.0483 -0.9857 0.1616
vn -0.0572 -0.9858 0.1575
vn -0.1346 -0.9731 0.1869
vn -0.1424 -0.9735 0.1786
vn -0.2656 -0.9493 0.1680
vn -0.2778 -0.9482 0.1537
vn -0.3480 -0.9297 0.1201
vn -0.3574 -0.9265 0.1178
vn -0.3846 -0.9116 0.1451
vn -0.3804 -0.9112 0.1582
vn -0.4761 -0.8549 0.2057
vn -0.4675 -0.8574 0.2154
vn -0.6126 -0.7856 0.0868
vn -0.6049 -0.7895 0.1037
vn -0.7131 -0.6982 0.0626
vn -0.7023 -0.7064 0.0875
vn -0.6438 -0.7571 0.1104
vn -0.6638 -0.7473 0.0294
vn -0.5637 -0.8076 0.1730
vn -0.5557 -0.8159 0.1595
vn 0.6224 -0.6120 -0.4880
vn 0.5899 -0.6409 -0.4912
vn 0.6905 -0.4085 -0.5968
vn 0.7088 -0.3997 -0.5812
vn 0.7370 -0.1420 -0.6608
vn 0.7368 -0.1476 -0.6597
vn 0.7128 -0.1822 -0.6773
vn 0.6969 -0.2070 -0.6866
vn 0.5843 -0.2760 -0.7631
vn 0.5750 -0.2951 -0.7630
vn 0.6091 -0.2184 -0.7624
vn 0.6165 -0.2143 -0.7576
vn 0.6429 -0.1445 -0.7521
vn 0.6341 -0.1448 -0.7595
vn 0.2092 0.1277 -0.9695
vn 0.3594 -0.1000 -0.9278
vn 0.0475 0.0619 -0.9969
vn 0.2190 -0.1116 -0.9693
vn 0.0606 -0.1388 -0.9885
vn 0.0725 -0.1469 -0.9865
vn 0.0772 -0.2549 -0.9639
vn 0.1016 -0.2674 -0.9582
vn 0.1199 -0.0583 0.9911
vn 0.1228 -0.0783 0.9893
vn 0.0605 -0.0625 0.9962
vn 0.1240 -0.0101 0.9922
vn 0.1810 0.0044 0.9835
vn 0.2376 0.0305 0.9709
vn 0.4874 -0.1315 0.8632
vn 0.4463 -0.0898 0.8903
vn 0.4250 -0.2988 0.8544
vn 0.3958 -0.2902 0.8712
vn 0.3577 -0.3764 0.8546
vn 0.3585 -0.3776 0.8538
vn 0.4626 -0.3873 0.7974
vn 0.4729 -0.3840 0.7930
vn 0.4927 -0.4230 0.7604
vn 0.4864 -0.4350 0.7577
vn 0.4302 -0.6451 0.6314
vn 0.4001 -0.6585 0.6373
vn 0.3310 -0.7969 0.5054
vn -0.9934 -0.1061 -0.0431
vn -0.9910 -0.1145 -0.0698
vn -0.9940 -0.1095 -0.0019
vn -0.9947 -0.0978 0.0319
vn -0.9884 -0.0945 0.1184
vn -0.9848 -0.0828 0.1525
vn -0.9567 -0.0806 0.2798
vn -0.9460 -0.0635 0.3178
vn -0.9024 -0.0524 0.4277
vn -0.8785 -0.0309 0.4767
vn -0.8137 -0.0231 0.5809
vn -0.8331 -0.0325 0.5521
vn -0.6990 -0.0503 0.7133
vn -0.7430 -0.0716 0.6654
vn -0.5052 -0.0750 0.8597
vn -0.5343 -0.0726 0.8422
vn -0.2441 -0.0576 0.9680
vn -0.2498 -0.0443 0.9673
vn 0.0090 -0.0266 0.9996
vn -0.0295 -0.0234 0.9993
vn 0.1008 -0.0324 0.9944
vn 0.0587 -0.0469 0.9972
vn 0.2022 -0.0678 0.9770
vn 0.1051 -0.0813 0.9911
vn 0.2519 -0.0855 0.9640
vn 0.2890 -0.0670 0.9550
vn 0.4886 -0.0111 0.8724
vn 0.4985 0.0184 0.8667
vn 0.6927 0.0344 0.7204
vn 0.6818 0.0493 0.7299
vn 0.8715 0.0439 0.4884
vn 0.7923 0.0206 0.6098
vn 0.7798 -0.1158 0.6152
vn 0.7052 -0.1543 0.6919
vn 0.7216 -0.1817 0.6680
vn 0.7060 -0.1912 0.6819
vn 0.7150 -0.1769 0.6763
vn 0.7158 -0.1752 0.6759
vn 0.7562 -0.2129 -0.6187
vn 0.7538 -0.2204 -0.6190
vn 0.7288 -0.2136 -0.6505
vn 0.7132 -0.2575 -0.6519
vn 0.6581 -0.3356 -0.6740
vn 0.6188 -0.3296 -0.7130
vn 0.4756 -0.2556 -0.8417
vn 0.3846 -0.2010 -0.9009
vn 0.2145 -0.2064 -0.9546
vn 0.1353 -0.1762 -0.9750
vn 0.0621 -0.1405 -0.9881
vn 0.0785 -0.1292 -0.9885
vn -0.0028 -0.1347 -0.9909
vn -0.0309 -0.1551 -0.9874
vn -0.2741 -0.1428 -0.9510
vn -0.3276 -0.1384 -0.9346
vn -0.4310 -0.1285 -0.8931
vn -0.4704 -0.1019 -0.8765
vn -0.5463 -0.0890 -0.8328
vn -0.5636 -0.0851 -0.8217
vn 0.7704 -0.1895 -0.6087
vn 0.7495 -0.2055 -0.6293
vn -0.6872 -0.0976 -0.7199
vn -0.6565 -0.1226 -0.7443
vn -0.7837 -0.1266 -0.6080
vn -0.7811 -0.1303 -0.6106
vn -0.8893 -0.1324 -0.4377
vn -0.8826 -0.1383 -0.4493
vn -0.9463 -0.1450 -0.2888
vn -0.9556 -0.1354 -0.2617
vn -0.9693 -0.1423 -0.2004
vn -0.9858 -0.1126 -0.1242
vn -0.7111 0.1486 -0.6872
vn -0.7203 0.1699 -0.6725
vn -0.7182 0.1747 -0.6735
vn -0.7129 0.1835 -0.6768
vn -0.7276 0.1733 -0.6637
vn -0.7830 0.1094 -0.6123
vn -0.7960 -0.0237 -0.6048
vn -0.8697 -0.0464 -0.4913
vn -0.6859 -0.0523 -0.7258
vn -0.6929 -0.0361 -0.7201
vn -0.5004 -0.0215 -0.8655
vn -0.4891 0.0080 -0.8722
vn -0.2931 0.0611 -0.9541
vn -0.2524 0.0795 -0.9643
vn -0.1019 0.0755 -0.9919
vn -0.1984 0.0647 -0.9780
vn -0.0565 0.0457 -0.9973
vn -0.0920 0.0327 -0.9952
vn 0.0248 0.0239 -0.9994
vn -0.0112 0.0281 -0.9995
vn 0.2519 0.0457 -0.9666
vn 0.2457 0.0589 -0.9675
vn 0.5392 0.0709 -0.8392
vn 0.5084 0.0731 -0.8580
vn 0.7470 0.0695 -0.6612
vn 0.7024 0.0491 -0.7101
vn 0.8350 0.0319 -0.5494
vn 0.8150 0.0231 -0.5789
vn 0.8774 0.0306 -0.4787
vn 0.9037 0.0526 -0.4249
vn 0.9466 0.0635 -0.3160
vn 0.9579 0.0810 -0.2752
vn 0.9855 0.0830 -0.1479
vn 0.9893 0.0947 -0.1110
vn 0.9948 0.0980 -0.0295
vn 0.9940 0.1096 0.0058
vn 0.9934 0.1062 0.0434
vn 0.9908 0.1144 0.0714
vn 0.9558 0.1353 0.2609
vn 0.9862 0.1127 0.1209
vn 0.9689 0.1427 0.2022
vn 0.9463 0.1449 0.2891
vn 0.8825 0.1384 0.4494
vn 0.8896 0.1324 0.4370
vn 0.7811 0.1304 0.6106
vn 0.7836 0.1266 0.6082
vn 0.6556 0.1228 0.7450
vn 0.6889 0.0965 0.7184
vn 0.5625 0.0852 0.8223
vn 0.5455 0.0887 0.8334
vn 0.4721 0.1007 0.8757
vn 0.4329 0.1268 0.8925
vn 0.3319 0.1373 0.9333
vn 0.2774 0.1406 0.9504
vn 0.0314 0.1545 0.9875
vn 0.0035 0.1328 0.9911
vn -0.0775 0.1287 0.9886
vn -0.0515 0.1310 0.9900
vn -0.1266 0.1593 0.9791
vn -0.2085 0.1881 0.9597
vn -0.3912 0.1966 0.8990
vn -0.4826 0.2590 0.8366
vn -0.6222 0.3316 0.7091
vn -0.6608 0.3368 0.6707
vn -0.7135 0.2580 0.6514
vn -0.7292 0.2120 0.6506
vn -0.7564 0.2105 0.6193
vn -0.7542 0.2159 0.6201
vn -0.7493 0.2052 0.6296
vn -0.7703 0.1893 0.6089
vn 0.3757 0.8683 0.3238
vn 0.3724 0.8683 0.3275
vn 0.3701 0.8703 0.3248
vn 0.3803 0.8557 0.3507
vn 0.3823 0.8536 0.3538
vn 0.3800 0.8329 0.4022
vn 0.3819 0.8294 0.4077
vn 0.3216 0.8163 0.4798
vn 0.3205 0.8135 0.4852
vn 0.2959 0.8011 0.5202
vn 0.2938 0.8000 0.5230
vn 0.2921 0.7739 0.5618
vn 0.2932 0.7721 0.5638
vn 0.2745 0.7829 0.5583
vn 0.3512 0.8880 0.2967
vn 0.0814 0.7422 -0.6652
vn 0.0834 0.7387 -0.6688
vn 0.0867 0.7401 -0.6669
vn -0.0144 0.7201 -0.6937
vn -0.0115 0.7137 -0.7003
vn -0.1209 0.7026 -0.7012
vn -0.1225 0.7009 -0.7027
vn -0.1273 0.7042 -0.6984
vn 0.1257 0.7783 -0.6151
vn 0.1967 0.7541 -0.6265
vn 0.2921 0.7433 -0.6018
vn 0.2643 0.7230 -0.6382
vn 0.2934 0.7444 -0.5997
vn 0.3018 0.7403 -0.6007
vn 0.4106 0.9057 0.1053
vn 0.4299 0.8996 0.0765
vn 0.4285 0.9002 0.0766
vn 0.4102 0.9059 0.1049
vn 0.3915 0.9059 0.1615
vn 0.3926 0.9052 0.1625
vn 0.3685 0.9006 0.2304
vn 0.3953 0.8969 0.1980
vn 0.3431 0.9015 0.2636
vn 0.5029 0.8111 -0.2988
vn 0.4759 0.7956 -0.3750
vn 0.4089 0.8134 -0.4136
vn 0.5058 0.8121 -0.2909
vn 0.5296 0.8187 -0.2218
vn 0.5269 0.8213 -0.2185
vn 0.5091 0.8417 -0.1800
vn 0.5058 0.8445 -0.1758
vn 0.5050 0.8586 -0.0878
vn 0.5002 0.8619 -0.0828
vn 0.4882 0.8727 0.0074
vn 0.4830 0.8755 0.0103
vn 0.4582 0.8878 0.0431
vn 0.4559 0.8889 0.0444
vn 0.4558 0.8891 0.0417
vn 0.3400 0.8240 -0.4532
vn 0.0813 0.8377 0.5399
vn 0.0652 0.8288 0.5557
vn 0.0450 0.8448 0.5331
vn 0.0454 0.8452 0.5324
vn -0.0081 0.8590 0.5119
vn -0.0110 0.8591 0.5116
vn 0.0077 0.7816 0.6237
vn 0.0095 0.7787 0.6272
vn 0.1271 0.5057 0.8533
vn 0.1290 0.5026 0.8548
vn 0.1524 0.1292 0.9798
vn 0.1600 0.1227 0.9794
vn 0.3092 -0.0548 0.9494
vn 0.3337 -0.0579 0.9409
vn 0.3425 0.7890 -0.5101
vn 0.2576 0.7877 -0.5596
vn 0.2897 0.7758 -0.5605
vn 0.2914 0.7751 -0.5605
vn 0.3232 0.7623 -0.5607
vn 0.2650 0.8072 -0.5275
vn -0.1632 0.6875 -0.7076
vn -0.0714 0.7565 -0.6500
vn -0.1200 0.8017 -0.5856
vn -0.1218 0.7993 -0.5884
vn -0.1708 0.8353 -0.5225
vn -0.0879 0.8698 -0.4854
vn -0.1809 0.7042 -0.6865
vn 0.1031 0.7105 -0.6961
vn 0.1709 0.4778 -0.8617
vn 0.1716 0.4738 -0.8637
vn 0.1895 0.0480 -0.9807
vn 0.1941 0.0506 -0.9797
vn 0.2799 -0.1630 -0.9460
vn 0.2892 -0.1674 -0.9425
vn 0.0774 0.7106 -0.6993
vn 0.3682 0.8860 0.2816
vn 0.4330 0.9001 0.0468
vn 0.2191 0.7392 0.6368
vn 0.5645 0.7632 0.3143
vn 0.4919 0.7982 0.3477
vn 0.4848 0.8037 0.3448
vn 0.3854 0.7991 0.4614
vn 0.3877 0.7945 0.4675
vn 0.3735 0.7869 0.4912
vn 0.3728 0.7854 0.4941
vn 0.2851 0.7967 0.5329
vn 0.2914 0.7912 0.5376
vn 0.0656 0.8234 0.5636
vn 0.1596 0.7915 0.5899
vn -0.0218 0.8416 0.5396
vn 0.3677 0.7567 -0.5405
vn 0.5009 0.7003 -0.5086
vn 0.5145 0.6929 -0.5051
vn 0.6748 0.6186 -0.4023
vn 0.6695 0.6233 -0.4040
vn 0.7753 0.5841 -0.2403
vn 0.7744 0.5862 -0.2379
vn 0.8031 0.5787 -0.1420
vn 0.7992 0.5835 -0.1437
vn 0.8257 0.5616 -0.0526
vn 0.8228 0.5656 -0.0547
vn 0.8787 0.4759 0.0381
vn -0.2337 0.8595 0.4545
vn -0.2491 0.8438 0.4753
vn -0.2889 0.8503 0.4398
vn -0.2866 0.8509 0.4401
vn -0.3771 0.8467 0.3753
vn -0.3798 0.8460 0.3740
vn -0.4163 0.8495 0.3242
vn -0.4436 0.8268 0.3457
vn -0.4464 0.8245 0.3476
vn -0.5217 0.8057 0.2804
vn -0.4438 0.8269 0.3452
vn -0.4839 0.7896 0.3772
vn -0.5607 0.8078 0.1816
vn -0.5894 0.7839 0.1951
vn -0.5941 0.7846 0.1771
vn -0.5930 0.7859 0.1753
vn -0.6209 0.7796 0.0822
vn -0.6235 0.7772 0.0843
vn -0.6399 0.7684 0.0047
vn -0.6425 0.7663 0.0053
vn -0.5939 0.7559 -0.2754
vn -0.5886 0.7603 -0.2747
vn -0.5624 0.7589 -0.3282
vn -0.5594 0.7586 -0.3341
vn -0.5312 0.7542 -0.3860
vn -0.4339 0.7601 -0.4837
vn -0.4067 0.7844 -0.4682
vn 0.9516 -0.1550 -0.2654
vn 0.8592 -0.2970 -0.4166
vn 0.8665 -0.3011 -0.3981
vn 0.9521 -0.1575 -0.2622
vn 0.9441 0.3001 -0.1364
vn 0.9451 0.2958 -0.1391
vn 0.8381 0.5454 -0.0042
vn 0.8451 0.5346 0.0038
vn -0.2509 0.7951 -0.5521
vn -0.2163 0.7906 -0.5728
vn -0.2152 0.7892 -0.5751
vn -0.1327 0.7946 -0.5924
vn -0.1324 0.7971 -0.5892
vn 0.0721 0.7764 -0.6261
vn 0.0756 0.7795 -0.6218
vn 0.3420 0.7237 -0.5994
vn 0.3475 0.7241 -0.5958
vn 0.4370 0.6773 -0.5918
vn 0.3616 0.7460 -0.5592
vn 0.6776 0.7013 0.2212
vn 0.6406 0.7462 0.1807
vn 0.6800 0.7224 0.1253
vn 0.6796 0.7218 0.1310
vn 0.6620 0.7494 -0.0144
vn 0.6609 0.7503 -0.0154
vn 0.6376 0.7675 0.0653
vn 0.6515 0.7564 0.0580
vn 0.5812 0.8068 0.1064
vn 0.8753 0.4806 0.0539
vn 0.9424 0.2978 0.1521
vn 0.9500 0.2618 0.1698
vn 0.9636 0.0585 0.2609
vn 0.9668 0.0591 0.2486
vn 0.9557 -0.0920 0.2794
vn 0.9571 -0.1010 0.2715
vn 0.8581 -0.2392 0.4543
vn 0.8508 -0.2393 0.4678
vn 0.5346 0.8136 0.2286
vn 0.5765 0.7897 0.2097
vn 0.5872 0.7831 0.2046
vn 0.6276 0.7563 0.1848
vn -0.0332 0.8155 0.5778
vn -0.6361 0.7693 -0.0594
vn -0.6532 0.7550 -0.0579
vn -0.5155 0.7675 -0.3810
vn -0.2833 0.7662 -0.5768
vn 0.4499 0.7059 -0.5470
vn 0.1756 0.9844 -0.0015
vn 0.0192 0.9920 0.1245
vn -0.0960 0.9954 -0.0028
vn 0.1050 0.9836 0.1466
vn 0.0802 0.9968 0.0039
vn 0.4342 0.9008 0.0020
vn 0.1162 0.9780 -0.1733
vn 0.2610 0.9099 -0.3223
vn 0.0645 0.8525 -0.5186
vn 0.1910 0.7826 -0.5925
vn 0.2855 0.8471 -0.4481
vn 0.3561 0.7390 -0.5718
vn 0.3567 0.8315 -0.4258
vn 0.5004 0.7101 -0.4953
vn 0.4538 0.8094 -0.3726
vn 0.5941 0.6951 -0.4046
vn 0.5161 0.7967 -0.3145
vn 0.6734 0.6896 -0.2664
vn 0.5716 0.7924 -0.2130
vn 0.7299 0.6835 -0.0005
vn 0.4479 0.7993 0.4004
vn 0.5147 0.7725 0.3719
vn 0.5510 0.7629 0.3381
vn 0.5969 0.7650 0.2417
vn 0.6198 0.7847 0.0097
vn 0.6924 0.6665 0.2762
vn 0.6180 0.6649 0.4194
vn 0.5476 0.6792 0.4887
vn 0.4368 0.7109 0.5512
vn 0.3093 0.7549 0.5783
vn 0.3893 0.8211 0.4175
vn 0.1275 0.8567 0.4997
vn 0.2633 0.9065 0.3299
vn 0.1171 0.9931 0.0030
vn 0.0095 0.9907 -0.1355
vn -0.3779 -0.7595 -0.5295
vn -0.3140 -0.7734 -0.5506
vn -0.4239 -0.6875 -0.5896
vn -0.4923 -0.6897 -0.5309
vn -0.5260 -0.7280 -0.4396
vn -0.7638 -0.5454 -0.3450
vn -0.5352 -0.7638 -0.3606
vn -0.7992 -0.5441 -0.2555
vn -0.4227 -0.7418 -0.5206
vn -0.8018 -0.4284 -0.4166
vn -0.4106 -0.5843 -0.6999
vn -0.8260 -0.3690 -0.4261
vn -0.9658 -0.1776 -0.1887
vn -0.9727 -0.2274 -0.0461
vn -0.9691 0.0141 0.2461
vn -0.9764 0.0635 0.2062
vn -0.9802 0.1754 0.0917
vn -0.9608 -0.1635 -0.2240
vn -0.9708 0.2214 0.0927
vn -0.7966 0.5003 0.3392
vn -0.4043 -0.7680 -0.4967
vn -0.3865 -0.7650 -0.5151
vn -0.2917 -0.7149 -0.6354
vn -0.2109 -0.6053 -0.7675
vn -0.1532 -0.6662 -0.7298
vn -0.1030 0.4615 0.8811
vn 0.0346 0.3900 0.9202
vn 0.3028 0.3454 0.8882
vn 0.6424 0.5157 0.5668
vn 0.9215 0.3882 -0.0064
vn 0.8674 0.0471 -0.4953
vn 0.5755 -0.2242 -0.7864
vn 0.1315 -0.3814 -0.9150
vn 0.0021 -0.4451 -0.8954
vn -0.7511 0.2704 0.6022
vn -0.2690 -0.7528 -0.6007
vn -0.2666 -0.7612 -0.5911
vn -0.2783 -0.7728 -0.5703
vn 0.5161 -0.6132 -0.5979
vn -0.3921 0.7810 -0.4861
vn -0.5547 0.4619 -0.6920
vn -0.4121 0.5026 -0.7599
vn -0.3019 0.8462 -0.4390
vn -0.1519 0.9498 -0.2734
vn -0.1722 0.9518 -0.2539
vn -0.3520 0.8201 -0.4511
vn -0.2552 0.6994 -0.6676
vn -0.1525 0.6140 -0.7744
vn -0.0477 0.5239 -0.8504
vn -0.0060 0.4472 -0.8944
vn -0.2472 -0.8116 -0.5293
vn -0.2184 0.6807 -0.6992
vn -0.1688 -0.7603 0.6272
vn -0.2202 -0.6836 0.6958
vn -0.4351 -0.6523 0.6206
vn -0.3583 -0.7330 0.5781
vn -0.2251 -0.6548 0.7215
vn -0.0052 -0.7360 0.6769
vn 0.0881 -0.6514 0.7536
vn -0.0495 -0.6633 0.7467
vn 0.0073 -0.3751 0.9269
vn 0.1822 -0.6906 0.6999
vn 0.1616 -0.4290 0.8887
vn 0.2076 -0.6919 0.6915
vn 0.2763 -0.3731 0.8857
vn 0.2021 -0.7749 0.5989
vn 0.3099 -0.5715 0.7598
vn 0.3081 -0.7362 0.6025
vn 0.4946 -0.4556 0.7401
vn 0.2702 -0.7992 0.5369
vn 0.4915 -0.6173 0.6143
vn 0.3358 -0.8245 0.4554
vn 0.6087 -0.6245 0.4893
vn 0.3605 -0.8582 0.3652
vn 0.6449 -0.6794 0.3500
vn 0.4252 -0.8655 0.2647
vn 0.7100 -0.6824 0.1739
vn 0.4821 -0.8527 0.2009
vn 0.7299 -0.6836 0.0017
vn 0.5178 -0.8523 0.0738
vn 0.6947 -0.6892 -0.2058
vn 0.4716 -0.8459 0.2489
vn 0.5700 -0.8173 -0.0841
vn 0.4674 -0.8567 0.2181
vn 0.4217 -0.8824 -0.2087
vn 0.4241 -0.8732 0.2399
vn 0.2767 -0.9512 -0.1367
vn 0.4725 -0.7691 0.4303
vn 0.2481 -0.9685 0.0203
vn 0.2944 -0.8621 0.4123
vn 0.2788 -0.7401 0.6120
vn 0.0524 -0.9166 0.3963
vn 0.0242 -0.9449 0.3266
vn 0.1523 -0.9373 0.3135
vn 0.3083 -0.8794 0.3627
vn 0.2643 -0.8098 0.5237
vn 0.3764 -0.7031 0.6032
vn 0.4110 -0.4742 0.7786
vn 0.4575 -0.4935 0.7396
vn 0.0381 -0.7178 0.6952
vn -0.0699 -0.6965 0.7141
vn -0.1468 -0.7635 0.6289
vn -0.1556 -0.8081 0.5681
vn -0.0067 -0.8273 0.5616
vn 0.0138 -0.7954 0.6059
vn 0.0677 -0.8072 0.5864
vn 0.1858 -0.7947 0.5779
vn 0.2520 -0.8311 0.4957
vn 0.0033 -0.9984 -0.0556
vn -0.0111 -0.9949 0.1000
vn -0.0604 -0.9745 0.2158
vn -0.2212 -0.9395 0.2613
vn -0.2850 -0.8769 0.3869
vn -0.3676 -0.8149 0.4480
vn -0.5534 -0.6512 0.5193
vn -0.5062 -0.5961 0.6232
vn -0.8383 0.0445 0.5433
vn -0.9246 0.0557 0.3767
vn -0.9450 -0.1372 0.2967
vn -0.3773 0.8875 -0.2644
vn -0.4013 0.8720 -0.2802
vn -0.4636 0.8344 -0.2979
vn -0.3877 0.9187 0.0748
vn -0.3735 0.9205 0.1145
vn -0.3907 -0.6276 -0.6733
vn -0.2690 -0.5729 -0.7742
vn -0.1067 -0.7400 -0.6641
vn -0.2352 -0.7738 -0.5882
vn -0.0119 -0.7507 -0.6605
vn 0.3563 -0.8606 -0.3638
vn 0.2078 -0.7914 -0.5748
vn 0.4411 -0.7869 -0.4315
vn 0.1090 -0.8198 -0.5621
vn 0.0830 -0.8308 -0.5502
vn -0.3403 -0.8250 -0.4512
vn 0.0555 -0.8578 -0.5109
vn -0.3360 -0.8929 -0.2997
vn -0.4058 -0.9094 -0.0904
vn 0.0226 -0.8737 -0.4860
vn 0.0952 -0.8536 -0.5121
vn 0.4258 -0.5705 -0.7023
vn 0.2107 -0.8017 -0.5593
vn 0.2453 -0.7985 -0.5496
vn -0.1283 -0.9880 -0.0853
vn -0.0518 -0.6252 -0.7787
vn 0.0893 -0.7819 -0.6170
vn 0.1376 -0.6785 -0.7215
vn 0.2388 -0.6497 -0.7216
vn 0.2183 -0.9367 -0.2737
vn 0.2631 -0.7816 -0.5655
vn 0.3831 -0.5303 -0.7563
vn 0.3272 -0.6954 -0.6398
vn 0.2966 -0.5638 -0.7708
vn 0.4551 -0.7943 -0.4024
vn 0.4155 -0.8378 -0.3543
vn 0.0962 -0.7176 -0.6898
vn -0.0168 -0.8656 -0.5005
vn 0.0581 -0.9465 -0.3174
vn 0.4296 -0.7742 -0.4647
vn -0.0739 -0.9939 -0.0816
vn 0.1104 -0.9587 -0.2619
vn 0.2939 -0.7456 -0.5980
vn 0.3245 -0.7812 -0.5332
vn 0.3775 -0.8432 -0.3828
vn 0.5085 -0.8513 0.1294
vn 0.6514 -0.7570 0.0497
vn 0.7318 -0.6775 -0.0731
vn 0.4432 -0.7855 -0.4318
vn 0.4236 -0.7706 -0.4761
vn 0.3366 -0.9384 0.0775
vn 0.1436 -0.9840 -0.1049
vn 0.0702 -0.9843 -0.1620
vn 0.3636 -0.7917 -0.4909
vn 0.2911 -0.8077 -0.5126
vn 0.6414 -0.5419 -0.5430
vn 0.2424 -0.8359 -0.4924
vn 0.5432 -0.5827 -0.6044
vn 0.5133 -0.5055 -0.6935
vn 0.2260 -0.8402 -0.4928
vn 0.2821 -0.7751 -0.5653
vn 0.2327 -0.7977 -0.5563
vn 0.2359 -0.8029 -0.5475
vn 0.1320 -0.3110 -0.9412
vn 0.0454 -0.4186 -0.9070
vn 0.2429 -0.4174 -0.8757
vn 0.3358 -0.4228 -0.8417
vn 0.4664 -0.3452 -0.8144
vn 0.7615 -0.5283 -0.3754
vn 0.8199 -0.5327 -0.2096
vn 0.7866 -0.5996 -0.1470
vn -0.3126 -0.9496 -0.0237
vn -0.2940 -0.7821 -0.5493
vn -0.2040 0.6851 -0.6992
vn -0.2937 0.6010 -0.7433
vn -0.2518 0.6262 -0.7379
vn -0.2184 0.6702 -0.7093
vn -0.1758 0.8240 -0.5386
vn -0.2192 0.7428 -0.6326
vn -0.3458 0.5612 -0.7519
vn -0.3459 0.5615 -0.7517
vn -0.3465 0.5667 -0.7475
vn -0.1534 0.9838 0.0930
vn -0.1030 0.9910 -0.0855
vn -0.1666 0.9853 -0.0363
vn -0.1292 0.9874 0.0911
vn -0.1624 0.9466 -0.2786
vn -0.1802 0.9795 0.0900
vn -0.1611 0.9422 -0.2938
vn -0.1063 0.9243 -0.3665
vn -0.1348 0.8875 -0.4405
vn -0.1023 0.9368 -0.3347
vn -0.0472 0.9811 -0.1873
vn -0.0533 0.9840 -0.1699
vn -0.0536 0.9915 -0.1180
vn -0.5944 0.5941 -0.5419
vn -0.5769 0.5998 -0.5545
vn -0.5776 0.5994 -0.5541
vn -0.5946 0.5943 -0.5416
vn -0.5218 0.5737 -0.6313
vn -0.5789 0.6124 -0.5382
vn -0.4424 0.5482 -0.7097
vn -0.4451 0.5212 -0.7281
vn -0.4274 0.5476 -0.7193
vn -0.4662 0.5249 -0.7121
vn -0.4555 0.5489 -0.7009
vn -0.4668 0.5235 -0.7127
vn -0.3206 -0.8404 0.4368
vn -0.4001 -0.6931 0.5996
vn -0.2478 -0.9287 0.2757
vn -0.1617 -0.9776 0.1349
vn -0.1567 -0.9772 0.1430
vn -0.4403 0.8744 -0.2040
vn -0.4529 0.8720 -0.1855
vn -0.4521 0.8722 -0.1868
vn -0.4394 0.8745 -0.2051
vn 0.0639 0.9950 -0.0771
vn 0.0487 0.9986 -0.0217
vn -0.4186 0.8925 -0.1677
vn -0.4192 0.8918 -0.1702
vn -0.5063 0.2695 -0.8191
vn -0.2182 0.6364 -0.7398
vn -0.1218 0.5560 -0.8222
vn -0.0635 0.4523 -0.8896
vn -0.0445 0.3252 -0.9446
vn 0.2878 0.3261 -0.9004
vn -0.0668 0.1861 -0.9802
vn 0.2465 0.1070 -0.9632
vn -0.1277 0.0436 -0.9908
vn 0.1552 -0.1255 -0.9799
vn -0.2143 -0.0779 -0.9736
vn 0.0229 -0.3219 -0.9465
vn -0.3170 -0.1624 -0.9344
vn -0.1356 -0.4482 -0.8836
vn -0.4320 -0.2018 -0.8790
vn -0.3143 -0.5085 -0.8016
vn -0.5248 -0.5056 -0.6847
vn -0.5632 -0.1997 -0.8018
vn -0.6809 -0.1577 -0.7151
vn -0.8294 0.2947 -0.4745
vn -0.7716 0.4351 -0.4641
vn -0.8492 0.1494 -0.5065
vn -0.8305 0.0214 -0.5566
vn -0.7757 -0.0786 -0.6261
vn -0.9441 -0.1588 -0.2887
vn -0.9768 0.0360 -0.2110
vn -0.9482 0.2694 -0.1681
vn -0.8541 0.4977 -0.1510
vn -0.6819 0.5550 -0.4763
vn -0.5762 0.6380 -0.5108
vn -0.4606 0.6807 -0.5697
vn -0.5444 0.8103 -0.2168
vn -0.3713 0.8733 -0.3153
vn -0.3374 0.6806 -0.6503
vn -0.1788 0.8764 -0.4471
vn 0.0176 0.8092 -0.5872
vn 0.1762 0.6804 -0.7113
vn 0.2672 0.5194 -0.8117
vn 0.5037 -0.2717 0.8200
vn 0.3924 -0.5813 0.7128
vn 0.4867 -0.5787 0.6543
vn 0.5715 -0.5465 0.6121
vn 0.6475 -0.4874 0.5858
vn 0.7132 -0.3995 0.5759
vn 0.7567 -0.2925 0.5846
vn 0.7699 -0.1869 0.6102
vn 0.7553 -0.0968 0.6482
vn 0.7154 -0.0217 0.6984
vn 0.6479 0.0374 0.7608
vn 0.5587 0.0701 0.8264
vn 0.4645 0.0697 0.8828
vn 0.3793 0.0398 0.9244
vn 0.3033 -0.0181 0.9527
vn 0.2372 -0.1058 0.9657
vn 0.1917 -0.2134 0.9579
vn 0.1760 -0.3202 0.9308
vn 0.1896 -0.4117 0.8914
vn 0.2308 -0.4888 0.8413
vn 0.3012 -0.5493 0.7794
vn -0.7083 0.6869 -0.1625
vn -0.8623 -0.3123 -0.3985
vn -0.7164 -0.4370 -0.5438
vn -0.6030 0.4053 -0.6871
vn -0.2305 0.6970 -0.6790
vn -0.1752 0.6007 -0.7800
vn -0.1578 0.4895 -0.8576
vn -0.1802 0.3635 -0.9140
vn 0.1454 0.2901 -0.9459
vn -0.2401 0.2342 -0.9421
vn 0.0437 0.0879 -0.9951
vn -0.3318 0.1090 -0.9370
vn -0.0983 -0.1182 -0.9881
vn -0.4371 0.0087 -0.8993
vn -0.2600 -0.2821 -0.9235
vn -0.5447 -0.0527 -0.8369
vn -0.4245 -0.3730 -0.8250
vn -0.6503 -0.0681 -0.7566
vn -0.5894 -0.3959 -0.7042
vn -0.7626 -0.3517 -0.5429
vn -0.7572 -0.0405 -0.6519
vn -0.8404 0.0229 -0.5414
vn -0.8276 0.4871 -0.2788
vn -0.7392 0.6109 -0.2833
vn -0.8857 0.3509 -0.3038
vn -0.9075 0.2240 -0.3553
vn -0.8932 0.1172 -0.4342
vn -0.9958 0.0627 -0.0667
vn -0.9664 0.2568 0.0141
vn -0.8779 0.4765 0.0468
vn -0.7341 0.6778 0.0396
vn -0.6303 0.7087 -0.3168
vn -0.5192 0.7679 -0.3752
vn -0.4130 0.7865 -0.4591
vn -0.3854 0.9175 -0.0979
vn -0.2290 0.9449 -0.2337
vn -0.3140 0.7627 -0.5654
vn -0.0749 0.9110 -0.4055
vn 0.0656 0.8080 -0.5854
vn 0.1600 0.6526 -0.7406
vn 0.1884 0.4796 -0.8570
vn 0.6003 -0.4069 0.6885
vn 0.4021 -0.6803 0.6128
vn 0.4793 -0.6961 0.5345
vn 0.5575 -0.6816 0.4739
vn 0.6370 -0.6395 0.4305
vn 0.7166 -0.5678 0.4050
vn 0.7836 -0.4733 0.4024
vn 0.8252 -0.3742 0.4231
vn 0.8397 -0.2847 0.4624
vn 0.8296 -0.2047 0.5194
vn 0.7926 -0.1346 0.5947
vn 0.7297 -0.0859 0.6784
vn 0.6527 -0.0678 0.7545
vn 0.5744 -0.0801 0.8146
vn 0.4957 -0.1210 0.8600
vn 0.4163 -0.1925 0.8886
vn 0.3476 -0.2872 0.8925
vn 0.3030 -0.3869 0.8709
vn 0.2868 -0.4776 0.8304
vn 0.2978 -0.5598 0.7732
vn 0.3374 -0.6317 0.6979
vn -0.5564 0.8309 -0.0067
vn -0.9765 -0.1006 -0.1903
vn -0.8980 -0.2484 -0.3632
vn -0.4070 0.2791 0.8697
vn -0.7187 -0.0308 0.6946
vn -0.6314 -0.1313 0.7642
vn -0.5258 -0.1885 0.8294
vn -0.4020 -0.2021 0.8931
vn -0.3492 -0.5144 0.7832
vn -0.2712 -0.1699 0.9474
vn -0.1445 -0.4591 0.8765
vn -0.1408 -0.0945 0.9855
vn 0.0694 -0.3438 0.9365
vn -0.0328 0.0089 0.9994
vn 0.2457 -0.1828 0.9519
vn 0.0381 0.1278 0.9911
vn 0.3511 0.0006 0.9363
vn 0.0638 0.2561 0.9645
vn 0.3900 0.1991 0.8990
vn 0.3646 0.4275 0.8272
vn 0.0482 0.3994 0.9155
vn -0.0042 0.5264 0.8502
vn -0.4534 0.6624 0.5964
vn -0.5821 0.5902 0.5593
vn -0.3156 0.6937 0.6474
vn -0.1907 0.6817 0.7063
vn -0.0893 0.6269 0.7739
vn -0.0091 0.8727 0.4881
vn -0.1998 0.8955 0.3977
vn -0.4221 0.8464 0.3247
vn -0.6315 0.7290 0.2643
vn -0.6877 0.4851 0.5401
vn -0.7562 0.3645 0.5434
vn -0.7854 0.2344 0.5728
vn -0.8979 0.3742 0.2320
vn -0.9416 0.1772 0.2863
vn -0.7731 0.0978 0.6266
vn -0.9260 -0.0378 0.3756
vn -0.8412 -0.2491 0.4798
vn -0.7002 -0.4123 0.5828
vn -0.5357 -0.5007 0.6799
vn 0.4088 -0.2761 -0.8698
vn 0.6886 -0.1507 -0.7093
vn 0.6956 -0.2549 -0.6716
vn 0.6734 -0.3502 -0.6511
vn 0.6245 -0.4372 -0.6472
vn 0.5470 -0.5145 -0.6603
vn 0.4489 -0.5687 -0.6893
vn 0.3488 -0.5898 -0.7283
vn 0.2609 -0.5793 -0.7722
vn 0.1848 -0.5398 -0.8212
vn 0.1213 -0.4689 -0.8748
vn 0.0808 -0.3728 -0.9244
vn 0.0714 -0.2695 -0.9603
vn 0.0914 -0.1742 -0.9804
vn 0.1392 -0.0870 -0.9864
vn 0.2166 -0.0086 -0.9762
vn 0.3152 0.0478 -0.9478
vn 0.4158 0.0712 -0.9066
vn 0.5050 0.0616 -0.8609
vn 0.5832 0.0210 -0.8120
vn 0.6485 -0.0523 -0.7594
vn -0.7967 0.5606 0.2256
vn 0.1458 0.7902 0.5953
vn 0.2792 0.6342 0.7210
vn 0.1209 -0.0419 0.9918
vn -0.0361 -0.1747 0.9839
vn -0.8597 -0.4996 -0.1060
vn -0.9324 -0.3472 -0.0999
vn -0.9323 -0.3432 0.1136
vn -0.8941 0.0661 0.4429
vn -0.8772 0.0339 0.4789
vn -0.7794 -0.4687 0.4158
vn -0.8235 -0.3603 0.4382
vn -0.9290 -0.1787 0.3240
vn -0.9557 -0.2095 0.2069
vn -0.9789 -0.0084 -0.2041
vn -0.9357 -0.3443 0.0762
vn -0.9780 -0.1388 -0.1558
vn -0.8879 0.1299 -0.4412
vn -0.8264 0.1950 -0.5281
vn -0.7734 0.3537 -0.5260
vn -0.5960 0.4843 -0.6405
vn -0.7872 0.4050 -0.4650
vn -0.5705 0.4824 -0.6647
vn -0.7873 0.4375 -0.4345
vn -0.4929 0.4554 -0.7414
vn -0.5834 0.3463 -0.7346
vn -0.4340 0.3699 -0.8214
vn -0.9167 -0.0260 -0.3988
vn -0.6267 0.5385 -0.5632
vn -0.8425 -0.0252 -0.5380
vn -0.8970 -0.4250 0.1215
vn -0.8602 -0.5096 -0.0183
vn -0.9348 -0.2503 0.2521
vn -0.9749 0.0689 -0.2119
vn -0.9750 0.1130 -0.1912
vn -0.7576 -0.5716 0.3153
vn -0.7444 -0.6408 0.1876
vn -0.8331 -0.5530 0.0062
vn -0.8880 -0.4559 0.0591
vn -0.8871 0.0189 -0.4613
vn -0.9184 -0.1296 -0.3739
vn -0.9165 -0.3224 -0.2368
vn -0.8910 -0.4536 0.0150
vn -0.9818 -0.1849 -0.0432
vn -0.7230 0.2706 -0.6356
vn -0.7899 0.1665 -0.5901
vn -0.6825 0.2503 -0.6867
vn -0.7413 0.1602 -0.6517
vn -0.7775 0.4132 -0.4741
vn -0.6572 0.6498 -0.3818
vn -0.5353 0.6412 -0.5498
vn -0.2234 0.3209 -0.9203
vn -0.4740 0.2512 -0.8440
usemtl skin#sov_heads.mtl
s 1
f 1/1/1 2/2/1 3/3/2
f 3/3/2 4/4/3 5/5/4
f 4/4/3 3/3/2 6/6/5
f 7/7/6 8/8/7 4/4/3
f 9/9/8 7/7/6 10/10/9
f 10/10/9 11/11/10 12/12/11
f 11/11/10 13/13/12 14/14/13
f 15/15/14 11/11/10 10/10/9
f 10/10/9 16/16/15 15/15/14
f 17/17/16 15/15/14 16/16/15
f 16/16/15 18/18/17 17/17/16
f 19/19/18 17/17/16 18/18/17
f 18/18/17 20/20/19 19/19/18
f 21/21/20 19/19/18 20/20/19
f 20/20/19 22/22/21 21/21/20
f 6/6/5 23/23/22 24/24/23
f 24/24/23 25/25/24 6/6/5
f 6/6/5 25/25/24 4/4/3
f 26/26/25 4/4/3 25/25/24
f 4/4/3 26/26/25 7/7/6
f 27/27/26 7/7/6 26/26/25
f 7/7/6 27/27/26 10/10/9
f 28/28/27 10/10/9 27/27/26
f 16/16/15 10/10/9 28/28/27
f 28/28/27 29/29/28 16/16/15
f 16/16/15 29/29/28 30/30/29
f 30/30/29 18/18/17 16/16/15
f 18/18/17 30/30/29 31/31/30
f 31/31/30 20/20/19 18/18/17
f 20/20/19 31/31/30 32/32/31
f 32/32/31 22/22/21 20/20/19
f 22/22/21 32/32/31 33/33/32
f 33/33/32 34/34/33 22/22/21
f 35/35/34 36/36/35 37/37/36
f 37/37/36 36/36/35 38/38/37
f 38/38/37 39/39/38 37/37/36
f 37/37/36 39/39/38 26/26/25
f 26/26/25 39/39/38 27/27/26
f 40/40/39 27/27/26 39/39/38
f 27/27/26 40/40/39 28/28/27
f 39/39/38 38/38/37 40/40/39
f 41/41/40 42/42/41 43/43/42
f 44/44/43 43/43/42 42/42/41
f 42/42/41 45/45/44 44/44/43
f 44/44/43 45/45/44 46/46/45
f 46/46/45 47/47/46 44/44/43
f 47/47/46 46/46/45 48/48/47
f 48/48/47 49/49/48 47/47/46
f 49/49/48 48/48/47 50/50/49
f 50/50/49 51/51/50 49/49/48
f 51/51/50 50/50/49 52/52/51
f 52/52/51 53/53/52 51/51/50
f 54/54/53 53/53/52 52/52/51
f 53/53/52 54/54/53 55/55/54
f 56/56/55 55/55/54 54/54/53
f 55/55/54 56/56/55 57/57/56
f 58/58/57 57/57/56 56/56/55
f 57/57/56 58/58/57 59/59/58
f 59/59/58 58/58/57 60/60/59
f 44/44/43 47/47/46 49/49/48
f 49/49/48 61/61/60 44/44/43
f 61/61/60 49/49/48 51/51/50
f 51/51/50 53/53/52 61/61/60
f 55/55/54 61/61/60 53/53/52
f 61/61/60 55/55/54 43/43/42
f 57/57/56 43/43/42 55/55/54
f 43/43/42 57/57/56 41/41/40
f 59/59/58 41/41/40 57/57/56
f 43/43/42 44/44/43 61/61/60
f 60/60/59 62/62/61 59/59/58
f 62/62/61 60/60/59 63/63/62
f 63/63/62 64/64/63 62/62/61
f 64/64/63 63/63/62 65/65/64
f 65/65/64 66/66/65 64/64/63
f 66/66/65 65/65/64 67/67/66
f 67/67/66 68/68/67 66/66/65
f 68/68/67 67/67/66 69/69/68
f 69/69/68 70/70/69 68/68/67
f 70/70/69 69/69/68 71/71/70
f 71/71/70 72/72/71 70/70/69
f 73/73/72 72/72/71 71/71/70
f 71/71/70 74/74/73 73/73/72
f 75/75/74 73/73/72 74/74/73
f 74/74/73 76/76/75 75/75/74
f 77/77/76 75/75/74 76/76/75
f 76/76/75 78/78/77 77/77/76
f 79/79/78 77/77/76 78/78/77
f 80/80/79 81/81/80 78/78/77
f 78/78/77 82/82/81 80/80/79
f 82/82/81 78/78/77 76/76/75
f 76/76/75 74/74/73 82/82/81
f 83/83/82 82/82/81 74/74/73
f 74/74/73 71/71/70 83/83/82
f 84/84/83 83/83/82 71/71/70
f 71/71/70 69/69/68 84/84/83
f 85/85/84 84/84/83 69/69/68
f 69/69/68 67/67/66 85/85/84
f 85/85/84 67/67/66 65/65/64
f 86/86/85 83/83/82 84/84/83
f 82/82/81 83/83/82 86/86/85
f 86/86/85 80/80/79 82/82/81
f 78/78/77 81/81/80 79/79/78
f 87/87/86 79/79/78 81/81/80
f 81/81/80 80/80/79 87/87/86
f 88/88/87 87/87/86 80/80/79
f 80/80/79 86/86/85 88/88/87
f 88/88/87 86/86/85 89/89/88
f 84/84/83 89/89/88 86/86/85
f 90/90/89 89/89/88 84/84/83
f 84/84/83 85/85/84 90/90/89
f 90/90/89 85/85/84 91/91/90
f 65/65/64 91/91/90 85/85/84
f 91/91/90 65/65/64 92/92/91
f 93/93/92 92/92/91 65/65/64
f 92/92/91 93/93/92 94/94/93
f 94/94/93 93/93/92 95/95/94
f 95/95/94 96/96/95 94/94/93
f 97/97/96 96/96/95 95/95/94
f 96/96/95 97/97/96 98/98/97
f 99/99/98 95/95/94 100/100/99
f 95/95/94 99/99/98 97/97/96
f 99/99/98 101/101/100 102/102/101
f 103/103/102 101/101/100 99/99/98
f 99/99/98 104/104/103 105/105/104
f 105/105/104 97/97/96 99/99/98
f 97/97/96 105/105/104 106/106/105
f 107/107/106 106/106/105 105/105/104
f 105/105/104 108/108/107 107/107/106
f 109/109/108 107/107/106 108/108/107
f 108/108/107 110/110/109 109/109/108
f 111/111/110 109/109/108 110/110/109
f 105/105/104 104/104/103 112/112/111
f 112/112/111 108/108/107 105/105/104
f 110/110/109 108/108/107 112/112/111
f 106/106/105 98/98/97 97/97/96
f 113/113/112 98/98/97 106/106/105
f 106/106/105 114/114/113 113/113/112
f 115/115/114 114/114/113 106/106/105
f 106/106/105 107/107/106 115/115/114
f 116/116/115 115/115/114 107/107/106
f 107/107/106 109/109/108 116/116/115
f 117/117/116 116/116/115 109/109/108
f 109/109/108 111/111/110 117/117/116
f 117/117/116 111/111/110 118/118/117
f 110/110/109 118/118/117 111/111/110
f 118/118/117 110/110/109 119/119/118
f 112/112/111 119/119/118 110/110/109
f 120/120/119 119/119/118 112/112/111
f 112/112/111 121/121/120 120/120/119
f 102/102/101 121/121/120 112/112/111
f 112/112/111 104/104/103 102/102/101
f 102/102/101 104/104/103 99/99/98
f 118/118/117 122/122/121 117/117/116
f 122/122/121 118/118/117 123/123/122
f 119/119/118 123/123/122 118/118/117
f 123/123/122 119/119/118 120/120/119
f 120/120/119 124/124/123 123/123/122
f 123/123/122 124/124/123 122/122/121
f 125/125/124 126/126/125 127/127/126
f 128/128/127 127/127/126 126/126/125
f 126/126/125 129/129/128 128/128/127
f 128/128/127 129/129/128 130/130/129
f 131/131/130 130/130/129 129/129/128
f 129/129/128 132/132/131 131/131/130
f 133/133/132 131/131/130 132/132/131
f 132/132/131 134/134/133 133/133/132
f 135/135/134 133/133/132 134/134/133
f 134/134/133 136/136/135 135/135/134
f 137/137/136 136/136/135 134/134/133
f 134/134/133 138/138/137 137/137/136
f 139/139/138 137/137/136 138/138/137
f 138/138/137 140/140/139 139/139/138
f 141/141/140 139/139/138 140/140/139
f 140/140/139 142/142/141 141/141/140
f 141/141/140 142/142/141 143/143/142
f 144/144/143 143/143/142 142/142/141
f 130/130/129 145/145/144 128/128/127
f 143/143/142 144/144/143 146/146/145
f 147/147/146 146/146/145 144/144/143
f 146/146/145 147/147/146 148/148/147
f 149/149/148 148/148/147 147/147/146
f 148/148/147 149/149/148 150/150/149
f 151/151/150 150/150/149 149/149/148
f 150/150/149 151/151/150 152/152/151
f 153/153/152 152/152/151 151/151/150
f 151/151/150 154/154/153 153/153/152
f 154/154/153 151/151/150 155/155/154
f 155/155/154 156/156/155 154/154/153
f 156/156/155 155/155/154 157/157/156
f 157/157/156 158/158/157 156/156/155
f 158/158/157 157/157/156 159/159/158
f 159/159/158 160/160/159 158/158/157
f 161/161/160 160/160/159 159/159/158
f 159/159/158 162/162/161 161/161/160
f 161/161/160 162/162/161 163/163/162
f 149/149/148 155/155/154 151/151/150
f 155/155/154 149/149/148 164/164/163
f 147/147/146 164/164/163 149/149/148
f 164/164/163 147/147/146 165/165/164
f 144/144/143 165/165/164 147/147/146
f 166/166/165 157/157/156 155/155/154
f 164/164/163 166/166/165 155/155/154
f 166/166/165 164/164/163 167/167/166
f 165/165/164 167/167/166 164/164/163
f 167/167/166 165/165/164 168/168/167
f 169/169/168 168/168/167 165/165/164
f 165/165/164 144/144/143 169/169/168
f 142/142/141 169/169/168 144/144/143
f 142/142/141 170/170/169 169/169/168
f 171/171/170 172/172/171 173/173/172
f 172/172/171 171/171/170 174/174/173
f 162/162/161 174/174/173 171/171/170
f 175/175/174 174/174/173 162/162/161
f 162/162/161 159/159/158 175/175/174
f 175/175/174 159/159/158 157/157/156
f 157/157/156 176/176/175 175/175/174
f 157/157/156 166/166/165 176/176/175
f 177/177/176 176/176/175 166/166/165
f 167/167/166 177/177/176 166/166/165
f 177/177/176 167/167/166 178/178/177
f 168/168/167 178/178/177 167/167/166
f 168/168/167 179/179/178 178/178/177
f 179/179/178 168/168/167 180/180/179
f 179/179/178 180/180/179 181/181/180
f 182/182/181 181/181/180 180/180/179
f 181/181/180 182/182/181 183/183/182
f 183/183/182 182/182/181 184/184/183
f 176/176/175 177/177/176 185/185/184
f 176/176/175 185/185/184 186/186/185
f 186/186/185 175/175/174 176/176/175
f 175/175/174 186/186/185 187/187/186
f 187/187/186 174/174/173 175/175/174
f 174/174/173 187/187/186 172/172/171
f 171/171/170 163/163/162 162/162/161
f 188/188/187 163/163/162 171/171/170
f 173/173/172 188/188/187 171/171/170
f 189/189/188 188/188/187 173/173/172
f 173/173/172 190/190/189 189/189/188
f 190/190/189 173/173/172 172/172/171
f 172/172/171 191/191/190 190/190/189
f 191/191/190 172/172/171 187/187/186
f 187/187/186 192/192/191 191/191/190
f 193/193/192 192/192/191 187/187/186
f 187/187/186 186/186/185 193/193/192
f 194/194/193 193/193/192 186/186/185
f 186/186/185 185/185/184 194/194/193
f 185/185/184 195/195/194 194/194/193
f 195/195/194 185/185/184 177/177/176
f 196/196/195 195/195/194 177/177/176
f 177/177/176 197/197/196 196/196/195
f 198/198/197 196/196/195 197/197/196
f 163/163/162 188/188/187 199/199/198
f 163/163/162 200/200/199 161/161/160
f 200/200/199 163/163/162 199/199/198
f 199/199/198 201/201/200 200/200/199
f 201/201/200 199/199/198 188/188/187
f 188/188/187 189/189/188 201/201/200
f 197/197/196 202/202/201 198/198/197
f 203/203/202 198/198/197 202/202/201
f 202/202/201 204/204/203 203/203/202
f 203/203/202 204/204/203 205/205/204
f 206/206/205 205/205/204 204/204/203
f 205/205/204 206/206/205 207/207/206
f 208/208/207 207/207/206 206/206/205
f 207/207/206 208/208/207 209/209/208
f 210/210/209 209/209/208 208/208/207
f 211/211/210 209/209/208 210/210/209
f 210/210/209 212/212/211 211/211/210
f 213/213/212 211/211/210 212/212/211
f 212/212/211 214/214/213 213/213/212
f 215/215/214 213/213/212 214/214/213
f 214/214/213 216/216/215 215/215/214
f 217/217/216 215/215/214 216/216/215
f 216/216/215 218/218/217 217/217/216
f 217/217/216 218/218/217 219/219/218
f 207/207/206 220/220/219 205/205/204
f 220/220/219 207/207/206 221/221/220
f 209/209/208 221/221/220 207/207/206
f 221/221/220 209/209/208 211/211/210
f 211/211/210 213/213/212 221/221/220
f 217/217/216 221/221/220 213/213/212
f 213/213/212 215/215/214 217/217/216
f 221/221/220 217/217/216 220/220/219
f 219/219/218 220/220/219 217/217/216
f 220/220/219 219/219/218 222/222/221
f 222/222/221 205/205/204 220/220/219
f 205/205/204 222/222/221 203/203/202
f 22/22/21 34/34/33 223/223/222
f 223/223/222 21/21/20 22/22/21
f 21/21/20 223/223/222 224/224/223
f 224/224/223 225/225/224 21/21/20
f 19/19/18 21/21/20 225/225/224
f 225/225/224 226/226/225 19/19/18
f 17/17/16 19/19/18 226/226/225
f 226/226/225 227/227/226 17/17/16
f 15/15/14 17/17/16 227/227/226
f 227/227/226 228/228/227 15/15/14
f 11/11/10 15/15/14 228/228/227
f 228/228/227 94/94/93 11/11/10
f 13/13/12 11/11/10 94/94/93
f 94/94/93 229/229/228 13/13/12
f 230/230/229 13/13/12 229/229/228
f 229/229/228 231/231/230 230/230/229
f 230/230/229 231/231/230 232/232/231
f 233/233/232 232/232/231 231/231/230
f 226/226/225 225/225/224 234/234/233
f 235/235/234 234/234/233 236/236/235
f 234/234/233 235/235/234 226/226/225
f 227/227/226 226/226/225 235/235/234
f 225/225/224 224/224/223 237/237/236
f 237/237/236 234/234/233 225/225/224
f 234/234/233 237/237/236 238/238/237
f 238/238/237 236/236/235 234/234/233
f 236/236/235 238/238/237 239/239/238
f 239/239/238 240/240/239 236/236/235
f 241/241/240 236/236/235 240/240/239
f 236/236/235 241/241/240 235/235/234
f 242/242/241 235/235/234 241/241/240
f 235/235/234 242/242/241 227/227/226
f 228/228/227 227/227/226 242/242/241
f 242/242/241 92/92/91 228/228/227
f 94/94/93 228/228/227 92/92/91
f 92/92/91 242/242/241 91/91/90
f 241/241/240 91/91/90 242/242/241
f 91/91/90 241/241/240 90/90/89
f 90/90/89 241/241/240 243/243/242
f 240/240/239 243/243/242 241/241/240
f 243/243/242 244/244/243 90/90/89
f 89/89/88 90/90/89 244/244/243
f 244/244/243 245/245/244 89/89/88
f 89/89/88 245/245/244 88/88/87
f 246/246/245 232/232/231 233/233/232
f 233/233/232 247/247/246 246/246/245
f 248/248/247 246/246/245 247/247/246
f 247/247/246 249/249/248 248/248/247
f 248/248/247 249/249/248 250/250/249
f 250/250/249 251/251/250 248/248/247
f 252/252/251 251/251/250 250/250/249
f 251/251/250 252/252/251 253/253/252
f 253/253/252 252/252/251 254/254/253
f 254/254/253 255/255/254 253/253/252
f 256/256/255 255/255/254 254/254/253
f 257/257/256 255/255/254 256/256/255
f 256/256/255 258/258/257 257/257/256
f 259/259/258 257/257/256 258/258/257
f 258/258/257 260/260/259 259/259/258
f 259/259/258 260/260/259 261/261/260
f 261/261/260 262/262/261 259/259/258
f 263/263/262 262/262/261 261/261/260
f 250/250/249 264/264/263 252/252/251
f 252/252/251 264/264/263 265/265/264
f 265/265/264 254/254/253 252/252/251
f 254/254/253 265/265/264 256/256/255
f 266/266/265 267/267/266 268/268/267
f 268/268/267 269/269/268 266/266/265
f 269/269/268 270/270/269 266/266/265
f 270/270/269 269/269/268 271/271/270
f 271/271/270 269/269/268 272/272/271
f 272/272/271 273/273/272 271/271/270
f 273/273/272 272/272/271 274/274/273
f 274/274/273 275/275/274 273/273/272
f 275/275/274 274/274/273 276/276/275
f 276/276/275 277/277/276 275/275/274
f 276/276/275 278/278/277 277/277/276
f 278/278/277 276/276/275 279/279/278
f 278/278/277 279/279/278 280/280/279
f 279/279/278 281/281/280 280/280/279
f 282/282/281 280/280/279 281/281/280
f 281/281/280 283/283/282 282/282/281
f 284/284/283 282/282/281 283/283/282
f 283/283/282 285/285/284 284/284/283
f 286/286/285 285/285/284 283/283/282
f 286/286/285 287/287/286 288/288/287
f 289/289/288 290/290/289 291/291/290
f 289/289/288 287/287/286 290/290/289
f 287/287/286 289/289/288 288/288/287
f 292/292/291 284/284/283 285/285/284
f 285/285/284 293/293/292 292/292/291
f 293/293/292 285/285/284 286/286/285
f 286/286/285 294/294/293 293/293/292
f 294/294/293 286/286/285 288/288/287
f 288/288/287 295/295/294 294/294/293
f 288/288/287 296/296/295 295/295/294
f 296/296/295 288/288/287 289/289/288
f 296/296/295 289/289/288 297/297/296
f 291/291/290 297/297/296 289/289/288
f 297/297/296 291/291/290 298/298/297
f 298/298/297 299/299/298 297/297/296
f 299/299/298 298/298/297 300/300/299
f 300/300/299 301/301/300 299/299/298
f 302/302/301 299/299/298 301/301/300
f 301/301/300 303/303/302 302/302/301
f 299/299/298 302/302/301 304/304/303
f 304/304/303 297/297/296 299/299/298
f 297/297/296 304/304/303 296/296/295
f 305/305/304 306/306/305 307/307/306
f 307/307/306 308/308/307 305/305/304
f 309/309/308 305/305/304 308/308/307
f 310/310/309 305/305/304 309/309/308
f 309/309/308 311/311/310 310/310/309
f 310/310/309 311/311/310 312/312/311
f 312/312/311 313/313/312 310/310/309
f 313/313/312 312/312/311 314/314/313
f 314/314/313 315/315/314 313/313/312
f 313/313/312 315/315/314 316/316/315
f 316/316/315 315/315/314 317/317/316
f 317/317/316 318/318/317 316/316/315
f 319/319/318 318/318/317 317/317/316
f 320/320/319 318/318/317 319/319/318
f 319/319/318 321/321/320 320/320/319
f 320/320/319 321/321/320 322/322/321
f 281/281/280 322/322/321 321/321/320
f 322/322/321 281/281/280 323/323/322
f 308/308/307 324/324/323 309/309/308
f 281/281/280 279/279/278 323/323/322
f 279/279/278 325/325/324 323/323/322
f 325/325/324 279/279/278 276/276/275
f 325/325/324 276/276/275 274/274/273
f 274/274/273 326/326/325 325/325/324
f 326/326/325 274/274/273 272/272/271
f 272/272/271 327/327/326 326/326/325
f 327/327/326 272/272/271 269/269/268
f 269/269/268 268/268/267 327/327/326
f 328/328/327 329/329/328 330/330/329
f 330/330/329 331/331/330 328/328/327
f 332/332/331 331/331/330 330/330/329
f 331/331/330 332/332/331 333/333/332
f 333/333/332 334/334/333 331/331/330
f 334/334/333 333/333/332 335/335/334
f 335/335/334 336/336/335 334/334/333
f 336/336/335 335/335/334 337/337/336
f 337/337/336 338/338/337 336/336/335
f 338/338/337 337/337/336 287/287/286
f 287/287/286 339/339/338 338/338/337
f 339/339/338 287/287/286 286/286/285
f 286/286/285 340/340/339 339/339/338
f 283/283/282 340/340/339 286/286/285
f 340/340/339 283/283/282 319/319/318
f 321/321/320 319/319/318 283/283/282
f 283/283/282 281/281/280 321/321/320
f 330/330/329 341/341/340 332/332/331
f 342/342/341 343/343/342 344/344/343
f 344/344/343 345/345/344 342/342/341
f 345/345/344 344/344/343 346/346/345
f 346/346/345 347/347/346 345/345/344
f 347/347/346 346/346/345 348/348/347
f 349/349/348 348/348/347 346/346/345
f 346/346/345 350/350/349 349/349/348
f 349/349/348 350/350/349 351/351/350
f 351/351/350 350/350/349 352/352/351
f 352/352/351 353/353/352 351/351/350
f 353/353/352 352/352/351 354/354/353
f 355/355/354 353/353/352 354/354/353
f 354/354/353 356/356/355 355/355/354
f 355/355/354 356/356/355 357/357/356
f 357/357/356 356/356/355 358/358/357
f 358/358/357 359/359/358 357/357/356
f 360/360/359 357/357/356 359/359/358
f 359/359/358 361/361/360 360/360/359
f 348/348/347 362/362/361 347/347/346
f 360/360/359 361/361/360 363/363/362
f 363/363/362 364/364/363 360/360/359
f 365/365/364 364/364/363 363/363/362
f 364/364/363 365/365/364 366/366/365
f 367/367/366 366/366/365 365/365/364
f 365/365/364 368/368/367 367/367/366
f 369/369/368 367/367/366 368/368/367
f 368/368/367 370/370/369 369/369/368
f 370/370/369 368/368/367 371/371/370
f 371/371/370 372/372/371 370/370/369
f 363/363/362 373/373/372 365/365/364
f 368/368/367 365/365/364 373/373/372
f 373/373/372 371/371/370 368/368/367
f 374/374/373 375/375/374 376/376/375
f 376/376/375 377/377/376 374/374/373
f 377/377/376 376/376/375 378/378/377
f 378/378/377 379/379/378 377/377/376
f 380/380/379 377/377/376 379/379/378
f 379/379/378 381/381/380 380/380/379
f 382/382/381 380/380/379 381/381/380
f 381/381/380 383/383/382 382/382/381
f 384/384/383 382/382/381 383/383/382
f 383/383/382 385/385/384 384/384/383
f 384/384/383 385/385/384 349/349/348
f 349/349/348 386/386/385 384/384/383
f 351/351/350 386/386/385 349/349/348
f 386/386/385 351/351/350 387/387/386
f 387/387/386 351/351/350 353/353/352
f 353/353/352 355/355/354 387/387/386
f 388/388/387 387/387/386 355/355/354
f 355/355/354 389/389/388 388/388/387
f 390/390/389 391/391/390 392/392/391
f 392/392/391 391/391/390 393/393/392
f 393/393/392 394/394/393 392/392/391
f 394/394/393 393/393/392 395/395/394
f 395/395/394 388/388/387 394/394/393
f 387/387/386 388/388/387 395/395/394
f 395/395/394 396/396/395 387/387/386
f 387/387/386 396/396/395 386/386/385
f 386/386/385 396/396/395 397/397/396
f 397/397/396 384/384/383 386/386/385
f 382/382/381 384/384/383 397/397/396
f 397/397/396 398/398/397 382/382/381
f 380/380/379 382/382/381 398/398/397
f 398/398/397 399/399/398 380/380/379
f 377/377/376 380/380/379 399/399/398
f 399/399/398 374/374/373 377/377/376
f 394/394/393 388/388/387 389/389/388
f 389/389/388 400/400/399 394/394/393
f 394/394/393 400/400/399 401/401/400
f 401/401/400 392/392/391 394/394/393
f 402/402/401 392/392/391 401/401/400
f 392/392/391 402/402/401 390/390/389
f 390/390/389 402/402/401 403/403/402
f 403/403/402 404/404/403 390/390/389
f 405/405/404 404/404/403 403/403/402
f 403/403/402 406/406/405 405/405/404
f 407/407/406 405/405/404 406/406/405
f 406/406/405 408/408/407 407/407/406
f 409/409/408 408/408/407 406/406/405
f 406/406/405 410/410/409 409/409/408
f 411/411/410 410/410/409 406/406/405
f 406/406/405 403/403/402 411/411/410
f 412/412/411 411/411/410 403/403/402
f 403/403/402 402/402/401 412/412/411
f 401/401/400 412/412/411 402/402/401
f 413/413/412 400/400/399 414/414/413
f 389/389/388 414/414/413 400/400/399
f 414/414/413 389/389/388 415/415/414
f 415/415/414 389/389/388 355/355/354
f 357/357/356 415/415/414 355/355/354
f 366/366/365 416/416/415 364/364/363
f 364/364/363 416/416/415 417/417/416
f 417/417/416 360/360/359 364/364/363
f 357/357/356 360/360/359 417/417/416
f 357/357/356 417/417/416 418/418/417
f 418/418/417 415/415/414 357/357/356
f 415/415/414 418/418/417 419/419/418
f 415/415/414 419/419/418 414/414/413
f 420/420/419 414/414/413 419/419/418
f 414/414/413 420/420/419 413/413/412
f 413/413/412 420/420/419 421/421/420
f 421/421/420 422/422/421 413/413/412
f 423/423/422 422/422/421 421/421/420
f 421/421/420 424/424/423 423/423/422
f 425/425/424 423/423/422 424/424/423
f 424/424/423 426/426/425 425/425/424
f 427/427/426 425/425/424 426/426/425
f 426/426/425 428/428/427 427/427/426
f 428/428/427 426/426/425 429/429/428
f 429/429/428 430/430/429 428/428/427
f 419/419/418 431/431/430 420/420/419
f 421/421/420 420/420/419 431/431/430
f 431/431/430 432/432/431 421/421/420
f 424/424/423 421/421/420 432/432/431
f 432/432/431 433/433/432 424/424/423
f 424/424/423 433/433/432 429/429/428
f 429/429/428 426/426/425 424/424/423
f 434/434/433 419/419/418 418/418/417
f 418/418/417 435/435/434 434/434/433
f 435/435/434 418/418/417 417/417/416
f 417/417/416 436/436/435 435/435/434
f 436/436/435 437/437/436 438/438/437
f 438/438/437 435/435/434 436/436/435
f 434/434/433 435/435/434 438/438/437
f 438/438/437 439/439/438 434/434/433
f 440/440/439 439/439/438 438/438/437
f 438/438/437 441/441/440 440/440/439
f 440/440/439 441/441/440 442/442/441
f 442/442/441 441/441/440 443/443/442
f 443/443/442 444/444/443 442/442/441
f 445/445/444 442/442/441 444/444/443
f 444/444/443 446/446/445 445/445/444
f 441/441/440 438/438/437 437/437/436
f 437/437/436 443/443/442 441/441/440
f 184/184/183 447/447/446 183/183/182
f 183/183/182 447/447/446 448/448/447
f 448/448/447 449/449/448 183/183/182
f 449/449/448 448/448/447 450/450/449
f 450/450/449 451/451/450 449/449/448
f 451/451/450 450/450/449 452/452/451
f 452/452/451 453/453/452 451/451/450
f 454/454/453 453/453/452 452/452/451
f 453/453/452 454/454/453 455/455/454
f 456/456/455 455/455/454 454/454/453
f 455/455/454 456/456/455 457/457/456
f 457/457/456 456/456/455 458/458/457
f 458/458/457 459/459/458 457/457/456
f 457/457/456 459/459/458 460/460/459
f 460/460/459 461/461/460 457/457/456
f 462/462/461 461/461/460 460/460/459
f 463/463/462 461/461/460 462/462/461
f 462/462/461 181/181/180 463/463/462
f 183/183/182 463/463/462 181/181/180
f 463/463/462 183/183/182 449/449/448
f 449/449/448 464/464/463 463/463/462
f 464/464/463 449/449/448 451/451/450
f 451/451/450 455/455/454 464/464/463
f 455/455/454 451/451/450 453/453/452
f 457/457/456 464/464/463 455/455/454
f 463/463/462 464/464/463 457/457/456
f 457/457/456 461/461/460 463/463/462
f 169/169/168 465/465/464 466/466/465
f 168/168/167 169/169/168 466/466/465
f 466/466/465 467/467/466 168/168/167
f 180/180/179 168/168/167 467/467/466
f 180/180/179 467/467/466 182/182/181
f 184/184/183 182/182/181 467/467/466
f 467/467/466 468/468/467 184/184/183
f 468/468/467 467/467/466 469/469/468
f 470/470/469 469/469/468 467/467/466
f 471/471/470 469/469/468 470/470/469
f 470/470/469 472/472/471 471/471/470
f 471/471/470 472/472/471 473/473/472
f 474/474/473 473/473/472 472/472/471
f 473/473/472 474/474/473 475/475/474
f 476/476/475 475/475/474 474/474/473
f 477/477/476 475/475/474 476/476/475
f 476/476/475 478/478/477 477/477/476
f 479/479/478 477/477/476 478/478/477
f 478/478/477 480/480/479 479/479/478
f 479/479/478 480/480/479 481/481/480
f 467/467/466 466/466/465 470/470/469
f 466/466/465 482/482/481 483/483/482
f 483/483/482 470/470/469 466/466/465
f 470/470/469 483/483/482 484/484/483
f 484/484/483 472/472/471 470/470/469
f 472/472/471 484/484/483 474/474/473
f 485/485/484 474/474/473 484/484/483
f 474/474/473 485/485/484 476/476/475
f 486/486/485 483/483/482 487/487/486
f 484/484/483 483/483/482 486/486/485
f 486/486/485 488/488/487 484/484/483
f 484/484/483 488/488/487 485/485/484
f 489/489/488 490/490/488 486/486/485
f 491/491/489 492/492/490 493/493/491
f 494/494/492 492/492/490 491/491/489
f 491/491/489 495/495/493 494/494/492
f 494/494/492 495/495/493 496/496/494
f 496/496/494 497/497/495 494/494/492
f 492/492/490 494/494/492 497/497/495
f 497/497/495 498/498/496 492/492/490
f 493/493/491 492/492/490 498/498/496
f 498/498/496 499/499/497 493/493/491
f 493/493/491 499/499/497 35/35/34
f 35/35/34 500/500/498 493/493/491
f 37/37/36 500/500/498 35/35/34
f 500/500/498 37/37/36 501/501/499
f 26/26/25 501/501/499 37/37/36
f 25/25/24 501/501/499 26/26/25
f 491/491/489 501/501/499 25/25/24
f 25/25/24 24/24/23 491/491/489
f 493/493/491 500/500/498 491/491/489
f 501/501/499 491/491/489 500/500/498
f 502/502/500 503/503/501 504/504/502
f 481/481/480 503/503/501 502/502/500
f 502/502/500 505/505/503 481/481/480
f 481/481/480 505/505/503 479/479/478
f 506/506/504 479/479/478 505/505/503
f 477/477/476 479/479/478 506/506/504
f 506/506/504 475/475/474 477/477/476
f 475/475/474 506/506/504 473/473/472
f 507/507/505 473/473/472 506/506/504
f 473/473/472 507/507/505 471/471/470
f 508/508/506 471/471/470 507/507/505
f 469/469/468 471/471/470 508/508/506
f 508/508/506 509/509/507 469/469/468
f 469/469/468 509/509/507 468/468/467
f 505/505/503 502/502/500 506/506/504
f 506/506/504 502/502/500 507/507/505
f 504/504/502 507/507/505 502/502/500
f 507/507/505 504/504/502 508/508/506
f 152/152/151 510/510/508 150/150/149
f 511/511/509 150/150/149 510/510/508
f 150/150/149 511/511/509 148/148/147
f 512/512/510 148/148/147 511/511/509
f 148/148/147 512/512/510 146/146/145
f 513/513/511 146/146/145 512/512/510
f 146/146/145 513/513/511 143/143/142
f 143/143/142 513/513/511 514/514/512
f 514/514/512 515/515/513 143/143/142
f 143/143/142 515/515/513 141/141/140
f 510/510/508 516/516/514 511/511/509
f 517/517/515 511/511/509 516/516/514
f 511/511/509 517/517/515 512/512/510
f 518/518/516 512/512/510 517/517/515
f 512/512/510 518/518/516 513/513/511
f 513/513/511 518/518/516 519/519/517
f 519/519/517 514/514/512 513/513/511
f 516/516/514 520/520/518 517/517/515
f 521/521/519 517/517/515 520/520/518
f 517/517/515 521/521/519 518/518/516
f 518/518/516 521/521/519 522/522/520
f 522/522/520 519/519/517 518/518/516
f 523/523/521 522/522/520 521/521/519
f 521/521/519 524/524/522 523/523/521
f 520/520/518 524/524/522 521/521/519
f 282/282/281 284/284/283 525/525/523
f 280/280/279 282/282/281 525/525/523
f 525/525/523 526/526/524 280/280/279
f 280/280/279 526/526/524 278/278/277
f 278/278/277 526/526/524 527/527/525
f 527/527/525 528/528/526 278/278/277
f 528/528/526 527/527/525 529/529/527
f 529/529/527 530/530/528 528/528/526
f 526/526/524 525/525/523 531/531/529
f 531/531/529 527/527/525 526/526/524
f 532/532/530 529/529/527 527/527/525
f 527/527/525 531/531/529 532/532/530
f 533/533/531 532/532/530 531/531/529
f 531/531/529 534/534/532 533/533/531
f 534/534/532 531/531/529 525/525/523
f 525/525/523 535/535/533 534/534/532
f 535/535/533 525/525/523 284/284/283
f 284/284/283 292/292/291 535/535/533
f 536/536/534 358/358/357 356/356/355
f 356/356/355 354/354/353 536/536/534
f 537/537/535 536/536/534 354/354/353
f 354/354/353 352/352/351 537/537/535
f 343/343/342 537/537/535 352/352/351
f 352/352/351 344/344/343 343/343/342
f 344/344/343 352/352/351 350/350/349
f 350/350/349 346/346/345 344/344/343
f 262/262/261 538/538/536 13/13/12
f 13/13/12 230/230/229 262/262/261
f 259/259/258 262/262/261 230/230/229
f 230/230/229 539/539/537 259/259/258
f 257/257/256 259/259/258 539/539/537
f 539/539/537 540/540/538 257/257/256
f 255/255/254 257/257/256 540/540/538
f 540/540/538 253/253/252 255/255/254
f 253/253/252 540/540/538 246/246/245
f 246/246/245 248/248/247 253/253/252
f 253/253/252 248/248/247 251/251/250
f 232/232/231 539/539/537 230/230/229
f 540/540/538 539/539/537 232/232/231
f 232/232/231 246/246/245 540/540/538
f 52/52/51 541/541/539 54/54/53
f 542/542/540 54/54/53 541/541/539
f 541/541/539 543/543/541 542/542/540
f 544/544/542 542/542/540 543/543/541
f 542/542/540 544/544/542 545/545/543
f 545/545/543 544/544/542 95/95/94
f 95/95/94 546/546/544 545/545/543
f 93/93/92 546/546/544 95/95/94
f 60/60/59 546/546/544 93/93/92
f 93/93/92 63/63/62 60/60/59
f 65/65/64 63/63/62 93/93/92
f 547/547/545 95/95/94 544/544/542
f 543/543/541 548/548/546 544/544/542
f 544/544/542 548/548/546 549/549/547
f 546/546/544 60/60/59 58/58/57
f 58/58/57 545/545/543 546/546/544
f 56/56/55 545/545/543 58/58/57
f 545/545/543 56/56/55 542/542/540
f 54/54/53 542/542/540 56/56/55
f 550/550/548 551/551/549 552/552/550
f 552/552/550 553/553/551 550/550/548
f 553/553/551 552/552/550 554/554/552
f 554/554/552 555/555/553 553/553/551
f 555/555/553 554/554/552 556/556/554
f 556/556/554 557/557/555 555/555/553
f 557/557/555 556/556/554 558/558/556
f 558/558/556 559/559/557 557/557/555
f 559/559/557 558/558/556 560/560/558
f 560/560/558 561/561/559 559/559/557
f 561/561/559 560/560/558 562/562/560
f 562/562/560 563/563/561 561/561/559
f 563/563/561 562/562/560 564/564/562
f 564/564/562 565/565/563 563/563/561
f 565/565/563 564/564/562 566/566/564
f 566/566/564 567/567/565 565/565/563
f 567/567/565 566/566/564 568/568/566
f 568/568/566 569/569/567 567/567/565
f 570/570/568 567/567/565 569/569/567
f 569/569/567 571/571/569 570/570/568
f 572/572/570 565/565/563 567/567/565
f 567/567/565 570/570/568 572/572/570
f 563/563/561 572/572/570 573/573/571
f 573/573/571 561/561/559 563/563/561
f 561/561/559 573/573/571 574/574/572
f 574/574/572 559/559/557 561/561/559
f 559/559/557 574/574/572 575/575/573
f 575/575/573 557/557/555 559/559/557
f 557/557/555 575/575/573 576/576/574
f 576/576/574 555/555/553 557/557/555
f 555/555/553 576/576/574 577/577/575
f 577/577/575 553/553/551 555/555/553
f 553/553/551 577/577/575 578/578/576
f 578/578/576 550/550/548 553/553/551
f 579/579/577 580/580/578 581/581/579
f 581/581/579 582/582/580 579/579/577
f 579/579/577 582/582/580 583/583/581
f 583/583/581 584/584/582 579/579/577
f 579/579/577 584/584/582 585/585/583
f 585/585/583 586/586/584 579/579/577
f 586/586/584 585/585/583 587/587/585
f 587/587/585 588/588/586 586/586/584
f 588/588/586 587/587/585 589/589/587
f 589/589/587 590/590/588 588/588/586
f 589/589/587 320/320/319 590/590/588
f 590/590/588 320/320/319 591/591/589
f 322/322/321 591/591/589 320/320/319
f 320/320/319 589/589/587 318/318/317
f 592/592/590 133/133/132 135/135/134
f 135/135/134 593/593/591 592/592/590
f 592/592/590 593/593/591 594/594/592
f 594/594/592 595/595/593 592/592/590
f 595/595/593 594/594/592 596/596/594
f 596/596/594 597/597/595 595/595/593
f 597/597/595 596/596/594 598/598/596
f 598/598/596 599/599/597 597/597/595
f 597/597/595 599/599/597 131/131/130
f 131/131/130 595/595/593 597/597/595
f 592/592/590 595/595/593 131/131/130
f 131/131/130 133/133/132 592/592/590
f 452/452/451 600/600/598 454/454/453
f 601/601/599 454/454/453 600/600/598
f 600/600/598 602/602/600 601/601/599
f 601/601/599 602/602/600 458/458/457
f 458/458/457 456/456/455 601/601/599
f 454/454/453 601/601/599 456/456/455
f 591/591/589 603/603/601 590/590/588
f 590/590/588 603/603/601 604/604/602
f 604/604/602 588/588/586 590/590/588
f 586/586/584 588/588/586 604/604/602
f 604/604/602 605/605/603 586/586/584
f 586/586/584 605/605/603 580/580/578
f 580/580/578 579/579/577 586/586/584
f 208/208/207 606/606/604 210/210/209
f 606/606/604 208/208/207 607/607/605
f 607/607/605 608/608/606 606/606/604
f 608/608/606 607/607/605 609/609/607
f 610/610/608 609/609/607 607/607/605
f 179/179/178 609/609/607 610/610/608
f 610/610/608 611/611/609 179/179/178
f 178/178/177 179/179/178 611/611/609
f 178/178/177 611/611/609 202/202/201
f 202/202/201 197/197/196 178/178/177
f 178/178/177 197/197/196 177/177/176
f 609/609/607 179/179/178 612/612/610
f 613/613/611 614/614/612 609/609/607
f 609/609/607 614/614/612 608/608/606
f 340/340/339 319/319/318 317/317/316
f 317/317/316 615/615/613 340/340/339
f 615/615/613 317/317/316 315/315/314
f 315/315/314 314/314/313 615/615/613
f 340/340/339 615/615/613 339/339/338
f 339/339/338 615/615/613 616/616/614
f 616/616/614 338/338/337 339/339/338
f 336/336/335 338/338/337 616/616/614
f 616/616/614 617/617/615 336/336/335
f 336/336/335 617/617/615 618/618/616
f 618/618/616 334/334/333 336/336/335
f 331/331/330 334/334/333 618/618/616
f 618/618/616 328/328/327 331/331/330
f 231/231/230 619/619/617 233/233/232
f 620/620/618 619/619/617 231/231/230
f 231/231/230 229/229/228 620/620/618
f 113/113/112 620/620/618 229/229/228
f 229/229/228 98/98/97 113/113/112
f 98/98/97 229/229/228 96/96/95
f 96/96/95 229/229/228 94/94/93
f 460/460/459 621/621/619 462/462/461
f 462/462/461 621/621/619 622/622/620
f 181/181/180 462/462/461 179/179/178
f 623/623/621 179/179/178 462/462/461
f 442/442/441 624/624/622 440/440/439
f 624/624/622 442/442/441 445/445/444
f 445/445/444 625/625/623 624/624/622
f 261/261/260 626/626/624 627/627/624
f 316/316/315 628/628/625 313/313/312
f 313/313/312 628/628/625 629/629/626
f 629/629/626 310/310/309 313/313/312
f 310/310/309 629/629/626 306/306/305
f 306/306/305 305/305/304 310/310/309
f 129/129/128 126/126/125 630/630/627
f 630/630/627 132/132/131 129/129/128
f 134/134/133 132/132/131 630/630/627
f 630/630/627 138/138/137 134/134/133
f 140/140/139 138/138/137 630/630/627
f 630/630/627 631/631/628 140/140/139
f 631/631/628 142/142/141 140/140/139
f 632/632/629 142/142/141 631/631/628
f 126/126/125 633/633/630 631/631/628
f 631/631/628 630/630/627 126/126/125
f 127/127/126 634/634/631 635/635/631
f 206/206/205 607/607/605 208/208/207
f 607/607/605 206/206/205 610/610/608
f 204/204/203 610/610/608 206/206/205
f 611/611/609 610/610/608 204/204/203
f 204/204/203 202/202/201 611/611/609
f 636/636/632 637/637/633 638/638/634
f 638/638/634 639/639/635 636/636/632
f 640/640/636 636/636/632 639/639/635
f 639/639/635 641/641/637 640/640/636
f 640/640/636 641/641/637 642/642/638
f 643/643/639 642/642/638 641/641/637
f 644/644/640 642/642/638 643/643/639
f 643/643/639 645/645/641 644/644/640
f 646/646/642 644/644/640 645/645/641
f 645/645/641 647/647/643 646/646/642
f 648/648/644 646/646/642 647/647/643
f 647/647/643 649/649/645 648/648/644
f 650/650/646 648/648/644 649/649/645
f 649/649/645 651/651/647 650/650/646
f 652/652/648 650/650/646 651/651/647
f 651/651/647 653/653/649 652/652/648
f 654/654/650 652/652/648 653/653/649
f 653/653/649 655/655/651 654/654/650
f 639/639/635 638/638/634 656/656/652
f 656/656/652 657/657/653 639/639/635
f 641/641/637 639/639/635 657/657/653
f 657/657/653 658/658/654 641/641/637
f 641/641/637 658/658/654 643/643/639
f 652/652/648 654/654/650 659/659/655
f 659/659/655 660/660/656 652/652/648
f 650/650/646 652/652/648 660/660/656
f 660/660/656 661/661/657 650/650/646
f 648/648/644 650/650/646 661/661/657
f 661/661/657 662/662/658 648/648/644
f 646/646/642 648/648/644 662/662/658
f 662/662/658 663/663/659 646/646/642
f 644/644/640 646/646/642 663/663/659
f 663/663/659 664/664/660 644/644/640
f 642/642/638 644/644/640 664/664/660
f 664/664/660 640/640/636 642/642/638
usemtl skin#sov_unif.mtl
f 665/665/661 666/666/662 667/667/662
f 668/668/663 665/665/661 669/669/664
f 670/670/665 668/668/663 671/671/666
f 672/672/667 670/670/665 673/673/668
f 674/674/669 672/672/667 675/675/670
f 676/676/671 674/674/669 677/677/672
f 678/678/673 676/676/671 679/679/673
f 680/680/674 681/681/675 682/682/676
f 682/682/676 681/681/675 683/683/677
f 684/684/678 683/683/677 681/681/675
f 683/683/677 684/684/678 685/685/679
f 686/686/680 685/685/679 684/684/678
f 685/685/679 686/686/680 687/687/681
f 688/688/682 687/687/681 686/686/680
f 687/687/681 688/688/682 689/689/683
f 690/690/684 689/689/683 688/688/682
f 688/688/682 691/691/685 690/690/684
f 692/692/686 690/690/684 691/691/685
f 691/691/685 693/693/687 692/692/686
f 694/694/688 692/692/686 693/693/687
f 693/693/687 695/695/689 694/694/688
f 696/696/690 694/694/688 695/695/689
f 695/695/689 697/697/691 696/696/690
f 698/698/692 696/696/690 697/697/691
f 697/697/691 699/699/693 698/698/692
f 695/695/689 693/693/687 700/700/694
f 701/701/695 700/700/694 693/693/687
f 693/693/687 691/691/685 701/701/695
f 702/702/696 701/701/695 691/691/685
f 691/691/685 688/688/682 702/702/696
f 686/686/680 702/702/696 688/688/682
f 702/702/696 686/686/680 703/703/697
f 684/684/678 703/703/697 686/686/680
f 703/703/697 684/684/678 704/704/698
f 681/681/675 704/704/698 684/684/678
f 705/705/699 704/704/698 681/681/675
f 681/681/675 706/706/700 707/707/700
f 708/708/701 698/698/692 699/699/693
f 699/699/693 709/709/702 708/708/701
f 710/710/703 708/708/701 709/709/702
f 709/709/702 711/711/704 710/710/703
f 712/712/705 710/710/703 711/711/704
f 711/711/704 713/713/706 712/712/705
f 714/714/707 712/712/705 713/713/706
f 713/713/706 715/715/708 714/714/707
f 716/716/709 714/714/707 715/715/708
f 715/715/708 717/717/710 716/716/709
f 718/718/711 716/716/709 717/717/710
f 717/717/710 719/719/712 718/718/711
f 720/720/713 718/718/711 719/719/712
f 719/719/712 721/721/714 720/720/713
f 722/722/715 720/720/713 721/721/714
f 721/721/714 723/723/716 722/722/715
f 724/724/717 722/722/715 723/723/716
f 723/723/716 725/725/718 724/724/717
f 721/721/714 719/719/712 726/726/719
f 727/727/720 726/726/719 719/719/712
f 719/719/712 717/717/710 727/727/720
f 728/728/721 727/727/720 717/717/710
f 717/717/710 715/715/708 728/728/721
f 729/729/722 728/728/721 715/715/708
f 715/715/708 713/713/706 729/729/722
f 730/730/723 729/729/722 713/713/706
f 713/713/706 711/711/704 730/730/723
f 731/731/724 730/730/723 711/711/704
f 711/711/704 709/709/702 731/731/724
f 732/732/725 731/731/724 709/709/702
f 709/709/702 699/699/693 732/732/725
f 733/733/726 732/732/725 699/699/693
f 699/699/693 697/697/691 733/733/726
f 734/734/727 733/733/726 697/697/691
f 697/697/691 695/695/689 734/734/727
f 700/700/694 734/734/727 695/695/689
f 704/704/698 735/735/728 703/703/697
f 736/736/729 703/703/697 735/735/728
f 703/703/697 736/736/729 702/702/696
f 701/701/695 702/702/696 736/736/729
f 736/736/729 737/737/730 701/701/695
f 700/700/694 701/701/695 737/737/730
f 737/737/730 738/738/731 700/700/694
f 734/734/727 700/700/694 738/738/731
f 738/738/731 739/739/732 734/734/727
f 733/733/726 734/734/727 739/739/732
f 739/739/732 740/740/733 733/733/726
f 732/732/725 733/733/726 740/740/733
f 740/740/733 741/741/734 732/732/725
f 731/731/724 732/732/725 741/741/734
f 741/741/734 742/742/735 731/731/724
f 730/730/723 731/731/724 742/742/735
f 742/742/735 743/743/736 730/730/723
f 729/729/722 730/730/723 743/743/736
f 735/735/728 744/744/737 736/736/729
f 737/737/730 736/736/729 744/744/737
f 744/744/737 745/745/738 737/737/730
f 738/738/731 737/737/730 745/745/738
f 745/745/738 746/746/739 738/738/731
f 739/739/732 738/738/731 746/746/739
f 746/746/739 747/747/740 739/739/732
f 740/740/733 739/739/732 747/747/740
f 747/747/740 748/748/741 740/740/733
f 741/741/734 740/740/733 748/748/741
f 748/748/741 749/749/742 741/741/734
f 742/742/735 741/741/734 749/749/742
f 749/749/742 750/750/743 742/742/735
f 743/743/736 742/742/735 750/750/743
f 750/750/743 751/751/744 743/743/736
f 752/752/745 743/743/736 751/751/744
f 751/751/744 753/753/746 752/752/745
f 754/754/747 752/752/745 753/753/746
f 755/755/748 756/756/749 753/753/746
f 753/753/746 757/757/750 755/755/748
f 757/757/750 753/753/746 751/751/744
f 751/751/744 758/758/751 757/757/750
f 758/758/751 751/751/744 750/750/743
f 750/750/743 759/759/752 758/758/751
f 759/759/752 750/750/743 749/749/742
f 749/749/742 760/760/753 759/759/752
f 760/760/753 749/749/742 748/748/741
f 748/748/741 761/761/754 760/760/753
f 761/761/754 748/748/741 747/747/740
f 747/747/740 762/762/755 761/761/754
f 762/762/755 747/747/740 746/746/739
f 746/746/739 763/763/756 762/762/755
f 763/763/756 746/746/739 745/745/738
f 745/745/738 764/764/757 763/763/756
f 764/764/757 745/745/738 744/744/737
f 744/744/737 765/765/758 764/764/757
f 760/760/753 766/766/759 767/767/760
f 767/767/760 759/759/752 760/760/753
f 759/759/752 767/767/760 768/768/761
f 768/768/761 758/758/751 759/759/752
f 758/758/751 768/768/761 769/769/762
f 769/769/762 757/757/750 758/758/751
f 757/757/750 769/769/762 770/770/763
f 770/770/763 755/755/748 757/757/750
f 755/755/748 770/770/763 771/771/764
f 771/771/764 772/772/765 755/755/748
f 773/773/766 771/771/764 770/770/763
f 770/770/763 774/774/767 773/773/766
f 774/774/767 770/770/763 769/769/762
f 769/769/762 775/775/768 774/774/767
f 775/775/768 769/769/762 768/768/761
f 768/768/761 776/776/769 775/775/768
f 776/776/769 768/768/761 767/767/760
f 777/777/770 767/767/760 778/778/771
f 767/767/760 777/777/770 776/776/769
f 779/779/772 780/780/773 777/777/770
f 780/780/773 781/781/774 782/782/775
f 782/782/775 783/783/776 780/780/773
f 783/783/776 782/782/775 784/784/777
f 784/784/777 785/785/778 783/783/776
f 785/785/778 784/784/777 786/786/779
f 786/786/779 787/787/780 785/785/778
f 787/787/780 786/786/779 788/788/781
f 788/788/781 789/789/782 787/787/780
f 789/789/782 788/788/781 790/790/783
f 790/790/783 791/791/784 789/789/782
f 791/791/784 790/790/783 792/792/785
f 793/793/786 792/792/785 794/794/787
f 792/792/785 793/793/786 791/791/784
f 795/795/788 796/796/789 793/793/786
f 683/683/677 797/797/790 682/682/676
f 798/798/791 682/682/676 797/797/790
f 682/682/676 798/798/791 799/799/792
f 799/799/792 800/800/793 682/682/676
f 800/800/793 799/799/792 801/801/794
f 801/801/794 802/802/795 800/800/793
f 803/803/796 802/802/795 801/801/794
f 802/802/795 803/803/796 804/804/797
f 804/804/797 805/805/798 802/802/795
f 805/805/798 804/804/797 796/796/789
f 796/796/789 806/806/799 805/805/798
f 800/800/793 802/802/795 805/805/798
f 805/805/798 807/807/800 800/800/793
f 682/682/676 800/800/793 808/808/801
f 809/809/802 724/724/717 725/725/718
f 725/725/718 810/810/803 809/809/802
f 811/811/804 809/809/802 810/810/803
f 810/810/803 812/812/805 811/811/804
f 813/813/806 811/811/804 812/812/805
f 812/812/805 814/814/807 813/813/806
f 815/815/808 813/813/806 814/814/807
f 814/814/807 816/816/809 815/815/808
f 817/817/810 815/815/808 816/816/809
f 816/816/809 818/818/811 817/817/810
f 819/819/812 817/817/810 818/818/811
f 818/818/811 820/820/813 819/819/812
f 821/821/814 819/819/812 820/820/813
f 820/820/813 822/822/815 821/821/814
f 823/823/816 821/821/814 822/822/815
f 822/822/815 824/824/817 823/823/816
f 825/825/818 823/823/816 824/824/817
f 824/824/817 826/826/819 825/825/818
f 822/822/815 820/820/813 827/827/820
f 828/828/821 827/827/820 820/820/813
f 820/820/813 818/818/811 828/828/821
f 829/829/822 828/828/821 818/818/811
f 818/818/811 816/816/809 829/829/822
f 830/830/823 829/829/822 816/816/809
f 816/816/809 814/814/807 830/830/823
f 831/831/824 830/830/823 814/814/807
f 814/814/807 812/812/805 831/831/824
f 832/832/825 831/831/824 812/812/805
f 812/812/805 810/810/803 832/832/825
f 833/833/826 832/832/825 810/810/803
f 810/810/803 725/725/718 833/833/826
f 834/834/827 833/833/826 725/725/718
f 725/725/718 723/723/716 834/834/827
f 835/835/828 834/834/827 723/723/716
f 723/723/716 721/721/714 835/835/828
f 726/726/719 835/835/828 721/721/714
f 743/743/736 752/752/745 729/729/722
f 728/728/721 729/729/722 752/752/745
f 752/752/745 754/754/747 728/728/721
f 727/727/720 728/728/721 754/754/747
f 754/754/747 836/836/829 727/727/720
f 726/726/719 727/727/720 836/836/829
f 836/836/829 837/837/830 726/726/719
f 835/835/828 726/726/719 837/837/830
f 837/837/830 838/838/831 835/835/828
f 834/834/827 835/835/828 838/838/831
f 838/838/831 839/839/832 834/834/827
f 833/833/826 834/834/827 839/839/832
f 839/839/832 840/840/833 833/833/826
f 832/832/825 833/833/826 840/840/833
f 840/840/833 841/841/834 832/832/825
f 831/831/824 832/832/825 841/841/834
f 841/841/834 842/842/835 831/831/824
f 830/830/823 831/831/824 842/842/835
f 753/753/746 756/756/749 754/754/747
f 836/836/829 754/754/747 756/756/749
f 756/756/749 843/843/836 836/836/829
f 837/837/830 836/836/829 843/843/836
f 843/843/836 844/844/837 837/837/830
f 838/838/831 837/837/830 844/844/837
f 844/844/837 845/845/838 838/838/831
f 839/839/832 838/838/831 845/845/838
f 845/845/838 846/846/839 839/839/832
f 840/840/833 839/839/832 846/846/839
f 846/846/839 847/847/840 840/840/833
f 841/841/834 840/840/833 847/847/840
f 847/847/840 848/848/841 841/841/834
f 842/842/835 841/841/834 848/848/841
f 848/848/841 849/849/842 842/842/835
f 850/850/843 842/842/835 849/849/842
f 849/849/842 851/851/844 850/850/843
f 852/852/845 850/850/843 851/851/844
f 853/853/846 854/854/847 851/851/844
f 851/851/844 855/855/848 853/853/846
f 855/855/848 851/851/844 849/849/842
f 849/849/842 856/856/849 855/855/848
f 856/856/849 849/849/842 848/848/841
f 848/848/841 857/857/850 856/856/849
f 857/857/850 848/848/841 847/847/840
f 847/847/840 858/858/851 857/857/850
f 858/858/851 847/847/840 846/846/839
f 846/846/839 859/859/852 858/858/851
f 859/859/852 846/846/839 845/845/838
f 845/845/838 860/860/853 859/859/852
f 860/860/853 845/845/838 844/844/837
f 844/844/837 861/861/854 860/860/853
f 861/861/854 844/844/837 843/843/836
f 843/843/836 772/772/765 861/861/854
f 772/772/765 843/843/836 756/756/749
f 756/756/749 755/755/748 772/772/765
f 862/862/855 861/861/854 772/772/765
f 772/772/765 863/863/856 864/864/856
f 825/825/818 826/826/819 865/865/857
f 866/866/858 865/865/857 826/826/819
f 826/826/819 867/867/859 866/866/858
f 868/868/860 866/866/858 867/867/859
f 867/867/859 869/869/861 868/868/860
f 870/870/862 868/868/860 869/869/861
f 869/869/861 871/871/863 870/870/862
f 870/870/862 871/871/863 872/872/864
f 872/872/864 871/871/863 873/873/865
f 873/873/865 874/874/866 872/872/864
f 874/874/866 873/873/865 875/875/867
f 875/875/867 876/876/868 874/874/866
f 876/876/868 875/875/867 877/877/869
f 877/877/869 878/878/870 876/876/868
f 878/878/870 877/877/869 879/879/871
f 879/879/871 880/880/872 878/878/870
f 880/880/872 879/879/871 854/854/847
f 854/854/847 853/853/846 880/880/872
f 881/881/873 872/872/864 874/874/866
f 874/874/866 882/882/874 881/881/873
f 882/882/874 874/874/866 876/876/868
f 876/876/868 883/883/875 882/882/874
f 883/883/875 876/876/868 878/878/870
f 878/878/870 884/884/876 883/883/875
f 884/884/876 878/878/870 880/880/872
f 880/880/872 885/885/877 884/884/876
f 885/885/877 880/880/872 853/853/846
f 886/886/878 881/881/873 882/882/874
f 881/881/873 886/886/878 887/887/879
f 887/887/879 888/888/880 881/881/873
f 881/881/873 888/888/880 889/889/881
f 889/889/881 872/872/864 881/881/873
f 872/872/864 889/889/881 870/870/862
f 890/890/882 891/891/883 892/892/884
f 891/891/883 890/890/882 893/893/885
f 893/893/885 894/894/886 891/891/883
f 894/894/886 893/893/885 895/895/887
f 895/895/887 896/896/888 894/894/886
f 896/896/888 895/895/887 897/897/889
f 897/897/889 898/898/890 896/896/888
f 855/855/848 896/896/888 898/898/890
f 898/898/890 853/853/846 855/855/848
f 853/853/846 898/898/890 885/885/877
f 899/899/891 885/885/877 898/898/890
f 885/885/877 899/899/891 900/900/892
f 900/900/892 884/884/876 885/885/877
f 884/884/876 900/900/892 901/901/893
f 901/901/893 883/883/875 884/884/876
f 883/883/875 901/901/893 902/902/894
f 902/902/894 882/882/874 883/883/875
f 882/882/874 902/902/894 886/886/878
f 898/898/890 897/897/889 899/899/891
f 765/765/758 744/744/737 735/735/728
f 735/735/728 903/903/895 765/765/758
f 903/903/895 735/735/728 704/704/698
f 704/704/698 904/904/896 903/903/895
f 851/851/844 854/854/847 852/852/845
f 905/905/897 852/852/845 854/854/847
f 854/854/847 879/879/871 905/905/897
f 906/906/898 905/905/897 879/879/871
f 879/879/871 877/877/869 906/906/898
f 907/907/899 906/906/898 877/877/869
f 877/877/869 875/875/867 907/907/899
f 908/908/900 907/907/899 875/875/867
f 875/875/867 873/873/865 908/908/900
f 908/908/900 873/873/865 871/871/863
f 871/871/863 869/869/861 908/908/900
f 909/909/901 908/908/900 869/869/861
f 869/869/861 867/867/859 909/909/901
f 909/909/901 867/867/859 826/826/819
f 826/826/819 824/824/817 909/909/901
f 910/910/902 909/909/901 824/824/817
f 824/824/817 822/822/815 910/910/902
f 827/827/820 910/910/902 822/822/815
f 842/842/835 850/850/843 830/830/823
f 829/829/822 830/830/823 850/850/843
f 850/850/843 852/852/845 829/829/822
f 828/828/821 829/829/822 852/852/845
f 852/852/845 905/905/897 828/828/821
f 827/827/820 828/828/821 905/905/897
f 905/905/897 906/906/898 827/827/820
f 910/910/902 827/827/820 906/906/898
f 906/906/898 907/907/899 910/910/902
f 909/909/901 910/910/902 907/907/899
f 907/907/899 908/908/900 909/909/901
f 911/911/903 912/912/904 913/913/905
f 912/912/904 911/911/903 914/914/906
f 915/915/907 914/914/906 911/911/903
f 914/914/906 915/915/907 916/916/908
f 917/917/909 916/916/908 915/915/907
f 916/916/908 917/917/909 918/918/910
f 918/918/910 919/919/911 916/916/908
f 919/919/911 918/918/910 920/920/912
f 920/920/912 921/921/913 919/919/911
f 921/921/913 920/920/912 922/922/914
f 922/922/914 923/923/915 921/921/913
f 923/923/915 922/922/914 924/924/916
f 924/924/916 925/925/917 923/923/915
f 925/925/917 924/924/916 926/926/918
f 926/926/918 927/927/919 925/925/917
f 927/927/919 926/926/918 928/928/920
f 928/928/920 929/929/921 927/927/919
f 929/929/921 928/928/920 930/930/922
f 931/931/923 932/932/924 933/933/925
f 932/932/924 931/931/923 934/934/926
f 934/934/926 929/929/921 932/932/924
f 929/929/921 934/934/926 935/935/927
f 935/935/927 927/927/919 929/929/921
f 927/927/919 935/935/927 936/936/928
f 936/936/928 925/925/917 927/927/919
f 925/925/917 936/936/928 937/937/929
f 937/937/929 923/923/915 925/925/917
f 923/923/915 937/937/929 938/938/930
f 938/938/930 921/921/913 923/923/915
f 921/921/913 938/938/930 939/939/931
f 939/939/931 919/919/911 921/921/913
f 919/919/911 939/939/931 940/940/932
f 940/940/932 916/916/908 919/919/911
f 916/916/908 940/940/932 914/914/906
f 941/941/933 914/914/906 940/940/932
f 914/914/906 941/941/933 912/912/904
f 938/938/930 942/942/934 943/943/935
f 943/943/935 939/939/931 938/938/930
f 939/939/931 943/943/935 944/944/936
f 944/944/936 940/940/932 939/939/931
f 940/940/932 944/944/936 941/941/933
f 945/945/937 941/941/933 944/944/936
f 941/941/933 945/945/937 946/946/938
f 947/947/939 948/948/940 949/949/941
f 949/949/941 950/950/942 947/947/939
f 950/950/942 949/949/941 951/951/943
f 951/951/943 952/952/944 950/950/942
f 952/952/944 951/951/943 953/953/945
f 953/953/945 954/954/946 952/952/944
f 954/954/946 953/953/945 955/955/947
f 955/955/947 931/931/923 954/954/946
f 931/931/923 955/955/947 956/956/948
f 956/956/948 934/934/926 931/931/923
f 934/934/926 956/956/948 957/957/949
f 957/957/949 935/935/927 934/934/926
f 935/935/927 957/957/949 958/958/950
f 958/958/950 936/936/928 935/935/927
f 936/936/928 958/958/950 959/959/951
f 959/959/951 937/937/929 936/936/928
f 937/937/929 959/959/951 942/942/934
f 942/942/934 938/938/930 937/937/929
f 944/944/936 960/960/952 945/945/937
f 960/960/952 944/944/936 943/943/935
f 943/943/935 961/961/953 960/960/952
f 961/961/953 943/943/935 942/942/934
f 942/942/934 962/962/954 961/961/953
f 962/962/954 942/942/934 959/959/951
f 959/959/951 963/963/955 962/962/954
f 963/963/955 959/959/951 958/958/950
f 958/958/950 964/964/956 963/963/955
f 964/964/956 958/958/950 957/957/949
f 957/957/949 965/965/957 964/964/956
f 965/965/957 957/957/949 956/956/948
f 956/956/948 966/966/958 965/965/957
f 966/966/958 956/956/948 955/955/947
f 955/955/947 967/967/959 966/966/958
f 967/967/959 955/955/947 953/953/945
f 953/953/945 968/968/960 967/967/959
f 968/968/960 953/953/945 951/951/943
f 969/969/961 970/970/962 971/971/963
f 972/972/964 971/971/963 970/970/962
f 970/970/962 973/973/965 972/972/964
f 974/974/966 972/972/964 973/973/965
f 973/973/965 975/975/967 974/974/966
f 976/976/968 974/974/966 975/975/967
f 975/975/967 977/977/969 976/976/968
f 968/968/960 976/976/968 977/977/969
f 977/977/969 978/978/970 968/968/960
f 967/967/959 968/968/960 978/978/970
f 978/978/970 979/979/971 967/967/959
f 966/966/958 967/967/959 979/979/971
f 979/979/971 980/980/972 966/966/958
f 965/965/957 966/966/958 980/980/972
f 980/980/972 981/981/973 965/965/957
f 964/964/956 965/965/957 981/981/973
f 981/981/973 982/982/974 964/964/956
f 963/963/955 964/964/956 982/982/974
f 970/970/962 969/969/961 983/983/975
f 983/983/975 984/984/976 970/970/962
f 973/973/965 970/970/962 984/984/976
f 984/984/976 985/985/977 973/973/965
f 975/975/967 973/973/965 985/985/977
f 985/985/977 986/986/978 975/975/967
f 977/977/969 975/975/967 986/986/978
f 986/986/978 987/987/979 977/977/969
f 978/978/970 977/977/969 987/987/979
f 987/987/979 988/988/980 978/978/970
f 979/979/971 978/978/970 988/988/980
f 988/988/980 989/989/981 979/979/971
f 980/980/972 979/979/971 989/989/981
f 989/989/981 990/990/982 980/980/972
f 981/981/973 980/980/972 990/990/982
f 990/990/982 991/991/983 981/981/973
f 982/982/974 981/981/973 991/991/983
f 991/991/983 992/992/984 982/982/974
f 993/993/985 994/994/986 983/983/975
f 984/984/976 983/983/975 994/994/986
f 994/994/986 995/995/987 984/984/976
f 985/985/977 984/984/976 995/995/987
f 995/995/987 996/996/988 985/985/977
f 986/986/978 985/985/977 996/996/988
f 996/996/988 997/997/989 986/986/978
f 987/987/979 986/986/978 997/997/989
f 997/997/989 998/998/990 987/987/979
f 988/988/980 987/987/979 998/998/990
f 998/998/990 999/999/991 988/988/980
f 989/989/981 988/988/980 999/999/991
f 999/999/991 1000/1000/992 989/989/981
f 990/990/982 989/989/981 1000/1000/992
f 1000/1000/992 1001/1001/993 990/990/982
f 991/991/983 990/990/982 1001/1001/993
f 1001/1001/993 1002/1002/994 991/991/983
f 992/992/984 991/991/983 1002/1002/994
f 1002/1002/994 1003/1003/995 992/992/984
f 1004/1004/996 992/992/984 1003/1003/995
f 1003/1003/995 1005/1005/997 1004/1004/996
f 1006/1006/998 1004/1004/996 1005/1005/997
f 1005/1005/997 1007/1007/999 1006/1006/998
f 1008/1008/1000 1006/1006/998 1007/1007/999
f 1007/1007/999 1009/1009/1001 1008/1008/1000
f 1010/1010/1002 1008/1008/1000 1009/1009/1001
f 1009/1009/1001 1011/1011/1003 1010/1010/1002
f 1012/1012/1004 1010/1010/1002 1011/1011/1003
f 1011/1011/1003 1013/1013/1005 1012/1012/1004
f 1014/1014/1006 1012/1012/1004 1013/1013/1005
f 1013/1013/1005 1015/1015/1007 1014/1014/1006
f 1016/1016/1008 1014/1014/1006 1015/1015/1007
f 1015/1015/1007 1017/1017/1009 1016/1016/1008
f 1018/1018/1010 1016/1016/1008 1017/1017/1009
f 1017/1017/1009 1019/1019/1011 1018/1018/1010
f 1020/1020/1012 1018/1018/1010 1019/1019/1011
f 1019/1019/1011 1021/1021/1013 1020/1020/1012
f 1022/1022/1014 1020/1020/1012 1021/1021/1013
f 1021/1021/1013 1023/1023/1015 1022/1022/1014
f 1024/1024/1016 982/982/974 992/992/984
f 992/992/984 1004/1004/996 1024/1024/1016
f 1025/1025/1017 1024/1024/1016 1004/1004/996
f 1004/1004/996 1006/1006/998 1025/1025/1017
f 1026/1026/1018 1025/1025/1017 1006/1006/998
f 1006/1006/998 1008/1008/1000 1026/1026/1018
f 1027/1027/1019 1026/1026/1018 1008/1008/1000
f 1008/1008/1000 1010/1010/1002 1027/1027/1019
f 1028/1028/1020 1027/1027/1019 1010/1010/1002
f 1010/1010/1002 1012/1012/1004 1028/1028/1020
f 1029/1029/1021 1028/1028/1020 1012/1012/1004
f 1012/1012/1004 1014/1014/1006 1029/1029/1021
f 1030/1030/1022 1029/1029/1021 1014/1014/1006
f 1014/1014/1006 1016/1016/1008 1030/1030/1022
f 1031/1031/1023 1030/1030/1022 1016/1016/1008
f 1016/1016/1008 1018/1018/1010 1031/1031/1023
f 1032/1032/1024 1031/1031/1023 1018/1018/1010
f 1018/1018/1010 1020/1020/1012 1032/1032/1024
f 982/982/974 1024/1024/1016 963/963/955
f 962/962/954 963/963/955 1024/1024/1016
f 1024/1024/1016 1025/1025/1017 962/962/954
f 961/961/953 962/962/954 1025/1025/1017
f 1025/1025/1017 1026/1026/1018 961/961/953
f 960/960/952 961/961/953 1026/1026/1018
f 1026/1026/1018 1027/1027/1019 960/960/952
f 945/945/937 960/960/952 1027/1027/1019
f 1027/1027/1019 1028/1028/1020 945/945/937
f 946/946/938 945/945/937 1028/1028/1020
f 1028/1028/1020 1029/1029/1021 946/946/938
f 1033/1033/1025 946/946/938 1029/1029/1021
f 1029/1029/1021 1030/1030/1022 1033/1033/1025
f 1034/1034/1026 1033/1033/1025 1030/1030/1022
f 1030/1030/1022 1031/1031/1023 1034/1034/1026
f 1035/1035/1027 1034/1034/1026 1031/1031/1023
f 1031/1031/1023 1032/1032/1024 1035/1035/1027
f 1036/1036/1028 1035/1035/1027 1032/1032/1024
f 946/946/938 912/912/904 941/941/933
f 912/912/904 946/946/938 1033/1033/1025
f 1033/1033/1025 913/913/905 912/912/904
f 913/913/905 1033/1033/1025 1034/1034/1026
f 1034/1034/1026 1037/1037/1029 913/913/905
f 1037/1037/1029 1034/1034/1026 1035/1035/1027
f 1035/1035/1027 1038/1038/1030 1037/1037/1029
f 1038/1038/1030 1035/1035/1027 1036/1036/1028
f 1036/1036/1028 1039/1039/1031 1038/1038/1030
f 1039/1039/1031 1036/1036/1028 1040/1040/1032
f 1040/1040/1032 1041/1041/1033 1039/1039/1031
f 1041/1041/1033 1040/1040/1032 1042/1042/1034
f 1042/1042/1034 1043/1043/1035 1041/1041/1033
f 1044/1044/1036 1043/1043/1035 1042/1042/1034
f 1043/1043/1035 1044/1044/1036 1045/1045/1037
f 1046/1046/1038 1045/1045/1037 1044/1044/1036
f 1047/1047/1039 1045/1045/1037 1046/1046/1038
f 1046/1046/1038 1048/1048/1040 1047/1047/1039
f 1041/1041/1033 1043/1043/1035 1049/1049/1041
f 1045/1045/1037 1049/1049/1041 1043/1043/1035
f 1050/1050/1042 1049/1049/1041 1045/1045/1037
f 1045/1045/1037 1047/1047/1039 1050/1050/1042
f 1047/1047/1039 1051/1051/1043 1052/1052/1044
f 1052/1052/1044 1050/1050/1042 1047/1047/1039
f 1050/1050/1042 1052/1052/1044 1053/1053/1045
f 1053/1053/1045 1054/1054/1046 1050/1050/1042
f 1049/1049/1041 1050/1050/1042 1054/1054/1046
f 1054/1054/1046 1055/1055/1047 1049/1049/1041
f 1049/1049/1041 1055/1055/1047 1041/1041/1033
f 1041/1041/1033 1055/1055/1047 1056/1056/1048
f 1056/1056/1048 1039/1039/1031 1041/1041/1033
f 1039/1039/1031 1056/1056/1048 1057/1057/1049
f 1057/1057/1049 1038/1038/1030 1039/1039/1031
f 1038/1038/1030 1057/1057/1049 1058/1058/1050
f 1058/1058/1050 1037/1037/1029 1038/1038/1030
f 1037/1037/1029 1058/1058/1050 1059/1059/1051
f 1059/1059/1051 913/913/905 1037/1037/1029
f 913/913/905 1059/1059/1051 911/911/903
f 1054/1054/1046 1053/1053/1045 1060/1060/1052
f 1060/1060/1052 1061/1061/1053 1054/1054/1046
f 1055/1055/1047 1054/1054/1046 1061/1061/1053
f 1061/1061/1053 1056/1056/1048 1055/1055/1047
f 1056/1056/1048 1061/1061/1053 1062/1062/1054
f 1062/1062/1054 1057/1057/1049 1056/1056/1048
f 1057/1057/1049 1062/1062/1054 1063/1063/1055
f 1063/1063/1055 1058/1058/1050 1057/1057/1049
f 1058/1058/1050 1063/1063/1055 1064/1064/1056
f 1064/1064/1056 1059/1059/1051 1058/1058/1050
f 1059/1059/1051 1064/1064/1056 1065/1065/1057
f 1065/1065/1057 911/911/903 1059/1059/1051
f 911/911/903 1065/1065/1057 915/915/907
f 1066/1066/1058 915/915/907 1065/1065/1057
f 915/915/907 1066/1066/1058 917/917/909
f 1065/1065/1057 1067/1067/1059 1066/1066/1058
f 1067/1067/1059 1065/1065/1057 1064/1064/1056
f 1064/1064/1056 1068/1068/1060 1067/1067/1059
f 1068/1068/1060 1064/1064/1056 1063/1063/1055
f 1063/1063/1055 1069/1069/1061 1068/1068/1060
f 1069/1069/1061 1063/1063/1055 1062/1062/1054
f 1062/1062/1054 1070/1070/1062 1069/1069/1061
f 1070/1070/1062 1062/1062/1054 1061/1061/1053
f 1061/1061/1053 1060/1060/1052 1070/1070/1062
f 930/930/922 932/932/924 929/929/921
f 932/932/924 930/930/922 1071/1071/1063
f 1071/1071/1063 933/933/925 932/932/924
f 933/933/925 1071/1071/1063 1072/1072/1064
f 1072/1072/1064 1073/1073/1065 933/933/925
f 1073/1073/1065 1072/1072/1064 1074/1074/1066
f 1074/1074/1066 1075/1075/1067 1073/1073/1065
f 1075/1075/1067 1074/1074/1066 1076/1076/1068
f 1076/1076/1068 1077/1077/1069 1075/1075/1067
f 1077/1077/1069 1076/1076/1068 1078/1078/1070
f 1078/1078/1070 1079/1079/1071 1077/1077/1069
f 1079/1079/1071 1078/1078/1070 1080/1080/1072
f 1080/1080/1072 1081/1081/1073 1079/1079/1071
f 1081/1081/1073 1080/1080/1072 1082/1082/1074
f 1082/1082/1074 1083/1083/1075 1081/1081/1073
f 1083/1083/1075 1082/1082/1074 1084/1084/1076
f 1084/1084/1076 1085/1085/1077 1083/1083/1075
f 1085/1085/1077 1084/1084/1076 1086/1086/1078
f 1087/1087/1079 1088/1088/1080 1089/1089/1081
f 1088/1088/1080 1087/1087/1079 1090/1090/1082
f 1090/1090/1082 1085/1085/1077 1088/1088/1080
f 1085/1085/1077 1090/1090/1082 1091/1091/1083
f 1091/1091/1083 1083/1083/1075 1085/1085/1077
f 1083/1083/1075 1091/1091/1083 1092/1092/1084
f 1092/1092/1084 1081/1081/1073 1083/1083/1075
f 1081/1081/1073 1092/1092/1084 1093/1093/1085
f 1093/1093/1085 1079/1079/1071 1081/1081/1073
f 1079/1079/1071 1093/1093/1085 947/947/939
f 947/947/939 1077/1077/1069 1079/1079/1071
f 1077/1077/1069 947/947/939 950/950/942
f 950/950/942 1075/1075/1067 1077/1077/1069
f 1075/1075/1067 950/950/942 952/952/944
f 952/952/944 1073/1073/1065 1075/1075/1067
f 1073/1073/1065 952/952/944 954/954/946
f 954/954/946 933/933/925 1073/1073/1065
f 933/933/925 954/954/946 931/931/923
f 1094/1094/1086 1095/1095/1087 1096/1096/1088
f 1096/1096/1088 1097/1097/1089 1094/1094/1086
f 1097/1097/1089 1096/1096/1088 1098/1098/1090
f 1098/1098/1090 1099/1099/1091 1097/1097/1089
f 1099/1099/1091 1098/1098/1090 1100/1100/1092
f 1100/1100/1092 1101/1101/1093 1099/1099/1091
f 1101/1101/1093 1100/1100/1092 1102/1102/1094
f 1102/1102/1094 1087/1087/1079 1101/1101/1093
f 1087/1087/1079 1102/1102/1094 1103/1103/1095
f 1103/1103/1095 1090/1090/1082 1087/1087/1079
f 1090/1090/1082 1103/1103/1095 1104/1104/1096
f 1104/1104/1096 1091/1091/1083 1090/1090/1082
f 1091/1091/1083 1104/1104/1096 1105/1105/1097
f 1105/1105/1097 1092/1092/1084 1091/1091/1083
f 1092/1092/1084 1105/1105/1097 1106/1106/1098
f 1106/1106/1098 1093/1093/1085 1092/1092/1084
f 1093/1093/1085 1106/1106/1098 948/948/940
f 948/948/940 947/947/939 1093/1093/1085
f 951/951/943 976/976/968 968/968/960
f 976/976/968 951/951/943 949/949/941
f 949/949/941 974/974/966 976/976/968
f 974/974/966 949/949/941 948/948/940
f 948/948/940 972/972/964 974/974/966
f 972/972/964 948/948/940 1106/1106/1098
f 1106/1106/1098 971/971/963 972/972/964
f 971/971/963 1106/1106/1098 1105/1105/1097
f 1105/1105/1097 1107/1107/1099 971/971/963
f 1107/1107/1099 1105/1105/1097 1104/1104/1096
f 1104/1104/1096 1108/1108/1100 1107/1107/1099
f 1108/1108/1100 1104/1104/1096 1103/1103/1095
f 1103/1103/1095 1109/1109/1101 1108/1108/1100
f 1109/1109/1101 1103/1103/1095 1102/1102/1094
f 1102/1102/1094 1110/1110/1102 1109/1109/1101
f 1110/1110/1102 1102/1102/1094 1100/1100/1092
f 1100/1100/1092 1111/1111/1103 1110/1110/1102
f 1111/1111/1103 1100/1100/1092 1098/1098/1090
f 1112/1112/1104 1113/1113/1105 1114/1114/1106
f 1115/1115/1107 1113/1113/1105 1112/1112/1104
f 1112/1112/1104 1116/1116/1108 1115/1115/1107
f 1117/1117/1109 1115/1115/1107 1116/1116/1108
f 1116/1116/1108 1118/1118/1110 1117/1117/1109
f 1119/1119/1111 1117/1117/1109 1118/1118/1110
f 1118/1118/1110 1120/1120/1112 1119/1119/1111
f 1111/1111/1103 1119/1119/1111 1120/1120/1112
f 1120/1120/1112 1121/1121/1113 1111/1111/1103
f 1110/1110/1102 1111/1111/1103 1121/1121/1113
f 1121/1121/1113 1122/1122/1114 1110/1110/1102
f 1109/1109/1101 1110/1110/1102 1122/1122/1114
f 1122/1122/1114 1123/1123/1115 1109/1109/1101
f 1108/1108/1100 1109/1109/1101 1123/1123/1115
f 1123/1123/1115 1124/1124/1116 1108/1108/1100
f 1107/1107/1099 1108/1108/1100 1124/1124/1116
f 1124/1124/1116 969/969/961 1107/1107/1099
f 971/971/963 1107/1107/1099 969/969/961
f 1114/1114/1106 1125/1125/1117 1112/1112/1104
f 1126/1126/1118 1112/1112/1104 1125/1125/1117
f 1116/1116/1108 1112/1112/1104 1126/1126/1118
f 1126/1126/1118 1127/1127/1119 1116/1116/1108
f 1118/1118/1110 1116/1116/1108 1127/1127/1119
f 1127/1127/1119 1128/1128/1120 1118/1118/1110
f 1120/1120/1112 1118/1118/1110 1128/1128/1120
f 1128/1128/1120 1129/1129/1121 1120/1120/1112
f 1121/1121/1113 1120/1120/1112 1129/1129/1121
f 1129/1129/1121 1130/1130/1122 1121/1121/1113
f 1122/1122/1114 1121/1121/1113 1130/1130/1122
f 1130/1130/1122 1131/1131/1123 1122/1122/1114
f 1123/1123/1115 1122/1122/1114 1131/1131/1123
f 1131/1131/1123 1132/1132/1124 1123/1123/1115
f 1124/1124/1116 1123/1123/1115 1132/1132/1124
f 1132/1132/1124 1133/1133/1125 1124/1124/1116
f 969/969/961 1124/1124/1116 1133/1133/1125
f 1133/1133/1125 983/983/975 969/969/961
f 1125/1125/1117 1134/1134/1126 1126/1126/1118
f 1126/1126/1118 1134/1134/1126 1135/1135/1127
f 1135/1135/1127 1136/1136/1128 1126/1126/1118
f 1127/1127/1119 1126/1126/1118 1136/1136/1128
f 1136/1136/1128 1137/1137/1129 1127/1127/1119
f 1128/1128/1120 1127/1127/1119 1137/1137/1129
f 1137/1137/1129 1138/1138/1130 1128/1128/1120
f 1129/1129/1121 1128/1128/1120 1138/1138/1130
f 1138/1138/1130 1139/1139/1131 1129/1129/1121
f 1130/1130/1122 1129/1129/1121 1139/1139/1131
f 1139/1139/1131 1140/1140/1132 1130/1130/1122
f 1131/1131/1123 1130/1130/1122 1140/1140/1132
f 1140/1140/1132 1141/1141/1133 1131/1131/1123
f 1132/1132/1124 1131/1131/1123 1141/1141/1133
f 1141/1141/1133 1142/1142/1134 1132/1132/1124
f 1133/1133/1125 1132/1132/1124 1142/1142/1134
f 1142/1142/1134 993/993/985 1133/1133/1125
f 983/983/975 1133/1133/1125 993/993/985
f 1086/1086/1078 1088/1088/1080 1085/1085/1077
f 1088/1088/1080 1086/1086/1078 1143/1143/1135
f 1143/1143/1135 1089/1089/1081 1088/1088/1080
f 1089/1089/1081 1143/1143/1135 1144/1144/1136
f 1144/1144/1136 1145/1145/1137 1089/1089/1081
f 1145/1145/1137 1144/1144/1136 1146/1146/1138
f 1146/1146/1138 1147/1147/1139 1145/1145/1137
f 1147/1147/1139 1146/1146/1138 1148/1148/1140
f 1148/1148/1140 1149/1149/1141 1147/1147/1139
f 1149/1149/1141 1148/1148/1140 1150/1150/1142
f 1150/1150/1142 1151/1151/1143 1149/1149/1141
f 1152/1152/1144 1151/1151/1143 1150/1150/1142
f 1151/1151/1143 1152/1152/1144 1153/1153/1145
f 1153/1153/1145 1154/1154/1146 1151/1151/1143
f 1154/1154/1146 1153/1153/1145 1155/1155/1147
f 1155/1155/1147 1156/1156/1148 1154/1154/1146
f 1156/1156/1148 1155/1155/1147 1114/1114/1106
f 1114/1114/1106 1113/1113/1105 1156/1156/1148
f 1098/1098/1090 1119/1119/1111 1111/1111/1103
f 1119/1119/1111 1098/1098/1090 1096/1096/1088
f 1096/1096/1088 1117/1117/1109 1119/1119/1111
f 1117/1117/1109 1096/1096/1088 1095/1095/1087
f 1095/1095/1087 1115/1115/1107 1117/1117/1109
f 1113/1113/1105 1115/1115/1107 1095/1095/1087
f 1095/1095/1087 1156/1156/1148 1113/1113/1105
f 1156/1156/1148 1095/1095/1087 1094/1094/1086
f 1094/1094/1086 1154/1154/1146 1156/1156/1148
f 1151/1151/1143 1154/1154/1146 1094/1094/1086
f 1094/1094/1086 1149/1149/1141 1151/1151/1143
f 1149/1149/1141 1094/1094/1086 1097/1097/1089
f 1097/1097/1089 1147/1147/1139 1149/1149/1141
f 1147/1147/1139 1097/1097/1089 1099/1099/1091
f 1099/1099/1091 1145/1145/1137 1147/1147/1139
f 1145/1145/1137 1099/1099/1091 1101/1101/1093
f 1101/1101/1093 1089/1089/1081 1145/1145/1137
f 1089/1089/1081 1101/1101/1093 1087/1087/1079
f 1032/1032/1024 1157/1157/1149 1036/1036/1028
f 1036/1036/1028 1157/1157/1149 1158/1158/1150
f 1159/1159/1151 1158/1158/1150 1157/1157/1149
f 1160/1160/1152 1158/1158/1150 1159/1159/1151
f 1159/1159/1151 1161/1161/1153 1160/1160/1152
f 1162/1162/1154 1160/1160/1152 1161/1161/1153
f 1161/1161/1153 1163/1163/1155 1162/1162/1154
f 1163/1163/1155 1161/1161/1153 1164/1164/1156
f 1164/1164/1156 1165/1165/1157 1163/1163/1155
f 1160/1160/1152 1162/1162/1154 1166/1166/1158
f 1158/1158/1150 1040/1040/1032 1036/1036/1028
f 1042/1042/1034 1040/1040/1032 1158/1158/1150
f 1158/1158/1150 1160/1160/1152 1042/1042/1034
f 1166/1166/1158 1042/1042/1034 1160/1160/1152
f 1042/1042/1034 1166/1166/1158 1044/1044/1036
f 1167/1167/1159 1044/1044/1036 1166/1166/1158
f 1044/1044/1036 1167/1167/1159 1046/1046/1038
f 1051/1051/1043 1047/1047/1039 1048/1048/1040
f 1048/1048/1040 1168/1168/1160 1051/1051/1043
f 1051/1051/1043 1168/1168/1160 1169/1169/1161
f 1169/1169/1161 1170/1170/1162 1051/1051/1043
f 1170/1170/1162 1169/1169/1161 1171/1171/1163
f 1171/1171/1163 1172/1172/1164 1170/1170/1162
f 1173/1173/1165 1174/1174/1166 1175/1175/1167
f 1175/1175/1167 1176/1176/1168 1173/1173/1165
f 1176/1176/1168 1175/1175/1167 1177/1177/1169
f 1177/1177/1169 1178/1178/1170 1176/1176/1168
f 1178/1178/1170 1177/1177/1169 1179/1179/1171
f 1179/1179/1171 1180/1180/1172 1178/1178/1170
f 1180/1180/1172 1179/1179/1171 1181/1181/1173
f 1181/1181/1173 1182/1182/1174 1180/1180/1172
f 1182/1182/1174 1181/1181/1173 1183/1183/1175
f 1183/1183/1175 1184/1184/1176 1182/1182/1174
f 1184/1184/1176 1183/1183/1175 1185/1185/1177
f 1185/1185/1177 1186/1186/1178 1184/1184/1176
f 1186/1186/1178 1185/1185/1177 1187/1187/1179
f 1187/1187/1179 1188/1188/1180 1186/1186/1178
f 1188/1188/1180 1187/1187/1179 1189/1189/1181
f 1189/1189/1181 1190/1190/1182 1188/1188/1180
f 1190/1190/1182 1189/1189/1181 1191/1191/1183
f 1191/1191/1183 1192/1192/1184 1190/1190/1182
f 1190/1190/1182 1193/1193/1185 1194/1194/1186
f 1194/1194/1186 1188/1188/1180 1190/1190/1182
f 1188/1188/1180 1194/1194/1186 1195/1195/1187
f 1195/1195/1187 1186/1186/1178 1188/1188/1180
f 1186/1186/1178 1195/1195/1187 1196/1196/1188
f 1196/1196/1188 1184/1184/1176 1186/1186/1178
f 1184/1184/1176 1196/1196/1188 1197/1197/1189
f 1197/1197/1189 1182/1182/1174 1184/1184/1176
f 1182/1182/1174 1197/1197/1189 1198/1198/1190
f 1198/1198/1190 1180/1180/1172 1182/1182/1174
f 1180/1180/1172 1198/1198/1190 1199/1199/1191
f 1199/1199/1191 1178/1178/1170 1180/1180/1172
f 1178/1178/1170 1199/1199/1191 1200/1200/1192
f 1200/1200/1192 1176/1176/1168 1178/1178/1170
f 1176/1176/1168 1200/1200/1192 1201/1201/1193
f 1201/1201/1193 1173/1173/1165 1176/1176/1168
f 1202/1202/1194 1195/1195/1187 1194/1194/1186
f 1195/1195/1187 1202/1202/1194 1203/1203/1195
f 1203/1203/1195 1196/1196/1188 1195/1195/1187
f 1196/1196/1188 1203/1203/1195 1204/1204/1196
f 1204/1204/1196 1197/1197/1189 1196/1196/1188
f 1197/1197/1189 1204/1204/1196 1205/1205/1197
f 1205/1205/1197 1198/1198/1190 1197/1197/1189
f 1198/1198/1190 1205/1205/1197 1206/1206/1198
f 1206/1206/1198 1199/1199/1191 1198/1198/1190
f 1199/1199/1191 1206/1206/1198 1207/1207/1199
f 1207/1207/1199 1200/1200/1192 1199/1199/1191
f 1200/1200/1192 1207/1207/1199 1208/1208/1200
f 1208/1208/1200 1201/1201/1193 1200/1200/1192
f 1209/1209/1201 1204/1204/1196 1203/1203/1195
f 1204/1204/1196 1209/1209/1201 1210/1210/1202
f 1210/1210/1202 1205/1205/1197 1204/1204/1196
f 1205/1205/1197 1210/1210/1202 1211/1211/1203
f 1211/1211/1203 1206/1206/1198 1205/1205/1197
f 1206/1206/1198 1211/1211/1203 1212/1212/1204
f 1212/1212/1204 1207/1207/1199 1206/1206/1198
f 1207/1207/1199 1212/1212/1204 1213/1213/1205
f 1213/1213/1205 1208/1208/1200 1207/1207/1199
f 1214/1214/1206 1203/1203/1195 1202/1202/1194
f 1203/1203/1195 1214/1214/1206 1209/1209/1201
f 1215/1215/1207 1209/1209/1201 1214/1214/1206
f 1209/1209/1201 1215/1215/1207 1216/1216/1208
f 1216/1216/1208 1210/1210/1202 1209/1209/1201
f 1210/1210/1202 1216/1216/1208 1217/1217/1209
f 1217/1217/1209 1211/1211/1203 1210/1210/1202
f 1211/1211/1203 1217/1217/1209 1218/1218/1210
f 1218/1218/1210 1212/1212/1204 1211/1211/1203
f 1212/1212/1204 1218/1218/1210 1219/1219/1211
f 1219/1219/1211 1220/1220/1212 1212/1212/1204
f 1221/1221/1213 1216/1216/1208 1215/1215/1207
f 1216/1216/1208 1221/1221/1213 1222/1222/1214
f 1222/1222/1214 1217/1217/1209 1216/1216/1208
f 1217/1217/1209 1222/1222/1214 1223/1223/1215
f 1223/1223/1215 1218/1218/1210 1217/1217/1209
f 1218/1218/1210 1223/1223/1215 1224/1224/1216
f 1224/1224/1216 1225/1225/1217 1218/1218/1210
f 1223/1223/1215 1222/1222/1214 1226/1226/1218
f 1223/1223/1215 1226/1226/1218 1227/1227/1219
f 1227/1227/1219 1228/1228/1220 1223/1223/1215
f 1229/1229/1221 1230/1230/1222 1226/1226/1218
f 1226/1226/1218 1231/1231/1223 1229/1229/1221
f 1231/1231/1223 1226/1226/1218 1222/1222/1214
f 1222/1222/1214 1232/1232/1224 1231/1231/1223
f 1232/1232/1224 1222/1222/1214 1221/1221/1213
f 1221/1221/1213 1233/1233/1225 1232/1232/1224
f 1233/1233/1225 1221/1221/1213 1234/1234/1226
f 1215/1215/1207 1234/1234/1226 1221/1221/1213
f 1234/1234/1226 1215/1215/1207 1235/1235/1227
f 1214/1214/1206 1235/1235/1227 1215/1215/1207
f 1235/1235/1227 1214/1214/1206 1236/1236/1228
f 1202/1202/1194 1236/1236/1228 1214/1214/1206
f 1236/1236/1228 1202/1202/1194 1237/1237/1229
f 1194/1194/1186 1237/1237/1229 1202/1202/1194
f 1237/1237/1229 1194/1194/1186 1238/1238/1230
f 1238/1238/1230 1194/1194/1186 1193/1193/1185
f 1193/1193/1185 1239/1239/1231 1238/1238/1230
f 1239/1239/1231 1193/1193/1185 1240/1240/1232
f 1237/1237/1229 1241/1241/1233 1236/1236/1228
f 1242/1242/1234 1236/1236/1228 1241/1241/1233
f 1236/1236/1228 1242/1242/1234 1235/1235/1227
f 1241/1241/1233 1243/1243/1235 1242/1242/1234
f 1235/1235/1227 1244/1244/1236 1234/1234/1226
f 1245/1245/1237 1244/1244/1236 1235/1235/1227
f 1235/1235/1227 1242/1242/1234 1245/1245/1237
f 1242/1242/1234 1246/1246/1238 1245/1245/1237
f 1246/1246/1238 1242/1242/1234 1243/1243/1235
f 1243/1243/1235 1247/1247/1239 1246/1246/1238
f 1247/1247/1239 1243/1243/1235 1248/1248/1240
f 1249/1249/1241 1248/1248/1240 1243/1243/1235
f 1243/1243/1235 1241/1241/1233 1249/1249/1241
f 1250/1250/1242 1249/1249/1241 1241/1241/1233
f 1241/1241/1233 1237/1237/1229 1250/1250/1242
f 1238/1238/1230 1250/1250/1242 1237/1237/1229
f 1248/1248/1240 1251/1251/1243 1247/1247/1239
f 1252/1252/1244 1247/1247/1239 1251/1251/1243
f 1251/1251/1243 1253/1253/1245 1252/1252/1244
f 1253/1253/1245 1254/1254/1246 1252/1252/1244
f 1255/1255/1247 1256/1256/1248 1257/1257/1249
f 1257/1257/1249 1256/1256/1248 1258/1258/1250
f 1258/1258/1250 1259/1259/1251 1257/1257/1249
f 1259/1259/1251 1258/1258/1250 1260/1260/1252
f 1261/1261/1253 1259/1259/1251 1260/1260/1252
f 1260/1260/1252 1254/1254/1246 1261/1261/1253
f 1254/1254/1246 1260/1260/1252 1262/1262/1254
f 1262/1262/1254 1252/1252/1244 1254/1254/1246
f 1252/1252/1244 1262/1262/1254 1263/1263/1255
f 1263/1263/1255 1247/1247/1239 1252/1252/1244
f 1247/1247/1239 1263/1263/1255 1264/1264/1256
f 1264/1264/1256 1246/1246/1238 1247/1247/1239
f 1246/1246/1238 1264/1264/1256 1265/1265/1257
f 1265/1265/1257 1245/1245/1237 1246/1246/1238
f 1245/1245/1237 1265/1265/1257 1266/1266/1258
f 1266/1266/1258 1244/1244/1236 1245/1245/1237
f 1244/1244/1236 1266/1266/1258 1267/1267/1259
f 1267/1267/1259 1234/1234/1226 1244/1244/1236
f 1234/1234/1226 1267/1267/1259 1233/1233/1225
f 1268/1268/1260 1269/1269/1261 1231/1231/1223
f 1231/1231/1223 1270/1270/1262 1268/1268/1260
f 1270/1270/1262 1231/1231/1223 1232/1232/1224
f 1232/1232/1224 1271/1271/1263 1270/1270/1262
f 1271/1271/1263 1232/1232/1224 1233/1233/1225
f 1233/1233/1225 1272/1272/1264 1271/1271/1263
f 1272/1272/1264 1233/1233/1225 1267/1267/1259
f 1267/1267/1259 1273/1273/1265 1272/1272/1264
f 1273/1273/1265 1267/1267/1259 1266/1266/1258
f 1266/1266/1258 1274/1274/1266 1273/1273/1265
f 1274/1274/1266 1266/1266/1258 1265/1265/1257
f 1265/1265/1257 1275/1275/1267 1274/1274/1266
f 1275/1275/1267 1265/1265/1257 1264/1264/1256
f 1264/1264/1256 1276/1276/1268 1275/1275/1267
f 1276/1276/1268 1264/1264/1256 1263/1263/1255
f 1263/1263/1255 1277/1277/1269 1276/1276/1268
f 1277/1277/1269 1263/1263/1255 1262/1262/1254
f 1262/1262/1254 1278/1278/1270 1277/1277/1269
f 1279/1279/1271 1272/1272/1264 1273/1273/1265
f 1280/1280/1272 1273/1273/1265 1274/1274/1266
f 1273/1273/1265 1280/1280/1272 1279/1279/1271
f 1281/1281/1273 1279/1279/1271 1280/1280/1272
f 1279/1279/1271 1281/1281/1273 1282/1282/1274
f 1282/1282/1274 1283/1283/1275 1279/1279/1271
f 1272/1272/1264 1279/1279/1271 1283/1283/1275
f 1283/1283/1275 1271/1271/1263 1272/1272/1264
f 1284/1284/1276 1282/1282/1274 1281/1281/1273
f 1278/1278/1270 1285/1285/1277 1286/1286/1278
f 1286/1286/1278 1277/1277/1269 1278/1278/1270
f 1277/1277/1269 1286/1286/1278 1287/1287/1279
f 1287/1287/1279 1276/1276/1268 1277/1277/1269
f 1276/1276/1268 1287/1287/1279 1288/1288/1280
f 1288/1288/1280 1275/1275/1267 1276/1276/1268
f 1275/1275/1267 1288/1288/1280 1274/1274/1266
f 1288/1288/1280 1289/1289/1281 1274/1274/1266
f 1274/1274/1266 1289/1289/1281 1280/1280/1272
f 1290/1290/1282 1280/1280/1272 1289/1289/1281
f 1280/1280/1272 1290/1290/1282 1281/1281/1273
f 1291/1291/1283 1281/1281/1273 1290/1290/1282
f 1281/1281/1273 1291/1291/1283 1284/1284/1276
f 1292/1292/1284 1284/1284/1276 1291/1291/1283
f 1284/1284/1276 1292/1292/1284 1293/1293/1285
f 1293/1293/1285 1294/1294/1286 1284/1284/1276
f 1282/1282/1274 1284/1284/1276 1294/1294/1286
f 1294/1294/1286 1295/1295/1287 1282/1282/1274
f 1296/1296/1288 1297/1297/1289 1298/1298/1290
f 1297/1297/1289 1296/1296/1288 1299/1299/1291
f 1300/1300/1292 1299/1299/1291 1296/1296/1288
f 1296/1296/1288 1285/1285/1277 1300/1300/1292
f 1285/1285/1277 1296/1296/1288 1301/1301/1293
f 1301/1301/1293 1286/1286/1278 1285/1285/1277
f 1286/1286/1278 1301/1301/1293 1302/1302/1294
f 1302/1302/1294 1287/1287/1279 1286/1286/1278
f 1287/1287/1279 1302/1302/1294 1303/1303/1295
f 1303/1303/1295 1288/1288/1280 1287/1287/1279
f 1288/1288/1280 1303/1303/1295 1304/1304/1296
f 1304/1304/1296 1289/1289/1281 1288/1288/1280
f 1289/1289/1281 1304/1304/1296 1290/1290/1282
f 1305/1305/1297 1290/1290/1282 1304/1304/1296
f 1290/1290/1282 1305/1305/1297 1291/1291/1283
f 1306/1306/1298 1291/1291/1283 1305/1305/1297
f 1291/1291/1283 1306/1306/1298 1292/1292/1284
f 1304/1304/1296 1307/1307/1299 1305/1305/1297
f 1307/1307/1299 1304/1304/1296 1303/1303/1295
f 1303/1303/1295 1308/1308/1300 1307/1307/1299
f 1302/1302/1294 1308/1308/1300 1303/1303/1295
f 1308/1308/1300 1302/1302/1294 1301/1301/1293
f 1301/1301/1293 1298/1298/1290 1308/1308/1300
f 1298/1298/1290 1301/1301/1293 1296/1296/1288
f 1305/1305/1297 1309/1309/1301 1306/1306/1298
f 1309/1309/1301 1305/1305/1297 1307/1307/1299
f 1307/1307/1299 1310/1310/1302 1309/1309/1301
f 1310/1310/1302 1307/1307/1299 1308/1308/1300
f 1308/1308/1300 1311/1311/1303 1310/1310/1302
f 1311/1311/1303 1308/1308/1300 1298/1298/1290
f 1298/1298/1290 1312/1312/1304 1311/1311/1303
f 1312/1312/1304 1298/1298/1290 1297/1297/1289
f 1297/1297/1289 1313/1313/1305 1312/1312/1304
f 1313/1313/1305 1297/1297/1289 1314/1314/1306
f 1299/1299/1291 1314/1314/1306 1297/1297/1289
f 1314/1314/1306 1299/1299/1291 1315/1315/1307
f 1316/1316/1308 1315/1315/1307 1299/1299/1291
f 1299/1299/1291 1300/1300/1292 1316/1316/1308
f 1317/1317/1309 1316/1316/1308 1300/1300/1292
f 1300/1300/1292 1318/1318/1310 1317/1317/1309
f 1318/1318/1310 1300/1300/1292 1285/1285/1277
f 1285/1285/1277 1278/1278/1270 1318/1318/1310
f 1316/1316/1308 1317/1317/1309 1319/1319/1311
f 1320/1320/1312 1312/1312/1304 1313/1313/1305
f 1313/1313/1305 1321/1321/1313 1320/1320/1312
f 1321/1321/1313 1313/1313/1305 1322/1322/1314
f 1314/1314/1306 1322/1322/1314 1313/1313/1305
f 1322/1322/1314 1314/1314/1306 1323/1323/1315
f 1315/1315/1307 1323/1323/1315 1314/1314/1306
f 1323/1323/1315 1315/1315/1307 1324/1324/1316
f 1324/1324/1316 1315/1315/1307 1316/1316/1308
f 1325/1325/1317 1324/1324/1316 1316/1316/1308
f 1319/1319/1311 1325/1325/1317 1316/1316/1308
f 1326/1326/1318 1325/1325/1317 1319/1319/1311
f 1325/1325/1317 1326/1326/1318 1327/1327/1319
f 1327/1327/1319 1328/1328/1320 1325/1325/1317
f 1324/1324/1316 1325/1325/1317 1328/1328/1320
f 1328/1328/1320 1329/1329/1321 1324/1324/1316
f 1322/1322/1314 1330/1330/1322 1321/1321/1313
f 1330/1330/1322 1322/1322/1314 1331/1331/1323
f 1323/1323/1315 1331/1331/1323 1322/1322/1314
f 1331/1331/1323 1323/1323/1315 1332/1332/1324
f 1324/1324/1316 1332/1332/1324 1323/1323/1315
f 1324/1324/1316 1333/1333/1325 1332/1332/1324
f 1329/1329/1321 1333/1333/1325 1324/1324/1316
f 1334/1334/1326 1333/1333/1325 1329/1329/1321
f 1334/1334/1326 1329/1329/1321 1328/1328/1320
f 1328/1328/1320 1335/1335/1327 1334/1334/1326
f 1327/1327/1319 1335/1335/1327 1328/1328/1320
f 1335/1335/1327 1327/1327/1319 1336/1336/1328
f 1336/1336/1328 1337/1337/1329 1335/1335/1327
f 1334/1334/1326 1335/1335/1327 1337/1337/1329
f 1337/1337/1329 1338/1338/1330 1334/1334/1326
f 1339/1339/1331 1334/1334/1326 1338/1338/1330
f 1338/1338/1330 1340/1340/1332 1339/1339/1331
f 1341/1341/1333 1339/1339/1331 1340/1340/1332
f 1331/1331/1323 1342/1342/1334 1330/1330/1322
f 1342/1342/1334 1331/1331/1323 1343/1343/1335
f 1332/1332/1324 1343/1343/1335 1331/1331/1323
f 1343/1343/1335 1332/1332/1324 1333/1333/1325
f 1333/1333/1325 1344/1344/1336 1343/1343/1335
f 1345/1345/1337 1343/1343/1335 1344/1344/1336
f 1344/1344/1336 1346/1346/1338 1345/1345/1337
f 1346/1346/1338 1344/1344/1336 1341/1341/1333
f 1339/1339/1331 1341/1341/1333 1344/1344/1336
f 1344/1344/1336 1333/1333/1325 1339/1339/1331
f 1339/1339/1331 1333/1333/1325 1334/1334/1326
f 1343/1343/1335 1345/1345/1337 1342/1342/1334
f 1340/1340/1332 1347/1347/1339 1341/1341/1333
f 1347/1347/1339 1348/1348/1340 1341/1341/1333
f 1341/1341/1333 1348/1348/1340 1346/1346/1338
f 1349/1349/1341 1346/1346/1338 1348/1348/1340
f 1345/1345/1337 1346/1346/1338 1349/1349/1341
f 1349/1349/1341 1350/1350/1342 1345/1345/1337
f 1345/1345/1337 1350/1350/1342 1351/1351/1343
f 1351/1351/1343 1342/1342/1334 1345/1345/1337
f 1342/1342/1334 1351/1351/1343 1352/1352/1344
f 1352/1352/1344 1330/1330/1322 1342/1342/1334
f 1330/1330/1322 1352/1352/1344 1353/1353/1345
f 1353/1353/1345 1321/1321/1313 1330/1330/1322
f 1321/1321/1313 1353/1353/1345 1354/1354/1346
f 1354/1354/1346 1320/1320/1312 1321/1321/1313
f 1320/1320/1312 1354/1354/1346 1355/1355/1347
f 1355/1355/1347 1356/1356/1348 1320/1320/1312
f 1356/1356/1348 1355/1355/1347 1357/1357/1349
f 1357/1357/1349 1358/1358/1350 1356/1356/1348
f 1359/1359/1351 1360/1360/1352 1361/1361/1353
f 1348/1348/1340 1361/1361/1353 1360/1360/1352
f 1360/1360/1352 1362/1362/1354 1348/1348/1340
f 1348/1348/1340 1362/1362/1354 1349/1349/1341
f 1363/1363/1355 1364/1364/1356 1340/1340/1332
f 1347/1347/1339 1340/1340/1332 1364/1364/1356
f 1364/1364/1356 1365/1365/1357 1347/1347/1339
f 1348/1348/1340 1347/1347/1339 1365/1365/1357
f 1365/1365/1357 1366/1366/1358 1348/1348/1340
f 1361/1361/1353 1348/1348/1340 1366/1366/1358
f 1366/1366/1358 1367/1367/1359 1361/1361/1353
f 1361/1361/1353 1367/1367/1359 1359/1359/1351
f 1368/1368/1360 1359/1359/1351 1367/1367/1359
f 1359/1359/1351 1368/1368/1360 1369/1369/1361
f 1370/1370/1362 1369/1369/1361 1368/1368/1360
f 1369/1369/1361 1370/1370/1362 1371/1371/1363
f 1372/1372/1364 1371/1371/1363 1370/1370/1362
f 1371/1371/1363 1372/1372/1364 1373/1373/1365
f 1373/1373/1365 1372/1372/1364 1374/1374/1366
f 1374/1374/1366 1375/1375/1367 1373/1373/1365
f 1376/1376/1368 1375/1375/1367 1374/1374/1366
f 1376/1376/1368 1374/1374/1366 1377/1377/1369
f 1373/1373/1365 1378/1378/1370 1371/1371/1363
f 1379/1379/1371 1371/1371/1363 1378/1378/1370
f 1371/1371/1363 1379/1379/1371 1369/1369/1361
f 1380/1380/1372 1369/1369/1361 1379/1379/1371
f 1369/1369/1361 1380/1380/1372 1359/1359/1351
f 1378/1378/1370 1381/1381/1373 1379/1379/1371
f 1382/1382/1374 1379/1379/1371 1381/1381/1373
f 1379/1379/1371 1382/1382/1374 1380/1380/1372
f 1381/1381/1373 1383/1383/1375 1382/1382/1374
f 1384/1384/1376 1192/1192/1184 1191/1191/1183
f 1385/1385/1377 1192/1192/1184 1384/1384/1376
f 1384/1384/1376 1386/1386/1378 1385/1385/1377
f 1387/1387/1379 1385/1385/1377 1386/1386/1378
f 1386/1386/1378 1388/1388/1380 1387/1387/1379
f 1387/1387/1379 1388/1388/1380 1389/1389/1381
f 1389/1389/1381 1390/1390/1382 1387/1387/1379
f 1390/1390/1382 1389/1389/1381 1391/1391/1383
f 1391/1391/1383 1392/1392/1384 1390/1390/1382
f 1392/1392/1384 1391/1391/1383 1393/1393/1385
f 1393/1393/1385 1394/1394/1386 1392/1392/1384
f 1394/1394/1386 1393/1393/1385 1395/1395/1387
f 1395/1395/1387 1396/1396/1388 1394/1394/1386
f 1396/1396/1388 1395/1395/1387 1397/1397/1389
f 1397/1397/1389 1398/1398/1390 1396/1396/1388
f 1398/1398/1390 1397/1397/1389 1399/1399/1391
f 1400/1400/1392 1401/1401/1393 1402/1402/1394
f 1402/1402/1394 1398/1398/1390 1400/1400/1392
f 1398/1398/1390 1402/1402/1394 1403/1403/1395
f 1403/1403/1395 1396/1396/1388 1398/1398/1390
f 1396/1396/1388 1403/1403/1395 1404/1404/1396
f 1404/1404/1396 1394/1394/1386 1396/1396/1388
f 1394/1394/1386 1404/1404/1396 1405/1405/1397
f 1405/1405/1397 1392/1392/1384 1394/1394/1386
f 1392/1392/1384 1405/1405/1397 1406/1406/1398
f 1406/1406/1398 1390/1390/1382 1392/1392/1384
f 1390/1390/1382 1406/1406/1398 1407/1407/1399
f 1407/1407/1399 1387/1387/1379 1390/1390/1382
f 1387/1387/1379 1407/1407/1399 1408/1408/1400
f 1408/1408/1400 1385/1385/1377 1387/1387/1379
f 1385/1385/1377 1408/1408/1400 1240/1240/1232
f 1240/1240/1232 1192/1192/1184 1385/1385/1377
f 1192/1192/1184 1240/1240/1232 1193/1193/1185
f 1193/1193/1185 1190/1190/1182 1192/1192/1184
f 1409/1409/1401 1400/1400/1392 1398/1398/1390
f 1278/1278/1270 1262/1262/1254 1260/1260/1252
f 1260/1260/1252 1318/1318/1310 1278/1278/1270
f 1318/1318/1310 1260/1260/1252 1258/1258/1250
f 1258/1258/1250 1317/1317/1309 1318/1318/1310
f 1317/1317/1309 1258/1258/1250 1256/1256/1248
f 1256/1256/1248 1319/1319/1311 1317/1317/1309
f 1319/1319/1311 1256/1256/1248 1410/1410/1402
f 1410/1410/1402 1326/1326/1318 1319/1319/1311
f 1326/1326/1318 1410/1410/1402 1411/1411/1403
f 1411/1411/1403 1327/1327/1319 1326/1326/1318
f 1327/1327/1319 1411/1411/1403 1412/1412/1404
f 1412/1412/1404 1336/1336/1328 1327/1327/1319
f 1336/1336/1328 1412/1412/1404 1413/1413/1405
f 1413/1413/1405 1337/1337/1329 1336/1336/1328
f 1413/1413/1405 1414/1414/1406 1337/1337/1329
f 1338/1338/1330 1337/1337/1329 1414/1414/1406
f 1414/1414/1406 1363/1363/1355 1338/1338/1330
f 1340/1340/1332 1338/1338/1330 1363/1363/1355
f 1415/1415/1407 1416/1416/1408 1414/1414/1406
f 1414/1414/1406 1413/1413/1405 1415/1415/1407
f 1417/1417/1409 1415/1415/1407 1418/1418/1410
f 1415/1415/1407 1417/1417/1409 1416/1416/1408
f 1363/1363/1355 1416/1416/1408 1417/1417/1409
f 1416/1416/1408 1363/1363/1355 1414/1414/1406
f 1419/1419/1411 1420/1420/1412 1364/1364/1356
f 1364/1364/1356 1363/1363/1355 1419/1419/1411
f 1421/1421/1413 1419/1419/1411 1363/1363/1355
f 1417/1417/1409 1421/1421/1413 1363/1363/1355
f 1421/1421/1413 1417/1417/1409 1422/1422/1414
f 1418/1418/1410 1422/1422/1414 1417/1417/1409
f 1422/1422/1414 1418/1418/1410 1423/1423/1415
f 1423/1423/1415 1418/1418/1410 1424/1424/1416
f 1424/1424/1416 1418/1418/1410 1415/1415/1407
f 1425/1425/1417 1424/1424/1416 1415/1415/1407
f 1415/1415/1407 1413/1413/1405 1425/1425/1417
f 1425/1425/1417 1413/1413/1405 1412/1412/1404
f 1412/1412/1404 1426/1426/1418 1425/1425/1417
f 1426/1426/1418 1412/1412/1404 1411/1411/1403
f 1411/1411/1403 1427/1427/1419 1426/1426/1418
f 1427/1427/1419 1411/1411/1403 1410/1410/1402
f 1410/1410/1402 1255/1255/1247 1427/1427/1419
f 1255/1255/1247 1410/1410/1402 1256/1256/1248
f 1428/1428/1420 1419/1419/1411 1421/1421/1413
f 1422/1422/1414 1428/1428/1420 1421/1421/1413
f 1429/1429/1421 1428/1428/1420 1422/1422/1414
f 1423/1423/1415 1429/1429/1421 1422/1422/1414
f 1430/1430/1422 1420/1420/1412 1431/1431/1423
f 1431/1431/1423 1420/1420/1412 1419/1419/1411
f 1419/1419/1411 1432/1432/1424 1431/1431/1423
f 1433/1433/1425 1432/1432/1424 1419/1419/1411
f 1419/1419/1411 1428/1428/1420 1433/1433/1425
f 1434/1434/1426 1433/1433/1425 1428/1428/1420
f 1428/1428/1420 1429/1429/1421 1434/1434/1426
f 1435/1435/1427 1434/1434/1426 1429/1429/1421
f 1429/1429/1421 1423/1423/1415 1435/1435/1427
f 1436/1436/1428 1435/1435/1427 1423/1423/1415
f 1437/1437/1429 1438/1438/1430 1436/1436/1428
f 1435/1435/1427 1436/1436/1428 1438/1438/1430
f 1438/1438/1430 1439/1439/1431 1435/1435/1427
f 1434/1434/1426 1435/1435/1427 1439/1439/1431
f 1439/1439/1431 1377/1377/1369 1434/1434/1426
f 1433/1433/1425 1434/1434/1426 1377/1377/1369
f 1377/1377/1369 1374/1374/1366 1433/1433/1425
f 1432/1432/1424 1433/1433/1425 1374/1374/1366
f 1374/1374/1366 1372/1372/1364 1432/1432/1424
f 1432/1432/1424 1372/1372/1364 1431/1431/1423
f 1370/1370/1362 1431/1431/1423 1372/1372/1364
f 1431/1431/1423 1370/1370/1362 1430/1430/1422
f 1368/1368/1360 1430/1430/1422 1370/1370/1362
f 1430/1430/1422 1368/1368/1360 1367/1367/1359
f 1430/1430/1422 1367/1367/1359 1366/1366/1358
f 1430/1430/1422 1366/1366/1358 1365/1365/1357
f 1420/1420/1412 1430/1430/1422 1365/1365/1357
f 1365/1365/1357 1364/1364/1356 1420/1420/1412
f 1377/1377/1369 1440/1440/1432 1376/1376/1368
f 1441/1441/1433 1440/1440/1432 1377/1377/1369
f 1441/1441/1433 1377/1377/1369 1439/1439/1431
f 1439/1439/1431 1442/1442/1434 1441/1441/1433
f 1443/1443/1435 1442/1442/1434 1439/1439/1431
f 1439/1439/1431 1444/1444/1436 1443/1443/1435
f 1445/1445/1437 1444/1444/1436 1439/1439/1431
f 1439/1439/1431 1438/1438/1430 1445/1445/1437
f 1446/1446/1438 1445/1445/1437 1438/1438/1430
f 1438/1438/1430 1437/1437/1429 1446/1446/1438
f 1447/1447/1439 1446/1446/1438 1437/1437/1429
f 1437/1437/1429 1448/1448/1440 1447/1447/1439
f 1449/1449/1441 1447/1447/1439 1448/1448/1440
f 1448/1448/1440 1450/1450/1442 1449/1449/1441
f 1451/1451/1443 1449/1449/1441 1450/1450/1442
f 1450/1450/1442 1452/1452/1444 1451/1451/1443
f 1401/1401/1393 1451/1451/1443 1452/1452/1444
f 1452/1452/1444 1402/1402/1394 1401/1401/1393
f 1452/1452/1444 1450/1450/1442 1453/1453/1445
f 1454/1454/1446 1453/1453/1445 1450/1450/1442
f 1450/1450/1442 1448/1448/1440 1454/1454/1446
f 1448/1448/1440 1437/1437/1429 1454/1454/1446
f 1437/1437/1429 1455/1455/1447 1454/1454/1446
f 1436/1436/1428 1455/1455/1447 1437/1437/1429
f 1455/1455/1447 1436/1436/1428 1456/1456/1448
f 1423/1423/1415 1456/1456/1448 1436/1436/1428
f 1456/1456/1448 1423/1423/1415 1457/1457/1449
f 1423/1423/1415 1424/1424/1416 1457/1457/1449
f 1424/1424/1416 1458/1458/1450 1457/1457/1449
f 1458/1458/1450 1424/1424/1416 1425/1425/1417
f 1458/1458/1450 1425/1425/1417 1459/1459/1451
f 1460/1460/1452 1459/1459/1451 1425/1425/1417
f 1459/1459/1451 1460/1460/1452 1461/1461/1453
f 1461/1461/1453 1460/1460/1452 1462/1462/1454
f 1462/1462/1454 1463/1463/1455 1461/1461/1453
f 1464/1464/1456 1463/1463/1455 1462/1462/1454
f 1461/1461/1453 1465/1465/1457 1459/1459/1451
f 1465/1465/1457 1466/1466/1458 1467/1467/1459
f 1468/1468/1460 1466/1466/1458 1465/1465/1457
f 1465/1465/1457 1461/1461/1453 1468/1468/1460
f 1469/1469/1461 1468/1468/1460 1461/1461/1453
f 1461/1461/1453 1463/1463/1455 1469/1469/1461
f 1470/1470/1462 1469/1469/1461 1463/1463/1455
f 1471/1471/1463 1472/1472/1464 1473/1473/1465
f 1474/1474/1466 1471/1471/1463 1473/1473/1465
f 1474/1474/1466 1473/1473/1465 1475/1475/1467
f 1473/1473/1465 1472/1472/1464 1475/1475/1467
f 1472/1472/1464 1476/1476/1468 1475/1475/1467
f 1467/1467/1459 1476/1476/1468 1472/1472/1464
f 1477/1477/1469 1467/1467/1459 1472/1472/1464
f 1467/1467/1459 1477/1477/1469 1465/1465/1457
f 1465/1465/1457 1477/1477/1469 1478/1478/1470
f 1478/1478/1470 1459/1459/1451 1465/1465/1457
f 1459/1459/1451 1478/1478/1470 1458/1458/1450
f 1458/1458/1450 1478/1478/1470 1479/1479/1471
f 1479/1479/1471 1457/1457/1449 1458/1458/1450
f 1457/1457/1449 1479/1479/1471 1480/1480/1472
f 1480/1480/1472 1456/1456/1448 1457/1457/1449
f 1456/1456/1448 1480/1480/1472 1455/1455/1447
f 1454/1454/1446 1455/1455/1447 1480/1480/1472
f 1480/1480/1472 1474/1474/1466 1454/1454/1446
f 1471/1471/1463 1474/1474/1466 1480/1480/1472
f 1480/1480/1472 1479/1479/1471 1471/1471/1463
f 1477/1477/1469 1471/1471/1463 1479/1479/1471
f 1479/1479/1471 1478/1478/1470 1477/1477/1469
f 1472/1472/1464 1471/1471/1463 1477/1477/1469
f 1240/1240/1232 1481/1481/1473 1239/1239/1231
f 1481/1481/1473 1240/1240/1232 1408/1408/1400
f 1408/1408/1400 1482/1482/1474 1481/1481/1473
f 1482/1482/1474 1408/1408/1400 1407/1407/1399
f 1407/1407/1399 1483/1483/1475 1482/1482/1474
f 1407/1407/1399 1484/1484/1476 1483/1483/1475
f 1483/1483/1475 1484/1484/1476 1485/1485/1477
f 1486/1486/1478 1485/1485/1477 1484/1484/1476
f 1484/1484/1476 1487/1487/1479 1486/1486/1478
f 1487/1487/1479 1488/1488/1480 1486/1486/1478
f 1405/1405/1397 1488/1488/1480 1487/1487/1479
f 1488/1488/1480 1405/1405/1397 1404/1404/1396
f 1404/1404/1396 1489/1489/1481 1488/1488/1480
f 1489/1489/1481 1404/1404/1396 1403/1403/1395
f 1403/1403/1395 1490/1490/1482 1489/1489/1481
f 1490/1490/1482 1403/1403/1395 1402/1402/1394
f 1402/1402/1394 1452/1452/1444 1490/1490/1482
f 1453/1453/1445 1490/1490/1482 1452/1452/1444
f 1491/1491/1483 1489/1489/1481 1490/1490/1482
f 1489/1489/1481 1492/1492/1484 1488/1488/1480
f 1493/1493/1485 1492/1492/1484 1489/1489/1481
f 1489/1489/1481 1491/1491/1483 1493/1493/1485
f 1491/1491/1483 1494/1494/1486 1493/1493/1485
f 1494/1494/1486 1491/1491/1483 1490/1490/1482
f 1490/1490/1482 1453/1453/1445 1494/1494/1486
f 1494/1494/1486 1453/1453/1445 1495/1495/1487
f 1453/1453/1445 1454/1454/1446 1495/1495/1487
f 1496/1496/1488 1495/1495/1487 1454/1454/1446
f 1454/1454/1446 1474/1474/1466 1496/1496/1488
f 1496/1496/1488 1474/1474/1466 1497/1497/1489
f 1497/1497/1489 1474/1474/1466 1475/1475/1467
f 1498/1498/1490 1497/1497/1489 1475/1475/1467
f 1475/1475/1467 1476/1476/1468 1498/1498/1490
f 1499/1499/1491 1498/1498/1490 1476/1476/1468
f 1499/1499/1491 1500/1500/1492 1498/1498/1490
f 1498/1498/1490 1500/1500/1492 1493/1493/1485
f 1492/1492/1484 1493/1493/1485 1500/1500/1492
f 1500/1500/1492 1501/1501/1493 1492/1492/1484
f 1488/1488/1480 1492/1492/1484 1501/1501/1493
f 1488/1488/1480 1501/1501/1493 1486/1486/1478
f 1495/1495/1487 1496/1496/1488 1494/1494/1486
f 1494/1494/1486 1496/1496/1488 1497/1497/1489
f 1497/1497/1489 1498/1498/1490 1494/1494/1486
f 1493/1493/1485 1494/1494/1486 1498/1498/1490
f 1464/1464/1456 1470/1470/1462 1463/1463/1455
f 1502/1502/1494 1470/1470/1462 1464/1464/1456
f 1464/1464/1456 1503/1503/1495 1502/1502/1494
f 1504/1504/1496 1502/1502/1494 1503/1503/1495
f 1503/1503/1495 1261/1261/1253 1504/1504/1496
f 1505/1505/1497 1504/1504/1496 1261/1261/1253
f 1261/1261/1253 1254/1254/1246 1505/1505/1497
f 1506/1506/1498 1505/1505/1497 1254/1254/1246
f 1254/1254/1246 1253/1253/1245 1506/1506/1498
f 1507/1507/1499 1506/1506/1498 1253/1253/1245
f 1253/1253/1245 1251/1251/1243 1507/1507/1499
f 1508/1508/1500 1507/1507/1499 1251/1251/1243
f 1251/1251/1243 1248/1248/1240 1508/1508/1500
f 1509/1509/1501 1508/1508/1500 1248/1248/1240
f 1248/1248/1240 1249/1249/1241 1509/1509/1501
f 1510/1510/1502 1509/1509/1501 1249/1249/1241
f 1249/1249/1241 1250/1250/1242 1510/1510/1502
f 1511/1511/1503 1510/1510/1502 1250/1250/1242
f 1425/1425/1417 1426/1426/1418 1460/1460/1452
f 1460/1460/1452 1426/1426/1418 1427/1427/1419
f 1427/1427/1419 1462/1462/1454 1460/1460/1452
f 1462/1462/1454 1427/1427/1419 1255/1255/1247
f 1255/1255/1247 1464/1464/1456 1462/1462/1454
f 1464/1464/1456 1255/1255/1247 1257/1257/1249
f 1257/1257/1249 1503/1503/1495 1464/1464/1456
f 1503/1503/1495 1257/1257/1249 1259/1259/1251
f 1259/1259/1251 1261/1261/1253 1503/1503/1495
f 1250/1250/1242 1238/1238/1230 1511/1511/1503
f 1512/1512/1504 1511/1511/1503 1238/1238/1230
f 1238/1238/1230 1239/1239/1231 1512/1512/1504
f 1513/1513/1505 1512/1512/1504 1239/1239/1231
f 1239/1239/1231 1481/1481/1473 1513/1513/1505
f 1514/1514/1506 1513/1513/1505 1481/1481/1473
f 1481/1481/1473 1482/1482/1474 1514/1514/1506
f 1515/1515/1507 1514/1514/1506 1482/1482/1474
f 1482/1482/1474 1483/1483/1475 1515/1515/1507
f 1485/1485/1477 1515/1515/1507 1483/1483/1475
f 1516/1516/1508 1517/1517/1509 1518/1518/1510
f 1518/1518/1510 1519/1519/1511 1516/1516/1508
f 1519/1519/1511 1518/1518/1510 1520/1520/1512
f 1520/1520/1512 1521/1521/1513 1519/1519/1511
f 1521/1521/1513 1520/1520/1512 1522/1522/1514
f 1522/1522/1514 1523/1523/1515 1521/1521/1513
f 1521/1521/1513 1523/1523/1515 1524/1524/1516
f 1525/1525/1517 1521/1521/1513 1524/1524/1516
f 1524/1524/1516 1526/1526/1518 1525/1525/1517
f 1525/1525/1517 1526/1526/1518 1527/1527/1519
f 1527/1527/1519 1528/1528/1520 1525/1525/1517
f 1521/1521/1513 1525/1525/1517 1528/1528/1520
f 1521/1521/1513 1528/1528/1520 1529/1529/1521
f 1521/1521/1513 1529/1529/1521 1519/1519/1511
f 1519/1519/1511 1529/1529/1521 1530/1530/1522
f 1530/1530/1522 1516/1516/1508 1519/1519/1511
f 1516/1516/1508 1530/1530/1522 1531/1531/1523
f 1531/1531/1523 1532/1532/1524 1516/1516/1508
f 1522/1522/1514 1520/1520/1512 1533/1533/1525
f 1534/1534/1526 1535/1535/1527 1536/1536/1528
f 1536/1536/1528 1537/1537/1529 1534/1534/1526
f 1538/1538/1530 1534/1534/1526 1537/1537/1529
f 1537/1537/1529 1539/1539/1531 1538/1538/1530
f 1540/1540/1532 1538/1538/1530 1539/1539/1531
f 1539/1539/1531 1541/1541/1533 1540/1540/1532
f 1542/1542/1534 1540/1540/1532 1541/1541/1533
f 1541/1541/1533 1543/1543/1535 1542/1542/1534
f 1544/1544/1536 1542/1542/1534 1543/1543/1535
f 1543/1543/1535 1545/1545/1537 1544/1544/1536
f 1546/1546/1538 1544/1544/1536 1545/1545/1537
f 1545/1545/1537 1547/1547/1539 1546/1546/1538
f 1517/1517/1509 1546/1546/1538 1547/1547/1539
f 1547/1547/1539 1548/1548/1540 1517/1517/1509
f 1518/1518/1510 1517/1517/1509 1548/1548/1540
f 1548/1548/1540 1549/1549/1541 1518/1518/1510
f 1520/1520/1512 1518/1518/1510 1549/1549/1541
f 1549/1549/1541 1550/1550/1542 1520/1520/1512
f 1551/1551/1543 1549/1549/1541 1548/1548/1540
f 1552/1552/1544 1548/1548/1540 1547/1547/1539
f 1548/1548/1540 1552/1552/1544 1551/1551/1543
f 1551/1551/1543 1552/1552/1544 1553/1553/1545
f 1553/1553/1545 1554/1554/1546 1551/1551/1543
f 1555/1555/1547 1551/1551/1543 1554/1554/1546
f 1549/1549/1541 1551/1551/1543 1555/1555/1547
f 1555/1555/1547 1550/1550/1542 1549/1549/1541
f 1533/1533/1525 1520/1520/1512 1550/1550/1542
f 1550/1550/1542 1556/1556/1548 1533/1533/1525
f 1557/1557/1549 1556/1556/1548 1550/1550/1542
f 1550/1550/1542 1555/1555/1547 1557/1557/1549
f 1557/1557/1549 1555/1555/1547 1558/1558/1550
f 1554/1554/1546 1558/1558/1550 1555/1555/1547
f 1558/1558/1550 1554/1554/1546 1559/1559/1551
f 1559/1559/1551 1554/1554/1546 1553/1553/1545
f 1553/1553/1545 1560/1560/1552 1559/1559/1551
f 1560/1560/1552 1553/1553/1545 1552/1552/1544
f 1552/1552/1544 1561/1561/1553 1560/1560/1552
f 1547/1547/1539 1561/1561/1553 1552/1552/1544
f 1561/1561/1553 1547/1547/1539 1545/1545/1537
f 1545/1545/1537 1562/1562/1554 1561/1561/1553
f 1562/1562/1554 1545/1545/1537 1543/1543/1535
f 1543/1543/1535 1563/1563/1555 1562/1562/1554
f 1563/1563/1555 1543/1543/1535 1541/1541/1533
f 1541/1541/1533 1564/1564/1556 1563/1563/1555
f 1564/1564/1556 1565/1565/1557 1566/1566/1558
f 1563/1563/1555 1564/1564/1556 1566/1566/1558
f 1566/1566/1558 1567/1567/1559 1563/1563/1555
f 1562/1562/1554 1563/1563/1555 1567/1567/1559
f 1567/1567/1559 1568/1568/1560 1562/1562/1554
f 1561/1561/1553 1562/1562/1554 1568/1568/1560
f 1568/1568/1560 1560/1560/1552 1561/1561/1553
f 1569/1569/1561 1570/1570/1562 1559/1559/1551
f 1559/1559/1551 1560/1560/1552 1569/1569/1561
f 1565/1565/1557 1571/1571/1563 1572/1572/1564
f 1572/1572/1564 1573/1573/1565 1565/1565/1557
f 1566/1566/1558 1565/1565/1557 1573/1573/1565
f 1573/1573/1565 1574/1574/1566 1566/1566/1558
f 1567/1567/1559 1566/1566/1558 1574/1574/1566
f 1574/1574/1566 1575/1575/1567 1567/1567/1559
f 1568/1568/1560 1567/1567/1559 1575/1575/1567
f 1575/1575/1567 1576/1576/1568 1568/1568/1560
f 1560/1560/1552 1568/1568/1560 1576/1576/1568
f 1576/1576/1568 1577/1577/1569 1560/1560/1552
f 1569/1569/1561 1560/1560/1552 1577/1577/1569
f 1577/1577/1569 1578/1578/1570 1569/1569/1561
f 1570/1570/1562 1569/1569/1561 1578/1578/1570
f 1578/1578/1570 1579/1579/1571 1570/1570/1562
f 1580/1580/1572 1570/1570/1562 1579/1579/1571
f 1579/1579/1571 1581/1581/1573 1580/1580/1572
f 1582/1582/1574 1580/1580/1572 1581/1581/1573
f 1581/1581/1573 1583/1583/1575 1582/1582/1574
f 1536/1536/1528 1584/1584/1576 1571/1571/1563
f 1571/1571/1563 1584/1584/1576 1585/1585/1577
f 1585/1585/1577 1572/1572/1564 1571/1571/1563
f 1585/1585/1577 1586/1586/1578 1572/1572/1564
f 1573/1573/1565 1572/1572/1564 1586/1586/1578
f 1586/1586/1578 1587/1587/1579 1573/1573/1565
f 1574/1574/1566 1573/1573/1565 1587/1587/1579
f 1587/1587/1579 1588/1588/1580 1574/1574/1566
f 1575/1575/1567 1574/1574/1566 1588/1588/1580
f 1588/1588/1580 1589/1589/1581 1575/1575/1567
f 1576/1576/1568 1575/1575/1567 1589/1589/1581
f 1589/1589/1581 1590/1590/1582 1576/1576/1568
f 1577/1577/1569 1576/1576/1568 1590/1590/1582
f 1590/1590/1582 1591/1591/1583 1577/1577/1569
f 1578/1578/1570 1577/1577/1569 1591/1591/1583
f 1591/1591/1583 1592/1592/1584 1578/1578/1570
f 1579/1579/1571 1578/1578/1570 1592/1592/1584
f 1592/1592/1584 1593/1593/1585 1579/1579/1571
f 1586/1586/1578 1585/1585/1577 1594/1594/1586
f 1595/1595/1587 1596/1596/1588 1584/1584/1576
f 1584/1584/1576 1596/1596/1588 1597/1597/1589
f 1597/1597/1589 1585/1585/1577 1584/1584/1576
f 1585/1585/1577 1597/1597/1589 1598/1598/1590
f 1598/1598/1590 1594/1594/1586 1585/1585/1577
f 1594/1594/1586 1598/1598/1590 1599/1599/1591
f 1600/1600/1592 1601/1601/1593 1602/1602/1594
f 1602/1602/1594 1603/1603/1595 1600/1600/1592
f 1604/1604/1596 1600/1600/1592 1603/1603/1595
f 1603/1603/1595 1605/1605/1597 1604/1604/1596
f 1606/1606/1598 1604/1604/1596 1605/1605/1597
f 1605/1605/1597 1607/1607/1599 1606/1606/1598
f 1606/1606/1598 1607/1607/1599 1608/1608/1600
f 1609/1609/1601 1608/1608/1600 1607/1607/1599
f 1607/1607/1599 1610/1610/1602 1609/1609/1601
f 1599/1599/1591 1609/1609/1601 1610/1610/1602
f 1610/1610/1602 1611/1611/1603 1599/1599/1591
f 1599/1599/1591 1611/1611/1603 1594/1594/1586
f 1612/1612/1604 1594/1594/1586 1611/1611/1603
f 1594/1594/1586 1612/1612/1604 1586/1586/1578
f 1587/1587/1579 1586/1586/1578 1612/1612/1604
f 1612/1612/1604 1613/1613/1605 1587/1587/1579
f 1588/1588/1580 1587/1587/1579 1613/1613/1605
f 1613/1613/1605 1614/1614/1606 1588/1588/1580
f 1608/1608/1600 1615/1615/1607 1606/1606/1598
f 1532/1532/1524 1531/1531/1523 1616/1616/1608
f 1616/1616/1608 1617/1617/1609 1532/1532/1524
f 1617/1617/1609 1616/1616/1608 1618/1618/1610
f 1618/1618/1610 1619/1619/1611 1617/1617/1609
f 1619/1619/1611 1618/1618/1610 1620/1620/1612
f 1620/1620/1612 1621/1621/1613 1619/1619/1611
f 1621/1621/1613 1620/1620/1612 1622/1622/1614
f 1622/1622/1614 1623/1623/1615 1621/1621/1613
f 1623/1623/1615 1622/1622/1614 1624/1624/1616
f 1624/1624/1616 1625/1625/1617 1623/1623/1615
f 1625/1625/1617 1624/1624/1616 1626/1626/1618
f 1626/1626/1618 1627/1627/1619 1625/1625/1617
f 1628/1628/1620 1627/1627/1619 1626/1626/1618
f 1627/1627/1619 1628/1628/1620 1629/1629/1621
f 1629/1629/1621 1535/1535/1527 1627/1627/1619
f 1535/1535/1527 1629/1629/1621 1595/1595/1587
f 1595/1595/1587 1536/1536/1528 1535/1535/1527
f 1584/1584/1576 1536/1536/1528 1595/1595/1587
f 1626/1626/1618 1630/1630/1622 1628/1628/1620
f 1581/1581/1573 1579/1579/1571 1593/1593/1585
f 1593/1593/1585 1631/1631/1623 1581/1581/1573
f 1583/1583/1575 1581/1581/1573 1631/1631/1623
f 1631/1631/1623 1632/1632/1624 1583/1583/1575
f 1632/1632/1624 1631/1631/1623 1633/1633/1625
f 1633/1633/1625 1634/1634/1626 1632/1632/1624
f 1633/1633/1625 1635/1635/1627 1634/1634/1626
f 1635/1635/1627 1633/1633/1625 1636/1636/1628
f 1636/1636/1628 1637/1637/1629 1635/1635/1627
f 1636/1636/1628 1638/1638/1630 1637/1637/1629
f 1639/1639/1631 1638/1638/1630 1636/1636/1628
f 1636/1636/1628 1640/1640/1632 1639/1639/1631
f 1639/1639/1631 1640/1640/1632 1641/1641/1633
f 1641/1641/1633 1640/1640/1632 1642/1642/1634
f 1642/1642/1634 1643/1643/1635 1641/1641/1633
f 1643/1643/1635 1642/1642/1634 1644/1644/1636
f 1644/1644/1636 1642/1642/1634 1645/1645/1637
f 1645/1645/1637 1646/1646/1638 1644/1644/1636
f 1647/1647/1639 1645/1645/1637 1642/1642/1634
f 1648/1648/1640 1647/1647/1639 1649/1649/1641
f 1642/1642/1634 1649/1649/1641 1647/1647/1639
f 1649/1649/1641 1642/1642/1634 1640/1640/1632
f 1650/1650/1642 1651/1651/1643 1652/1652/1644
f 1653/1653/1645 1652/1652/1644 1651/1651/1643
f 1651/1651/1643 1654/1654/1646 1653/1653/1645
f 1633/1633/1625 1653/1653/1645 1654/1654/1646
f 1654/1654/1646 1636/1636/1628 1633/1633/1625
f 1640/1640/1632 1636/1636/1628 1654/1654/1646
f 1654/1654/1646 1655/1655/1647 1640/1640/1632
f 1640/1640/1632 1655/1655/1647 1649/1649/1641
f 1656/1656/1648 1649/1649/1641 1655/1655/1647
f 1649/1649/1641 1656/1656/1648 1648/1648/1640
f 1657/1657/1649 1648/1648/1640 1656/1656/1648
f 1656/1656/1648 1658/1658/1650 1657/1657/1649
f 1659/1659/1651 1657/1657/1649 1658/1658/1650
f 1658/1658/1650 1660/1660/1652 1659/1659/1651
f 1661/1661/1653 1659/1659/1651 1660/1660/1652
f 1660/1660/1652 1662/1662/1654 1661/1661/1653
f 1601/1601/1593 1661/1661/1653 1662/1662/1654
f 1662/1662/1654 1602/1602/1594 1601/1601/1593
f 1655/1655/1647 1663/1663/1655 1656/1656/1648
f 1658/1658/1650 1656/1656/1648 1663/1663/1655
f 1655/1655/1647 1654/1654/1646 1651/1651/1643
f 1651/1651/1643 1663/1663/1655 1655/1655/1647
f 1663/1663/1655 1651/1651/1643 1650/1650/1642
f 1650/1650/1642 1664/1664/1656 1663/1663/1655
f 1663/1663/1655 1664/1664/1656 1658/1658/1650
f 1660/1660/1652 1658/1658/1650 1664/1664/1656
f 1652/1652/1644 1665/1665/1657 1650/1650/1642
f 1666/1666/1658 1650/1650/1642 1665/1665/1657
f 1664/1664/1656 1650/1650/1642 1666/1666/1658
f 1666/1666/1658 1667/1667/1659 1664/1664/1656
f 1664/1664/1656 1667/1667/1659 1660/1660/1652
f 1662/1662/1654 1660/1660/1652 1667/1667/1659
f 1667/1667/1659 1668/1668/1660 1662/1662/1654
f 1602/1602/1594 1662/1662/1654 1668/1668/1660
f 1668/1668/1660 1669/1669/1661 1602/1602/1594
f 1603/1603/1595 1602/1602/1594 1669/1669/1661
f 1669/1669/1661 1670/1670/1662 1603/1603/1595
f 1605/1605/1597 1603/1603/1595 1670/1670/1662
f 1670/1670/1662 1671/1671/1663 1605/1605/1597
f 1607/1607/1599 1605/1605/1597 1671/1671/1663
f 1671/1671/1663 1610/1610/1602 1607/1607/1599
f 1611/1611/1603 1610/1610/1602 1671/1671/1663
f 1671/1671/1663 1672/1672/1664 1611/1611/1603
f 1611/1611/1603 1672/1672/1664 1612/1612/1604
f 1667/1667/1659 1666/1666/1658 1673/1673/1665
f 1673/1673/1665 1668/1668/1660 1667/1667/1659
f 1668/1668/1660 1673/1673/1665 1674/1674/1666
f 1674/1674/1666 1669/1669/1661 1668/1668/1660
f 1669/1669/1661 1674/1674/1666 1675/1675/1667
f 1675/1675/1667 1670/1670/1662 1669/1669/1661
f 1670/1670/1662 1675/1675/1667 1672/1672/1664
f 1672/1672/1664 1671/1671/1663 1670/1670/1662
f 1613/1613/1605 1612/1612/1604 1672/1672/1664
f 1672/1672/1664 1675/1675/1667 1613/1613/1605
f 1614/1614/1606 1613/1613/1605 1675/1675/1667
f 1675/1675/1667 1674/1674/1666 1614/1614/1606
f 1676/1676/1668 1614/1614/1606 1674/1674/1666
f 1674/1674/1666 1673/1673/1665 1676/1676/1668
f 1677/1677/1669 1676/1676/1668 1673/1673/1665
f 1673/1673/1665 1666/1666/1658 1677/1677/1669
f 1665/1665/1657 1677/1677/1669 1666/1666/1658
f 1589/1589/1581 1588/1588/1580 1614/1614/1606
f 1614/1614/1606 1676/1676/1668 1589/1589/1581
f 1590/1590/1582 1589/1589/1581 1676/1676/1668
f 1676/1676/1668 1677/1677/1669 1590/1590/1582
f 1591/1591/1583 1590/1590/1582 1677/1677/1669
f 1677/1677/1669 1665/1665/1657 1591/1591/1583
f 1592/1592/1584 1591/1591/1583 1665/1665/1657
f 1665/1665/1657 1652/1652/1644 1592/1592/1584
f 1593/1593/1585 1592/1592/1584 1652/1652/1644
f 1652/1652/1644 1653/1653/1645 1593/1593/1585
f 1631/1631/1623 1593/1593/1585 1653/1653/1645
f 1653/1653/1645 1633/1633/1625 1631/1631/1623
f 1678/1678/1670 1679/1679/1671 1680/1680/1672
f 1681/1681/1673 1679/1679/1671 1678/1678/1670
f 1678/1678/1670 1682/1682/1674 1681/1681/1673
f 1682/1682/1674 1678/1678/1670 1683/1683/1675
f 1683/1683/1675 1684/1684/1676 1682/1682/1674
f 1684/1684/1676 1683/1683/1675 1685/1685/1677
f 1685/1685/1677 1686/1686/1678 1684/1684/1676
f 1686/1686/1678 1685/1685/1677 1687/1687/1679
f 1687/1687/1679 1688/1688/1680 1686/1686/1678
f 1688/1688/1680 1687/1687/1679 1689/1689/1681
f 1689/1689/1681 1690/1690/1682 1688/1688/1680
f 1690/1690/1682 1689/1689/1681 1691/1691/1683
f 1691/1691/1683 1692/1692/1684 1690/1690/1682
f 1692/1692/1684 1691/1691/1683 1693/1693/1685
f 1693/1693/1685 1694/1694/1686 1692/1692/1684
f 1694/1694/1686 1693/1693/1685 1695/1695/1687
f 1695/1695/1687 1696/1696/1688 1694/1694/1686
f 1696/1696/1688 1695/1695/1687 1697/1697/1689
f 1698/1698/1690 1699/1699/1691 1700/1700/1692
f 1699/1699/1691 1698/1698/1690 1701/1701/1693
f 1701/1701/1693 1696/1696/1688 1699/1699/1691
f 1696/1696/1688 1701/1701/1693 1702/1702/1694
f 1702/1702/1694 1694/1694/1686 1696/1696/1688
f 1694/1694/1686 1702/1702/1694 1703/1703/1695
f 1703/1703/1695 1692/1692/1684 1694/1694/1686
f 1692/1692/1684 1703/1703/1695 1704/1704/1696
f 1704/1704/1696 1690/1690/1682 1692/1692/1684
f 1690/1690/1682 1704/1704/1696 1705/1705/1697
f 1705/1705/1697 1688/1688/1680 1690/1690/1682
f 1688/1688/1680 1705/1705/1697 1706/1706/1698
f 1706/1706/1698 1686/1686/1678 1688/1688/1680
f 1686/1686/1678 1706/1706/1698 1707/1707/1699
f 1707/1707/1699 1684/1684/1676 1686/1686/1678
f 1684/1684/1676 1707/1707/1699 1708/1708/1700
f 1708/1708/1700 1682/1682/1674 1684/1684/1676
f 1682/1682/1674 1708/1708/1700 1709/1709/1701
f 1709/1709/1701 1710/1710/1702 1682/1682/1674
f 1682/1682/1674 1710/1710/1702 1681/1681/1673
f 1706/1706/1698 1705/1705/1697 1711/1711/1703
f 1712/1712/1704 1711/1711/1703 1705/1705/1697
f 1705/1705/1697 1704/1704/1696 1712/1712/1704
f 1713/1713/1705 1712/1712/1704 1704/1704/1696
f 1704/1704/1696 1703/1703/1695 1713/1713/1705
f 1714/1714/1706 1713/1713/1705 1703/1703/1695
f 1703/1703/1695 1702/1702/1694 1714/1714/1706
f 1715/1715/1707 1714/1714/1706 1702/1702/1694
f 1702/1702/1694 1701/1701/1693 1715/1715/1707
f 1716/1716/1708 1715/1715/1707 1701/1701/1693
f 1701/1701/1693 1698/1698/1690 1716/1716/1708
f 1707/1707/1699 1706/1706/1698 1717/1717/1709
f 1711/1711/1703 1717/1717/1709 1706/1706/1698
f 1717/1717/1709 1711/1711/1703 1718/1718/1710
f 1719/1719/1711 1718/1718/1710 1711/1711/1703
f 1711/1711/1703 1712/1712/1704 1719/1719/1711
f 1720/1720/1712 1719/1719/1711 1712/1712/1704
f 1712/1712/1704 1713/1713/1705 1720/1720/1712
f 1721/1721/1713 1720/1720/1712 1713/1713/1705
f 1713/1713/1705 1714/1714/1706 1721/1721/1713
f 1722/1722/1714 1721/1721/1713 1714/1714/1706
f 1714/1714/1706 1715/1715/1707 1722/1722/1714
f 1723/1723/1715 1722/1722/1714 1715/1715/1707
f 1715/1715/1707 1716/1716/1708 1723/1723/1715
f 1724/1724/1716 1723/1723/1715 1716/1716/1708
f 1716/1716/1708 1725/1725/1717 1724/1724/1716
f 1725/1725/1717 1716/1716/1708 1698/1698/1690
f 1698/1698/1690 1726/1726/1718 1725/1725/1717
f 1700/1700/1692 1726/1726/1718 1698/1698/1690
f 1697/1697/1689 1699/1699/1691 1696/1696/1688
f 1699/1699/1691 1697/1697/1689 1727/1727/1719
f 1727/1727/1719 1700/1700/1692 1699/1699/1691
f 1700/1700/1692 1727/1727/1719 1728/1728/1720
f 1728/1728/1720 1729/1729/1721 1700/1700/1692
f 1726/1726/1718 1700/1700/1692 1729/1729/1721
f 1729/1729/1721 1730/1730/1722 1726/1726/1718
f 1725/1725/1717 1726/1726/1718 1730/1730/1722
f 1730/1730/1722 1731/1731/1723 1725/1725/1717
f 1725/1725/1717 1731/1731/1723 1732/1732/1724
f 1732/1732/1724 1724/1724/1716 1725/1725/1717
f 1724/1724/1716 1732/1732/1724 1733/1733/1725
f 1733/1733/1725 1734/1734/1726 1724/1724/1716
f 1723/1723/1715 1724/1724/1716 1734/1734/1726
f 1734/1734/1726 1735/1735/1727 1723/1723/1715
f 1722/1722/1714 1723/1723/1715 1735/1735/1727
f 1735/1735/1727 1736/1736/1728 1722/1722/1714
f 1721/1721/1713 1722/1722/1714 1736/1736/1728
f 1734/1734/1726 1733/1733/1725 1737/1737/1729
f 1738/1738/1730 1739/1739/1731 1740/1740/1732
f 1739/1739/1731 1738/1738/1730 1741/1741/1733
f 1741/1741/1733 1742/1742/1734 1739/1739/1731
f 1737/1737/1729 1742/1742/1734 1741/1741/1733
f 1741/1741/1733 1743/1743/1735 1737/1737/1729
f 1737/1737/1729 1743/1743/1735 1734/1734/1726
f 1735/1735/1727 1734/1734/1726 1743/1743/1735
f 1743/1743/1735 1744/1744/1736 1735/1735/1727
f 1736/1736/1728 1735/1735/1727 1744/1744/1736
f 1744/1744/1736 1745/1745/1737 1736/1736/1728
f 1746/1746/1738 1736/1736/1728 1745/1745/1737
f 1745/1745/1737 1747/1747/1739 1746/1746/1738
f 1748/1748/1740 1746/1746/1738 1747/1747/1739
f 1747/1747/1739 1749/1749/1741 1748/1748/1740
f 1750/1750/1742 1748/1748/1740 1749/1749/1741
f 1749/1749/1741 1751/1751/1743 1750/1750/1742
f 1752/1752/1744 1750/1750/1742 1751/1751/1743
f 1751/1751/1743 1753/1753/1745 1752/1752/1744
f 1744/1744/1736 1743/1743/1735 1741/1741/1733
f 1745/1745/1737 1744/1744/1736 1754/1754/1746
f 1741/1741/1733 1754/1754/1746 1744/1744/1736
f 1754/1754/1746 1741/1741/1733 1738/1738/1730
f 1755/1755/1747 1756/1756/1748 1757/1757/1749
f 1758/1758/1750 1757/1757/1749 1756/1756/1748
f 1756/1756/1748 1759/1759/1751 1758/1758/1750
f 1760/1760/1752 1758/1758/1750 1759/1759/1751
f 1759/1759/1751 1761/1761/1753 1760/1760/1752
f 1762/1762/1754 1760/1760/1752 1761/1761/1753
f 1761/1761/1753 1763/1763/1755 1762/1762/1754
f 1764/1764/1756 1763/1763/1755 1761/1761/1753
f 1761/1761/1753 1765/1765/1757 1764/1764/1756
f 1738/1738/1730 1764/1764/1756 1765/1765/1757
f 1765/1765/1757 1766/1766/1758 1738/1738/1730
f 1738/1738/1730 1766/1766/1758 1754/1754/1746
f 1767/1767/1759 1754/1754/1746 1766/1766/1758
f 1754/1754/1746 1767/1767/1759 1745/1745/1737
f 1747/1747/1739 1745/1745/1737 1767/1767/1759
f 1767/1767/1759 1768/1768/1760 1747/1747/1739
f 1749/1749/1741 1747/1747/1739 1768/1768/1760
f 1768/1768/1760 1769/1769/1761 1749/1749/1741
f 1770/1770/1762 1771/1771/1763 1772/1772/1764
f 1773/1773/1765 1772/1772/1764 1771/1771/1763
f 1771/1771/1763 1774/1774/1766 1773/1773/1765
f 1775/1775/1767 1773/1773/1765 1774/1774/1766
f 1774/1774/1766 1757/1757/1749 1775/1775/1767
f 1776/1776/1768 1775/1775/1767 1757/1757/1749
f 1757/1757/1749 1758/1758/1750 1776/1776/1768
f 1777/1777/1769 1776/1776/1768 1758/1758/1750
f 1758/1758/1750 1760/1760/1752 1777/1777/1769
f 1778/1778/1770 1777/1777/1769 1760/1760/1752
f 1760/1760/1752 1762/1762/1754 1778/1778/1770
f 1779/1779/1771 1778/1778/1770 1762/1762/1754
f 1762/1762/1754 1780/1780/1772 1779/1779/1771
f 1780/1780/1772 1762/1762/1754 1763/1763/1755
f 1763/1763/1755 1781/1781/1773 1780/1780/1772
f 1781/1781/1773 1763/1763/1755 1764/1764/1756
f 1764/1764/1756 1740/1740/1732 1781/1781/1773
f 1740/1740/1732 1764/1764/1756 1738/1738/1730
f 1782/1782/1774 1752/1752/1744 1753/1753/1745
f 1753/1753/1745 1783/1783/1775 1782/1782/1774
f 1783/1783/1775 1753/1753/1745 1784/1784/1776
f 1784/1784/1776 1785/1785/1777 1783/1783/1775
f 1785/1785/1777 1784/1784/1776 1786/1786/1778
f 1786/1786/1778 1787/1787/1779 1785/1785/1777
f 1788/1788/1780 1787/1787/1779 1786/1786/1778
f 1787/1787/1779 1788/1788/1780 1789/1789/1781
f 1790/1790/1782 1789/1789/1781 1788/1788/1780
f 1788/1788/1780 1791/1791/1783 1790/1790/1782
f 1790/1790/1782 1791/1791/1783 1792/1792/1784
f 1770/1770/1762 1792/1792/1784 1791/1791/1783
f 1791/1791/1783 1793/1793/1785 1770/1770/1762
f 1771/1771/1763 1770/1770/1762 1793/1793/1785
f 1793/1793/1785 1794/1794/1786 1771/1771/1763
f 1774/1774/1766 1771/1771/1763 1794/1794/1786
f 1794/1794/1786 1755/1755/1747 1774/1774/1766
f 1757/1757/1749 1774/1774/1766 1755/1755/1747
f 1789/1789/1781 1795/1795/1787 1787/1787/1779
f 1787/1787/1779 1795/1795/1787 1796/1796/1788
f 1796/1796/1788 1785/1785/1777 1787/1787/1779
f 1785/1785/1777 1796/1796/1788 1797/1797/1789
f 1797/1797/1789 1783/1783/1775 1785/1785/1777
f 1798/1798/1790 1782/1782/1774 1783/1783/1775
f 1783/1783/1775 1797/1797/1789 1798/1798/1790
f 1799/1799/1791 1798/1798/1790 1797/1797/1789
f 1797/1797/1789 1800/1800/1792 1799/1799/1791
f 1800/1800/1792 1797/1797/1789 1796/1796/1788
f 1796/1796/1788 1801/1801/1793 1800/1800/1792
f 1801/1801/1793 1796/1796/1788 1795/1795/1787
f 1795/1795/1787 1802/1802/1794 1801/1801/1793
f 1803/1803/1795 1802/1802/1794 1795/1795/1787
f 1795/1795/1787 1789/1789/1781 1803/1803/1795
f 1804/1804/1796 1803/1803/1795 1789/1789/1781
f 1789/1789/1781 1790/1790/1782 1804/1804/1796
f 1804/1804/1796 1790/1790/1782 1805/1805/1797
f 1792/1792/1784 1805/1805/1797 1790/1790/1782
f 1805/1805/1797 1792/1792/1784 1806/1806/1798
f 1807/1807/1799 1806/1806/1798 1792/1792/1784
f 1792/1792/1784 1770/1770/1762 1807/1807/1799
f 1772/1772/1764 1807/1807/1799 1770/1770/1762
f 1805/1805/1797 1808/1808/1800 1804/1804/1796
f 1808/1808/1800 1805/1805/1797 1809/1809/1801
f 1806/1806/1798 1809/1809/1801 1805/1805/1797
f 1809/1809/1801 1810/1810/1802 1808/1808/1800
f 1811/1811/1803 1800/1800/1792 1812/1812/1804
f 1800/1800/1792 1813/1813/1805 1812/1812/1804
f 1813/1813/1805 1800/1800/1792 1801/1801/1793
f 1801/1801/1793 1814/1814/1806 1813/1813/1805
f 1801/1801/1793 1815/1815/1807 1814/1814/1806
f 1815/1815/1807 1801/1801/1793 1802/1802/1794
f 1802/1802/1794 1816/1816/1808 1815/1815/1807
f 1802/1802/1794 1817/1817/1809 1816/1816/1808
f 1818/1818/1810 1817/1817/1809 1802/1802/1794
f 1802/1802/1794 1803/1803/1795 1818/1818/1810
f 1803/1803/1795 1819/1819/1811 1818/1818/1810
f 1820/1820/1812 1819/1819/1811 1803/1803/1795
f 1803/1803/1795 1804/1804/1796 1820/1820/1812
f 1820/1820/1812 1804/1804/1796 1821/1821/1813
f 1821/1821/1813 1804/1804/1796 1808/1808/1800
f 1808/1808/1800 1822/1822/1814 1821/1821/1813
f 1822/1822/1814 1808/1808/1800 1823/1823/1815
f 1823/1823/1815 1808/1808/1800 1810/1810/1802
f 1810/1810/1802 1824/1824/1816 1823/1823/1815
f 1736/1736/1728 1746/1746/1738 1721/1721/1713
f 1720/1720/1712 1721/1721/1713 1746/1746/1738
f 1746/1746/1738 1748/1748/1740 1720/1720/1712
f 1719/1719/1711 1720/1720/1712 1748/1748/1740
f 1748/1748/1740 1750/1750/1742 1719/1719/1711
f 1718/1718/1710 1719/1719/1711 1750/1750/1742
f 1750/1750/1742 1752/1752/1744 1718/1718/1710
f 1825/1825/1817 1718/1718/1710 1752/1752/1744
f 1752/1752/1744 1782/1782/1774 1825/1825/1817
f 1826/1826/1818 1825/1825/1817 1782/1782/1774
f 1782/1782/1774 1798/1798/1790 1826/1826/1818
f 1827/1827/1819 1826/1826/1818 1798/1798/1790
f 1798/1798/1790 1799/1799/1791 1827/1827/1819
f 1828/1828/1820 1827/1827/1819 1799/1799/1791
f 1799/1799/1791 1829/1829/1821 1828/1828/1820
f 1829/1829/1821 1799/1799/1791 1830/1830/1822
f 1830/1830/1822 1799/1799/1791 1800/1800/1792
f 1800/1800/1792 1811/1811/1803 1830/1830/1822
f 1718/1718/1710 1825/1825/1817 1717/1717/1709
f 1831/1831/1823 1717/1717/1709 1825/1825/1817
f 1825/1825/1817 1826/1826/1818 1831/1831/1823
f 1832/1832/1824 1831/1831/1823 1826/1826/1818
f 1826/1826/1818 1827/1827/1819 1832/1832/1824
f 1833/1833/1825 1827/1827/1819 1828/1828/1820
f 1827/1827/1819 1833/1833/1825 1834/1834/1826
f 1834/1834/1826 1832/1832/1824 1827/1827/1819
f 1835/1835/1827 1832/1832/1824 1834/1834/1826
f 1832/1832/1824 1835/1835/1827 1709/1709/1701
f 1709/1709/1701 1708/1708/1700 1832/1832/1824
f 1831/1831/1823 1832/1832/1824 1708/1708/1700
f 1708/1708/1700 1707/1707/1699 1831/1831/1823
f 1717/1717/1709 1831/1831/1823 1707/1707/1699
f 1751/1751/1743 1749/1749/1741 1769/1769/1761
f 1769/1769/1761 1836/1836/1828 1751/1751/1743
f 1753/1753/1745 1751/1751/1743 1836/1836/1828
f 1836/1836/1828 1784/1784/1776 1753/1753/1745
f 1784/1784/1776 1836/1836/1828 1837/1837/1829
f 1837/1837/1829 1786/1786/1778 1784/1784/1776
f 1838/1838/1830 1786/1786/1778 1837/1837/1829
f 1786/1786/1778 1838/1838/1830 1788/1788/1780
f 1791/1791/1783 1788/1788/1780 1838/1838/1830
f 1838/1838/1830 1793/1793/1785 1791/1791/1783
f 1793/1793/1785 1838/1838/1830 1839/1839/1831
f 1839/1839/1831 1794/1794/1786 1793/1793/1785
f 1794/1794/1786 1839/1839/1831 1840/1840/1832
f 1840/1840/1832 1755/1755/1747 1794/1794/1786
f 1755/1755/1747 1840/1840/1832 1841/1841/1833
f 1841/1841/1833 1756/1756/1748 1755/1755/1747
f 1756/1756/1748 1841/1841/1833 1842/1842/1834
f 1842/1842/1834 1759/1759/1751 1756/1756/1748
f 1759/1759/1751 1842/1842/1834 1765/1765/1757
f 1765/1765/1757 1761/1761/1753 1759/1759/1751
f 1843/1843/1835 1842/1842/1834 1841/1841/1833
f 1841/1841/1833 1844/1844/1836 1843/1843/1835
f 1844/1844/1836 1841/1841/1833 1840/1840/1832
f 1840/1840/1832 1845/1845/1837 1844/1844/1836
f 1845/1845/1837 1840/1840/1832 1839/1839/1831
f 1837/1837/1829 1839/1839/1831 1838/1838/1830
f 1839/1839/1831 1837/1837/1829 1845/1845/1837
f 1845/1845/1837 1837/1837/1829 1836/1836/1828
f 1836/1836/1828 1769/1769/1761 1845/1845/1837
f 1844/1844/1836 1845/1845/1837 1769/1769/1761
f 1769/1769/1761 1768/1768/1760 1844/1844/1836
f 1843/1843/1835 1844/1844/1836 1768/1768/1760
f 1768/1768/1760 1767/1767/1759 1843/1843/1835
f 1766/1766/1758 1843/1843/1835 1767/1767/1759
f 1842/1842/1834 1843/1843/1835 1766/1766/1758
f 1766/1766/1758 1765/1765/1757 1842/1842/1834
f 1846/1846/1838 1847/1847/1839 1848/1848/1840
f 1849/1849/1841 1848/1848/1840 1847/1847/1839
f 1847/1847/1839 1850/1850/1842 1849/1849/1841
f 1851/1851/1843 1849/1849/1841 1850/1850/1842
f 1850/1850/1842 1852/1852/1844 1851/1851/1843
f 1853/1853/1845 1851/1851/1843 1852/1852/1844
f 1852/1852/1844 1854/1854/1846 1853/1853/1845
f 1853/1853/1845 1854/1854/1846 1855/1855/1847
f 1856/1856/1848 1855/1855/1847 1854/1854/1846
f 1856/1856/1848 1857/1857/1849 1855/1855/1847
f 1858/1858/1850 1857/1857/1849 1856/1856/1848
f 1859/1859/1851 1857/1857/1849 1858/1858/1850
f 1859/1859/1851 1858/1858/1850 1860/1860/1852
f 1860/1860/1852 1861/1861/1853 1859/1859/1851
f 1862/1862/1854 1859/1859/1851 1861/1861/1853
f 1861/1861/1853 1863/1863/1855 1862/1862/1854
f 1864/1864/1856 1862/1862/1854 1863/1863/1855
f 1863/1863/1855 1865/1865/1857 1864/1864/1856
f 1862/1862/1854 1864/1864/1856 1866/1866/1858
f 1866/1866/1858 1867/1867/1859 1862/1862/1854
f 1859/1859/1851 1862/1862/1854 1867/1867/1859
f 1867/1867/1859 1868/1868/1860 1859/1859/1851
f 1857/1857/1849 1859/1859/1851 1868/1868/1860
f 1868/1868/1860 1855/1855/1847 1857/1857/1849
f 1869/1869/1861 1864/1864/1856 1865/1865/1857
f 1864/1864/1856 1869/1869/1861 1870/1870/1862
f 1870/1870/1862 1866/1866/1858 1864/1864/1856
f 1871/1871/1863 1866/1866/1858 1870/1870/1862
f 1867/1867/1859 1866/1866/1858 1871/1871/1863
f 1871/1871/1863 1872/1872/1864 1867/1867/1859
f 1868/1868/1860 1867/1867/1859 1872/1872/1864
f 1872/1872/1864 1873/1873/1865 1868/1868/1860
f 1855/1855/1847 1868/1868/1860 1873/1873/1865
f 1873/1873/1865 1874/1874/1866 1855/1855/1847
f 1855/1855/1847 1874/1874/1866 1853/1853/1845
f 1875/1875/1867 1853/1853/1845 1874/1874/1866
f 1851/1851/1843 1853/1853/1845 1875/1875/1867
f 1875/1875/1867 1876/1876/1868 1851/1851/1843
f 1849/1849/1841 1851/1851/1843 1876/1876/1868
f 1876/1876/1868 1877/1877/1869 1849/1849/1841
f 1848/1848/1840 1849/1849/1841 1877/1877/1869
f 1877/1877/1869 1878/1878/1870 1848/1848/1840
f 1870/1870/1862 1879/1879/1871 1871/1871/1863
f 1871/1871/1863 1879/1879/1871 1880/1880/1872
f 1881/1881/1873 1882/1882/1874 1883/1883/1875
f 1884/1884/1876 1883/1883/1875 1882/1882/1874
f 1885/1885/1877 1883/1883/1875 1884/1884/1876
f 1884/1884/1876 1886/1886/1878 1885/1885/1877
f 1887/1887/1879 1885/1885/1877 1886/1886/1878
f 1886/1886/1878 1888/1888/1880 1887/1887/1879
f 1888/1888/1880 1889/1889/1881 1887/1887/1879
f 1888/1888/1880 1880/1880/1872 1889/1889/1881
f 1888/1888/1880 1890/1890/1882 1880/1880/1872
f 1880/1880/1872 1890/1890/1882 1871/1871/1863
f 1872/1872/1864 1871/1871/1863 1890/1890/1882
f 1890/1890/1882 1891/1891/1883 1872/1872/1864
f 1872/1872/1864 1891/1891/1883 1892/1892/1884
f 1886/1886/1878 1892/1892/1884 1891/1891/1883
f 1893/1893/1885 1892/1892/1884 1886/1886/1878
f 1886/1886/1878 1884/1884/1876 1893/1893/1885
f 1893/1893/1885 1884/1884/1876 1894/1894/1886
f 1882/1882/1874 1894/1894/1886 1884/1884/1876
f 1891/1891/1883 1888/1888/1880 1886/1886/1878
f 1888/1888/1880 1891/1891/1883 1890/1890/1882
f 1895/1895/1887 1848/1848/1840 1878/1878/1870
f 1878/1878/1870 1896/1896/1888 1895/1895/1887
f 1895/1895/1887 1896/1896/1888 1897/1897/1889
f 1898/1898/1890 1897/1897/1889 1896/1896/1888
f 1896/1896/1888 1899/1899/1891 1898/1898/1890
f 1898/1898/1890 1899/1899/1891 1900/1900/1892
f 1901/1901/1893 1900/1900/1892 1899/1899/1891
f 1900/1900/1892 1901/1901/1893 1902/1902/1894
f 1903/1903/1895 1902/1902/1894 1901/1901/1893
f 1902/1902/1894 1903/1903/1895 1904/1904/1896
f 1905/1905/1897 1904/1904/1896 1903/1903/1895
f 1903/1903/1895 1906/1906/1898 1905/1905/1897
f 1907/1907/1899 1905/1905/1897 1906/1906/1898
f 1906/1906/1898 1881/1881/1873 1907/1907/1899
f 1908/1908/1900 1907/1907/1899 1881/1881/1873
f 1881/1881/1873 1909/1909/1901 1908/1908/1900
f 1910/1910/1902 1908/1908/1900 1909/1909/1901
f 1909/1909/1901 1911/1911/1903 1910/1910/1902
f 1912/1912/1904 1910/1910/1902 1911/1911/1903
f 1911/1911/1903 1913/1913/1905 1912/1912/1904
f 1913/1913/1905 1914/1914/1906 1912/1912/1904
f 1902/1902/1894 1915/1915/1907 1900/1900/1892
f 1916/1916/1908 1900/1900/1892 1915/1915/1907
f 1900/1900/1892 1916/1916/1908 1898/1898/1890
f 1904/1904/1896 1917/1917/1909 1902/1902/1894
f 1915/1915/1907 1902/1902/1894 1917/1917/1909
f 1917/1917/1909 1918/1918/1910 1915/1915/1907
f 1919/1919/1911 1915/1915/1907 1918/1918/1910
f 1920/1920/1912 1921/1921/1913 1922/1922/1914
f 1923/1923/1915 1922/1922/1914 1921/1921/1913
f 1921/1921/1913 1924/1924/1916 1923/1923/1915
f 1925/1925/1917 1923/1923/1915 1924/1924/1916
f 1924/1924/1916 1926/1926/1918 1925/1925/1917
f 1927/1927/1919 1925/1925/1917 1926/1926/1918
f 1926/1926/1918 1928/1928/1920 1927/1927/1919
f 1929/1929/1921 1927/1927/1919 1928/1928/1920
f 1928/1928/1920 1930/1930/1922 1929/1929/1921
f 1931/1931/1923 1929/1929/1921 1930/1930/1922
f 1930/1930/1922 1932/1932/1924 1931/1931/1923
f 1933/1933/1925 1931/1931/1923 1932/1932/1924
f 1932/1932/1924 1934/1934/1926 1933/1933/1925
f 1935/1935/1927 1933/1933/1925 1934/1934/1926
f 1934/1934/1926 1936/1936/1928 1935/1935/1927
f 1937/1937/1929 1935/1935/1927 1936/1936/1928
f 1936/1936/1928 1938/1938/1930 1937/1937/1929
f 1939/1939/1931 1937/1937/1929 1938/1938/1930
f 1938/1938/1930 1940/1940/1932 1939/1939/1931
f 1941/1941/1933 1939/1939/1931 1940/1940/1932
f 1940/1940/1932 1942/1942/1934 1941/1941/1933
f 1943/1943/1935 1941/1941/1933 1942/1942/1934
f 1942/1942/1934 1944/1944/1936 1943/1943/1935
f 1945/1945/1937 1943/1943/1935 1944/1944/1936
f 1944/1944/1936 1946/1946/1938 1945/1945/1937
f 1947/1947/1939 1945/1945/1937 1946/1946/1938
f 1946/1946/1938 1948/1948/1940 1947/1947/1939
f 1949/1949/1941 1947/1947/1939 1948/1948/1940
f 1948/1948/1940 1950/1950/1942 1949/1949/1941
f 1951/1951/1943 1949/1949/1941 1950/1950/1942
f 1950/1950/1942 1952/1952/1944 1951/1951/1943
f 1953/1953/1945 1951/1951/1943 1952/1952/1944
f 1952/1952/1944 1954/1954/1946 1953/1953/1945
f 1955/1955/1947 1953/1953/1945 1954/1954/1946
f 1954/1954/1946 1956/1956/1948 1955/1955/1947
f 1957/1957/1949 1955/1955/1947 1956/1956/1948
f 1956/1956/1948 1958/1958/1950 1957/1957/1949
f 1959/1959/1951 1957/1957/1949 1958/1958/1950
f 1958/1958/1950 1960/1960/1952 1959/1959/1951
f 1961/1961/1953 1959/1959/1951 1960/1960/1952
f 1960/1960/1952 1962/1962/1954 1961/1961/1953
f 1963/1963/1955 1961/1961/1953 1962/1962/1954
f 1962/1962/1954 1964/1964/1956 1963/1963/1955
f 1965/1965/1957 1963/1963/1955 1964/1964/1956
f 1964/1964/1956 1966/1966/1958 1965/1965/1957
f 1967/1967/1959 1965/1965/1957 1966/1966/1958
f 1966/1966/1958 1920/1920/1912 1967/1967/1959
f 1922/1922/1914 1967/1967/1959 1920/1920/1912
f 1968/1968/1960 1969/1969/1961 1970/1970/1962
f 1971/1971/1963 1970/1970/1962 1969/1969/1961
f 1972/1972/1964 1970/1970/1962 1971/1971/1963
f 1971/1971/1963 1973/1973/1965 1972/1972/1964
f 1974/1974/1966 1972/1972/1964 1973/1973/1965
f 1973/1973/1965 1975/1975/1967 1974/1974/1966
f 1976/1976/1968 1974/1974/1966 1975/1975/1967
f 1975/1975/1967 1977/1977/1969 1976/1976/1968
f 1978/1978/1970 1976/1976/1968 1977/1977/1969
f 1977/1977/1969 1979/1979/1971 1978/1978/1970
f 1978/1978/1970 1979/1979/1971 1980/1980/1972
f 1981/1981/1973 1980/1980/1972 1979/1979/1971
f 1980/1980/1972 1981/1981/1973 1982/1982/1974
f 1982/1982/1974 1981/1981/1973 1983/1983/1975
f 1983/1983/1975 1984/1984/1976 1982/1982/1974
f 1985/1985/1977 1982/1982/1974 1984/1984/1976
f 1984/1984/1976 1986/1986/1978 1985/1985/1977
f 1987/1987/1979 1985/1985/1977 1986/1986/1978
f 1976/1976/1968 1978/1978/1970 1988/1988/1980
f 1988/1988/1980 1978/1978/1970 1989/1989/1981
f 1980/1980/1972 1989/1989/1981 1978/1978/1970
f 1990/1990/1982 1991/1991/1983 1992/1992/1984
f 1991/1991/1983 1990/1990/1982 1993/1993/1985
f 1993/1993/1985 1994/1994/1986 1991/1991/1983
f 1994/1994/1986 1993/1993/1985 1995/1995/1987
f 1995/1995/1987 1996/1996/1988 1994/1994/1986
f 1996/1996/1988 1995/1995/1987 1997/1997/1989
f 1997/1997/1989 1998/1998/1990 1996/1996/1988
f 1998/1998/1990 1997/1997/1989 1999/1999/1991
f 1999/1999/1991 2000/2000/1992 1998/1998/1990
f 2000/2000/1992 1999/1999/1991 2001/2001/1993
f 2001/2001/1993 1987/1987/1979 2000/2000/1992
f 1987/1987/1979 2001/2001/1993 2002/2002/1994
f 2002/2002/1994 1985/1985/1977 1987/1987/1979
f 1985/1985/1977 2002/2002/1994 2003/2003/1995
f 2003/2003/1995 1982/1982/1974 1985/1985/1977
f 1982/1982/1974 2003/2003/1995 1980/1980/1972
f 1980/1980/1972 2003/2003/1995 2004/2004/1996
f 2004/2004/1996 1989/1989/1981 1980/1980/1972
f 1986/1986/1978 2005/2005/1997 1987/1987/1979
f 2000/2000/1992 1987/1987/1979 2005/2005/1997
f 2005/2005/1997 2006/2006/1998 2000/2000/1992
f 1998/1998/1990 2000/2000/1992 2006/2006/1998
f 2006/2006/1998 2007/2007/1999 1998/1998/1990
f 1996/1996/1988 1998/1998/1990 2007/2007/1999
f 2007/2007/1999 2008/2008/2000 1996/1996/1988
f 1994/1994/1986 1996/1996/1988 2008/2008/2000
f 2008/2008/2000 2009/2009/2001 1994/1994/1986
f 1991/1991/1983 1994/1994/1986 2009/2009/2001
f 2009/2009/2001 2010/2010/2002 1991/1991/1983
f 1992/1992/1984 1991/1991/1983 2010/2010/2002
f 2010/2010/2002 2011/2011/2003 1992/1992/1984
f 2012/2012/2004 1992/1992/1984 2011/2011/2003
f 2011/2011/2003 2013/2013/2005 2012/2012/2004
f 2014/2014/2006 2012/2012/2004 2013/2013/2005
f 2013/2013/2005 2015/2015/2007 2014/2014/2006
f 2016/2016/2008 2014/2014/2006 2015/2015/2007
f 2017/2017/2009 1995/1995/1987 1993/1993/1985
f 1993/1993/1985 2018/2018/2010 2017/2017/2009
f 2018/2018/2010 1993/1993/1985 1990/1990/1982
f 1990/1990/1982 2019/2019/2011 2018/2018/2010
f 2019/2019/2011 1990/1990/1982 2020/2020/2012
f 1992/1992/1984 2020/2020/2012 1990/1990/1982
f 2020/2020/2012 1992/1992/1984 2012/2012/2004
f 2004/2004/1996 2021/2021/2013 1989/1989/1981
f 1989/1989/1981 2021/2021/2013 1988/1988/1980
f 1988/1988/1980 2021/2021/2013 2022/2022/2014
f 2022/2022/2014 2023/2023/2015 1988/1988/1980
f 2024/2024/2016 2023/2023/2015 2022/2022/2014
f 2023/2023/2015 2024/2024/2016 2025/2025/2017
f 2025/2025/2017 2024/2024/2016 2026/2026/2018
f 2026/2026/2018 2027/2027/2019 2025/2025/2017
f 2027/2027/2019 2026/2026/2018 2028/2028/2020
f 2028/2028/2020 2029/2029/2021 2027/2027/2019
f 2019/2019/2011 2029/2029/2021 2028/2028/2020
f 2029/2029/2021 2019/2019/2011 2030/2030/2022
f 2020/2020/2012 2030/2030/2022 2019/2019/2011
f 2030/2030/2022 2020/2020/2012 2031/2031/2023
f 2012/2012/2004 2031/2031/2023 2020/2020/2012
f 2031/2031/2023 2012/2012/2004 2014/2014/2006
f 2014/2014/2006 2032/2032/2024 2031/2031/2023
f 2032/2032/2024 2014/2014/2006 2016/2016/2008
f 2031/2031/2023 2033/2033/2025 2030/2030/2022
f 2033/2033/2025 2031/2031/2023 2032/2032/2024
f 2032/2032/2024 2034/2034/2026 2033/2033/2025
f 2034/2034/2026 2032/2032/2024 2035/2035/2027
f 2035/2035/2027 2036/2036/2028 2034/2034/2026
f 2016/2016/2008 2035/2035/2027 2032/2032/2024
f 2037/2037/2029 2035/2035/2027 2016/2016/2008
f 2036/2036/2028 2035/2035/2027 2037/2037/2029
f 2037/2037/2029 2038/2038/2030 2036/2036/2028
f 2034/2034/2026 2036/2036/2028 2038/2038/2030
f 2038/2038/2030 2039/2039/2031 2034/2034/2026
f 2033/2033/2025 2034/2034/2026 2039/2039/2031
f 2039/2039/2031 2040/2040/2032 2033/2033/2025
f 2030/2030/2022 2033/2033/2025 2040/2040/2032
f 2040/2040/2032 2041/2041/2033 2030/2030/2022
f 2030/2030/2022 2041/2041/2033 2029/2029/2021
f 2029/2029/2021 2041/2041/2033 2042/2042/2034
f 2042/2042/2034 2027/2027/2019 2029/2029/2021
f 2027/2027/2019 2042/2042/2034 2043/2043/2035
f 2043/2043/2035 2025/2025/2017 2027/2027/2019
f 2044/2044/2036 2025/2025/2017 2043/2043/2035
f 2025/2025/2017 2044/2044/2036 2023/2023/2015
f 1988/1988/1980 2023/2023/2015 2044/2044/2036
f 2045/2045/2037 2046/2046/2038 2047/2047/2039
f 2047/2047/2039 2048/2048/2040 2045/2045/2037
f 2045/2045/2037 2048/2048/2040 2049/2049/2041
f 2049/2049/2041 2048/2048/2040 2050/2050/2042
f 2051/2051/2043 2050/2050/2042 2048/2048/2040
f 2048/2048/2040 2047/2047/2039 2051/2051/2043
f 2038/2038/2030 2051/2051/2043 2047/2047/2039
f 2047/2047/2039 2039/2039/2031 2038/2038/2030
f 2040/2040/2032 2039/2039/2031 2047/2047/2039
f 2047/2047/2039 2046/2046/2038 2040/2040/2032
f 2041/2041/2033 2040/2040/2032 2046/2046/2038
f 2046/2046/2038 2042/2042/2034 2041/2041/2033
f 2043/2043/2035 2042/2042/2034 2046/2046/2038
f 2046/2046/2038 2045/2045/2037 2043/2043/2035
f 2043/2043/2035 2045/2045/2037 2052/2052/2044
f 2049/2049/2041 2052/2052/2044 2045/2045/2037
f 2052/2052/2044 2049/2049/2041 2053/2053/2045
f 2053/2053/2045 2054/2054/2046 2052/2052/2044
f 2055/2055/2047 2052/2052/2044 2054/2054/2046
f 2054/2054/2046 2056/2056/2048 2055/2055/2047
f 2055/2055/2047 2056/2056/2048 2057/2057/2049
f 2057/2057/2049 2044/2044/2036 2055/2055/2047
f 2043/2043/2035 2055/2055/2047 2044/2044/2036
f 2052/2052/2044 2055/2055/2047 2043/2043/2035
f 2044/2044/2036 2057/2057/2049 1988/1988/1980
f 1988/1988/1980 2057/2057/2049 1976/1976/1968
f 1974/1974/1966 1976/1976/1968 2057/2057/2049
f 2057/2057/2049 2056/2056/2048 1974/1974/1966
f 1972/1972/1964 1974/1974/1966 2056/2056/2048
f 2056/2056/2048 2054/2054/2046 1972/1972/1964
f 1970/1970/1962 1972/1972/1964 2054/2054/2046
f 2054/2054/2046 2053/2053/2045 1970/1970/1962
f 1970/1970/1962 2053/2053/2045 1968/1968/1960
f 1968/1968/1960 2053/2053/2045 2049/2049/2041
f 2049/2049/2041 2058/2058/2050 1968/1968/1960
f 2050/2050/2042 2058/2058/2050 2049/2049/2041
f 2059/2059/2051 2058/2058/2050 2050/2050/2042
f 2050/2050/2042 2060/2060/2052 2059/2059/2051
f 2060/2060/2052 2050/2050/2042 2051/2051/2043
f 2051/2051/2043 2061/2061/2053 2060/2060/2052
f 2061/2061/2053 2051/2051/2043 2038/2038/2030
f 2038/2038/2030 2037/2037/2029 2061/2061/2053
f 2062/2062/2054 2061/2061/2053 2037/2037/2029
f 2037/2037/2029 2063/2063/2055 2062/2062/2054
f 2016/2016/2008 2063/2063/2055 2037/2037/2029
f 2060/2060/2052 2061/2061/2053 2062/2062/2054
f 2015/2015/2007 2064/2064/2056 2016/2016/2008
f 2063/2063/2055 2016/2016/2008 2064/2064/2056
f 2064/2064/2056 2065/2065/2057 2063/2063/2055
f 2062/2062/2054 2063/2063/2055 2065/2065/2057
f 2065/2065/2057 2066/2066/2058 2062/2062/2054
f 2060/2060/2052 2062/2062/2054 2066/2066/2058
f 2066/2066/2058 2067/2067/2059 2060/2060/2052
f 2059/2059/2051 2060/2060/2052 2067/2067/2059
f 2067/2067/2059 2068/2068/2060 2059/2059/2051
f 2069/2069/2061 2059/2059/2051 2068/2068/2060
f 2068/2068/2060 2070/2070/2062 2069/2069/2061
f 2071/2071/2063 2069/2069/2061 2070/2070/2062
f 2070/2070/2062 2072/2072/2064 2071/2071/2063
f 2073/2073/2065 2071/2071/2063 2072/2072/2064
f 2072/2072/2064 2074/2074/2066 2073/2073/2065
f 2075/2075/2067 2073/2073/2065 2074/2074/2066
f 2074/2074/2066 2076/2076/2068 2075/2075/2067
f 2077/2077/2069 2075/2075/2067 2076/2076/2068
f 2078/2078/2070 2071/2071/2063 2073/2073/2065
f 2058/2058/2050 2059/2059/2051 2069/2069/2061
f 2069/2069/2061 1968/1968/1960 2058/2058/2050
f 1968/1968/1960 2069/2069/2061 2071/2071/2063
f 2071/2071/2063 1969/1969/1961 1968/1968/1960
f 1969/1969/1961 2071/2071/2063 2078/2078/2070
f 1969/1969/1961 2078/2078/2070 1971/1971/1963
f 2073/2073/2065 1971/1971/1963 2078/2078/2070
f 1971/1971/1963 2073/2073/2065 2075/2075/2067
f 2075/2075/2067 1973/1973/1965 1971/1971/1963
f 1973/1973/1965 2075/2075/2067 2077/2077/2069
f 2077/2077/2069 1975/1975/1967 1973/1973/1965
f 1975/1975/1967 2077/2077/2069 2079/2079/2071
f 2079/2079/2071 1977/1977/1969 1975/1975/1967
f 1977/1977/1969 2079/2079/2071 2080/2080/2072
f 2080/2080/2072 1979/1979/1971 1977/1977/1969
f 1979/1979/1971 2080/2080/2072 1981/1981/1973
f 2076/2076/2068 2081/2081/2073 2077/2077/2069
f 2079/2079/2071 2077/2077/2069 2081/2081/2073
f 2081/2081/2073 2082/2082/2074 2079/2079/2071
f 2080/2080/2072 2079/2079/2071 2082/2082/2074
f 2082/2082/2074 2083/2083/2075 2080/2080/2072
f 1981/1981/1973 2080/2080/2072 2083/2083/2075
f 2083/2083/2075 1983/1983/1975 1981/1981/1973
f 2084/2084/2076 2028/2028/2020 2026/2026/2018
f 2026/2026/2018 2085/2085/2077 2084/2084/2076
f 2085/2085/2077 2026/2026/2018 2024/2024/2016
f 2024/2024/2016 2086/2086/2078 2085/2085/2077
f 2022/2022/2014 2086/2086/2078 2024/2024/2016
f 2086/2086/2078 2022/2022/2014 2087/2087/2079
f 2087/2087/2079 2022/2022/2014 2021/2021/2013
f 2021/2021/2013 2004/2004/1996 2087/2087/2079
f 2087/2087/2079 2004/2004/1996 2003/2003/1995
f 2003/2003/1995 2002/2002/1994 2087/2087/2079
f 2088/2088/2080 2087/2087/2079 2002/2002/1994
f 2002/2002/1994 2001/2001/1993 2088/2088/2080
f 2088/2088/2080 2001/2001/1993 1999/1999/1991
f 1999/1999/1991 2089/2089/2081 2088/2088/2080
f 2089/2089/2081 1999/1999/1991 1997/1997/1989
f 1997/1997/1989 2090/2090/2082 2089/2089/2081
f 2090/2090/2082 1997/1997/1989 1995/1995/1987
f 1995/1995/1987 2017/2017/2009 2090/2090/2082
f 2087/2087/2079 2088/2088/2080 2086/2086/2078
f 2086/2086/2078 2088/2088/2080 2089/2089/2081
f 2089/2089/2081 2085/2085/2077 2086/2086/2078
f 2085/2085/2077 2089/2089/2081 2090/2090/2082
f 2090/2090/2082 2084/2084/2076 2085/2085/2077
f 2017/2017/2009 2084/2084/2076 2090/2090/2082
f 2028/2028/2020 2084/2084/2076 2017/2017/2009
f 2017/2017/2009 2018/2018/2010 2028/2028/2020
f 2028/2028/2020 2018/2018/2010 2019/2019/2011
f 1358/1358/1350 1357/1357/1349 2091/2091/2083
f 2091/2091/2083 2092/2092/2084 1358/1358/1350
f 2092/2092/2084 2091/2091/2083 2093/2093/2085
f 2093/2093/2085 2094/2094/2086 2092/2092/2084
f 2094/2094/2086 2093/2093/2085 2095/2095/2087
f 2095/2095/2087 2096/2096/2088 2094/2094/2086
f 2096/2096/2088 2095/2095/2087 2097/2097/2089
f 2097/2097/2089 2098/2098/2090 2096/2096/2088
f 2098/2098/2090 2097/2097/2089 2099/2099/2091
f 2099/2099/2091 2100/2100/2092 2098/2098/2090
f 2101/2101/2093 2102/2102/2094 1295/1295/1287
f 1295/1295/1287 1294/1294/1286 2101/2101/2093
f 2103/2103/2095 2101/2101/2093 1294/1294/1286
f 1294/1294/1286 1293/1293/1285 2103/2103/2095
f 2104/2104/2096 2103/2103/2095 1293/1293/1285
f 1293/1293/1285 2098/2098/2090 2104/2104/2096
f 2098/2098/2090 1293/1293/1285 1292/1292/1284
f 1292/1292/1284 2096/2096/2088 2098/2098/2090
f 2096/2096/2088 1292/1292/1284 1306/1306/1298
f 1306/1306/1298 2094/2094/2086 2096/2096/2088
f 2094/2094/2086 1306/1306/1298 1309/1309/1301
f 1309/1309/1301 2092/2092/2084 2094/2094/2086
f 2092/2092/2084 1309/1309/1301 1310/1310/1302
f 1310/1310/1302 1358/1358/1350 2092/2092/2084
f 1358/1358/1350 1310/1310/1302 1311/1311/1303
f 1311/1311/1303 1356/1356/1348 1358/1358/1350
f 1356/1356/1348 1311/1311/1303 1312/1312/1304
f 1312/1312/1304 1320/1320/1312 1356/1356/1348
f 2105/2105/2097 2106/2106/2098 2107/2107/2099
f 2107/2107/2099 1295/1295/1287 2105/2105/2097
f 1283/1283/1275 1282/1282/1274 1295/1295/1287
f 1295/1295/1287 2107/2107/2099 1283/1283/1275
f 1271/1271/1263 1283/1283/1275 2107/2107/2099
f 2107/2107/2099 1270/1270/1262 1271/1271/1263
f 1270/1270/1262 2107/2107/2099 2108/2108/2100
f 2108/2108/2100 2109/2109/2101 1270/1270/1262
f 2110/2110/2102 2111/2111/2103 2112/2112/2104
f 2112/2112/2104 2113/2113/2105 2110/2110/2102
f 2114/2114/2106 2113/2113/2105 2112/2112/2104
f 2115/2115/2107 2113/2113/2105 2114/2114/2106
f 2116/2116/2108 2115/2115/2107 2114/2114/2106
f 2117/2117/2109 2115/2115/2107 2116/2116/2108
f 2116/2116/2108 2118/2118/2110 2117/2117/2109
f 2117/2117/2109 2118/2118/2110 2119/2119/2111
f 2120/2120/2112 2119/2119/2111 2118/2118/2110
f 2119/2119/2111 2120/2120/2112 2121/2121/2113
f 2121/2121/2113 2120/2120/2112 2122/2122/2114
f 2122/2122/2114 2123/2123/2115 2121/2121/2113
f 2124/2124/2116 2123/2123/2115 2122/2122/2114
f 2125/2125/2117 2123/2123/2115 2124/2124/2116
f 2124/2124/2116 2126/2126/2118 2125/2125/2117
f 2127/2127/2119 2125/2125/2117 2126/2126/2118
f 2126/2126/2118 2128/2128/2120 2127/2127/2119
f 2127/2127/2119 2128/2128/2120 2129/2129/2121
f 2130/2130/2122 2126/2126/2118 2124/2124/2116
f 2131/2131/2123 2132/2132/2124 2133/2133/2125
f 2133/2133/2125 2134/2134/2126 2131/2131/2123
f 2134/2134/2126 2133/2133/2125 2135/2135/2127
f 2135/2135/2127 2136/2136/2128 2134/2134/2126
f 2136/2136/2128 2135/2135/2127 2137/2137/2129
f 2137/2137/2129 2130/2130/2122 2136/2136/2128
f 2124/2124/2116 2136/2136/2128 2130/2130/2122
f 2136/2136/2128 2124/2124/2116 2138/2138/2130
f 2122/2122/2114 2138/2138/2130 2124/2124/2116
f 2138/2138/2130 2122/2122/2114 2139/2139/2131
f 2139/2139/2131 2122/2122/2114 2120/2120/2112
f 2120/2120/2112 2140/2140/2132 2139/2139/2131
f 2118/2118/2110 2140/2140/2132 2120/2120/2112
f 2140/2140/2132 2118/2118/2110 2116/2116/2108
f 2116/2116/2108 2141/2141/2133 2140/2140/2132
f 2141/2141/2133 2116/2116/2108 2142/2142/2134
f 2142/2142/2134 2143/2143/2135 2141/2141/2133
f 2143/2143/2135 2142/2142/2134 2144/2144/2136
f 2145/2145/2137 2144/2144/2136 2142/2142/2134
f 2112/2112/2104 2145/2145/2137 2114/2114/2106
f 2142/2142/2134 2114/2114/2106 2145/2145/2137
f 2114/2114/2106 2142/2142/2134 2116/2116/2108
f 2129/2129/2121 2146/2146/2138 2127/2127/2119
f 2147/2147/2139 2146/2146/2138 2129/2129/2121
f 2146/2146/2138 2147/2147/2139 2148/2148/2140
f 2149/2149/2141 2148/2148/2140 2147/2147/2139
f 2150/2150/2142 2148/2148/2140 2149/2149/2141
f 2149/2149/2141 2151/2151/2143 2150/2150/2142
f 2150/2150/2142 2151/2151/2143 2152/2152/2144
f 2152/2152/2144 2151/2151/2143 2153/2153/2145
f 2153/2153/2145 2154/2154/2146 2152/2152/2144
f 2154/2154/2146 2153/2153/2145 2155/2155/2147
f 2155/2155/2147 2156/2156/2148 2154/2154/2146
f 2155/2155/2147 2157/2157/2149 2156/2156/2148
f 2158/2158/2150 2156/2156/2148 2157/2157/2149
f 2157/2157/2149 2159/2159/2151 2158/2158/2150
f 2158/2158/2150 2159/2159/2151 2160/2160/2152
f 2161/2161/2153 2160/2160/2152 2159/2159/2151
f 2159/2159/2151 2162/2162/2154 2161/2161/2153
f 2163/2163/2155 2161/2161/2153 2162/2162/2154
f 2160/2160/2152 2164/2164/2156 2158/2158/2150
f 2119/2119/2111 2165/2165/2157 2117/2117/2109
f 2166/2166/2158 2165/2165/2157 2119/2119/2111
f 2165/2165/2157 2166/2166/2158 2167/2167/2159
f 2168/2168/2160 2167/2167/2159 2166/2166/2158
f 2166/2166/2158 2169/2169/2161 2168/2168/2160
f 2170/2170/2162 2168/2168/2160 2169/2169/2161
f 2169/2169/2161 2171/2171/2163 2170/2170/2162
f 2172/2172/2164 2170/2170/2162 2171/2171/2163
f 2171/2171/2163 2173/2173/2165 2172/2172/2164
f 2174/2174/2166 2172/2172/2164 2173/2173/2165
f 2173/2173/2165 2152/2152/2144 2174/2174/2166
f 2175/2175/2167 2174/2174/2166 2152/2152/2144
f 2152/2152/2144 2154/2154/2146 2175/2175/2167
f 2175/2175/2167 2154/2154/2146 2156/2156/2148
f 2156/2156/2148 2176/2176/2168 2175/2175/2167
f 2156/2156/2148 2158/2158/2150 2176/2176/2168
f 2173/2173/2165 2171/2171/2163 2177/2177/2169
f 2177/2177/2169 2171/2171/2163 2169/2169/2161
f 2152/2152/2144 2173/2173/2165 2150/2150/2142
f 2177/2177/2169 2150/2150/2142 2173/2173/2165
f 2148/2148/2140 2150/2150/2142 2177/2177/2169
f 2121/2121/2113 2178/2178/2170 2119/2119/2111
f 2119/2119/2111 2178/2178/2170 2166/2166/2158
f 2178/2178/2170 2179/2179/2171 2166/2166/2158
f 2169/2169/2161 2166/2166/2158 2179/2179/2171
f 2179/2179/2171 2180/2180/2172 2169/2169/2161
f 2169/2169/2161 2180/2180/2172 2177/2177/2169
f 2181/2181/2173 2177/2177/2169 2180/2180/2172
f 2177/2177/2169 2181/2181/2173 2148/2148/2140
f 2148/2148/2140 2181/2181/2173 2146/2146/2138
f 2146/2146/2138 2181/2181/2173 2182/2182/2174
f 2182/2182/2174 2127/2127/2119 2146/2146/2138
f 2125/2125/2117 2127/2127/2119 2182/2182/2174
f 2182/2182/2174 2183/2183/2175 2125/2125/2117
f 2123/2123/2115 2125/2125/2117 2183/2183/2175
f 2183/2183/2175 2121/2121/2113 2123/2123/2115
f 2178/2178/2170 2121/2121/2113 2183/2183/2175
f 2183/2183/2175 2179/2179/2171 2178/2178/2170
f 2179/2179/2171 2183/2183/2175 2182/2182/2174
f 2182/2182/2174 2180/2180/2172 2179/2179/2171
f 2180/2180/2172 2182/2182/2174 2181/2181/2173
f 2162/2162/2154 2184/2184/2176 2163/2163/2155
f 2185/2185/2177 2184/2184/2176 2162/2162/2154
f 2162/2162/2154 2186/2186/2178 2185/2185/2177
f 2187/2187/2179 2185/2185/2177 2186/2186/2178
f 2186/2186/2178 2188/2188/2180 2187/2187/2179
f 2187/2187/2179 2188/2188/2180 2189/2189/2181
f 2190/2190/2182 2189/2189/2181 2188/2188/2180
f 2191/2191/2183 2189/2189/2181 2190/2190/2182
f 2190/2190/2182 2192/2192/2184 2191/2191/2183
f 2190/2190/2182 2193/2193/2185 2192/2192/2184
f 2192/2192/2184 2193/2193/2185 2194/2194/2186
f 2149/2149/2141 2194/2194/2186 2193/2193/2185
f 2147/2147/2139 2194/2194/2186 2149/2149/2141
f 2195/2195/2187 2194/2194/2186 2147/2147/2139
f 2147/2147/2139 2196/2196/2188 2195/2195/2187
f 2129/2129/2121 2196/2196/2188 2147/2147/2139
f 2194/2194/2186 2195/2195/2187 2192/2192/2184
f 2144/2144/2136 2197/2197/2189 2143/2143/2135
f 2198/2198/2190 2143/2143/2135 2197/2197/2189
f 2199/2199/2191 2198/2198/2190 2197/2197/2189
f 2198/2198/2190 2199/2199/2191 2200/2200/2192
f 2201/2201/2193 2200/2200/2192 2199/2199/2191
f 2201/2201/2193 2202/2202/2194 2200/2200/2192
f 2202/2202/2194 2201/2201/2193 2203/2203/2195
f 2204/2204/2196 2202/2202/2194 2203/2203/2195
f 2205/2205/2197 2204/2204/2196 2203/2203/2195
f 2205/2205/2197 2203/2203/2195 2201/2201/2193
f 2201/2201/2193 2206/2206/2198 2205/2205/2197
f 2207/2207/2199 2206/2206/2198 2201/2201/2193
f 2201/2201/2193 2208/2208/2200 2207/2207/2199
f 2207/2207/2199 2208/2208/2200 2209/2209/2201
f 2209/2209/2201 2208/2208/2200 2199/2199/2191
f 2197/2197/2189 2209/2209/2201 2199/2199/2191
f 2199/2199/2191 2208/2208/2200 2201/2201/2193
f 2210/2210/2202 2211/2211/2203 2212/2212/2204
f 2211/2211/2203 2210/2210/2202 2213/2213/2205
f 2214/2214/2206 2213/2213/2205 2210/2210/2202
f 2213/2213/2205 2214/2214/2206 2215/2215/2207
f 2216/2216/2208 2215/2215/2207 2214/2214/2206
f 2215/2215/2207 2216/2216/2208 2217/2217/2209
f 2218/2218/2210 2217/2217/2209 2216/2216/2208
f 2217/2217/2209 2218/2218/2210 2219/2219/2211
f 2220/2220/2212 2219/2219/2211 2218/2218/2210
f 2219/2219/2211 2220/2220/2212 2221/2221/2213
f 2222/2222/2214 2221/2221/2213 2220/2220/2212
f 2221/2221/2213 2222/2222/2214 2223/2223/2215
f 2223/2223/2215 2222/2222/2214 2224/2224/2216
f 2224/2224/2216 2225/2225/2217 2223/2223/2215
f 2226/2226/2218 2223/2223/2215 2225/2225/2217
f 2227/2227/2219 2223/2223/2215 2226/2226/2218
f 2226/2226/2218 2228/2228/2220 2227/2227/2219
f 2229/2229/2221 2227/2227/2219 2228/2228/2220
f 2223/2223/2215 2227/2227/2219 2221/2221/2213
f 2230/2230/2222 2231/2231/2223 2232/2232/2224
f 2232/2232/2224 2233/2233/2225 2230/2230/2222
f 2234/2234/2226 2230/2230/2222 2233/2233/2225
f 2233/2233/2225 2235/2235/2227 2234/2234/2226
f 2236/2236/2228 2234/2234/2226 2235/2235/2227
f 2235/2235/2227 2237/2237/2229 2236/2236/2228
f 2238/2238/2230 2236/2236/2228 2237/2237/2229
f 2237/2237/2229 2239/2239/2231 2238/2238/2230
f 2229/2229/2221 2238/2238/2230 2239/2239/2231
f 2239/2239/2231 2240/2240/2232 2229/2229/2221
f 2227/2227/2219 2229/2229/2221 2240/2240/2232
f 2240/2240/2232 2221/2221/2213 2227/2227/2219
f 2221/2221/2213 2240/2240/2232 2219/2219/2211
f 2241/2241/2233 2219/2219/2211 2240/2240/2232
f 2219/2219/2211 2241/2241/2233 2217/2217/2209
f 2242/2242/2234 2217/2217/2209 2241/2241/2233
f 2217/2217/2209 2242/2242/2234 2215/2215/2207
f 2243/2243/2235 2215/2215/2207 2242/2242/2234
f 2240/2240/2232 2239/2239/2231 2241/2241/2233
f 2241/2241/2233 2244/2244/2236 2242/2242/2234
f 2244/2244/2236 2241/2241/2233 2239/2239/2231
f 2239/2239/2231 2237/2237/2229 2244/2244/2236
f 2242/2242/2234 2245/2245/2237 2243/2243/2235
f 2245/2245/2237 2242/2242/2234 2244/2244/2236
f 2244/2244/2236 2246/2246/2238 2245/2245/2237
f 2246/2246/2238 2244/2244/2236 2237/2237/2229
f 2237/2237/2229 2235/2235/2227 2246/2246/2238
f 2243/2243/2235 2247/2247/2239 2248/2248/2240
f 2247/2247/2239 2243/2243/2235 2245/2245/2237
f 2245/2245/2237 2249/2249/2241 2247/2247/2239
f 2249/2249/2241 2245/2245/2237 2246/2246/2238
f 2246/2246/2238 2250/2250/2242 2249/2249/2241
f 2250/2250/2242 2246/2246/2238 2235/2235/2227
f 2235/2235/2227 2233/2233/2225 2250/2250/2242
f 2251/2251/2243 2250/2250/2242 2233/2233/2225
f 2233/2233/2225 2232/2232/2224 2251/2251/2243
f 2252/2252/2244 2251/2251/2243 2232/2232/2224
f 2232/2232/2224 2253/2253/2245 2252/2252/2244
f 2252/2252/2244 2253/2253/2245 2254/2254/2246
f 2254/2254/2246 2255/2255/2247 2252/2252/2244
f 2255/2255/2247 2254/2254/2246 2256/2256/2248
f 2256/2256/2248 2257/2257/2249 2255/2255/2247
f 2258/2258/2250 2255/2255/2247 2257/2257/2249
f 2257/2257/2249 2259/2259/2251 2258/2258/2250
f 2251/2251/2243 2252/2252/2244 2258/2258/2250
f 2255/2255/2247 2258/2258/2250 2252/2252/2244
f 2250/2250/2242 2251/2251/2243 2260/2260/2252
f 2258/2258/2250 2260/2260/2252 2251/2251/2243
f 2260/2260/2252 2258/2258/2250 2261/2261/2253
f 2261/2261/2253 2258/2258/2250 2259/2259/2251
f 2259/2259/2251 2262/2262/2254 2261/2261/2253
f 2263/2263/2255 2262/2262/2254 2259/2259/2251
f 2259/2259/2251 2264/2264/2256 2263/2263/2255
f 2264/2264/2256 2259/2259/2251 2257/2257/2249
f 2257/2257/2249 2265/2265/2257 2264/2264/2256
f 2265/2265/2257 2257/2257/2249 2256/2256/2248
f 2256/2256/2248 2266/2266/2258 2265/2265/2257
f 2266/2266/2258 2256/2256/2248 2267/2267/2259
f 2267/2267/2259 2256/2256/2248 2254/2254/2246
f 2254/2254/2246 2268/2268/2260 2267/2267/2259
f 2268/2268/2260 2254/2254/2246 2253/2253/2245
f 2253/2253/2245 2269/2269/2261 2268/2268/2260
f 2231/2231/2223 2269/2269/2261 2253/2253/2245
f 2253/2253/2245 2232/2232/2224 2231/2231/2223
f 2267/2267/2259 2270/2270/2262 2266/2266/2258
f 2271/2271/2263 2272/2272/2264 2270/2270/2262
f 2266/2266/2258 2270/2270/2262 2272/2272/2264
f 2272/2272/2264 2273/2273/2265 2266/2266/2258
f 2265/2265/2257 2266/2266/2258 2273/2273/2265
f 2273/2273/2265 2274/2274/2266 2265/2265/2257
f 2264/2264/2256 2265/2265/2257 2274/2274/2266
f 2274/2274/2266 2275/2275/2267 2264/2264/2256
f 2263/2263/2255 2264/2264/2256 2275/2275/2267
f 2276/2276/2268 2263/2263/2255 2275/2275/2267
f 2262/2262/2254 2263/2263/2255 2276/2276/2268
f 2276/2276/2268 2277/2277/2269 2262/2262/2254
f 2261/2261/2253 2262/2262/2254 2277/2277/2269
f 2277/2277/2269 2278/2278/2270 2261/2261/2253
f 2279/2279/2271 2261/2261/2253 2278/2278/2270
f 2278/2278/2270 2280/2280/2272 2279/2279/2271
f 2281/2281/2273 2279/2279/2271 2280/2280/2272
f 2280/2280/2272 2282/2282/2274 2281/2281/2273
f 2283/2283/2275 2281/2281/2273 2282/2282/2274
f 2283/2283/2275 2284/2284/2276 2248/2248/2240
f 2248/2248/2240 2247/2247/2239 2283/2283/2275
f 2281/2281/2273 2283/2283/2275 2247/2247/2239
f 2247/2247/2239 2249/2249/2241 2281/2281/2273
f 2279/2279/2271 2281/2281/2273 2249/2249/2241
f 2249/2249/2241 2260/2260/2252 2279/2279/2271
f 2261/2261/2253 2279/2279/2271 2260/2260/2252
f 2260/2260/2252 2249/2249/2241 2250/2250/2242
f 2228/2228/2220 2285/2285/2277 2229/2229/2221
f 2238/2238/2230 2229/2229/2221 2285/2285/2277
f 2285/2285/2277 2286/2286/2278 2238/2238/2230
f 2236/2236/2228 2238/2238/2230 2286/2286/2278
f 2286/2286/2278 2287/2287/2279 2236/2236/2228
f 2234/2234/2226 2236/2236/2228 2287/2287/2279
f 2287/2287/2279 2288/2288/2280 2234/2234/2226
f 2230/2230/2222 2234/2234/2226 2288/2288/2280
f 2288/2288/2280 2289/2289/2281 2230/2230/2222
f 2231/2231/2223 2230/2230/2222 2289/2289/2281
f 2289/2289/2281 2290/2290/2282 2231/2231/2223
f 2269/2269/2261 2231/2231/2223 2290/2290/2282
f 2290/2290/2282 2291/2291/2283 2269/2269/2261
f 2291/2291/2283 2268/2268/2260 2269/2269/2261
f 2268/2268/2260 2291/2291/2283 2292/2292/2284
f 2292/2292/2284 2267/2267/2259 2268/2268/2260
f 2267/2267/2259 2292/2292/2284 2271/2271/2263
f 2270/2270/2262 2267/2267/2259 2271/2271/2263
f 2293/2293/2285 2294/2294/2286 2273/2273/2265
f 2273/2273/2265 2272/2272/2264 2293/2293/2285
f 2295/2295/2287 2293/2293/2285 2272/2272/2264
f 2272/2272/2264 2271/2271/2263 2295/2295/2287
f 2296/2296/2288 2295/2295/2287 2271/2271/2263
f 2297/2297/2289 2296/2296/2288 2271/2271/2263
f 2271/2271/2263 2292/2292/2284 2297/2297/2289
f 2297/2297/2289 2292/2292/2284 2291/2291/2283
f 2298/2298/2290 2299/2299/2291 2296/2296/2288
f 2295/2295/2287 2296/2296/2288 2299/2299/2291
f 2299/2299/2291 2300/2300/2292 2295/2295/2287
f 2293/2293/2285 2295/2295/2287 2300/2300/2292
f 2301/2301/2293 2302/2302/2294 2294/2294/2286
f 2294/2294/2286 2303/2303/2295 2301/2301/2293
f 2303/2303/2295 2294/2294/2286 2293/2293/2285
f 2293/2293/2285 2304/2304/2296 2303/2303/2295
f 2300/2300/2292 2304/2304/2296 2293/2293/2285
f 2304/2304/2296 2300/2300/2292 2305/2305/2297
f 2305/2305/2297 2300/2300/2292 2299/2299/2291
f 2299/2299/2291 2306/2306/2298 2305/2305/2297
f 2306/2306/2298 2299/2299/2291 2298/2298/2290
f 2298/2298/2290 2307/2307/2299 2306/2306/2298
f 2308/2308/2300 2306/2306/2298 2307/2307/2299
f 2305/2305/2297 2306/2306/2298 2308/2308/2300
f 2308/2308/2300 2309/2309/2301 2305/2305/2297
f 2304/2304/2296 2305/2305/2297 2309/2309/2301
f 2309/2309/2301 2310/2310/2302 2304/2304/2296
f 2303/2303/2295 2304/2304/2296 2310/2310/2302
f 2310/2310/2302 2311/2311/2303 2303/2303/2295
f 2301/2301/2293 2303/2303/2295 2311/2311/2303
f 2311/2311/2303 2312/2312/2304 2301/2301/2293
f 2313/2313/2305 2301/2301/2293 2312/2312/2304
f 2302/2302/2294 2301/2301/2293 2313/2313/2305
f 2313/2313/2305 2314/2314/2306 2302/2302/2294
f 2302/2302/2294 2314/2314/2306 2275/2275/2267
f 2275/2275/2267 2274/2274/2266 2302/2302/2294
f 2294/2294/2286 2302/2302/2294 2274/2274/2266
f 2274/2274/2266 2273/2273/2265 2294/2294/2286
f 2307/2307/2299 2315/2315/2307 2308/2308/2300
f 2316/2316/2308 2309/2309/2301 2308/2308/2300
f 2316/2316/2308 2308/2308/2300 2317/2317/2309
f 2317/2317/2309 2308/2308/2300 2315/2315/2307
f 2315/2315/2307 2318/2318/2310 2317/2317/2309
f 2319/2319/2311 2317/2317/2309 2318/2318/2310
f 2318/2318/2310 2320/2320/2312 2319/2319/2311
f 2321/2321/2313 2319/2319/2311 2320/2320/2312
f 2320/2320/2312 2322/2322/2314 2321/2321/2313
f 2319/2319/2311 2321/2321/2313 2323/2323/2315
f 2317/2317/2309 2319/2319/2311 2324/2324/2316
f 2323/2323/2315 2324/2324/2316 2319/2319/2311
f 2324/2324/2316 2323/2323/2315 2325/2325/2317
f 2326/2326/2318 2327/2327/2319 2328/2328/2320
f 2326/2326/2318 2328/2328/2320 2329/2329/2321
f 2330/2330/2322 2329/2329/2321 2328/2328/2320
f 2331/2331/2323 2329/2329/2321 2330/2330/2322
f 2330/2330/2322 2332/2332/2324 2331/2331/2323
f 2333/2333/2325 2331/2331/2323 2332/2332/2324
f 2332/2332/2324 2334/2334/2326 2333/2333/2325
f 2335/2335/2327 2333/2333/2325 2334/2334/2326
f 2334/2334/2326 2336/2336/2328 2335/2335/2327
f 2337/2337/2329 2335/2335/2327 2336/2336/2328
f 2336/2336/2328 2338/2338/2330 2337/2337/2329
f 2339/2339/2331 2337/2337/2329 2338/2338/2330
f 2338/2338/2330 2316/2316/2308 2339/2339/2331
f 2317/2317/2309 2339/2339/2331 2316/2316/2308
f 2340/2340/2332 2339/2339/2331 2317/2317/2309
f 2324/2324/2316 2340/2340/2332 2317/2317/2309
f 2340/2340/2332 2324/2324/2316 2341/2341/2333
f 2325/2325/2317 2341/2341/2333 2324/2324/2316
f 2330/2330/2322 2328/2328/2320 2327/2327/2319
f 2275/2275/2267 2342/2342/2334 2276/2276/2268
f 2342/2342/2334 2275/2275/2267 2314/2314/2306
f 2314/2314/2306 2343/2343/2335 2342/2342/2334
f 2344/2344/2336 2343/2343/2335 2314/2314/2306
f 2314/2314/2306 2313/2313/2305 2344/2344/2336
f 2327/2327/2319 2344/2344/2336 2313/2313/2305
f 2313/2313/2305 2345/2345/2337 2327/2327/2319
f 2327/2327/2319 2345/2345/2337 2330/2330/2322
f 2330/2330/2322 2345/2345/2337 2346/2346/2338
f 2346/2346/2338 2332/2332/2324 2330/2330/2322
f 2332/2332/2324 2346/2346/2338 2312/2312/2304
f 2312/2312/2304 2334/2334/2326 2332/2332/2324
f 2334/2334/2326 2312/2312/2304 2311/2311/2303
f 2311/2311/2303 2336/2336/2328 2334/2334/2326
f 2336/2336/2328 2311/2311/2303 2310/2310/2302
f 2310/2310/2302 2338/2338/2330 2336/2336/2328
f 2338/2338/2330 2310/2310/2302 2309/2309/2301
f 2309/2309/2301 2316/2316/2308 2338/2338/2330
f 2312/2312/2304 2346/2346/2338 2313/2313/2305
f 2346/2346/2338 2345/2345/2337 2313/2313/2305
f 2282/2282/2274 2347/2347/2339 2283/2283/2275
f 2284/2284/2276 2283/2283/2275 2347/2347/2339
f 2347/2347/2339 2348/2348/2340 2284/2284/2276
f 2349/2349/2341 2284/2284/2276 2348/2348/2340
f 2348/2348/2340 2350/2350/2342 2349/2349/2341
f 2351/2351/2343 2349/2349/2341 2350/2350/2342
f 2350/2350/2342 2352/2352/2344 2351/2351/2343
f 2353/2353/2345 2351/2351/2343 2352/2352/2344
f 2354/2354/2346 2353/2353/2345 2352/2352/2344
f 2353/2353/2345 2354/2354/2346 2355/2355/2347
f 2356/2356/2348 2355/2355/2347 2354/2354/2346
f 2355/2355/2347 2356/2356/2348 2357/2357/2349
f 2358/2358/2350 2357/2357/2349 2356/2356/2348
f 2356/2356/2348 2359/2359/2351 2358/2358/2350
f 2358/2358/2350 2359/2359/2351 2360/2360/2352
f 2360/2360/2352 2359/2359/2351 2361/2361/2353
f 2361/2361/2353 2362/2362/2354 2360/2360/2352
f 2363/2363/2355 2362/2362/2354 2361/2361/2353
f 2352/2352/2344 2364/2364/2356 2354/2354/2346
f 2365/2365/2357 2354/2354/2346 2364/2364/2356
f 2354/2354/2346 2365/2365/2357 2356/2356/2348
f 2359/2359/2351 2356/2356/2348 2365/2365/2357
f 2365/2365/2357 2361/2361/2353 2359/2359/2351
f 2361/2361/2353 2365/2365/2357 2366/2366/2358
f 2366/2366/2358 2367/2367/2359 2361/2361/2353
f 2361/2361/2353 2367/2367/2359 2363/2363/2355
f 2364/2364/2356 2366/2366/2358 2365/2365/2357
f 2368/2368/2360 2362/2362/2354 2363/2363/2355
f 2363/2363/2355 2369/2369/2361 2368/2368/2360
f 2370/2370/2362 2368/2368/2360 2369/2369/2361
f 2370/2370/2362 2369/2369/2361 2371/2371/2363
f 2372/2372/2364 2370/2370/2362 2371/2371/2363
f 2371/2371/2363 2373/2373/2365 2372/2372/2364
f 2374/2374/2366 2372/2372/2364 2373/2373/2365
f 2373/2373/2365 2375/2375/2367 2374/2374/2366
f 2376/2376/2368 2374/2374/2366 2375/2375/2367
f 2375/2375/2367 2377/2377/2369 2376/2376/2368
f 2376/2376/2368 2377/2377/2369 2378/2378/2370
f 2378/2378/2370 2379/2379/2371 2376/2376/2368
f 2329/2329/2321 2379/2379/2371 2378/2378/2370
f 2379/2379/2371 2329/2329/2321 2380/2380/2372
f 2381/2381/2373 2380/2380/2372 2329/2329/2321
f 2382/2382/2374 2380/2380/2372 2381/2381/2373
f 2381/2381/2373 2383/2383/2375 2382/2382/2374
f 2384/2384/2376 2382/2382/2374 2383/2383/2375
f 2329/2329/2321 2378/2378/2370 2326/2326/2318
f 2341/2341/2333 2325/2325/2317 2385/2385/2377
f 2385/2385/2377 2386/2386/2378 2341/2341/2333
f 2386/2386/2378 2385/2385/2377 2387/2387/2379
f 2387/2387/2379 2388/2388/2380 2386/2386/2378
f 2388/2388/2380 2387/2387/2379 2389/2389/2381
f 2389/2389/2381 2390/2390/2382 2388/2388/2380
f 2391/2391/2383 2388/2388/2380 2390/2390/2382
f 2390/2390/2382 2383/2383/2375 2391/2391/2383
f 2392/2392/2384 2391/2391/2383 2383/2383/2375
f 2383/2383/2375 2381/2381/2373 2392/2392/2384
f 2392/2392/2384 2381/2381/2373 2331/2331/2323
f 2329/2329/2321 2331/2331/2323 2381/2381/2373
f 2391/2391/2383 2392/2392/2384 2393/2393/2385
f 2388/2388/2380 2391/2391/2383 2393/2393/2385
f 2393/2393/2385 2386/2386/2378 2388/2388/2380
f 2386/2386/2378 2393/2393/2385 2394/2394/2386
f 2394/2394/2386 2341/2341/2333 2386/2386/2378
f 2341/2341/2333 2394/2394/2386 2340/2340/2332
f 2339/2339/2331 2340/2340/2332 2394/2394/2386
f 2394/2394/2386 2337/2337/2329 2339/2339/2331
f 2337/2337/2329 2394/2394/2386 2393/2393/2385
f 2393/2393/2385 2335/2335/2327 2337/2337/2329
f 2333/2333/2325 2335/2335/2327 2393/2393/2385
f 2393/2393/2385 2392/2392/2384 2333/2333/2325
f 2331/2331/2323 2333/2333/2325 2392/2392/2384
f 2383/2383/2375 2390/2390/2382 2384/2384/2376
f 2395/2395/2387 2384/2384/2376 2390/2390/2382
f 2390/2390/2382 2389/2389/2381 2395/2395/2387
f 2396/2396/2388 2395/2395/2387 2389/2389/2381
f 2389/2389/2381 2397/2397/2389 2396/2396/2388
f 2397/2397/2389 2389/2389/2381 2387/2387/2379
f 2387/2387/2379 2398/2398/2390 2397/2397/2389
f 2398/2398/2390 2387/2387/2379 2385/2385/2377
f 2385/2385/2377 2399/2399/2391 2398/2398/2390
f 2399/2399/2391 2385/2385/2377 2400/2400/2392
f 2400/2400/2392 2385/2385/2377 2401/2401/2393
f 2401/2401/2393 2385/2385/2377 2325/2325/2317
f 2325/2325/2317 2402/2402/2394 2401/2401/2393
f 2402/2402/2394 2325/2325/2317 2403/2403/2395
f 2403/2403/2395 2325/2325/2317 2323/2323/2315
f 2323/2323/2315 2404/2404/2396 2403/2403/2395
f 2404/2404/2396 2323/2323/2315 2321/2321/2313
f 2321/2321/2313 2405/2405/2397 2404/2404/2396
f 2405/2405/2397 2321/2321/2313 2322/2322/2314
f 2322/2322/2314 2406/2406/2398 2405/2405/2397
f 2406/2406/2398 2322/2322/2314 2407/2407/2399
f 2407/2407/2399 2408/2408/2400 2406/2406/2398
f 2291/2291/2283 2409/2409/2401 2297/2297/2289
f 2410/2410/2402 2297/2297/2289 2409/2409/2401
f 2296/2296/2288 2297/2297/2289 2410/2410/2402
f 2410/2410/2402 2411/2411/2403 2296/2296/2288
f 2296/2296/2288 2411/2411/2403 2298/2298/2290
f 2412/2412/2404 2298/2298/2290 2411/2411/2403
f 2307/2307/2299 2298/2298/2290 2412/2412/2404
f 2412/2412/2404 2413/2413/2405 2307/2307/2299
f 2315/2315/2307 2307/2307/2299 2413/2413/2405
f 2413/2413/2405 2414/2414/2406 2315/2315/2307
f 2318/2318/2310 2315/2315/2307 2414/2414/2406
f 2414/2414/2406 2415/2415/2407 2318/2318/2310
f 2320/2320/2312 2318/2318/2310 2415/2415/2407
f 2415/2415/2407 2416/2416/2408 2320/2320/2312
f 2322/2322/2314 2320/2320/2312 2416/2416/2408
f 2416/2416/2408 2407/2407/2399 2322/2322/2314
f 2407/2407/2399 2416/2416/2408 2417/2417/2409
f 2417/2417/2409 2418/2418/2410 2407/2407/2399
f 2419/2419/2411 2407/2407/2399 2418/2418/2410
f 2409/2409/2401 2420/2420/2412 2421/2421/2413
f 2421/2421/2413 2422/2422/2414 2409/2409/2401
f 2409/2409/2401 2422/2422/2414 2410/2410/2402
f 2423/2423/2415 2410/2410/2402 2422/2422/2414
f 2411/2411/2403 2410/2410/2402 2423/2423/2415
f 2423/2423/2415 2424/2424/2416 2411/2411/2403
f 2411/2411/2403 2424/2424/2416 2412/2412/2404
f 2425/2425/2417 2412/2412/2404 2424/2424/2416
f 2412/2412/2404 2425/2425/2417 2426/2426/2418
f 2426/2426/2418 2413/2413/2405 2412/2412/2404
f 2414/2414/2406 2413/2413/2405 2426/2426/2418
f 2426/2426/2418 2427/2427/2419 2414/2414/2406
f 2415/2415/2407 2414/2414/2406 2427/2427/2419
f 2427/2427/2419 2428/2428/2420 2415/2415/2407
f 2416/2416/2408 2415/2415/2407 2428/2428/2420
f 2428/2428/2420 2417/2417/2409 2416/2416/2408
f 2429/2429/2421 2430/2430/2422 2431/2431/2423
f 2431/2431/2423 2432/2432/2424 2429/2429/2421
f 2433/2433/2425 2429/2429/2421 2432/2432/2424
f 2432/2432/2424 2434/2434/2426 2433/2433/2425
f 2435/2435/2427 2433/2433/2425 2434/2434/2426
f 2434/2434/2426 2436/2436/2428 2435/2435/2427
f 2437/2437/2429 2435/2435/2427 2436/2436/2428
f 2436/2436/2428 2438/2438/2430 2437/2437/2429
f 2439/2439/2431 2437/2437/2429 2438/2438/2430
f 2438/2438/2430 2440/2440/2432 2439/2439/2431
f 2441/2441/2433 2439/2439/2431 2440/2440/2432
f 2440/2440/2432 2442/2442/2434 2441/2441/2433
f 2421/2421/2413 2441/2441/2433 2442/2442/2434
f 2442/2442/2434 2443/2443/2435 2421/2421/2413
f 2422/2422/2414 2421/2421/2413 2443/2443/2435
f 2443/2443/2435 2444/2444/2436 2422/2422/2414
f 2422/2422/2414 2444/2444/2436 2423/2423/2415
f 2445/2445/2437 2423/2423/2415 2444/2444/2436
f 2424/2424/2416 2423/2423/2415 2445/2445/2437
f 2424/2424/2416 2445/2445/2437 2425/2425/2417
f 2446/2446/2438 2447/2447/2439 2448/2448/2440
f 2448/2448/2440 2431/2431/2423 2446/2446/2438
f 2432/2432/2424 2431/2431/2423 2448/2448/2440
f 2448/2448/2440 2449/2449/2441 2432/2432/2424
f 2434/2434/2426 2432/2432/2424 2449/2449/2441
f 2449/2449/2441 2450/2450/2442 2434/2434/2426
f 2436/2436/2428 2434/2434/2426 2450/2450/2442
f 2450/2450/2442 2451/2451/2443 2436/2436/2428
f 2438/2438/2430 2436/2436/2428 2451/2451/2443
f 2451/2451/2443 2452/2452/2444 2438/2438/2430
f 2440/2440/2432 2438/2438/2430 2452/2452/2444
f 2452/2452/2444 2453/2453/2445 2440/2440/2432
f 2442/2442/2434 2440/2440/2432 2453/2453/2445
f 2453/2453/2445 2454/2454/2446 2442/2442/2434
f 2443/2443/2435 2442/2442/2434 2454/2454/2446
f 2454/2454/2446 2455/2455/2447 2443/2443/2435
f 2444/2444/2436 2443/2443/2435 2455/2455/2447
f 2455/2455/2447 2456/2456/2448 2444/2444/2436
f 2444/2444/2436 2456/2456/2448 2445/2445/2437
f 2457/2457/2449 2458/2458/2450 2431/2431/2423
f 2431/2431/2423 2430/2430/2422 2457/2457/2449
f 2459/2459/2451 2457/2457/2449 2430/2430/2422
f 2430/2430/2422 2460/2460/2452 2459/2459/2451
f 2461/2461/2453 2460/2460/2452 2430/2430/2422
f 2430/2430/2422 2429/2429/2421 2461/2461/2453
f 2462/2462/2454 2461/2461/2453 2429/2429/2421
f 2429/2429/2421 2433/2433/2425 2462/2462/2454
f 2463/2463/2455 2462/2462/2454 2433/2433/2425
f 2433/2433/2425 2435/2435/2427 2463/2463/2455
f 2464/2464/2456 2463/2463/2455 2435/2435/2427
f 2435/2435/2427 2437/2437/2429 2464/2464/2456
f 2465/2465/2457 2464/2464/2456 2437/2437/2429
f 2437/2437/2429 2439/2439/2431 2465/2465/2457
f 2466/2466/2458 2465/2465/2457 2439/2439/2431
f 2439/2439/2431 2441/2441/2433 2466/2466/2458
f 2420/2420/2412 2466/2466/2458 2441/2441/2433
f 2441/2441/2433 2421/2421/2413 2420/2420/2412
f 2225/2225/2217 2467/2467/2459 2226/2226/2218
f 2460/2460/2452 2226/2226/2218 2467/2467/2459
f 2228/2228/2220 2226/2226/2218 2460/2460/2452
f 2460/2460/2452 2461/2461/2453 2228/2228/2220
f 2285/2285/2277 2228/2228/2220 2461/2461/2453
f 2461/2461/2453 2462/2462/2454 2285/2285/2277
f 2286/2286/2278 2285/2285/2277 2462/2462/2454
f 2462/2462/2454 2463/2463/2455 2286/2286/2278
f 2287/2287/2279 2286/2286/2278 2463/2463/2455
f 2463/2463/2455 2464/2464/2456 2287/2287/2279
f 2288/2288/2280 2287/2287/2279 2464/2464/2456
f 2464/2464/2456 2465/2465/2457 2288/2288/2280
f 2289/2289/2281 2288/2288/2280 2465/2465/2457
f 2465/2465/2457 2466/2466/2458 2289/2289/2281
f 2290/2290/2282 2289/2289/2281 2466/2466/2458
f 2466/2466/2458 2420/2420/2412 2290/2290/2282
f 2291/2291/2283 2290/2290/2282 2420/2420/2412
f 2420/2420/2412 2409/2409/2401 2291/2291/2283
f 2467/2467/2459 2468/2468/2460 2460/2460/2452
f 2469/2469/2461 2470/2470/2462 2471/2471/2463
f 2472/2472/2464 2470/2470/2462 2469/2469/2461
f 2469/2469/2461 2473/2473/2465 2472/2472/2464
f 2473/2473/2465 2474/2474/2466 2472/2472/2464
f 2475/2475/2467 2474/2474/2466 2473/2473/2465
f 2473/2473/2465 2476/2476/2468 2475/2475/2467
f 2477/2477/2469 2476/2476/2468 2473/2473/2465
f 2476/2476/2468 2477/2477/2469 2478/2478/2470
f 2478/2478/2470 2477/2477/2469 2479/2479/2471
f 2479/2479/2471 2480/2480/2472 2478/2478/2470
f 2481/2481/2473 2480/2480/2472 2479/2479/2471
f 2479/2479/2471 2482/2482/2474 2481/2481/2473
f 2482/2482/2474 2479/2479/2471 2483/2483/2475
f 2483/2483/2475 2484/2484/2476 2482/2482/2474
f 2484/2484/2476 2483/2483/2475 2485/2485/2477
f 2485/2485/2477 2486/2486/2478 2484/2484/2476
f 2486/2486/2478 2485/2485/2477 2487/2487/2479
f 2487/2487/2479 2485/2485/2477 2488/2488/2480
f 2487/2487/2479 2489/2489/2481 2486/2486/2478
f 2488/2488/2480 2490/2490/2482 2487/2487/2479
f 2491/2491/2483 2490/2490/2482 2488/2488/2480
f 2490/2490/2482 2491/2491/2483 2492/2492/2484
f 2492/2492/2484 2491/2491/2483 2493/2493/2485
f 2493/2493/2485 2494/2494/2486 2492/2492/2484
f 2494/2494/2486 2495/2495/2487 2492/2492/2484
f 2492/2492/2484 2495/2495/2487 2496/2496/2488
f 2496/2496/2488 2490/2490/2482 2492/2492/2484
f 2490/2490/2482 2496/2496/2488 2497/2497/2489
f 2497/2497/2489 2487/2487/2479 2490/2490/2482
f 2498/2498/2490 2487/2487/2479 2497/2497/2489
f 2497/2497/2489 2499/2499/2491 2498/2498/2490
f 2483/2483/2475 2479/2479/2471 2477/2477/2469
f 2477/2477/2469 2500/2500/2492 2483/2483/2475
f 2485/2485/2477 2483/2483/2475 2500/2500/2492
f 2500/2500/2492 2488/2488/2480 2485/2485/2477
f 2469/2469/2461 2488/2488/2480 2500/2500/2492
f 2488/2488/2480 2469/2469/2461 2491/2491/2483
f 2491/2491/2483 2469/2469/2461 2471/2471/2463
f 2471/2471/2463 2501/2501/2493 2491/2491/2483
f 2491/2491/2483 2501/2501/2493 2493/2493/2485
f 2500/2500/2492 2473/2473/2465 2469/2469/2461
f 2473/2473/2465 2500/2500/2492 2477/2477/2469
f 2502/2502/2494 2503/2503/2495 2504/2504/2496
f 2504/2504/2496 2505/2505/2497 2502/2502/2494
f 2506/2506/2498 2502/2502/2494 2505/2505/2497
f 2505/2505/2497 2507/2507/2499 2506/2506/2498
f 2508/2508/2500 2506/2506/2498 2507/2507/2499
f 2507/2507/2499 2509/2509/2501 2508/2508/2500
f 2510/2510/2502 2508/2508/2500 2509/2509/2501
f 2509/2509/2501 2511/2511/2503 2510/2510/2502
f 2512/2512/2504 2510/2510/2502 2511/2511/2503
f 2511/2511/2503 2513/2513/2505 2512/2512/2504
f 2514/2514/2506 2512/2512/2504 2513/2513/2505
f 2513/2513/2505 2515/2515/2507 2514/2514/2506
f 2516/2516/2508 2514/2514/2506 2515/2515/2507
f 2515/2515/2507 2517/2517/2509 2516/2516/2508
f 2518/2518/2510 2516/2516/2508 2517/2517/2509
f 2517/2517/2509 2519/2519/2511 2518/2518/2510
f 2520/2520/2512 2518/2518/2510 2519/2519/2511
f 2519/2519/2511 2521/2521/2513 2520/2520/2512
f 2522/2522/2514 2515/2515/2507 2513/2513/2505
f 2515/2515/2507 2522/2522/2514 2523/2523/2515
f 2523/2523/2515 2517/2517/2509 2515/2515/2507
f 2517/2517/2509 2523/2523/2515 2524/2524/2516
f 2524/2524/2516 2519/2519/2511 2517/2517/2509
f 2525/2525/2517 2521/2521/2513 2519/2519/2511
f 2519/2519/2511 2524/2524/2516 2525/2525/2517
f 2525/2525/2517 2524/2524/2516 2526/2526/2518
f 2524/2524/2516 2527/2527/2519 2526/2526/2518
f 2528/2528/2520 2527/2527/2519 2524/2524/2516
f 2524/2524/2516 2523/2523/2515 2528/2528/2520
f 2523/2523/2515 2529/2529/2521 2528/2528/2520
f 2530/2530/2522 2529/2529/2521 2523/2523/2515
f 2523/2523/2515 2522/2522/2514 2530/2530/2522
f 2522/2522/2514 2531/2531/2523 2530/2530/2522
f 2532/2532/2524 2531/2531/2523 2522/2522/2514
f 2522/2522/2514 2533/2533/2525 2532/2532/2524
f 2533/2533/2525 2534/2534/2526 2532/2532/2524
f 2535/2535/2527 2534/2534/2526 2533/2533/2525
f 2533/2533/2525 2536/2536/2528 2535/2535/2527
f 2536/2536/2528 2537/2537/2529 2535/2535/2527
f 2538/2538/2530 2537/2537/2529 2536/2536/2528
f 2536/2536/2528 2539/2539/2531 2538/2538/2530
f 2526/2526/2518 2540/2540/2532 2525/2525/2517
f 2525/2525/2517 2540/2540/2532 2541/2541/2533
f 2542/2542/2534 2538/2538/2530 2539/2539/2531
f 2539/2539/2531 2543/2543/2535 2542/2542/2534
f 2544/2544/2536 2542/2542/2534 2543/2543/2535
f 2543/2543/2535 2545/2545/2537 2544/2544/2536
f 2546/2546/2538 2544/2544/2536 2545/2545/2537
f 2545/2545/2537 2547/2547/2539 2546/2546/2538
f 2548/2548/2540 2546/2546/2538 2547/2547/2539
f 2547/2547/2539 2549/2549/2541 2548/2548/2540
f 2548/2548/2540 2549/2549/2541 2550/2550/2542
f 2550/2550/2542 2549/2549/2541 2551/2551/2543
f 2551/2551/2543 2552/2552/2544 2550/2550/2542
f 2552/2552/2544 2551/2551/2543 2553/2553/2545
f 2553/2553/2545 2554/2554/2546 2552/2552/2544
f 2555/2555/2547 2554/2554/2546 2553/2553/2545
f 2554/2554/2546 2555/2555/2547 2556/2556/2548
f 2556/2556/2548 2557/2557/2549 2554/2554/2546
f 2554/2554/2546 2557/2557/2549 2558/2558/2550
f 2558/2558/2550 2552/2552/2544 2554/2554/2546
f 2546/2546/2538 2548/2548/2540 2559/2559/2551
f 2552/2552/2544 2558/2558/2550 2560/2560/2552
f 2560/2560/2552 2550/2550/2542 2552/2552/2544
f 2561/2561/2553 2550/2550/2542 2560/2560/2552
f 2550/2550/2542 2561/2561/2553 2548/2548/2540
f 2548/2548/2540 2561/2561/2553 2562/2562/2554
f 2562/2562/2554 2559/2559/2551 2548/2548/2540
f 2559/2559/2551 2562/2562/2554 2563/2563/2555
f 2563/2563/2555 2564/2564/2556 2559/2559/2551
f 2559/2559/2551 2564/2564/2556 2546/2546/2538
f 2546/2546/2538 2564/2564/2556 2565/2565/2557
f 2560/2560/2552 2566/2566/2558 2561/2561/2553
f 2562/2562/2554 2561/2561/2553 2566/2566/2558
f 2563/2563/2555 2562/2562/2554 2566/2566/2558
f 2503/2503/2495 2502/2502/2494 2567/2567/2559
f 2567/2567/2559 2568/2568/2560 2503/2503/2495
f 2553/2553/2545 2503/2503/2495 2568/2568/2560
f 2504/2504/2496 2503/2503/2495 2553/2553/2545
f 2553/2553/2545 2551/2551/2543 2504/2504/2496
f 2504/2504/2496 2551/2551/2543 2549/2549/2541
f 2549/2549/2541 2547/2547/2539 2504/2504/2496
f 2504/2504/2496 2547/2547/2539 2545/2545/2537
f 2545/2545/2537 2505/2505/2497 2504/2504/2496
f 2505/2505/2497 2545/2545/2537 2543/2543/2535
f 2543/2543/2535 2507/2507/2499 2505/2505/2497
f 2507/2507/2499 2543/2543/2535 2539/2539/2531
f 2539/2539/2531 2509/2509/2501 2507/2507/2499
f 2509/2509/2501 2539/2539/2531 2536/2536/2528
f 2536/2536/2528 2511/2511/2503 2509/2509/2501
f 2511/2511/2503 2536/2536/2528 2533/2533/2525
f 2533/2533/2525 2513/2513/2505 2511/2511/2503
f 2513/2513/2505 2533/2533/2525 2522/2522/2514
f 2568/2568/2560 2569/2569/2561 2553/2553/2545
f 2553/2553/2545 2569/2569/2561 2555/2555/2547
f 2570/2570/2562 2571/2571/2563 2572/2572/2564
f 2570/2570/2562 2572/2572/2564 2573/2573/2565
f 2570/2570/2562 2573/2573/2565 2574/2574/2566
f 2570/2570/2562 2574/2574/2566 2575/2575/2567
f 2570/2570/2562 2575/2575/2567 2576/2576/2568
f 2570/2570/2562 2576/2576/2568 2577/2577/2569
f 2570/2570/2562 2577/2577/2569 2578/2578/2570
f 2578/2578/2570 2579/2579/2571 2570/2570/2562
f 2580/2580/2572 2570/2570/2562 2579/2579/2571
f 2570/2570/2562 2580/2580/2572 2581/2581/2573
f 2570/2570/2562 2581/2581/2573 2582/2582/2574
f 2570/2570/2562 2582/2582/2574 2583/2583/2575
f 2570/2570/2562 2583/2583/2575 2584/2584/2576
f 2570/2570/2562 2584/2584/2576 2585/2585/2577
f 2570/2570/2562 2585/2585/2577 2586/2586/2578
f 2570/2570/2562 2586/2586/2578 2587/2587/2579
f 2570/2570/2562 2587/2587/2579 2588/2588/2580
f 2570/2570/2562 2588/2588/2580 2589/2589/2581
f 2570/2570/2562 2589/2589/2581 2590/2590/2582
f 2570/2570/2562 2590/2590/2582 2571/2571/2563
f 2591/2591/2583 2592/2592/2584 2593/2593/2585
f 2593/2593/2585 2592/2592/2584 2594/2594/2586
f 2594/2594/2586 2595/2595/2587 2593/2593/2585
f 2595/2595/2587 2594/2594/2586 2596/2596/2588
f 2596/2596/2588 2597/2597/2589 2595/2595/2587
f 2597/2597/2589 2596/2596/2588 2598/2598/2590
f 2598/2598/2590 2599/2599/2591 2597/2597/2589
f 2599/2599/2591 2598/2598/2590 2600/2600/2592
f 2600/2600/2592 2601/2601/2593 2599/2599/2591
f 2601/2601/2593 2600/2600/2592 2602/2602/2594
f 2602/2602/2594 2603/2603/2595 2601/2601/2593
f 2603/2603/2595 2602/2602/2594 2604/2604/2596
f 2604/2604/2596 2605/2605/2597 2603/2603/2595
f 2605/2605/2597 2604/2604/2596 2606/2606/2598
f 2606/2606/2598 2607/2607/2599 2605/2605/2597
f 2608/2608/2600 2607/2607/2599 2606/2606/2598
f 2609/2609/2601 2607/2607/2599 2608/2608/2600
f 2608/2608/2600 2610/2610/2602 2609/2609/2601
f 2611/2611/2603 2612/2612/2604 2591/2591/2583
f 2591/2591/2583 2613/2613/2605 2611/2611/2603
f 2593/2593/2585 2613/2613/2605 2591/2591/2583
f 2609/2609/2601 2613/2613/2605 2593/2593/2585
f 2609/2609/2601 2593/2593/2585 2595/2595/2587
f 2609/2609/2601 2595/2595/2587 2597/2597/2589
f 2609/2609/2601 2597/2597/2589 2599/2599/2591
f 2609/2609/2601 2599/2599/2591 2601/2601/2593
f 2609/2609/2601 2601/2601/2593 2603/2603/2595
f 2603/2603/2595 2605/2605/2597 2609/2609/2601
f 2607/2607/2599 2609/2609/2601 2605/2605/2597
f 2614/2614/2606 2615/2615/2607 2609/2609/2601
f 2609/2609/2601 2615/2615/2607 2611/2611/2603
f 2613/2613/2605 2609/2609/2601 2611/2611/2603
f 2616/2616/2608 2617/2617/2609 2609/2609/2601
f 2618/2618/2610 2616/2616/2608 2609/2609/2601
f 2618/2618/2610 2609/2609/2601 2619/2619/2611
f 2609/2609/2601 2610/2610/2602 2619/2619/2611
f 2619/2619/2611 2610/2610/2602 2620/2620/2612
f 2620/2620/2612 2621/2621/2613 2619/2619/2611
f 2618/2618/2610 2619/2619/2611 2621/2621/2613
f 2621/2621/2613 2622/2622/2614 2618/2618/2610
f 2618/2618/2610 2622/2622/2614 2623/2623/2615
f 2623/2623/2615 2616/2616/2608 2618/2618/2610
f 2616/2616/2608 2623/2623/2615 2624/2624/2616
f 2624/2624/2616 2617/2617/2609 2616/2616/2608
f 2625/2625/2617 2617/2617/2609 2624/2624/2616
f 2609/2609/2601 2617/2617/2609 2625/2625/2617
f 2626/2626/2618 2609/2609/2601 2625/2625/2617
f 2609/2609/2601 2626/2626/2618 2614/2614/2606
f 2627/2627/2619 2614/2614/2606 2626/2626/2618
f 2614/2614/2606 2627/2627/2619 2628/2628/2620
f 2628/2628/2620 2615/2615/2607 2614/2614/2606
f 2615/2615/2607 2628/2628/2620 2612/2612/2604
f 2612/2612/2604 2611/2611/2603 2615/2615/2607
f 2624/2624/2616 2629/2629/2621 2625/2625/2617
f 2625/2625/2617 2629/2629/2621 2630/2630/2622
f 2630/2630/2622 2626/2626/2618 2625/2625/2617
f 2626/2626/2618 2630/2630/2622 2627/2627/2619
f 2631/2631/2623 2632/2632/2624 2633/2633/2625
f 2631/2631/2623 2633/2633/2625 2634/2634/2626
f 2631/2631/2623 2634/2634/2626 2635/2635/2627
f 2631/2631/2623 2635/2635/2627 2636/2636/2628
f 2631/2631/2623 2636/2636/2628 2637/2637/2629
f 2631/2631/2623 2637/2637/2629 2638/2638/2630
f 2631/2631/2623 2638/2638/2630 2639/2639/2631
f 2631/2631/2623 2639/2639/2631 2640/2640/2632
f 2640/2640/2632 2641/2641/2633 2631/2631/2623
f 2642/2642/2634 2631/2631/2623 2641/2641/2633
f 2631/2631/2623 2642/2642/2634 2643/2643/2635
f 2631/2631/2623 2643/2643/2635 2644/2644/2636
f 2631/2631/2623 2644/2644/2636 2645/2645/2637
f 2631/2631/2623 2645/2645/2637 2646/2646/2638
f 2631/2631/2623 2646/2646/2638 2647/2647/2639
f 2631/2631/2623 2647/2647/2639 2648/2648/2640
f 2631/2631/2623 2648/2648/2640 2649/2649/2641
f 2631/2631/2623 2649/2649/2641 2650/2650/2642
f 2631/2631/2623 2650/2650/2642 2651/2651/2643
f 2631/2631/2623 2651/2651/2643 2632/2632/2624
f 2652/2652/2644 2653/2653/2645 2654/2654/2646
f 2654/2654/2646 2655/2655/2647 2652/2652/2644
f 2655/2655/2647 2654/2654/2646 2656/2656/2648
f 2656/2656/2648 2657/2657/2649 2655/2655/2647
f 2657/2657/2649 2656/2656/2648 2658/2658/2650
f 2658/2658/2650 2659/2659/2651 2657/2657/2649
f 2659/2659/2651 2658/2658/2650 2660/2660/2652
f 2660/2660/2652 2661/2661/2653 2659/2659/2651
f 2662/2662/2654 2661/2661/2653 2660/2660/2652
f 2660/2660/2652 2663/2663/2655 2662/2662/2654
f 2664/2664/2656 2662/2662/2654 2663/2663/2655
f 2663/2663/2655 2665/2665/2657 2664/2664/2656
f 2664/2664/2656 2665/2665/2657 2666/2666/2658
f 2667/2667/2659 2666/2666/2658 2665/2665/2657
f 2668/2668/2660 2666/2666/2658 2667/2667/2659
f 2667/2667/2659 2669/2669/2661 2668/2668/2660
f 2668/2668/2660 2669/2669/2661 2670/2670/2662
f 2671/2671/2663 2670/2670/2662 2669/2669/2661
f 2652/2652/2644 2672/2672/2664 2673/2673/2665
f 2673/2673/2665 2653/2653/2645 2652/2652/2644
f 2653/2653/2645 2673/2673/2665 2667/2667/2659
f 2667/2667/2659 2654/2654/2646 2653/2653/2645
f 2654/2654/2646 2667/2667/2659 2656/2656/2648
f 2667/2667/2659 2658/2658/2650 2656/2656/2648
f 2660/2660/2652 2658/2658/2650 2667/2667/2659
f 2660/2660/2652 2667/2667/2659 2663/2663/2655
f 2663/2663/2655 2667/2667/2659 2665/2665/2657
f 2674/2674/2666 2675/2675/2667 2667/2667/2659
f 2667/2667/2659 2675/2675/2667 2676/2676/2668
f 2669/2669/2661 2667/2667/2659 2676/2676/2668
f 2677/2677/2669 2667/2667/2659 2673/2673/2665
f 2667/2667/2659 2677/2677/2669 2678/2678/2670
f 2667/2667/2659 2678/2678/2670 2679/2679/2671
f 2667/2667/2659 2679/2679/2671 2680/2680/2672
f 2669/2669/2661 2676/2676/2668 2671/2671/2663
f 2681/2681/2673 2671/2671/2663 2676/2676/2668
f 2676/2676/2668 2675/2675/2667 2681/2681/2673
f 2682/2682/2674 2681/2681/2673 2675/2675/2667
f 2675/2675/2667 2674/2674/2666 2682/2682/2674
f 2682/2682/2674 2674/2674/2666 2683/2683/2675
f 2667/2667/2659 2683/2683/2675 2674/2674/2666
f 2667/2667/2659 2684/2684/2676 2683/2683/2675
f 2667/2667/2659 2680/2680/2672 2684/2684/2676
f 2684/2684/2676 2680/2680/2672 2685/2685/2677
f 2686/2686/2678 2685/2685/2677 2680/2680/2672
f 2680/2680/2672 2679/2679/2671 2686/2686/2678
f 2687/2687/2679 2686/2686/2678 2679/2679/2671
f 2679/2679/2671 2678/2678/2670 2687/2687/2679
f 2688/2688/2680 2687/2687/2679 2678/2678/2670
f 2678/2678/2670 2677/2677/2669 2688/2688/2680
f 2672/2672/2664 2688/2688/2680 2677/2677/2669
f 2677/2677/2669 2673/2673/2665 2672/2672/2664
f 2683/2683/2675 2689/2689/2681 2682/2682/2674
f 2690/2690/2682 2689/2689/2681 2683/2683/2675
f 2683/2683/2675 2684/2684/2676 2690/2690/2682
f 2685/2685/2677 2690/2690/2682 2684/2684/2676
f 2691/2691/2683 2692/2692/2684 2693/2693/2685
f 2693/2693/2685 2694/2694/2686 2691/2691/2683
f 2694/2694/2686 2693/2693/2685 2695/2695/2687
f 2695/2695/2687 2696/2696/2688 2694/2694/2686
f 2696/2696/2688 2695/2695/2687 2697/2697/2689
f 2697/2697/2689 2698/2698/2690 2696/2696/2688
f 2698/2698/2690 2697/2697/2689 2699/2699/2691
f 2699/2699/2691 2700/2700/2692 2698/2698/2690
f 2700/2700/2692 2699/2699/2691 2701/2701/2693
f 2701/2701/2693 2702/2702/2694 2700/2700/2692
f 2702/2702/2694 2701/2701/2693 2703/2703/2695
f 2703/2703/2695 2704/2704/2696 2702/2702/2694
f 2704/2704/2696 2703/2703/2695 2705/2705/2697
f 2705/2705/2697 2706/2706/2698 2704/2704/2696
f 2706/2706/2698 2705/2705/2697 2707/2707/2699
f 2707/2707/2699 2708/2708/2700 2706/2706/2698
f 2708/2708/2700 2707/2707/2699 2709/2709/2701
f 2709/2709/2701 2710/2710/2702 2708/2708/2700
f 2711/2711/2703 2695/2695/2687 2693/2693/2685
f 2695/2695/2687 2711/2711/2703 2712/2712/2704
f 2712/2712/2704 2697/2697/2689 2695/2695/2687
f 2697/2697/2689 2712/2712/2704 2713/2713/2705
f 2713/2713/2705 2699/2699/2691 2697/2697/2689
f 2699/2699/2691 2713/2713/2705 2714/2714/2706
f 2714/2714/2706 2701/2701/2693 2699/2699/2691
f 2713/2713/2705 2712/2712/2704 2715/2715/2707
f 2715/2715/2707 2712/2712/2704 2711/2711/2703
f 2711/2711/2703 2716/2716/2708 2715/2715/2707
f 2717/2717/2709 2716/2716/2708 2718/2718/2710
f 2718/2718/2710 2716/2716/2708 2711/2711/2703
f 2711/2711/2703 2719/2719/2711 2718/2718/2710
f 2693/2693/2685 2719/2719/2711 2711/2711/2703
f 2719/2719/2711 2693/2693/2685 2692/2692/2684
f 2692/2692/2684 2720/2720/2712 2719/2719/2711
f 2720/2720/2712 2692/2692/2684 2721/2721/2713
f 2721/2721/2713 2722/2722/2714 2720/2720/2712
f 2720/2720/2712 2722/2722/2714 2723/2723/2715
f 2724/2724/2716 2723/2723/2715 2722/2722/2714
f 2723/2723/2715 2724/2724/2716 2725/2725/2717
f 2726/2726/2718 2725/2725/2717 2724/2724/2716
f 2725/2725/2717 2726/2726/2718 2727/2727/2719
f 2727/2727/2719 2726/2726/2718 2728/2728/2720
f 2728/2728/2720 2729/2729/2721 2727/2727/2719
f 2730/2730/2722 2729/2729/2721 2728/2728/2720
f 2731/2731/2723 2729/2729/2721 2730/2730/2722
f 2730/2730/2722 2732/2732/2724 2731/2731/2723
f 2725/2725/2717 2733/2733/2725 2723/2723/2715
f 2734/2734/2726 2735/2735/2727 2717/2717/2709
f 2717/2717/2709 2736/2736/2728 2734/2734/2726
f 2737/2737/2729 2734/2734/2726 2736/2736/2728
f 2736/2736/2728 2738/2738/2730 2737/2737/2729
f 2733/2733/2725 2737/2737/2729 2738/2738/2730
f 2738/2738/2730 2723/2723/2715 2733/2733/2725
f 2723/2723/2715 2738/2738/2730 2739/2739/2731
f 2723/2723/2715 2739/2739/2731 2720/2720/2712
f 2720/2720/2712 2739/2739/2731 2718/2718/2710
f 2718/2718/2710 2719/2719/2711 2720/2720/2712
f 2718/2718/2710 2739/2739/2731 2738/2738/2730
f 2738/2738/2730 2736/2736/2728 2718/2718/2710
f 2718/2718/2710 2736/2736/2728 2717/2717/2709
f 2740/2740/2732 2741/2741/2733 2742/2742/2734
f 2741/2741/2733 2740/2740/2732 2743/2743/2735
f 2743/2743/2735 2744/2744/2736 2741/2741/2733
f 2745/2745/2737 2744/2744/2736 2743/2743/2735
f 2746/2746/2738 2744/2744/2736 2745/2745/2737
f 2745/2745/2737 2747/2747/2739 2746/2746/2738
f 2748/2748/2740 2746/2746/2738 2747/2747/2739
f 2747/2747/2739 2749/2749/2741 2748/2748/2740
f 2750/2750/2742 2748/2748/2740 2749/2749/2741
f 2749/2749/2741 2751/2751/2743 2750/2750/2742
f 2752/2752/2744 2750/2750/2742 2751/2751/2743
f 2751/2751/2743 2753/2753/2745 2752/2752/2744
f 2754/2754/2746 2752/2752/2744 2753/2753/2745
f 2753/2753/2745 2755/2755/2747 2754/2754/2746
f 2754/2754/2746 2755/2755/2747 2735/2735/2727
f 2735/2735/2727 2755/2755/2747 2715/2715/2707
f 2715/2715/2707 2717/2717/2709 2735/2735/2727
f 2717/2717/2709 2715/2715/2707 2716/2716/2708
f 2747/2747/2739 2745/2745/2737 2756/2756/2748
f 2756/2756/2748 2745/2745/2737 2757/2757/2749
f 2743/2743/2735 2757/2757/2749 2745/2745/2737
f 2757/2757/2749 2758/2758/2750 2759/2759/2751
f 2759/2759/2751 2760/2760/2752 2757/2757/2749
f 2760/2760/2752 2756/2756/2748 2757/2757/2749
f 2761/2761/2753 2756/2756/2748 2760/2760/2752
f 2756/2756/2748 2761/2761/2753 2747/2747/2739
f 2747/2747/2739 2761/2761/2753 2762/2762/2754
f 2762/2762/2754 2749/2749/2741 2747/2747/2739
f 2751/2751/2743 2749/2749/2741 2762/2762/2754
f 2762/2762/2754 2763/2763/2755 2751/2751/2743
f 2753/2753/2745 2751/2751/2743 2763/2763/2755
f 2753/2753/2745 2763/2763/2755 2764/2764/2756
f 2764/2764/2756 2755/2755/2747 2753/2753/2745
f 2715/2715/2707 2755/2755/2747 2764/2764/2756
f 2764/2764/2756 2765/2765/2757 2715/2715/2707
f 2715/2715/2707 2765/2765/2757 2713/2713/2705
f 2713/2713/2705 2765/2765/2757 2766/2766/2758
f 2766/2766/2758 2714/2714/2706 2713/2713/2705
f 2767/2767/2759 2714/2714/2706 2766/2766/2758
f 2762/2762/2754 2761/2761/2753 2768/2768/2760
f 2766/2766/2758 2769/2769/2761 2767/2767/2759
f 2768/2768/2760 2769/2769/2761 2766/2766/2758
f 2766/2766/2758 2770/2770/2762 2768/2768/2760
f 2768/2768/2760 2770/2770/2762 2762/2762/2754
f 2763/2763/2755 2762/2762/2754 2770/2770/2762
f 2770/2770/2762 2764/2764/2756 2763/2763/2755
f 2764/2764/2756 2770/2770/2762 2766/2766/2758
f 2766/2766/2758 2765/2765/2757 2764/2764/2756
f 2760/2760/2752 2768/2768/2760 2761/2761/2753
f 2768/2768/2760 2760/2760/2752 2759/2759/2751
f 2759/2759/2751 2769/2769/2761 2768/2768/2760
f 2759/2759/2751 2771/2771/2763 2769/2769/2761
f 2769/2769/2761 2771/2771/2763 2767/2767/2759
f 2772/2772/2764 2767/2767/2759 2771/2771/2763
f 2771/2771/2763 2773/2773/2765 2772/2772/2764
f 2773/2773/2765 2771/2771/2763 2774/2774/2766
f 2774/2774/2766 2771/2771/2763 2759/2759/2751
f 2759/2759/2751 2758/2758/2750 2774/2774/2766
f 2701/2701/2693 2714/2714/2706 2767/2767/2759
f 2767/2767/2759 2703/2703/2695 2701/2701/2693
f 2703/2703/2695 2767/2767/2759 2772/2772/2764
f 2705/2705/2697 2703/2703/2695 2772/2772/2764
f 2705/2705/2697 2772/2772/2764 2773/2773/2765
f 2773/2773/2765 2707/2707/2699 2705/2705/2697
f 2707/2707/2699 2773/2773/2765 2774/2774/2766
f 2774/2774/2766 2709/2709/2701 2707/2707/2699
f 2710/2710/2702 2775/2775/2767 2708/2708/2700
f 2775/2775/2767 2710/2710/2702 2776/2776/2768
f 2776/2776/2768 2777/2777/2769 2775/2775/2767
f 2777/2777/2769 2776/2776/2768 2778/2778/2770
f 2778/2778/2770 2779/2779/2771 2777/2777/2769
f 2777/2777/2769 2779/2779/2771 2780/2780/2772
f 2780/2780/2772 2781/2781/2773 2777/2777/2769
f 2781/2781/2773 2780/2780/2772 2782/2782/2774
f 2783/2783/2775 2781/2781/2773 2782/2782/2774
f 2782/2782/2774 2784/2784/2776 2783/2783/2775
f 2706/2706/2698 2783/2783/2775 2784/2784/2776
f 2784/2784/2776 2704/2704/2696 2706/2706/2698
f 2704/2704/2696 2784/2784/2776 2785/2785/2777
f 2785/2785/2777 2702/2702/2694 2704/2704/2696
f 2702/2702/2694 2785/2785/2777 2786/2786/2778
f 2786/2786/2778 2700/2700/2692 2702/2702/2694
f 2698/2698/2690 2700/2700/2692 2786/2786/2778
f 2786/2786/2778 2787/2787/2779 2698/2698/2690
f 2775/2775/2767 2777/2777/2769 2781/2781/2773
f 2781/2781/2773 2783/2783/2775 2775/2775/2767
f 2708/2708/2700 2775/2775/2767 2783/2783/2775
f 2783/2783/2775 2706/2706/2698 2708/2708/2700
f 2698/2698/2690 2787/2787/2779 2788/2788/2780
f 2789/2789/2781 2788/2788/2780 2787/2787/2779
f 2790/2790/2782 2788/2788/2780 2789/2789/2781
f 2789/2789/2781 2791/2791/2783 2790/2790/2782
f 2792/2792/2784 2790/2790/2782 2791/2791/2783
f 2791/2791/2783 2793/2793/2785 2792/2792/2784
f 2792/2792/2784 2793/2793/2785 2794/2794/2786
f 2795/2795/2787 2794/2794/2786 2793/2793/2785
f 2794/2794/2786 2795/2795/2787 2796/2796/2788
f 2797/2797/2789 2796/2796/2788 2795/2795/2787
f 2721/2721/2713 2796/2796/2788 2797/2797/2789
f 2797/2797/2789 2798/2798/2790 2721/2721/2713
f 2722/2722/2714 2721/2721/2713 2798/2798/2790
f 2798/2798/2790 2799/2799/2791 2722/2722/2714
f 2722/2722/2714 2799/2799/2791 2724/2724/2716
f 2800/2800/2792 2724/2724/2716 2799/2799/2791
f 2724/2724/2716 2800/2800/2792 2726/2726/2718
f 2726/2726/2718 2800/2800/2792 2801/2801/2793
f 2802/2802/2794 2791/2791/2783 2789/2789/2781
f 2803/2803/2795 2804/2804/2796 2805/2805/2797
f 2805/2805/2797 2786/2786/2778 2803/2803/2795
f 2787/2787/2779 2786/2786/2778 2805/2805/2797
f 2787/2787/2779 2805/2805/2797 2789/2789/2781
f 2806/2806/2798 2789/2789/2781 2805/2805/2797
f 2789/2789/2781 2806/2806/2798 2802/2802/2794
f 2807/2807/2799 2802/2802/2794 2806/2806/2798
f 2806/2806/2798 2808/2808/2800 2807/2807/2799
f 2808/2808/2800 2806/2806/2798 2804/2804/2796
f 2804/2804/2796 2809/2809/2801 2808/2808/2800
f 2810/2810/2802 2809/2809/2801 2804/2804/2796
f 2804/2804/2796 2803/2803/2795 2810/2810/2802
f 2811/2811/2803 2810/2810/2802 2803/2803/2795
f 2785/2785/2777 2811/2811/2803 2803/2803/2795
f 2812/2812/2804 2811/2811/2803 2785/2785/2777
f 2785/2785/2777 2784/2784/2776 2812/2812/2804
f 2784/2784/2776 2782/2782/2774 2812/2812/2804
f 2812/2812/2804 2782/2782/2774 2813/2813/2805
f 2803/2803/2795 2786/2786/2778 2785/2785/2777
f 2801/2801/2793 2728/2728/2720 2726/2726/2718
f 2814/2814/2806 2728/2728/2720 2801/2801/2793
f 2728/2728/2720 2814/2814/2806 2730/2730/2722
f 2815/2815/2807 2730/2730/2722 2814/2814/2806
f 2730/2730/2722 2815/2815/2807 2816/2816/2808
f 2816/2816/2808 2815/2815/2807 2817/2817/2809
f 2817/2817/2809 2818/2818/2810 2816/2816/2808
f 2818/2818/2810 2817/2817/2809 2819/2819/2811
f 2819/2819/2811 2820/2820/2812 2818/2818/2810
f 2821/2821/2813 2818/2818/2810 2820/2820/2812
f 2820/2820/2812 2822/2822/2814 2821/2821/2813
f 2823/2823/2815 2821/2821/2813 2822/2822/2814
f 2822/2822/2814 2824/2824/2816 2823/2823/2815
f 2825/2825/2817 2814/2814/2806 2801/2801/2793
f 2826/2826/2818 2814/2814/2806 2825/2825/2817
f 2814/2814/2806 2826/2826/2818 2815/2815/2807
f 2815/2815/2807 2826/2826/2818 2827/2827/2819
f 2827/2827/2819 2817/2817/2809 2815/2815/2807
f 2825/2825/2817 2828/2828/2820 2826/2826/2818
f 2826/2826/2818 2828/2828/2820 2829/2829/2821
f 2829/2829/2821 2827/2827/2819 2826/2826/2818
f 2830/2830/2822 2829/2829/2821 2828/2828/2820
f 2828/2828/2820 2831/2831/2823 2830/2830/2822
f 2832/2832/2824 2830/2830/2822 2831/2831/2823
f 2832/2832/2824 2833/2833/2825 2830/2830/2822
f 2833/2833/2825 2832/2832/2824 2834/2834/2826
f 2834/2834/2826 2835/2835/2827 2833/2833/2825
f 2833/2833/2825 2835/2835/2827 2836/2836/2828
f 2836/2836/2828 2837/2837/2829 2833/2833/2825
f 2830/2830/2822 2833/2833/2825 2837/2837/2829
f 2837/2837/2829 2838/2838/2830 2830/2830/2822
f 2829/2829/2821 2830/2830/2822 2838/2838/2830
f 2838/2838/2830 2839/2839/2831 2829/2829/2821
f 2827/2827/2819 2829/2829/2821 2839/2839/2831
f 2839/2839/2831 2840/2840/2832 2827/2827/2819
f 2817/2817/2809 2827/2827/2819 2840/2840/2832
f 2840/2840/2832 2819/2819/2811 2817/2817/2809
f 2841/2841/2833 2842/2842/2834 2843/2843/2835
f 2843/2843/2835 2842/2842/2834 2834/2834/2826
f 2834/2834/2826 2832/2832/2824 2843/2843/2835
f 2844/2844/2836 2843/2843/2835 2832/2832/2824
f 2832/2832/2824 2831/2831/2823 2844/2844/2836
f 2844/2844/2836 2831/2831/2823 2845/2845/2837
f 2843/2843/2835 2844/2844/2836 2845/2845/2837
f 2846/2846/2838 2847/2847/2839 2841/2841/2833
f 2841/2841/2833 2848/2848/2840 2846/2846/2838
f 2843/2843/2835 2848/2848/2840 2841/2841/2833
f 2848/2848/2840 2843/2843/2835 2849/2849/2841
f 2845/2845/2837 2849/2849/2841 2843/2843/2835
f 2845/2845/2837 2850/2850/2842 2849/2849/2841
f 2851/2851/2843 2850/2850/2842 2845/2845/2837
f 2852/2852/2844 2850/2850/2842 2851/2851/2843
f 2851/2851/2843 2853/2853/2845 2852/2852/2844
f 2798/2798/2790 2852/2852/2844 2853/2853/2845
f 2853/2853/2845 2799/2799/2791 2798/2798/2790
f 2799/2799/2791 2853/2853/2845 2800/2800/2792
f 2801/2801/2793 2800/2800/2792 2853/2853/2845
f 2853/2853/2845 2851/2851/2843 2801/2801/2793
f 2801/2801/2793 2851/2851/2843 2825/2825/2817
f 2845/2845/2837 2825/2825/2817 2851/2851/2843
f 2828/2828/2820 2825/2825/2817 2845/2845/2837
f 2845/2845/2837 2831/2831/2823 2828/2828/2820
f 2849/2849/2841 2850/2850/2842 2852/2852/2844
f 2852/2852/2844 2798/2798/2790 2797/2797/2789
f 2797/2797/2789 2854/2854/2846 2852/2852/2844
f 2852/2852/2844 2854/2854/2846 2849/2849/2841
f 2855/2855/2847 2849/2849/2841 2854/2854/2846
f 2849/2849/2841 2855/2855/2847 2848/2848/2840
f 2848/2848/2840 2855/2855/2847 2856/2856/2848
f 2857/2857/2849 2856/2856/2848 2855/2855/2847
f 2855/2855/2847 2858/2858/2850 2857/2857/2849
f 2859/2859/2851 2857/2857/2849 2858/2858/2850
f 2858/2858/2850 2860/2860/2852 2859/2859/2851
f 2861/2861/2853 2859/2859/2851 2860/2860/2852
f 2860/2860/2852 2795/2795/2787 2861/2861/2853
f 2793/2793/2785 2861/2861/2853 2795/2795/2787
f 2795/2795/2787 2860/2860/2852 2797/2797/2789
f 2797/2797/2789 2860/2860/2852 2858/2858/2850
f 2858/2858/2850 2854/2854/2846 2797/2797/2789
f 2854/2854/2846 2858/2858/2850 2855/2855/2847
f 2862/2862/2854 2863/2863/2855 2864/2864/2856
f 2864/2864/2856 2865/2865/2857 2862/2862/2854
f 2865/2865/2857 2864/2864/2856 2866/2866/2858
f 2866/2866/2858 2867/2867/2859 2865/2865/2857
f 2867/2867/2859 2866/2866/2858 2868/2868/2860
f 2868/2868/2860 2869/2869/2861 2867/2867/2859
f 2869/2869/2861 2868/2868/2860 2870/2870/2862
f 2870/2870/2862 2871/2871/2863 2869/2869/2861
f 2871/2871/2863 2870/2870/2862 2872/2872/2864
f 2872/2872/2864 2873/2873/2865 2871/2871/2863
f 2873/2873/2865 2872/2872/2864 2874/2874/2866
f 2874/2874/2866 2875/2875/2867 2873/2873/2865
f 2875/2875/2867 2874/2874/2866 2876/2876/2868
f 2876/2876/2868 2877/2877/2869 2875/2875/2867
f 2877/2877/2869 2876/2876/2868 2878/2878/2870
f 2878/2878/2870 2879/2879/2871 2877/2877/2869
f 2742/2742/2734 2877/2877/2869 2879/2879/2871
f 2879/2879/2871 2740/2740/2732 2742/2742/2734
f 2880/2880/2872 2875/2875/2867 2877/2877/2869
f 2877/2877/2869 2742/2742/2734 2880/2880/2872
f 2881/2881/2873 2880/2880/2872 2742/2742/2734
f 2742/2742/2734 2741/2741/2733 2881/2881/2873
f 2746/2746/2738 2881/2881/2873 2741/2741/2733
f 2741/2741/2733 2744/2744/2736 2746/2746/2738
f 2734/2734/2726 2737/2737/2729 2882/2882/2874
f 2882/2882/2874 2883/2883/2875 2734/2734/2726
f 2735/2735/2727 2734/2734/2726 2883/2883/2875
f 2883/2883/2875 2884/2884/2876 2735/2735/2727
f 2884/2884/2876 2754/2754/2746 2735/2735/2727
f 2754/2754/2746 2884/2884/2876 2885/2885/2877
f 2885/2885/2877 2752/2752/2744 2754/2754/2746
f 2886/2886/2878 2752/2752/2744 2885/2885/2877
f 2752/2752/2744 2886/2886/2878 2887/2887/2879
f 2887/2887/2879 2886/2886/2878 2888/2888/2880
f 2888/2888/2880 2889/2889/2881 2887/2887/2879
f 2890/2890/2882 2889/2889/2881 2888/2888/2880
f 2889/2889/2881 2890/2890/2882 2891/2891/2883
f 2871/2871/2863 2891/2891/2883 2890/2890/2882
f 2891/2891/2883 2871/2871/2863 2873/2873/2865
f 2873/2873/2865 2892/2892/2884 2891/2891/2883
f 2892/2892/2884 2873/2873/2865 2875/2875/2867
f 2875/2875/2867 2880/2880/2872 2892/2892/2884
f 2883/2883/2875 2893/2893/2885 2885/2885/2877
f 2885/2885/2877 2884/2884/2876 2883/2883/2875
f 2890/2890/2882 2869/2869/2861 2871/2871/2863
f 2869/2869/2861 2890/2890/2882 2894/2894/2886
f 2888/2888/2880 2894/2894/2886 2890/2890/2882
f 2894/2894/2886 2888/2888/2880 2895/2895/2887
f 2895/2895/2887 2888/2888/2880 2886/2886/2878
f 2886/2886/2878 2896/2896/2888 2895/2895/2887
f 2885/2885/2877 2896/2896/2888 2886/2886/2878
f 2897/2897/2889 2896/2896/2888 2885/2885/2877
f 2897/2897/2889 2885/2885/2877 2893/2893/2885
f 2893/2893/2885 2898/2898/2890 2897/2897/2889
f 2899/2899/2891 2898/2898/2890 2893/2893/2885
f 2898/2898/2890 2899/2899/2891 2900/2900/2892
f 2901/2901/2893 2900/2900/2892 2899/2899/2891
f 2902/2902/2894 2900/2900/2892 2901/2901/2893
f 2901/2901/2893 2903/2903/2895 2902/2902/2894
f 2903/2903/2895 2901/2901/2893 2904/2904/2896
f 2904/2904/2896 2905/2905/2897 2903/2903/2895
f 2906/2906/2898 2905/2905/2897 2904/2904/2896
f 2904/2904/2896 2907/2907/2899 2906/2906/2898
f 2908/2908/2900 2906/2906/2898 2907/2907/2899
f 2897/2897/2889 2898/2898/2890 2900/2900/2892
f 2900/2900/2892 2909/2909/2901 2897/2897/2889
f 2896/2896/2888 2897/2897/2889 2909/2909/2901
f 2909/2909/2901 2895/2895/2887 2896/2896/2888
f 2910/2910/2902 2895/2895/2887 2909/2909/2901
f 2895/2895/2887 2910/2910/2902 2894/2894/2886
f 2867/2867/2859 2894/2894/2886 2910/2910/2902
f 2894/2894/2886 2867/2867/2859 2869/2869/2861
f 2900/2900/2892 2902/2902/2894 2911/2911/2903
f 2911/2911/2903 2909/2909/2901 2900/2900/2892
f 2909/2909/2901 2911/2911/2903 2910/2910/2902
f 2865/2865/2857 2910/2910/2902 2911/2911/2903
f 2910/2910/2902 2865/2865/2857 2867/2867/2859
f 2911/2911/2903 2862/2862/2854 2865/2865/2857
f 2732/2732/2724 2912/2912/2904 2731/2731/2723
f 2912/2912/2904 2732/2732/2724 2913/2913/2905
f 2913/2913/2905 2914/2914/2906 2912/2912/2904
f 2915/2915/2907 2914/2914/2906 2913/2913/2905
f 2914/2914/2906 2915/2915/2907 2916/2916/2908
f 2823/2823/2815 2916/2916/2908 2915/2915/2907
f 2915/2915/2907 2821/2821/2813 2823/2823/2815
f 2913/2913/2905 2821/2821/2813 2915/2915/2907
f 2913/2913/2905 2818/2818/2810 2821/2821/2813
f 2913/2913/2905 2816/2816/2808 2818/2818/2810
f 2732/2732/2724 2816/2816/2808 2913/2913/2905
f 2816/2816/2808 2732/2732/2724 2730/2730/2722
f 2917/2917/2909 2727/2727/2719 2729/2729/2721
f 2729/2729/2721 2731/2731/2723 2917/2917/2909
f 2918/2918/2910 2917/2917/2909 2731/2731/2723
f 2731/2731/2723 2912/2912/2904 2918/2918/2910
f 2918/2918/2910 2912/2912/2904 2919/2919/2911
f 2920/2920/2912 2919/2919/2911 2912/2912/2904
f 2912/2912/2904 2914/2914/2906 2920/2920/2912
f 2916/2916/2908 2921/2921/2913 2914/2914/2906
f 2914/2914/2906 2921/2921/2913 2922/2922/2914
f 2922/2922/2914 2920/2920/2912 2914/2914/2906
f 2923/2923/2915 2920/2920/2912 2922/2922/2914
f 2919/2919/2911 2920/2920/2912 2923/2923/2915
f 2923/2923/2915 2908/2908/2900 2919/2919/2911
f 2907/2907/2899 2919/2919/2911 2908/2908/2900
f 2919/2919/2911 2907/2907/2899 2918/2918/2910
f 2924/2924/2916 2918/2918/2910 2907/2907/2899
f 2917/2917/2909 2918/2918/2910 2924/2924/2916
f 2924/2924/2916 2925/2925/2917 2917/2917/2909
f 2727/2727/2719 2917/2917/2909 2925/2925/2917
f 2925/2925/2917 2926/2926/2918 2727/2727/2719
f 2727/2727/2719 2926/2926/2918 2725/2725/2717
f 2733/2733/2725 2725/2725/2717 2926/2926/2918
f 2926/2926/2918 2927/2927/2919 2733/2733/2725
f 2737/2737/2729 2733/2733/2725 2927/2927/2919
f 2927/2927/2919 2882/2882/2874 2737/2737/2729
f 2922/2922/2914 2928/2928/2920 2923/2923/2915
f 2929/2929/2921 2930/2930/2922 2931/2931/2923
f 2931/2931/2923 2932/2932/2924 2929/2929/2921
f 2932/2932/2924 2931/2931/2923 2933/2933/2925
f 2933/2933/2925 2934/2934/2926 2932/2932/2924
f 2934/2934/2926 2933/2933/2925 2935/2935/2927
f 2935/2935/2927 2936/2936/2928 2934/2934/2926
f 2936/2936/2928 2935/2935/2927 2937/2937/2929
f 2937/2937/2929 2938/2938/2930 2936/2936/2928
f 2938/2938/2930 2937/2937/2929 2939/2939/2931
f 2939/2939/2931 2940/2940/2932 2938/2938/2930
f 2940/2940/2932 2941/2941/2933 2938/2938/2930
f 2942/2942/2934 2938/2938/2930 2941/2941/2933
f 2941/2941/2933 2943/2943/2935 2942/2942/2934
f 2943/2943/2935 2944/2944/2936 2942/2942/2934
f 2945/2945/2937 2942/2942/2934 2944/2944/2936
f 2944/2944/2936 2946/2946/2938 2945/2945/2937
f 2946/2946/2938 2947/2947/2939 2945/2945/2937
f 2948/2948/2940 2945/2945/2937 2947/2947/2939
f 2949/2949/2941 2950/2950/2942 2951/2951/2943
f 2948/2948/2940 2951/2951/2943 2950/2950/2942
f 2950/2950/2942 2952/2952/2944 2948/2948/2940
f 2945/2945/2937 2948/2948/2940 2952/2952/2944
f 2952/2952/2944 2953/2953/2945 2945/2945/2937
f 2942/2942/2934 2945/2945/2937 2953/2953/2945
f 2953/2953/2945 2954/2954/2946 2942/2942/2934
f 2938/2938/2930 2942/2942/2934 2954/2954/2946
f 2954/2954/2946 2936/2936/2928 2938/2938/2930
f 2936/2936/2928 2954/2954/2946 2955/2955/2947
f 2955/2955/2947 2934/2934/2926 2936/2936/2928
f 2956/2956/2948 2957/2957/2949 2949/2949/2941
f 2950/2950/2942 2949/2949/2941 2957/2957/2949
f 2957/2957/2949 2958/2958/2950 2950/2950/2942
f 2952/2952/2944 2950/2950/2942 2958/2958/2950
f 2958/2958/2950 2959/2959/2951 2952/2952/2944
f 2953/2953/2945 2952/2952/2944 2959/2959/2951
f 2959/2959/2951 2960/2960/2952 2953/2953/2945
f 2954/2954/2946 2953/2953/2945 2960/2960/2952
f 2960/2960/2952 2955/2955/2947 2954/2954/2946
f 2961/2961/2953 2932/2932/2924 2934/2934/2926
f 2934/2934/2926 2955/2955/2947 2961/2961/2953
f 2962/2962/2954 2961/2961/2953 2955/2955/2947
f 2955/2955/2947 2960/2960/2952 2962/2962/2954
f 2963/2963/2955 2962/2962/2954 2960/2960/2952
f 2960/2960/2952 2959/2959/2951 2963/2963/2955
f 2964/2964/2956 2963/2963/2955 2959/2959/2951
f 2959/2959/2951 2958/2958/2950 2964/2964/2956
f 2965/2965/2957 2964/2964/2956 2958/2958/2950
f 2958/2958/2950 2957/2957/2949 2965/2965/2957
f 2966/2966/2958 2965/2965/2957 2957/2957/2949
f 2957/2957/2949 2956/2956/2948 2966/2966/2958
f 2967/2967/2959 2966/2966/2958 2956/2956/2948
f 2956/2956/2948 2968/2968/2960 2967/2967/2959
f 2968/2968/2960 2956/2956/2948 2969/2969/2961
f 2949/2949/2941 2969/2969/2961 2956/2956/2948
f 2969/2969/2961 2949/2949/2941 2970/2970/2962
f 2951/2951/2943 2970/2970/2962 2949/2949/2941
f 2964/2964/2956 2965/2965/2957 2971/2971/2963
f 2971/2971/2963 2972/2972/2964 2964/2964/2956
f 2963/2963/2955 2964/2964/2956 2972/2972/2964
f 2972/2972/2964 2973/2973/2965 2963/2963/2955
f 2962/2962/2954 2963/2963/2955 2974/2974/2966
f 2974/2974/2966 2975/2975/2967 2962/2962/2954
f 2961/2961/2953 2962/2962/2954 2975/2975/2967
f 2975/2975/2967 2976/2976/2968 2961/2961/2953
f 2932/2932/2924 2961/2961/2953 2976/2976/2968
f 2976/2976/2968 2977/2977/2969 2932/2932/2924
f 2947/2947/2939 2978/2978/2970 2948/2948/2940
f 2978/2978/2970 2979/2979/2971 2948/2948/2940
f 2951/2951/2943 2948/2948/2940 2979/2979/2971
f 2979/2979/2971 2980/2980/2972 2951/2951/2943
f 2980/2980/2972 2981/2981/2973 2951/2951/2943
f 2970/2970/2962 2951/2951/2943 2981/2981/2973
f 2981/2981/2973 2982/2982/2974 2970/2970/2962
f 2982/2982/2974 2983/2983/2975 2970/2970/2962
f 2984/2984/2976 2970/2970/2962 2983/2983/2975
f 2970/2970/2962 2984/2984/2976 2969/2969/2961
f 2985/2985/2977 2969/2969/2961 2984/2984/2976
f 2969/2969/2961 2985/2985/2977 2968/2968/2960
f 2986/2986/2978 2968/2968/2960 2985/2985/2977
f 2968/2968/2960 2986/2986/2978 2987/2987/2979
f 2987/2987/2979 2986/2986/2978 2988/2988/2980
f 2988/2988/2980 2989/2989/2981 2987/2987/2979
f 2989/2989/2981 2988/2988/2980 2990/2990/2982
f 2990/2990/2982 2991/2991/2983 2989/2989/2981
f 2987/2987/2979 2992/2992/2984 2968/2968/2960
f 2990/2990/2982 2993/2993/2985 2991/2991/2983
f 2994/2994/2986 2993/2993/2985 2990/2990/2982
f 2990/2990/2982 2995/2995/2987 2994/2994/2986
f 2996/2996/2988 2994/2994/2986 2995/2995/2987
f 2995/2995/2987 2997/2997/2989 2996/2996/2988
f 2998/2998/2990 2996/2996/2988 2997/2997/2989
f 2983/2983/2975 2999/2999/2991 2984/2984/2976
f 2999/2999/2991 3000/3000/2992 2984/2984/2976
f 3001/3001/2993 2984/2984/2976 3000/3000/2992
f 2984/2984/2976 3001/3001/2993 2985/2985/2977
f 3002/3002/2994 2985/2985/2977 3001/3001/2993
f 2985/2985/2977 3002/3002/2994 2986/2986/2978
f 2986/2986/2978 3002/3002/2994 3003/3003/2995
f 3003/3003/2995 2988/2988/2980 2986/2986/2978
f 2988/2988/2980 3003/3003/2995 2995/2995/2987
f 2995/2995/2987 2990/2990/2982 2988/2988/2980
f 3000/3000/2992 3004/3004/2996 3001/3001/2993
f 3004/3004/2996 3005/3005/2997 3001/3001/2993
f 3001/3001/2993 3005/3005/2997 3006/3006/2998
f 3006/3006/2998 3007/3007/2999 3001/3001/2993
f 3001/3001/2993 3007/3007/2999 3002/3002/2994
f 3002/3002/2994 3007/3007/2999 3008/3008/3000
f 3008/3008/3000 3003/3003/2995 3002/3002/2994
f 3003/3003/2995 3008/3008/3000 2997/2997/2989
f 2997/2997/2989 2995/2995/2987 3003/3003/2995
f 3009/3009/3001 3010/3010/3002 3011/3011/3003
f 3010/3010/3002 3009/3009/3001 3012/3012/3004
f 3012/3012/3004 3013/3013/3005 3010/3010/3002
f 3013/3013/3005 3012/3012/3004 3014/3014/3006
f 3014/3014/3006 3006/3006/2998 3013/3013/3005
f 3007/3007/2999 3006/3006/2998 3014/3014/3006
f 3014/3014/3006 3008/3008/3000 3007/3007/2999
f 3008/3008/3000 3014/3014/3006 3015/3015/3007
f 3015/3015/3007 2997/2997/2989 3008/3008/3000
f 2997/2997/2989 3015/3015/3007 3016/3016/3008
f 3014/3014/3006 3012/3012/3004 3009/3009/3001
f 3009/3009/3001 3015/3015/3007 3014/3014/3006
f 3015/3015/3007 3009/3009/3001 3017/3017/3009
f 3018/3018/3010 3019/3019/3011 3020/3020/3012
f 3020/3020/3012 3021/3021/3013 3018/3018/3010
f 3021/3021/3013 3020/3020/3012 3022/3022/3014
f 3022/3022/3014 3023/3023/3015 3021/3021/3013
f 3023/3023/3015 3022/3022/3014 3024/3024/3016
f 3024/3024/3016 3025/3025/3017 3023/3023/3015
f 3025/3025/3017 3024/3024/3016 3026/3026/3018
f 3026/3026/3018 3027/3027/3019 3025/3025/3017
f 3027/3027/3019 3026/3026/3018 3028/3028/3020
f 3028/3028/3020 3029/3029/3021 3027/3027/3019
f 3029/3029/3021 3028/3028/3020 3030/3030/3022
f 3030/3030/3022 2218/2218/2210 3029/3029/3021
f 2218/2218/2210 3030/3030/3022 2220/2220/2212
f 3031/3031/3023 2220/2220/2212 3030/3030/3022
f 2220/2220/2212 3031/3031/3023 2222/2222/2214
f 2222/2222/2214 3031/3031/3023 3032/3032/3024
f 3032/3032/3024 3033/3033/3025 2222/2222/2214
f 3034/3034/3026 3035/3035/3027 3036/3036/3028
f 3036/3036/3028 3037/3037/3029 3034/3034/3026
f 3019/3019/3011 3037/3037/3029 3036/3036/3028
f 3036/3036/3028 3020/3020/3012 3019/3019/3011
f 3020/3020/3012 3036/3036/3028 3038/3038/3030
f 3038/3038/3030 3022/3022/3014 3020/3020/3012
f 3022/3022/3014 3038/3038/3030 3039/3039/3031
f 3039/3039/3031 3024/3024/3016 3022/3022/3014
f 3024/3024/3016 3039/3039/3031 3040/3040/3032
f 3040/3040/3032 3026/3026/3018 3024/3024/3016
f 3026/3026/3018 3040/3040/3032 3041/3041/3033
f 3041/3041/3033 3028/3028/3020 3026/3026/3018
f 3028/3028/3020 3041/3041/3033 3042/3042/3034
f 3042/3042/3034 3030/3030/3022 3028/3028/3020
f 3030/3030/3022 3042/3042/3034 3043/3043/3035
f 3030/3030/3022 3043/3043/3035 3031/3031/3023
f 3031/3031/3023 3043/3043/3035 3044/3044/3036
f 3044/3044/3036 3045/3045/3037 3031/3031/3023
f 3046/3046/3038 3047/3047/3039 3041/3041/3033
f 3041/3041/3033 3040/3040/3032 3046/3046/3038
f 3048/3048/3040 3049/3049/3041 3043/3043/3035
f 3043/3043/3035 3042/3042/3034 3048/3048/3040
f 3050/3050/3042 3048/3048/3040 3042/3042/3034
f 3042/3042/3034 3041/3041/3033 3050/3050/3042
f 2215/2215/2207 2243/2243/2235 2213/2213/2205
f 2248/2248/2240 2213/2213/2205 2243/2243/2235
f 2213/2213/2205 2248/2248/2240 2211/2211/2203
f 2211/2211/2203 2248/2248/2240 2284/2284/2276
f 2284/2284/2276 2349/2349/2341 2211/2211/2203
f 2212/2212/2204 2211/2211/2203 2349/2349/2341
f 2349/2349/2341 2351/2351/2343 2212/2212/2204
f 3051/3051/3043 2212/2212/2204 2351/2351/2343
f 2351/2351/2343 2353/2353/2345 3051/3051/3043
f 2355/2355/2347 3051/3051/3043 2353/2353/2345
f 3051/3051/3043 2355/2355/2347 3052/3052/3044
f 2357/2357/2349 3052/3052/3044 2355/2355/2347
f 2214/2214/2206 3053/3053/3045 2216/2216/2208
f 3053/3053/3045 2214/2214/2206 3054/3054/3046
f 2210/2210/2202 3054/3054/3046 2214/2214/2206
f 3054/3054/3046 2210/2210/2202 3055/3055/3047
f 2212/2212/2204 3055/3055/3047 2210/2210/2202
f 3055/3055/3047 2212/2212/2204 3051/3051/3043
f 3052/3052/3044 3056/3056/3048 3051/3051/3043
f 3057/3057/3049 3051/3051/3043 3056/3056/3048
f 3051/3051/3043 3057/3057/3049 3055/3055/3047
f 3058/3058/3050 3055/3055/3047 3057/3057/3049
f 3055/3055/3047 3058/3058/3050 3054/3054/3046
f 3059/3059/3051 3054/3054/3046 3058/3058/3050
f 3054/3054/3046 3059/3059/3051 3053/3053/3045
f 3027/3027/3019 3053/3053/3045 3059/3059/3051
f 3053/3053/3045 3027/3027/3019 3029/3029/3021
f 3029/3029/3021 2216/2216/2208 3053/3053/3045
f 2216/2216/2208 3029/3029/3021 2218/2218/2210
f 3058/3058/3050 3060/3060/3052 3059/3059/3051
f 3060/3060/3052 3058/3058/3050 3061/3061/3053
f 3057/3057/3049 3061/3061/3053 3058/3058/3050
f 3061/3061/3053 3057/3057/3049 3062/3062/3054
f 3056/3056/3048 3062/3062/3054 3057/3057/3049
f 3062/3062/3054 3063/3063/3055 3061/3061/3053
f 3064/3064/3056 3061/3061/3053 3063/3063/3055
f 3061/3061/3053 3064/3064/3056 3060/3060/3052
f 3023/3023/3015 3060/3060/3052 3064/3064/3056
f 3060/3060/3052 3023/3023/3015 3025/3025/3017
f 3025/3025/3017 3059/3059/3051 3060/3060/3052
f 3059/3059/3051 3025/3025/3017 3027/3027/3019
f 3063/3063/3055 3065/3065/3057 3064/3064/3056
f 3021/3021/3013 3064/3064/3056 3065/3065/3057
f 3064/3064/3056 3021/3021/3013 3023/3023/3015
f 3065/3065/3057 3018/3018/3010 3021/3021/3013
f 1848/1848/1840 1895/1895/1887 1846/1846/1838
f 3066/3066/3058 1846/1846/1838 1895/1895/1887
f 3067/3067/3059 1846/1846/1838 3066/3066/3058
f 3066/3066/3058 3068/3068/3060 3067/3067/3059
f 3069/3069/3061 3067/3067/3059 3068/3068/3060
f 3070/3070/3062 3067/3067/3059 3069/3069/3061
f 3069/3069/3061 3071/3071/3063 3070/3070/3062
f 3072/3072/3064 3070/3070/3062 3071/3071/3063
f 3071/3071/3063 3073/3073/3065 3072/3072/3064
f 3074/3074/3066 3072/3072/3064 3073/3073/3065
f 3073/3073/3065 3075/3075/3067 3074/3074/3066
f 3076/3076/3068 3074/3074/3066 3075/3075/3067
f 3075/3075/3067 3077/3077/3069 3076/3076/3068
f 3078/3078/3070 3076/3076/3068 3077/3077/3069
f 3077/3077/3069 3079/3079/3071 3078/3078/3070
f 3080/3080/3072 3078/3078/3070 3079/3079/3071
f 3079/3079/3071 3081/3081/3073 3080/3080/3072
f 3082/3082/3074 3080/3080/3072 3081/3081/3073
f 1852/1852/1844 1850/1850/1842 3076/3076/3068
f 3076/3076/3068 1850/1850/1842 1847/1847/1839
f 1847/1847/1839 3074/3074/3066 3076/3076/3068
f 3074/3074/3066 1847/1847/1839 3072/3072/3064
f 3072/3072/3064 1847/1847/1839 1846/1846/1838
f 1846/1846/1838 3070/3070/3062 3072/3072/3064
f 3070/3070/3062 1846/1846/1838 3067/3067/3059
f 1854/1854/1846 3083/3083/3075 1856/1856/1848
f 3084/3084/3076 3083/3083/3075 1854/1854/1846
f 1854/1854/1846 1852/1852/1844 3084/3084/3076
f 3085/3085/3077 3084/3084/3076 1852/1852/1844
f 3076/3076/3068 3085/3085/3077 1852/1852/1844
f 3078/3078/3070 3085/3085/3077 3076/3076/3068
f 3080/3080/3072 3085/3085/3077 3078/3078/3070
f 3080/3080/3072 3084/3084/3076 3085/3085/3077
f 3080/3080/3072 3086/3086/3078 3084/3084/3076
f 3083/3083/3075 3084/3084/3076 3086/3086/3078
f 3086/3086/3078 3087/3087/3079 3083/3083/3075
f 3083/3083/3075 3087/3087/3079 3088/3088/3080
f 3087/3087/3079 3089/3089/3081 3088/3088/3080
f 3090/3090/3082 3089/3089/3081 3087/3087/3079
f 3087/3087/3079 3086/3086/3078 3090/3090/3082
f 3082/3082/3074 3090/3090/3082 3086/3086/3078
f 3086/3086/3078 3080/3080/3072 3082/3082/3074
f 1856/1856/1848 3088/3088/3080 1858/1858/1850
f 3088/3088/3080 1856/1856/1848 3083/3083/3075
f 3081/3081/3073 3091/3091/3083 3082/3082/3074
f 3090/3090/3082 3082/3082/3074 3091/3091/3083
f 3091/3091/3083 3092/3092/3084 3090/3090/3082
f 3089/3089/3081 3090/3090/3082 3092/3092/3084
f 3092/3092/3084 3093/3093/3085 3089/3089/3081
f 3088/3088/3080 3089/3089/3081 3093/3093/3085
f 3093/3093/3085 3094/3094/3086 3088/3088/3080
f 1858/1858/1850 3088/3088/3080 3094/3094/3086
f 3094/3094/3086 1860/1860/1852 1858/1858/1850
f 1897/1897/1889 3095/3095/3087 1895/1895/1887
f 1895/1895/1887 3095/3095/3087 3066/3066/3058
f 3096/3096/3088 3097/3097/3089 3098/3098/3090
f 3098/3098/3090 3099/3099/3091 3096/3096/3088
f 3100/3100/3092 3096/3096/3088 3099/3099/3091
f 3099/3099/3091 3101/3101/3093 3100/3100/3092
f 3102/3102/3094 3100/3100/3092 3101/3101/3093
f 3101/3101/3093 3103/3103/3095 3102/3102/3094
f 3104/3104/3096 3102/3102/3094 3103/3103/3095
f 3103/3103/3095 3105/3105/3097 3104/3104/3096
f 3106/3106/3098 3104/3104/3096 3105/3105/3097
f 3105/3105/3097 3107/3107/3099 3106/3106/3098
f 3108/3108/3100 3106/3106/3098 3107/3107/3099
f 3107/3107/3099 3109/3109/3101 3108/3108/3100
f 3110/3110/3102 3111/3111/3103 3112/3112/3104
f 3113/3113/3105 3112/3112/3104 3111/3111/3103
f 3111/3111/3103 3114/3114/3106 3113/3113/3105
f 3115/3115/3107 3113/3113/3105 3114/3114/3106
f 3114/3114/3106 3116/3116/3108 3115/3115/3107
f 3117/3117/3109 3115/3115/3107 3116/3116/3108
f 3116/3116/3108 3118/3118/3110 3117/3117/3109
f 3119/3119/3111 3117/3117/3109 3118/3118/3110
f 3118/3118/3110 3120/3120/3112 3119/3119/3111
f 3097/3097/3089 3119/3119/3111 3120/3120/3112
f 3120/3120/3112 3121/3121/3113 3097/3097/3089
f 3122/3122/3114 3097/3097/3089 3121/3121/3113
f 3111/3111/3103 3110/3110/3102 3123/3123/3115
f 3114/3114/3106 3111/3111/3103 3124/3124/3116
f 3116/3116/3108 3114/3114/3106 3125/3125/3117
f 3118/3118/3110 3116/3116/3108 3126/3126/3118
f 3120/3120/3112 3118/3118/3110 3127/3127/3119
f 3121/3121/3113 3120/3120/3112 3128/3128/3120
f 3129/3129/3121 1894/1894/1886 1882/1882/1874
f 1882/1882/1874 3130/3130/3122 3129/3129/3121
f 3131/3131/3123 3129/3129/3121 3130/3130/3122
f 3130/3130/3122 3132/3132/3124 3131/3131/3123
f 3133/3133/3125 3131/3131/3123 3132/3132/3124
f 3132/3132/3124 1901/1901/1893 3133/3133/3125
f 1899/1899/1891 3133/3133/3125 1901/1901/1893
f 3133/3133/3125 1899/1899/1891 1896/1896/1888
f 1896/1896/1888 1878/1878/1870 3133/3133/3125
f 3131/3131/3123 3133/3133/3125 1878/1878/1870
f 1878/1878/1870 1877/1877/1869 3131/3131/3123
f 3129/3129/3121 3131/3131/3123 1877/1877/1869
f 1877/1877/1869 1876/1876/1868 3129/3129/3121
f 1894/1894/1886 3129/3129/3121 1876/1876/1868
f 1876/1876/1868 1875/1875/1867 1894/1894/1886
f 1894/1894/1886 1875/1875/1867 1893/1893/1885
f 1874/1874/1866 1893/1893/1885 1875/1875/1867
f 1892/1892/1884 1893/1893/1885 1874/1874/1866
f 1874/1874/1866 1873/1873/1865 1892/1892/1884
f 1892/1892/1884 1873/1873/1865 1872/1872/1864
f 1901/1901/1893 3132/3132/3124 1903/1903/1895
f 1906/1906/1898 1903/1903/1895 3132/3132/3124
f 3132/3132/3124 3130/3130/3122 1906/1906/1898
f 1881/1881/1873 1906/1906/1898 3130/3130/3122
f 3130/3130/3122 1882/1882/1874 1881/1881/1873
f 1887/1887/1879 1889/1889/1881 1913/1913/1905
f 1885/1885/1877 1887/1887/1879 1913/1913/1905
f 1913/1913/1905 1911/1911/1903 1885/1885/1877
f 1885/1885/1877 1911/1911/1903 1909/1909/1901
f 1909/1909/1901 1883/1883/1875 1885/1885/1877
f 1883/1883/1875 1909/1909/1901 1881/1881/1873
f 3134/3134/3126 3135/3135/3127 3136/3136/3128
f 3136/3136/3128 3137/3137/3129 3134/3134/3126
f 3134/3134/3126 3137/3137/3129 3138/3138/3130
f 3138/3138/3130 3137/3137/3129 3139/3139/3131
f 3139/3139/3131 3140/3140/3132 3138/3138/3130
f 3141/3141/3133 3140/3140/3132 3139/3139/3131
f 3142/3142/3134 3141/3141/3133 3139/3139/3131
f 3139/3139/3131 3143/3143/3135 3142/3142/3134
f 3142/3142/3134 3143/3143/3135 3144/3144/3136
f 3145/3145/3137 3144/3144/3136 3143/3143/3135
f 3144/3144/3136 3145/3145/3137 3146/3146/3138
f 3147/3147/3139 3146/3146/3138 3145/3145/3137
f 3145/3145/3137 3148/3148/3140 3147/3147/3139
f 3149/3149/3141 3147/3147/3139 3148/3148/3140
f 3148/3148/3140 3150/3150/3142 3149/3149/3141
f 3151/3151/3143 3149/3149/3141 3150/3150/3142
f 3150/3150/3142 3152/3152/3144 3151/3151/3143
f 3153/3153/3145 3151/3151/3143 3152/3152/3144
f 3146/3146/3138 3154/3154/3146 3144/3144/3136
f 3155/3155/3147 3156/3156/3148 3157/3157/3149
f 3157/3157/3149 3158/3158/3150 3155/3155/3147
f 3154/3154/3146 3155/3155/3147 3158/3158/3150
f 3158/3158/3150 3159/3159/3151 3154/3154/3146
f 3154/3154/3146 3159/3159/3151 3160/3160/3152
f 3160/3160/3152 3144/3144/3136 3154/3154/3146
f 3144/3144/3136 3160/3160/3152 3142/3142/3134
f 3152/3152/3144 3161/3161/3153 3153/3153/3145
f 3162/3162/3154 3153/3153/3145 3161/3161/3153
f 3161/3161/3153 687/687/681 3162/3162/3154
f 689/689/683 3162/3162/3154 687/687/681
f 3143/3143/3135 3139/3139/3131 3137/3137/3129
f 3137/3137/3129 3136/3136/3128 3143/3143/3135
f 3143/3143/3135 3136/3136/3128 3145/3145/3137
f 3148/3148/3140 3145/3145/3137 3136/3136/3128
f 3136/3136/3128 3135/3135/3127 3148/3148/3140
f 3150/3150/3142 3148/3148/3140 3135/3135/3127
f 3135/3135/3127 3163/3163/3155 3150/3150/3142
f 3152/3152/3144 3150/3150/3142 3163/3163/3155
f 3163/3163/3155 3164/3164/3156 3152/3152/3144
f 3161/3161/3153 3152/3152/3144 3164/3164/3156
f 3164/3164/3156 685/685/679 3161/3161/3153
f 687/687/681 3161/3161/3153 685/685/679
f 3163/3163/3155 3135/3135/3127 3134/3134/3126
f 3165/3165/3157 3166/3166/3158 3167/3167/3159
f 3167/3167/3159 3168/3168/3160 3165/3165/3157
f 3168/3168/3160 3167/3167/3159 3169/3169/3161
f 3169/3169/3161 801/801/794 3168/3168/3160
f 3170/3170/3162 3168/3168/3160 801/801/794
f 801/801/794 799/799/792 3170/3170/3162
f 3138/3138/3130 3170/3170/3162 799/799/792
f 799/799/792 798/798/791 3138/3138/3130
f 3138/3138/3130 798/798/791 3134/3134/3126
f 797/797/790 3134/3134/3126 798/798/791
f 3134/3134/3126 797/797/790 3163/3163/3155
f 3164/3164/3156 3163/3163/3155 797/797/790
f 797/797/790 683/683/677 3164/3164/3156
f 685/685/679 3164/3164/3156 683/683/677
f 801/801/794 3169/3169/3161 803/803/796
f 3171/3171/3163 3172/3172/3164 3173/3173/3165
f 3172/3172/3164 3171/3171/3163 3174/3174/3166
f 3174/3174/3166 3171/3171/3163 3175/3175/3167
f 3175/3175/3167 3176/3176/3168 3174/3174/3166
f 3176/3176/3168 3175/3175/3167 3177/3177/3169
f 3177/3177/3169 3178/3178/3170 3176/3176/3168
f 3177/3177/3169 3179/3179/3171 3178/3178/3170
f 3179/3179/3171 3180/3180/3172 3178/3178/3170
f 3180/3180/3172 3179/3179/3171 3181/3181/3173
f 3181/3181/3173 3182/3182/3174 3180/3180/3172
f 3182/3182/3174 3181/3181/3173 3183/3183/3175
f 3183/3183/3175 3184/3184/3176 3182/3182/3174
f 3184/3184/3176 3185/3185/3177 3182/3182/3174
f 3185/3185/3177 3184/3184/3176 3186/3186/3178
f 3186/3186/3178 3187/3187/3179 3185/3185/3177
f 3188/3188/3180 3187/3187/3179 3186/3186/3178
f 3187/3187/3179 3188/3188/3180 3189/3189/3181
f 3190/3190/3182 3189/3189/3181 3188/3188/3180
f 3188/3188/3180 3186/3186/3178 3191/3191/3183
f 3192/3192/3184 3193/3193/3185 3194/3194/3186
f 3194/3194/3186 3195/3195/3187 3192/3192/3184
f 3192/3192/3184 3195/3195/3187 3196/3196/3188
f 3196/3196/3188 3195/3195/3187 3197/3197/3189
f 3197/3197/3189 3198/3198/3190 3196/3196/3188
f 3198/3198/3190 3197/3197/3189 3199/3199/3191
f 3199/3199/3191 3191/3191/3183 3198/3198/3190
f 3191/3191/3183 3199/3199/3191 3188/3188/3180
f 3188/3188/3180 3199/3199/3191 3190/3190/3182
f 3200/3200/3192 3190/3190/3182 3199/3199/3191
f 3190/3190/3182 3200/3200/3192 3201/3201/3193
f 3201/3201/3193 3200/3200/3192 3202/3202/3194
f 3202/3202/3194 3203/3203/3195 3201/3201/3193
f 3204/3204/3196 3201/3201/3193 3203/3203/3195
f 3203/3203/3195 3205/3205/3197 3204/3204/3196
f 3194/3194/3186 3206/3206/3198 3195/3195/3187
f 3195/3195/3187 3206/3206/3198 3200/3200/3192
f 3200/3200/3192 3197/3197/3189 3195/3195/3187
f 3199/3199/3191 3197/3197/3189 3200/3200/3192
f 3206/3206/3198 3202/3202/3194 3200/3200/3192
f 3189/3189/3181 3190/3190/3182 3207/3207/3199
f 3201/3201/3193 3207/3207/3199 3190/3190/3182
f 3208/3208/3200 3207/3207/3199 3201/3201/3193
f 3201/3201/3193 3204/3204/3196 3208/3208/3200
f 3208/3208/3200 3204/3204/3196 3209/3209/3201
f 3209/3209/3201 3204/3204/3196 3205/3205/3197
f 3205/3205/3197 3210/3210/3202 3209/3209/3201
f 3211/3211/3203 3209/3209/3201 3210/3210/3202
f 3210/3210/3202 3212/3212/3204 3211/3211/3203
f 3213/3213/3205 3211/3211/3203 3212/3212/3204
f 3212/3212/3204 3214/3214/3206 3213/3213/3205
f 3215/3215/3207 3213/3213/3205 3214/3214/3206
f 3214/3214/3206 3216/3216/3208 3215/3215/3207
f 3217/3217/3209 3215/3215/3207 3216/3216/3208
f 3216/3216/3208 3218/3218/3210 3217/3217/3209
f 3219/3219/3211 3217/3217/3209 3218/3218/3210
f 3218/3218/3210 3220/3220/3212 3219/3219/3211
f 3221/3221/3213 3219/3219/3211 3220/3220/3212
f 3222/3222/3214 3217/3217/3209 3219/3219/3211
f 3219/3219/3211 3223/3223/3215 3222/3222/3214
f 3223/3223/3215 3219/3219/3211 3221/3221/3213
f 3221/3221/3213 3224/3224/3216 3223/3223/3215
f 3225/3225/3217 3224/3224/3216 3221/3221/3213
f 3221/3221/3213 3226/3226/3218 3225/3225/3217
f 3227/3227/3219 3228/3228/3220 3229/3229/3221
f 3229/3229/3221 3230/3230/3222 3227/3227/3219
f 3227/3227/3219 3230/3230/3222 3224/3224/3216
f 3224/3224/3216 3230/3230/3222 3231/3231/3223
f 3231/3231/3223 3223/3223/3215 3224/3224/3216
f 3223/3223/3215 3231/3231/3223 3232/3232/3224
f 3232/3232/3224 3222/3222/3214 3223/3223/3215
f 3233/3233/3225 3222/3222/3214 3232/3232/3224
f 3217/3217/3209 3222/3222/3214 3233/3233/3225
f 3233/3233/3225 3215/3215/3207 3217/3217/3209
f 3215/3215/3207 3233/3233/3225 3234/3234/3226
f 3234/3234/3226 3213/3213/3205 3215/3215/3207
f 3211/3211/3203 3213/3213/3205 3234/3234/3226
f 3230/3230/3222 3229/3229/3221 3235/3235/3227
f 3235/3235/3227 3231/3231/3223 3230/3230/3222
f 3231/3231/3223 3235/3235/3227 3236/3236/3228
f 3236/3236/3228 3232/3232/3224 3231/3231/3223
f 3220/3220/3212 3237/3237/3229 3221/3221/3213
f 3226/3226/3218 3221/3221/3213 3237/3237/3229
f 3237/3237/3229 3238/3238/3230 3226/3226/3218
f 3226/3226/3218 3238/3238/3230 3239/3239/3231
f 3239/3239/3231 3240/3240/3232 3226/3226/3218
f 3240/3240/3232 3225/3225/3217 3226/3226/3218
f 3241/3241/3233 3225/3225/3217 3240/3240/3232
f 3224/3224/3216 3225/3225/3217 3241/3241/3233
f 3241/3241/3233 3242/3242/3234 3224/3224/3216
f 3224/3224/3216 3242/3242/3234 3227/3227/3219
f 3227/3227/3219 3242/3242/3234 3243/3243/3235
f 3243/3243/3235 3244/3244/3236 3227/3227/3219
f 3228/3228/3220 3227/3227/3219 3244/3244/3236
f 3244/3244/3236 3245/3245/3237 3228/3228/3220
f 3228/3228/3220 3245/3245/3237 3246/3246/3238
f 3246/3246/3238 3247/3247/3239 3228/3228/3220
f 3229/3229/3221 3228/3228/3220 3247/3247/3239
f 3247/3247/3239 3248/3248/3240 3229/3229/3221
f 3240/3240/3232 3249/3249/3241 3241/3241/3233
f 3250/3250/3242 3241/3241/3233 3249/3249/3241
f 3242/3242/3234 3241/3241/3233 3250/3250/3242
f 3250/3250/3242 3243/3243/3235 3242/3242/3234
f 3249/3249/3241 3251/3251/3243 3250/3250/3242
f 3235/3235/3227 3229/3229/3221 3248/3248/3240
f 3235/3235/3227 3248/3248/3240 3252/3252/3244
f 3252/3252/3244 3236/3236/3228 3235/3235/3227
f 3253/3253/3245 3236/3236/3228 3252/3252/3244
f 3232/3232/3224 3236/3236/3228 3253/3253/3245
f 3253/3253/3245 3254/3254/3246 3232/3232/3224
f 3232/3232/3224 3254/3254/3246 3233/3233/3225
f 3233/3233/3225 3254/3254/3246 3255/3255/3247
f 3255/3255/3247 3234/3234/3226 3233/3233/3225
f 3256/3256/3248 3234/3234/3226 3255/3255/3247
f 3234/3234/3226 3256/3256/3248 3211/3211/3203
f 3209/3209/3201 3211/3211/3203 3256/3256/3248
f 3256/3256/3248 3257/3257/3249 3209/3209/3201
f 3258/3258/3250 3209/3209/3201 3257/3257/3249
f 3259/3259/3251 3258/3258/3250 3257/3257/3249
f 3258/3258/3250 3259/3259/3251 3260/3260/3252
f 3261/3261/3253 3260/3260/3252 3259/3259/3251
f 3260/3260/3252 3261/3261/3253 3262/3262/3254
f 3252/3252/3244 3263/3263/3255 3253/3253/3245
f 3264/3264/3256 3179/3179/3171 3177/3177/3169
f 3265/3265/3257 3264/3264/3256 3177/3177/3169
f 3177/3177/3169 3175/3175/3167 3265/3265/3257
f 3266/3266/3258 3265/3265/3257 3175/3175/3167
f 3175/3175/3167 3267/3267/3259 3266/3266/3258
f 3171/3171/3163 3267/3267/3259 3175/3175/3167
f 3267/3267/3259 3171/3171/3163 3268/3268/3260
f 3173/3173/3165 3268/3268/3260 3171/3171/3163
f 3268/3268/3260 3173/3173/3165 3269/3269/3261
f 3173/3173/3165 3270/3270/3262 3269/3269/3261
f 3271/3271/3263 3269/3269/3261 3270/3270/3262
f 3270/3270/3262 3272/3272/3264 3271/3271/3263
f 3263/3263/3255 3271/3271/3263 3272/3272/3264
f 3272/3272/3264 3273/3273/3265 3263/3263/3255
f 3273/3273/3265 3253/3253/3245 3263/3263/3255
f 3254/3254/3246 3253/3253/3245 3273/3273/3265
f 3273/3273/3265 3255/3255/3247 3254/3254/3246
f 3255/3255/3247 3273/3273/3265 3274/3274/3266
f 3274/3274/3266 3273/3273/3265 3272/3272/3264
f 3274/3274/3266 3272/3272/3264 3270/3270/3262
f 3270/3270/3262 3275/3275/3267 3274/3274/3266
f 3275/3275/3267 3270/3270/3262 3173/3173/3165
f 3255/3255/3247 3274/3274/3266 3256/3256/3248
f 3257/3257/3249 3256/3256/3248 3274/3274/3266
f 3274/3274/3266 3275/3275/3267 3257/3257/3249
f 3257/3257/3249 3275/3275/3267 3259/3259/3251
f 3173/3173/3165 3259/3259/3251 3275/3275/3267
f 3259/3259/3251 3173/3173/3165 3261/3261/3253
f 3173/3173/3165 3172/3172/3164 3261/3261/3253
f 3262/3262/3254 3261/3261/3253 3172/3172/3164
f 3172/3172/3164 3276/3276/3268 3262/3262/3254
f 3276/3276/3268 3172/3172/3164 3174/3174/3166
f 3276/3276/3268 3174/3174/3166 3176/3176/3168
f 3276/3276/3268 3176/3176/3168 3178/3178/3170
f 3178/3178/3170 3277/3277/3269 3276/3276/3268
f 3277/3277/3269 3178/3178/3170 3180/3180/3172
f 3180/3180/3172 3278/3278/3270 3277/3277/3269
f 3182/3182/3174 3278/3278/3270 3180/3180/3172
f 3185/3185/3177 3278/3278/3270 3182/3182/3174
f 3279/3279/3271 3278/3278/3270 3185/3185/3177
f 3185/3185/3177 3187/3187/3179 3279/3279/3271
f 3189/3189/3181 3279/3279/3271 3187/3187/3179
f 3279/3279/3271 3189/3189/3181 3280/3280/3272
f 3207/3207/3199 3280/3280/3272 3189/3189/3181
f 3207/3207/3199 3208/3208/3200 3280/3280/3272
f 3208/3208/3200 3260/3260/3252 3280/3280/3272
f 3260/3260/3252 3208/3208/3200 3258/3258/3250
f 3209/3209/3201 3258/3258/3250 3208/3208/3200
f 3277/3277/3269 3262/3262/3254 3276/3276/3268
f 3262/3262/3254 3277/3277/3269 3278/3278/3270
f 3278/3278/3270 3279/3279/3271 3262/3262/3254
f 3280/3280/3272 3262/3262/3254 3279/3279/3271
f 3262/3262/3254 3280/3280/3272 3260/3260/3252
f 3269/3269/3261 3281/3281/3273 3268/3268/3260
f 3282/3282/3274 3268/3268/3260 3281/3281/3273
f 3268/3268/3260 3282/3282/3274 3267/3267/3259
f 3281/3281/3273 3283/3283/3275 3282/3282/3274
f 2887/2887/2879 2750/2750/2742 2752/2752/2744
f 2750/2750/2742 2887/2887/2879 3284/3284/3276
f 3284/3284/3276 2748/2748/2740 2750/2750/2742
f 2748/2748/2740 3284/3284/3276 3285/3285/3277
f 3285/3285/3277 2746/2746/2738 2748/2748/2740
f 2746/2746/2738 3285/3285/3277 2881/2881/2873
f 2880/2880/2872 2881/2881/2873 3285/3285/3277
f 3285/3285/3277 3286/3286/3278 2880/2880/2872
f 3286/3286/3278 2892/2892/2884 2880/2880/2872
f 2892/2892/2884 3286/3286/3278 3287/3287/3279
f 3287/3287/3279 2891/2891/2883 2892/2892/2884
f 2891/2891/2883 3287/3287/3279 2889/2889/2881
f 2887/2887/2879 2889/2889/2881 3287/3287/3279
f 3287/3287/3279 3284/3284/3276 2887/2887/2879
f 3284/3284/3276 3287/3287/3279 3286/3286/3278
f 3286/3286/3278 3285/3285/3277 3284/3284/3276
f 2796/2796/2788 2721/2721/2713 2692/2692/2684
f 2692/2692/2684 2691/2691/2683 2796/2796/2788
f 2796/2796/2788 2691/2691/2683 2794/2794/2786
f 2794/2794/2786 2691/2691/2683 2694/2694/2686
f 2694/2694/2686 2792/2792/2784 2794/2794/2786
f 2790/2790/2782 2792/2792/2784 2694/2694/2686
f 2694/2694/2686 2696/2696/2688 2790/2790/2782
f 2696/2696/2688 2788/2788/2780 2790/2790/2782
f 2788/2788/2780 2696/2696/2688 2698/2698/2690
f 2138/2138/2130 2134/2134/2126 2136/2136/2128
f 2134/2134/2126 2138/2138/2130 2139/2139/2131
f 2139/2139/2131 2131/2131/2123 2134/2134/2126
f 2131/2131/2123 2139/2139/2131 3288/3288/3280
f 3288/3288/3280 2202/2202/2194 2131/2131/2123
f 3288/3288/3280 2200/2200/2192 2202/2202/2194
f 2200/2200/2192 3288/3288/3280 2198/2198/2190
f 2143/2143/2135 2198/2198/2190 3288/3288/3280
f 3288/3288/3280 2141/2141/2133 2143/2143/2135
f 2140/2140/2132 2141/2141/2133 3288/3288/3280
f 3288/3288/3280 2139/2139/2131 2140/2140/2132
f 2204/2204/2196 2132/2132/2124 2131/2131/2123
f 2131/2131/2123 2202/2202/2194 2204/2204/2196
f 3289/3289/3281 3290/3290/3282 3291/3291/3283
f 3290/3290/3282 3289/3289/3281 3292/3292/3284
f 3292/3292/3284 3293/3293/3285 3290/3290/3282
f 3293/3293/3285 3292/3292/3284 3294/3294/3286
f 3294/3294/3286 1150/1150/1142 3293/3293/3285
f 1150/1150/1142 3294/3294/3286 1152/1152/1144
f 1157/1157/1149 1032/1032/1024 1020/1020/1012
f 1020/1020/1012 1022/1022/1014 1157/1157/1149
f 1157/1157/1149 1022/1022/1014 1159/1159/1151
f 1159/1159/1151 1022/1022/1014 1023/1023/1015
f 1023/1023/1015 3295/3295/3287 1159/1159/1151
f 1161/1161/1153 1159/1159/1151 3295/3295/3287
f 3295/3295/3287 1164/1164/1156 1161/1161/1153
f 3296/3296/3288 3297/3297/3289 3298/3298/3290
f 3299/3299/3291 3296/3296/3288 3298/3298/3290
f 3298/3298/3290 3300/3300/3292 3299/3299/3291
f 3301/3301/3293 3299/3299/3291 3300/3300/3292
f 3300/3300/3292 825/825/818 3301/3301/3293
f 865/865/857 3301/3301/3293 825/825/818
f 3302/3302/3294 3165/3165/3157 3168/3168/3160
f 3168/3168/3160 3170/3170/3162 3302/3302/3294
f 3140/3140/3132 3302/3302/3294 3170/3170/3162
f 3170/3170/3162 3138/3138/3130 3140/3140/3132
f 3303/3303/3295 3304/3304/3296 3305/3305/3297
f 3305/3305/3297 3306/3306/3298 3303/3303/3295
f 3307/3307/3299 3303/3303/3295 3306/3306/3298
f 3306/3306/3298 3308/3308/3300 3307/3307/3299
f 3309/3309/3301 3307/3307/3299 3308/3308/3300
f 3308/3308/3300 3310/3310/3302 3309/3309/3301
f 3310/3310/3302 3308/3308/3300 3311/3311/3303
f 3312/3312/3304 3311/3311/3303 3308/3308/3300
f 3311/3311/3303 3312/3312/3304 3313/3313/3305
f 3314/3314/3306 3313/3313/3305 3312/3312/3304
f 3313/3313/3305 3314/3314/3306 3315/3315/3307
f 3316/3316/3308 3315/3315/3307 3314/3314/3306
f 3315/3315/3307 3316/3316/3308 3317/3317/3309
f 3318/3318/3310 3317/3317/3309 3316/3316/3308
f 3319/3319/3311 3318/3318/3310 3316/3316/3308
f 3316/3316/3308 3320/3320/3312 3319/3319/3311
f 3320/3320/3312 3316/3316/3308 3321/3321/3313
f 3321/3321/3313 3322/3322/3314 3320/3320/3312
f 3314/3314/3306 3321/3321/3313 3316/3316/3308
f 3312/3312/3304 3323/3323/3315 3314/3314/3306
f 3321/3321/3313 3314/3314/3306 3323/3323/3315
f 3323/3323/3315 3324/3324/3316 3321/3321/3313
f 3304/3304/3296 3325/3325/3317 3326/3326/3318
f 3326/3326/3318 3305/3305/3297 3304/3304/3296
f 3305/3305/3297 3326/3326/3318 3324/3324/3316
f 3324/3324/3316 3323/3323/3315 3305/3305/3297
f 3306/3306/3298 3305/3305/3297 3323/3323/3315
f 3323/3323/3315 3312/3312/3304 3306/3306/3298
f 3308/3308/3300 3306/3306/3298 3312/3312/3304
f 3322/3322/3314 3321/3321/3313 3324/3324/3316
f 3324/3324/3316 3327/3327/3319 3322/3322/3314
f 3327/3327/3319 3324/3324/3316 3326/3326/3318
f 3326/3326/3318 3328/3328/3320 3327/3327/3319
f 3328/3328/3320 3326/3326/3318 3329/3329/3321
f 3329/3329/3321 3330/3330/3322 3328/3328/3320
f 3331/3331/3323 3332/3332/3324 3333/3333/3325
f 3333/3333/3325 3328/3328/3320 3331/3331/3323
f 3328/3328/3320 3333/3333/3325 3327/3327/3319
f 3334/3334/3326 3327/3327/3319 3333/3333/3325
f 3333/3333/3325 3335/3335/3327 3334/3334/3326
f 3335/3335/3327 3333/3333/3325 3336/3336/3328
f 3336/3336/3328 3337/3337/3329 3335/3335/3327
f 3317/3317/3309 3338/3338/3330 3315/3315/3307
f 3338/3338/3330 3339/3339/3331 3315/3315/3307
f 3340/3340/3332 3315/3315/3307 3339/3339/3331
f 3315/3315/3307 3340/3340/3332 3313/3313/3305
f 3341/3341/3333 3313/3313/3305 3340/3340/3332
f 3313/3313/3305 3341/3341/3333 3311/3311/3303
f 3342/3342/3334 3311/3311/3303 3341/3341/3333
f 3311/3311/3303 3342/3342/3334 3310/3310/3302
f 3339/3339/3331 3343/3343/3335 3340/3340/3332
f 3343/3343/3335 3344/3344/3336 3340/3340/3332
f 3341/3341/3333 3345/3345/3337 3342/3342/3334
f 3345/3345/3337 3341/3341/3333 3346/3346/3338
f 3340/3340/3332 3346/3346/3338 3341/3341/3333
f 3346/3346/3338 3340/3340/3332 3344/3344/3336
f 3344/3344/3336 3347/3347/3339 3346/3346/3338
f 3347/3347/3339 3348/3348/3340 3346/3346/3338
f 3349/3349/3341 3346/3346/3338 3348/3348/3340
f 3348/3348/3340 3350/3350/3342 3349/3349/3341
f 3350/3350/3342 3351/3351/3343 3349/3349/3341
f 3346/3346/3338 3349/3349/3341 3345/3345/3337
f 3352/3352/3344 3353/3353/3345 3354/3354/3346
f 3355/3355/3347 3354/3354/3346 3353/3353/3345
f 3353/3353/3345 3356/3356/3348 3355/3355/3347
f 3355/3355/3347 3356/3356/3348 3357/3357/3349
f 3355/3355/3347 3357/3357/3349 3358/3358/3350
f 3358/3358/3350 3359/3359/3351 3355/3355/3347
f 3359/3359/3351 3358/3358/3350 3360/3360/3352
f 3360/3360/3352 3361/3361/3353 3359/3359/3351
f 3362/3362/3354 3361/3361/3353 3360/3360/3352
f 3361/3361/3353 3362/3362/3354 3363/3363/3355
f 3363/3363/3355 3364/3364/3356 3361/3361/3353
f 3361/3361/3353 3364/3364/3356 3365/3365/3357
f 3366/3366/3358 3365/3365/3357 3364/3364/3356
f 3365/3365/3357 3366/3366/3358 3367/3367/3359
f 3367/3367/3359 3366/3366/3358 3368/3368/3360
f 3367/3367/3359 3368/3368/3360 3369/3369/3361
f 3370/3370/3362 3369/3369/3361 3368/3368/3360
f 3369/3369/3361 3370/3370/3362 3371/3371/3363
f 3354/3354/3346 3355/3355/3347 3359/3359/3351
f 3365/3365/3357 3359/3359/3351 3361/3361/3353
f 3359/3359/3351 3365/3365/3357 3354/3354/3346
f 3367/3367/3359 3354/3354/3346 3365/3365/3357
f 3354/3354/3346 3367/3367/3359 3352/3352/3344
f 3352/3352/3344 3367/3367/3359 3369/3369/3361
f 3369/3369/3361 3372/3372/3364 3352/3352/3344
f 3372/3372/3364 3369/3369/3361 3373/3373/3365
f 3371/3371/3363 3373/3373/3365 3369/3369/3361
f 3371/3371/3363 3370/3370/3362 3374/3374/3366
f 3374/3374/3366 3375/3375/3367 3371/3371/3363
f 3376/3376/3368 3375/3375/3367 3374/3374/3366
f 3374/3374/3366 3377/3377/3369 3376/3376/3368
f 3376/3376/3368 3377/3377/3369 3378/3378/3370
f 3379/3379/3371 3378/3378/3370 3377/3377/3369
f 3377/3377/3369 3380/3380/3372 3379/3379/3371
f 3379/3379/3371 3380/3380/3372 3381/3381/3373
f 3382/3382/3374 3381/3381/3373 3380/3380/3372
f 3381/3381/3373 3382/3382/3374 3383/3383/3375
f 3384/3384/3376 3383/3383/3375 3382/3382/3374
f 3382/3382/3374 3385/3385/3377 3384/3384/3376
f 3384/3384/3376 3385/3385/3377 3386/3386/3378
f 3366/3366/3358 3386/3386/3378 3385/3385/3377
f 3364/3364/3356 3386/3386/3378 3366/3366/3358
f 3386/3386/3378 3364/3364/3356 3363/3363/3355
f 3363/3363/3355 3387/3387/3379 3386/3386/3378
f 3386/3386/3378 3387/3387/3379 3384/3384/3376
f 3378/3378/3370 3388/3388/3380 3376/3376/3368
f 3389/3389/3381 2620/2620/2612 2610/2610/2602
f 2610/2610/2602 2608/2608/2600 3389/3389/3381
f 2606/2606/2598 3389/3389/3381 2608/2608/2600
f 3390/3390/3382 3391/3391/3383 3392/3392/3384
f 3392/3392/3384 3393/3393/3385 3390/3390/3382
f 3394/3394/3386 3390/3390/3382 3393/3393/3385
f 3393/3393/3385 3395/3395/3387 3394/3394/3386
f 3395/3395/3387 3393/3393/3385 3396/3396/3388
f 3397/3397/3389 3396/3396/3388 3393/3393/3385
f 3398/3398/3390 3396/3396/3388 3397/3397/3389
f 3397/3397/3389 3399/3399/3391 3398/3398/3390
f 3398/3398/3390 3399/3399/3391 3400/3400/3392
f 3400/3400/3392 3401/3401/3393 3398/3398/3390
f 3401/3401/3393 3400/3400/3392 3402/3402/3394
f 3402/3402/3394 3403/3403/3395 3401/3401/3393
f 3404/3404/3396 3403/3403/3395 3402/3402/3394
f 3403/3403/3395 3404/3404/3396 3405/3405/3397
f 3405/3405/3397 3404/3404/3396 3406/3406/3398
f 3406/3406/3398 3407/3407/3399 3405/3405/3397
f 3408/3408/3400 3407/3407/3399 3406/3406/3398
f 3406/3406/3398 3409/3409/3401 3408/3408/3400
f 3393/3393/3385 3392/3392/3384 3397/3397/3389
f 3410/3410/3402 3408/3408/3400 3409/3409/3401
f 3409/3409/3401 3411/3411/3403 3410/3410/3402
f 3412/3412/3404 3410/3410/3402 3411/3411/3403
f 3411/3411/3403 3413/3413/3405 3412/3412/3404
f 3414/3414/3406 3412/3412/3404 3413/3413/3405
f 3413/3413/3405 3415/3415/3407 3414/3414/3406
f 3414/3414/3406 3415/3415/3407 3416/3416/3408
f 3417/3417/3409 3416/3416/3408 3415/3415/3407
f 3416/3416/3408 3417/3417/3409 3418/3418/3410
f 3418/3418/3410 3419/3419/3411 3416/3416/3408
f 3420/3420/3412 3416/3416/3408 3419/3419/3411
f 3416/3416/3408 3420/3420/3412 3414/3414/3406
f 3419/3419/3411 3421/3421/3413 3420/3420/3412
f 3402/3402/3394 3422/3422/3414 3404/3404/3396
f 3404/3404/3396 3422/3422/3414 3423/3423/3415
f 3423/3423/3415 3406/3406/3398 3404/3404/3396
f 3406/3406/3398 3423/3423/3415 3424/3424/3416
f 3424/3424/3416 3409/3409/3401 3406/3406/3398
f 3411/3411/3403 3409/3409/3401 3424/3424/3416
f 3424/3424/3416 3425/3425/3417 3411/3411/3403
f 3413/3413/3405 3411/3411/3403 3425/3425/3417
f 3425/3425/3417 3426/3426/3418 3413/3413/3405
f 3415/3415/3407 3413/3413/3405 3426/3426/3418
f 3426/3426/3418 3427/3427/3419 3415/3415/3407
f 3415/3415/3407 3427/3427/3419 3417/3417/3409
f 3396/3396/3388 3428/3428/3420 3395/3395/3387
f 3429/3429/3421 3428/3428/3420 3396/3396/3388
f 3396/3396/3388 3398/3398/3390 3429/3429/3421
f 3429/3429/3421 3398/3398/3390 3401/3401/3393
f 3401/3401/3393 3430/3430/3422 3429/3429/3421
f 3431/3431/3423 3430/3430/3422 3401/3401/3393
f 3401/3401/3393 3403/3403/3395 3431/3431/3423
f 3405/3405/3397 3431/3431/3423 3403/3403/3395
f 3432/3432/3424 3433/3433/3425 3434/3434/3426
f 3435/3435/3427 3434/3434/3426 3433/3433/3425
f 3433/3433/3425 3436/3436/3428 3435/3435/3427
f 3437/3437/3429 3438/3438/3430 3439/3439/3431
f 3440/3440/3432 3438/3438/3430 3437/3437/3429
f 3437/3437/3429 3441/3441/3433 3440/3440/3432
f 3442/3442/3434 3440/3440/3432 3441/3441/3433
f 3441/3441/3433 3443/3443/3435 3442/3442/3434
f 3444/3444/3436 3442/3442/3434 3443/3443/3435
f 3443/3443/3435 3445/3445/3437 3444/3444/3436
f 3446/3446/3438 3444/3444/3436 3445/3445/3437
f 3445/3445/3437 3447/3447/3439 3446/3446/3438
f 3448/3448/3440 3446/3446/3438 3447/3447/3439
f 3447/3447/3439 3449/3449/3441 3448/3448/3440
f 3450/3450/3442 3448/3448/3440 3449/3449/3441
f 3449/3449/3441 3451/3451/3443 3450/3450/3442
f 3452/3452/3444 3450/3450/3442 3451/3451/3443
f 3451/3451/3443 3453/3453/3445 3452/3452/3444
f 3454/3454/3446 3452/3452/3444 3453/3453/3445
f 3453/3453/3445 3110/3110/3102 3454/3454/3446
f 3112/3112/3104 3454/3454/3446 3110/3110/3102
f 3443/3443/3435 3441/3441/3433 3455/3455/3447
f 3445/3445/3437 3443/3443/3435 3456/3456/3448
f 3447/3447/3439 3445/3445/3437 3457/3457/3449
f 3449/3449/3441 3447/3447/3439 3458/3458/3450
f 3451/3451/3443 3449/3449/3441 3459/3459/3451
f 3453/3453/3445 3451/3451/3443 3460/3460/3452
f 3110/3110/3102 3453/3453/3445 3461/3461/3453
f 3462/3462/3454 3463/3463/3455 3464/3464/3456
f 3464/3464/3456 3465/3465/3457 3462/3462/3454
f 3466/3466/3458 3462/3462/3454 3465/3465/3457
f 3465/3465/3457 3467/3467/3459 3466/3466/3458
f 3468/3468/3460 3466/3466/3458 3467/3467/3459
f 3467/3467/3459 3469/3469/3461 3468/3468/3460
f 3470/3470/3462 3468/3468/3460 3469/3469/3461
f 3469/3469/3461 3471/3471/3463 3470/3470/3462
f 3472/3472/3464 3470/3470/3462 3471/3471/3463
f 3471/3471/3463 3473/3473/3465 3472/3472/3464
f 3474/3474/3466 3472/3472/3464 3473/3473/3465
f 3473/3473/3465 3475/3475/3467 3474/3474/3466
f 3476/3476/3468 3474/3474/3466 3475/3475/3467
f 3475/3475/3467 3477/3477/3469 3476/3476/3468
f 3478/3478/3470 3479/3479/3471 3480/3480/3472
f 3478/3478/3470 3480/3480/3472 3481/3481/3473
f 3478/3478/3470 3481/3481/3473 3482/3482/3474
f 3483/3483/3475 3482/3482/3474 3481/3481/3473
f 3484/3484/3476 3482/3482/3474 3483/3483/3475
f 3483/3483/3475 3485/3485/3477 3484/3484/3476
f 3486/3486/3478 3484/3484/3476 3485/3485/3477
f 3485/3485/3477 3487/3487/3479 3486/3486/3478
f 3488/3488/3480 3486/3486/3478 3487/3487/3479
f 3487/3487/3479 3489/3489/3481 3488/3488/3480
f 3490/3490/3482 3488/3488/3480 3489/3489/3481
f 3489/3489/3481 3491/3491/3483 3490/3490/3482
f 3492/3492/3484 3490/3490/3482 3491/3491/3483
f 3491/3491/3483 3493/3493/3485 3492/3492/3484
f 3492/3492/3484 3493/3493/3485 3494/3494/3486
f 3494/3494/3486 3495/3495/3487 3492/3492/3484
f 3496/3496/3488 3495/3495/3487 3494/3494/3486
f 3496/3496/3488 3478/3478/3470 3495/3495/3487
f 3478/3478/3470 3484/3484/3476 3486/3486/3478
f 3488/3488/3480 3478/3478/3470 3486/3486/3478
f 3478/3478/3470 3488/3488/3480 3490/3490/3482
f 3490/3490/3482 3492/3492/3484 3478/3478/3470
f 3478/3478/3470 3492/3492/3484 3495/3495/3487
f 3482/3482/3474 3484/3484/3476 3478/3478/3470
f 3478/3478/3470 3497/3497/3489 3498/3498/3490
f 3497/3497/3489 3478/3478/3470 3499/3499/3491
f 3478/3478/3470 3500/3500/3492 3499/3499/3491
f 3501/3501/3493 3478/3478/3470 3496/3496/3488
f 3501/3501/3493 3500/3500/3492 3478/3478/3470
f 3502/3502/3494 3500/3500/3492 3501/3501/3493
f 3500/3500/3492 3502/3502/3494 3503/3503/3495
f 3503/3503/3495 3499/3499/3491 3500/3500/3492
f 3499/3499/3491 3503/3503/3495 3504/3504/3496
f 3504/3504/3496 3497/3497/3489 3499/3499/3491
f 3497/3497/3489 3504/3504/3496 3505/3505/3497
f 3505/3505/3497 3498/3498/3490 3497/3497/3489
f 3506/3506/3498 3498/3498/3490 3505/3505/3497
f 3498/3498/3490 3506/3506/3498 3478/3478/3470
f 3507/3507/3499 3478/3478/3470 3506/3506/3498
f 3478/3478/3470 3507/3507/3499 3508/3508/3500
f 3508/3508/3500 3507/3507/3499 3509/3509/3501
f 3509/3509/3501 3510/3510/3502 3508/3508/3500
f 3511/3511/3503 3508/3508/3500 3510/3510/3502
f 3510/3510/3502 3512/3512/3504 3511/3511/3503
f 3479/3479/3471 3511/3511/3503 3512/3512/3504
f 3478/3478/3470 3508/3508/3500 3511/3511/3503
f 3478/3478/3470 3511/3511/3503 3479/3479/3471
f 3512/3512/3504 3513/3513/3505 3479/3479/3471
f 3480/3480/3472 3479/3479/3471 3513/3513/3505
f 3513/3513/3505 3514/3514/3506 3480/3480/3472
f 3481/3481/3473 3480/3480/3472 3514/3514/3506
f 3514/3514/3506 3515/3515/3507 3481/3481/3473
f 3481/3481/3473 3515/3515/3507 3483/3483/3475
f 3516/3516/3508 3517/3517/3509 3518/3518/3510
f 3516/3516/3508 3518/3518/3510 3519/3519/3511
f 3516/3516/3508 3519/3519/3511 3520/3520/3512
f 3516/3516/3508 3520/3520/3512 3521/3521/3513
f 3516/3516/3508 3521/3521/3513 3522/3522/3514
f 3516/3516/3508 3522/3522/3514 3523/3523/3515
f 3516/3516/3508 3523/3523/3515 3524/3524/3516
f 3516/3516/3508 3524/3524/3516 3525/3525/3517
f 3516/3516/3508 3525/3525/3517 3526/3526/3518
f 3516/3516/3508 3526/3526/3518 3527/3527/3519
f 3527/3527/3519 3528/3528/3520 3516/3516/3508
f 3529/3529/3521 3516/3516/3508 3528/3528/3520
f 3516/3516/3508 3529/3529/3521 3530/3530/3522
f 3516/3516/3508 3530/3530/3522 3531/3531/3523
f 3516/3516/3508 3531/3531/3523 3532/3532/3524
f 3516/3516/3508 3532/3532/3524 3533/3533/3525
f 3516/3516/3508 3533/3533/3525 3534/3534/3526
f 3516/3516/3508 3534/3534/3526 3535/3535/3527
f 3516/3516/3508 3535/3535/3527 3536/3536/3528
f 3516/3516/3508 3536/3536/3528 3517/3517/3509
f 3537/3537/3529 3509/3509/3501 3507/3507/3499
f 3507/3507/3499 3506/3506/3498 3537/3537/3529
f 3505/3505/3497 3537/3537/3529 3506/3506/3498
f 3501/3501/3493 3538/3538/3530 3502/3502/3494
f 3539/3539/3531 3538/3538/3530 3501/3501/3493
f 3501/3501/3493 3496/3496/3488 3539/3539/3531
f 3494/3494/3486 3539/3539/3531 3496/3496/3488
f 3540/3540/3532 3541/3541/3533 3542/3542/3534
f 3542/3542/3534 3543/3543/3535 3540/3540/3532
f 3543/3543/3535 3542/3542/3534 3544/3544/3536
f 3544/3544/3536 3545/3545/3537 3543/3543/3535
f 3545/3545/3537 3544/3544/3536 3546/3546/3538
f 3546/3546/3538 3547/3547/3539 3545/3545/3537
f 3547/3547/3539 3546/3546/3538 3548/3548/3540
f 3548/3548/3540 3549/3549/3541 3547/3547/3539
f 3549/3549/3541 3548/3548/3540 3550/3550/3542
f 3550/3550/3542 3551/3551/3543 3549/3549/3541
f 3551/3551/3543 3550/3550/3542 3552/3552/3544
f 3552/3552/3544 3553/3553/3545 3551/3551/3543
f 3553/3553/3545 3552/3552/3544 3554/3554/3546
f 3554/3554/3546 3555/3555/3547 3553/3553/3545
f 3556/3556/3548 3557/3557/3549 3558/3558/3550
f 3557/3557/3549 3559/3559/3551 3560/3560/3552
f 3559/3559/3551 3561/3561/3553 3562/3562/3554
f 3561/3561/3553 3563/3563/3555 3564/3564/3556
f 3563/3563/3555 3565/3565/3557 3566/3566/3558
f 3565/3565/3557 3567/3567/3559 3568/3568/3560
f 3567/3567/3559 3569/3569/3561 3570/3570/3562
f 3569/3569/3561 3571/3571/3563 3572/3572/3564
f 3571/3571/3563 3573/3573/3565 3574/3574/3566
f 3573/3573/3565 3575/3575/3567 3576/3576/3568
f 3575/3575/3567 3577/3577/3569 3578/3578/3569
f 3579/3579/3570 3580/3580/3571 3581/3581/3570
f 3580/3580/3571 3582/3582/3572 3583/3583/3573
f 3582/3582/3572 3584/3584/3574 3583/3583/3573
f 3584/3584/3574 3585/3585/3575 3586/3586/3576
f 3585/3585/3575 3587/3587/3577 3588/3588/3578
f 3587/3587/3577 3556/3556/3548 3589/3589/3579
f 3441/3441/3433 3437/3437/3429 3590/3590/3580
f 3591/3591/3581 3592/3592/3582 3593/3593/3583
f 3594/3594/3584 3592/3592/3582 3591/3591/3581
f 3591/3591/3581 3595/3595/3585 3594/3594/3584
f 3594/3594/3584 3595/3595/3585 3596/3596/3586
f 3597/3597/3587 3596/3596/3586 3595/3595/3585
f 3596/3596/3586 3597/3597/3587 3598/3598/3588
f 3599/3599/3589 3598/3598/3588 3597/3597/3587
f 3600/3600/3590 3598/3598/3588 3599/3599/3589
f 3599/3599/3589 3601/3601/3591 3600/3600/3590
f 3602/3602/3592 3600/3600/3590 3601/3601/3591
f 3601/3601/3591 3603/3603/3593 3602/3602/3592
f 3602/3602/3592 3603/3603/3593 3604/3604/3594
f 3604/3604/3594 3603/3603/3593 3605/3605/3595
f 3605/3605/3595 3606/3606/3596 3604/3604/3594
f 3607/3607/3597 3606/3606/3596 3605/3605/3595
f 3606/3606/3596 3607/3607/3597 3608/3608/3598
f 3609/3609/3599 3608/3608/3598 3607/3607/3597
f 3608/3608/3598 3609/3609/3599 3610/3610/3600
f 3611/3611/3601 3610/3610/3600 3609/3609/3599
f 3610/3610/3600 3611/3611/3601 3612/3612/3602
f 3611/3611/3601 3613/3613/3603 3614/3614/3604
f 3613/3613/3603 3611/3611/3601 3615/3615/3605
f 3609/3609/3599 3615/3615/3605 3611/3611/3601
f 3615/3615/3605 3609/3609/3599 3616/3616/3606
f 3607/3607/3597 3616/3616/3606 3609/3609/3599
f 3616/3616/3606 3607/3607/3597 3617/3617/3607
f 3605/3605/3595 3617/3617/3607 3607/3607/3597
f 3617/3617/3607 3605/3605/3595 3618/3618/3608
f 3618/3618/3608 3605/3605/3595 3603/3603/3593
f 3603/3603/3593 3601/3601/3591 3618/3618/3608
f 3619/3619/3609 3618/3618/3608 3601/3601/3591
f 3601/3601/3591 3599/3599/3589 3619/3619/3609
f 3619/3619/3609 3599/3599/3589 3620/3620/3610
f 3597/3597/3587 3620/3620/3610 3599/3599/3589
f 3620/3620/3610 3597/3597/3587 3621/3621/3611
f 3595/3595/3585 3621/3621/3611 3597/3597/3587
f 3622/3622/3612 3621/3621/3611 3595/3595/3585
f 3595/3595/3585 3591/3591/3581 3622/3622/3612
f 3622/3622/3612 3591/3591/3581 3623/3623/3613
f 3615/3615/3605 3624/3624/3614 3613/3613/3603
f 3625/3625/3615 3626/3626/3616 3627/3627/3617
f 3613/3613/3603 3627/3627/3617 3626/3626/3616
f 3627/3627/3617 3613/3613/3603 3624/3624/3614
f 3624/3624/3614 3628/3628/3618 3627/3627/3617
f 3628/3628/3618 3624/3624/3614 3629/3629/3619
f 3629/3629/3619 3624/3624/3614 3615/3615/3605
f 3615/3615/3605 3616/3616/3606 3629/3629/3619
f 3617/3617/3607 3629/3629/3619 3616/3616/3606
f 3629/3629/3619 3617/3617/3607 3630/3630/3620
f 3618/3618/3608 3630/3630/3620 3617/3617/3607
f 3630/3630/3620 3618/3618/3608 3619/3619/3609
f 3619/3619/3609 3631/3631/3621 3630/3630/3620
f 3632/3632/3622 3630/3630/3620 3631/3631/3621
f 3630/3630/3620 3632/3632/3622 3629/3629/3619
f 3629/3629/3619 3632/3632/3622 3628/3628/3618
f 3633/3633/3623 3634/3634/3623 3613/3613/3603
f 3635/3635/3624 3636/3636/3625 3637/3637/3626
f 3627/3627/3617 3637/3637/3626 3636/3636/3625
f 3637/3637/3626 3627/3627/3617 3628/3628/3618
f 3628/3628/3618 3638/3638/3627 3637/3637/3626
f 3638/3638/3627 3628/3628/3618 3632/3632/3622
f 3632/3632/3622 3639/3639/3628 3638/3638/3627
f 3631/3631/3621 3639/3639/3628 3632/3632/3622
f 3639/3639/3628 3631/3631/3621 3640/3640/3629
f 3640/3640/3629 3631/3631/3621 3619/3619/3609
f 3619/3619/3609 3641/3641/3630 3640/3640/3629
f 3620/3620/3610 3641/3641/3630 3619/3619/3609
f 3641/3641/3630 3620/3620/3610 3642/3642/3631
f 3621/3621/3611 3642/3642/3631 3620/3620/3610
f 3642/3642/3631 3621/3621/3611 3622/3622/3612
f 3622/3622/3612 3643/3643/3632 3642/3642/3631
f 3643/3643/3632 3622/3622/3612 3644/3644/3633
f 3645/3645/3634 3637/3637/3626 3638/3638/3627
f 3637/3637/3626 3645/3645/3634 3646/3646/3635
f 3647/3647/3636 3643/3643/3632 3648/3648/3637
f 3642/3642/3631 3643/3643/3632 3647/3647/3636
f 3647/3647/3636 3649/3649/3638 3642/3642/3631
f 3642/3642/3631 3649/3649/3638 3641/3641/3630
f 3641/3641/3630 3649/3649/3638 3650/3650/3639
f 3650/3650/3639 3640/3640/3629 3641/3641/3630
f 3651/3651/3640 3640/3640/3629 3650/3650/3639
f 3640/3640/3629 3651/3651/3640 3639/3639/3628
f 3638/3638/3627 3639/3639/3628 3651/3651/3640
f 3651/3651/3640 3652/3652/3641 3638/3638/3627
f 3638/3638/3627 3652/3652/3641 3645/3645/3634
f 3653/3653/3642 3645/3645/3634 3652/3652/3641
f 3645/3645/3634 3653/3653/3642 3654/3654/3643
f 3655/3655/3644 3656/3656/3645 3652/3652/3641
f 3652/3652/3641 3651/3651/3640 3655/3655/3644
f 3650/3650/3639 3655/3655/3644 3651/3651/3640
f 3657/3657/3646 3655/3655/3644 3650/3650/3639
f 3650/3650/3639 3658/3658/3647 3657/3657/3646
f 3658/3658/3647 3650/3650/3639 3649/3649/3638
f 3649/3649/3638 3647/3647/3636 3658/3658/3647
f 3658/3658/3647 3647/3647/3636 3659/3659/3648
f 3657/3657/3646 3660/3660/3649 3656/3656/3645
f 3656/3656/3645 3655/3655/3644 3657/3657/3646
f 3661/3661/3650 3662/3662/3651 3658/3658/3647
f 3657/3657/3646 3658/3658/3647 3662/3662/3651
f 3662/3662/3651 3663/3663/3652 3657/3657/3646
f 3660/3660/3649 3657/3657/3646 3663/3663/3652
f 3663/3663/3652 3664/3664/3653 3660/3660/3649
f 3656/3656/3645 3660/3660/3649 3664/3664/3653
f 3664/3664/3653 3653/3653/3642 3656/3656/3645
f 3652/3652/3641 3656/3656/3645 3653/3653/3642
f 3663/3663/3652 3662/3662/3651 3665/3665/3654
f 3666/3666/3655 3664/3664/3653 3663/3663/3652
f 3653/3653/3642 3664/3664/3653 3667/3667/3656
f 3668/3668/3657 3669/3669/3657 3653/3653/3642
f 3670/3670/3658 3671/3671/3659 3672/3672/3660
f 3671/3671/3659 3670/3670/3658 3673/3673/3661
f 3673/3673/3661 3670/3670/3658 3674/3674/3662
f 3674/3674/3662 3675/3675/3663 3673/3673/3661
f 3675/3675/3663 3674/3674/3662 3676/3676/3664
f 3676/3676/3664 3677/3677/3665 3675/3675/3663
f 3677/3677/3665 3676/3676/3664 3678/3678/3666
f 3678/3678/3666 3679/3679/3667 3677/3677/3665
f 3680/3680/3668 3679/3679/3667 3678/3678/3666
f 3679/3679/3667 3680/3680/3668 3602/3602/3592
f 3602/3602/3592 3680/3680/3668 3681/3681/3669
f 3681/3681/3669 3600/3600/3590 3602/3602/3592
f 3600/3600/3590 3681/3681/3669 3682/3682/3670
f 3682/3682/3670 3598/3598/3588 3600/3600/3590
f 3598/3598/3588 3682/3682/3670 3596/3596/3586
f 3678/3678/3666 3676/3676/3664 3683/3683/3671
f 3676/3676/3664 3674/3674/3662 3684/3684/3672
f 3685/3685/3673 3686/3686/3673 3674/3674/3662
f 3674/3674/3662 3670/3670/3658 3687/3687/3674
f 3688/3688/3675 3687/3687/3674 3670/3670/3658
f 3671/3671/3659 3610/3610/3600 3689/3689/3676
f 3610/3610/3600 3671/3671/3659 3608/3608/3598
f 3673/3673/3661 3608/3608/3598 3671/3671/3659
f 3608/3608/3598 3673/3673/3661 3606/3606/3596
f 3606/3606/3596 3673/3673/3661 3675/3675/3663
f 3675/3675/3663 3604/3604/3594 3606/3606/3596
f 3690/3690/3677 3604/3604/3594 3675/3675/3663
f 3604/3604/3594 3690/3690/3677 3602/3602/3592
f 3602/3602/3592 3690/3690/3677 3679/3679/3667
f 3677/3677/3665 3679/3679/3667 3690/3690/3677
f 3675/3675/3663 3677/3677/3665 3690/3690/3677
f 3691/3691/3678 3692/3692/3678 3610/3610/3600
f 3693/3693/3679 3678/3678/3666 3694/3694/3680
f 3678/3678/3666 3693/3693/3679 3680/3680/3668
f 3680/3680/3668 3693/3693/3679 3695/3695/3681
f 3695/3695/3681 3681/3681/3669 3680/3680/3668
f 3681/3681/3669 3695/3695/3681 3696/3696/3682
f 3696/3696/3682 3682/3682/3670 3681/3681/3669
f 3682/3682/3670 3696/3696/3682 3697/3697/3683
f 3697/3697/3683 3596/3596/3586 3682/3682/3670
f 3596/3596/3586 3697/3697/3683 3594/3594/3584
f 3594/3594/3584 3697/3697/3683 3698/3698/3684
f 3695/3695/3681 3693/3693/3679 3699/3699/3685
f 3700/3700/3686 3701/3701/3687 3695/3695/3681
f 3696/3696/3682 3695/3695/3681 3701/3701/3687
f 3702/3702/3688 3703/3703/3689 3696/3696/3682
f 3697/3697/3683 3696/3696/3682 3703/3703/3689
f 3704/3704/3690 3705/3705/3690 3697/3697/3683
f 3706/3706/3691 3707/3707/3691 3647/3647/3636
f 3708/3708/3692 3709/3709/3692 3643/3643/3632
f 3592/3592/3582 3594/3594/3584 3710/3710/3693
f 3711/3711/3694 3710/3710/3693 3594/3594/3584
f 3712/3712/3695 3713/3713/3695 3592/3592/3582
f 3714/3714/3696 3715/3715/3696 3693/3693/3679
f 3716/3716/3697 3717/3717/3697 3676/3676/3664
f 3718/3718/3698 3719/3719/3698 3671/3671/3659
f 3720/3720/3699 3721/3721/3699 3645/3645/3634
f 3722/3722/3700 3723/3723/3700 3662/3662/3651
f 3663/3663/3652 3724/3724/3701 3725/3725/3701
f 3726/3726/3702 3727/3727/3702 3663/3663/3652
f 3728/3728/3703 3729/3729/3703 3622/3622/3612
f 3730/3730/3704 3731/3731/3704 3678/3678/3666
f 3732/3732/3705 3733/3733/3705 3611/3611/3601
f 3734/3734/3706 3735/3735/3707 3736/3736/3708
f 3735/3735/3707 3734/3734/3706 3737/3737/3709
f 3738/3738/3710 3737/3737/3709 3734/3734/3706
f 3737/3737/3709 3738/3738/3710 3739/3739/3711
f 3740/3740/3712 3739/3739/3711 3738/3738/3710
f 3739/3739/3711 3740/3740/3712 3741/3741/3713
f 3742/3742/3714 3741/3741/3713 3740/3740/3712
f 3741/3741/3713 3742/3742/3714 3743/3743/3715
f 3743/3743/3715 3742/3742/3714 3744/3744/3716
f 3744/3744/3716 3745/3745/3717 3743/3743/3715
f 3746/3746/3718 3745/3745/3717 3744/3744/3716
f 3746/3746/3718 3744/3744/3716 3747/3747/3719
f 3747/3747/3719 3748/3748/3720 3746/3746/3718
f 3748/3748/3720 3747/3747/3719 3749/3749/3721
f 3749/3749/3721 3750/3750/3722 3748/3748/3720
f 3750/3750/3722 3749/3749/3721 3751/3751/3723
f 3751/3751/3723 3752/3752/3724 3750/3750/3722
f 3752/3752/3724 3751/3751/3723 3753/3753/3725
f 3740/3740/3712 3754/3754/3726 3742/3742/3714
f 3747/3747/3719 3744/3744/3716 3742/3742/3714
f 3749/3749/3721 3747/3747/3719 3742/3742/3714
f 3742/3742/3714 3754/3754/3726 3749/3749/3721
f 3751/3751/3723 3749/3749/3721 3754/3754/3726
f 3753/3753/3725 3751/3751/3723 3754/3754/3726
f 3754/3754/3726 3755/3755/3727 3753/3753/3725
f 3756/3756/3728 3755/3755/3727 3754/3754/3726
f 3754/3754/3726 3740/3740/3712 3756/3756/3728
f 3738/3738/3710 3756/3756/3728 3740/3740/3712
f 3757/3757/3729 3758/3758/3730 3759/3759/3731
f 3759/3759/3731 3758/3758/3730 3760/3760/3732
f 3761/3761/3733 3760/3760/3732 3758/3758/3730
f 3762/3762/3734 3760/3760/3732 3761/3761/3733
f 3763/3763/3735 3762/3762/3734 3761/3761/3733
f 3763/3763/3735 3764/3764/3736 3762/3762/3734
f 3764/3764/3736 3753/3753/3725 3762/3762/3734
f 3760/3760/3732 3762/3762/3734 3753/3753/3725
f 3753/3753/3725 3755/3755/3727 3760/3760/3732
f 3765/3765/3737 3760/3760/3732 3755/3755/3727
f 3755/3755/3727 3756/3756/3728 3765/3765/3737
f 3766/3766/3738 3765/3765/3737 3756/3756/3728
f 3756/3756/3728 3738/3738/3710 3766/3766/3738
f 3734/3734/3706 3766/3766/3738 3738/3738/3710
f 3766/3766/3738 3734/3734/3706 3767/3767/3739
f 3736/3736/3708 3767/3767/3739 3734/3734/3706
f 3768/3768/3740 3767/3767/3739 3736/3736/3708
f 3767/3767/3739 3768/3768/3740 3769/3769/3741
f 3760/3760/3732 3765/3765/3737 3759/3759/3731
f 3769/3769/3741 3768/3768/3740 3770/3770/3742
f 3770/3770/3742 3771/3771/3743 3769/3769/3741
f 3772/3772/3744 3769/3769/3741 3771/3771/3743
f 3771/3771/3743 3773/3773/3745 3772/3772/3744
f 3757/3757/3729 3772/3772/3744 3773/3773/3745
f 3759/3759/3731 3772/3772/3744 3757/3757/3729
f 3772/3772/3744 3759/3759/3731 3774/3774/3746
f 3774/3774/3746 3759/3759/3731 3765/3765/3737
f 3765/3765/3737 3766/3766/3738 3774/3774/3746
f 3767/3767/3739 3774/3774/3746 3766/3766/3738
f 3769/3769/3741 3774/3774/3746 3767/3767/3739
f 3774/3774/3746 3769/3769/3741 3772/3772/3744
f 3775/3775/3747 3763/3763/3735 3776/3776/3748
f 3763/3763/3735 3761/3761/3733 3776/3776/3748
f 3776/3776/3748 3761/3761/3733 3777/3777/3749
f 3758/3758/3730 3777/3777/3749 3761/3761/3733
f 3778/3778/3750 3777/3777/3749 3758/3758/3730
f 3758/3758/3730 3757/3757/3729 3778/3778/3750
f 3778/3778/3750 3757/3757/3729 3779/3779/3751
f 3779/3779/3751 3757/3757/3729 3780/3780/3752
f 3773/3773/3745 3780/3780/3752 3757/3757/3729
f 3780/3780/3752 3773/3773/3745 3781/3781/3753
f 3781/3781/3753 3773/3773/3745 3771/3771/3743
f 3771/3771/3743 3782/3782/3754 3781/3781/3753
f 3782/3782/3754 3771/3771/3743 3770/3770/3742
f 3770/3770/3742 3783/3783/3755 3782/3782/3754
f 3784/3784/3756 3783/3783/3755 3770/3770/3742
f 3770/3770/3742 3785/3785/3757 3784/3784/3756
f 3785/3785/3757 3770/3770/3742 3768/3768/3740
f 3768/3768/3740 3786/3786/3758 3785/3785/3757
f 3783/3783/3755 3787/3787/3759 3782/3782/3754
f 3781/3781/3753 3782/3782/3754 3787/3787/3759
f 3781/3781/3753 3788/3788/3760 3780/3780/3752
f 3788/3788/3760 3781/3781/3753 3789/3789/3761
f 3787/3787/3759 3789/3789/3761 3781/3781/3753
f 3789/3789/3761 3787/3787/3759 3790/3790/3762
f 3783/3783/3755 3790/3790/3762 3787/3787/3759
f 3783/3783/3755 3791/3791/3763 3790/3790/3762
f 3783/3783/3755 3784/3784/3756 3791/3791/3763
f 3784/3784/3756 3792/3792/3764 3791/3791/3763
f 3792/3792/3764 3784/3784/3756 3785/3785/3757
f 3785/3785/3757 3793/3793/3765 3792/3792/3764
f 3794/3794/3766 3793/3793/3765 3785/3785/3757
f 3795/3795/3767 3793/3793/3765 3794/3794/3766
f 3794/3794/3766 3796/3796/3768 3795/3795/3767
f 3796/3796/3768 3794/3794/3766 3797/3797/3769
f 3797/3797/3769 3798/3798/3770 3796/3796/3768
f 3798/3798/3770 3797/3797/3769 3799/3799/3771
f 3799/3799/3771 3800/3800/3772 3798/3798/3770
f 3800/3800/3772 3799/3799/3771 3801/3801/3773
f 3785/3785/3757 3786/3786/3758 3794/3794/3766
f 3797/3797/3769 3794/3794/3766 3786/3786/3758
f 3736/3736/3708 3786/3786/3758 3768/3768/3740
f 3786/3786/3758 3736/3736/3708 3797/3797/3769
f 3797/3797/3769 3736/3736/3708 3735/3735/3707
f 3735/3735/3707 3799/3799/3771 3797/3797/3769
f 3799/3799/3771 3735/3735/3707 3802/3802/3774
f 3802/3802/3774 3801/3801/3773 3799/3799/3771
f 3801/3801/3773 3802/3802/3774 3803/3803/3775
f 3803/3803/3775 3804/3804/3776 3801/3801/3773
f 3804/3804/3776 3803/3803/3775 3805/3805/3777
f 3805/3805/3777 3806/3806/3778 3804/3804/3776
f 3807/3807/3779 3806/3806/3778 3805/3805/3777
f 3808/3808/3780 3807/3807/3779 3805/3805/3777
f 3805/3805/3777 3809/3809/3781 3808/3808/3780
f 3808/3808/3780 3809/3809/3781 3810/3810/3782
f 3810/3810/3782 3809/3809/3781 3811/3811/3783
f 3811/3811/3783 3739/3739/3711 3810/3810/3782
f 3739/3739/3711 3811/3811/3783 3737/3737/3709
f 3802/3802/3774 3737/3737/3709 3811/3811/3783
f 3737/3737/3709 3802/3802/3774 3735/3735/3707
f 3809/3809/3781 3805/3805/3777 3803/3803/3775
f 3803/3803/3775 3811/3811/3783 3809/3809/3781
f 3811/3811/3783 3803/3803/3775 3802/3802/3774
f 3753/3753/3725 3812/3812/3784 3752/3752/3724
f 3812/3812/3784 3753/3753/3725 3764/3764/3736
f 3764/3764/3736 3813/3813/3785 3812/3812/3784
f 3813/3813/3785 3764/3764/3736 3763/3763/3735
f 3763/3763/3735 3814/3814/3786 3813/3813/3785
f 3814/3814/3786 3763/3763/3735 3775/3775/3747
f 3775/3775/3747 3815/3815/3787 3814/3814/3786
f 3815/3815/3787 3775/3775/3747 3816/3816/3788
f 3776/3776/3748 3816/3816/3788 3775/3775/3747
f 3816/3816/3788 3776/3776/3748 3817/3817/3789
f 3777/3777/3749 3817/3817/3789 3776/3776/3748
f 3818/3818/3790 3817/3817/3789 3777/3777/3749
f 3777/3777/3749 3778/3778/3750 3818/3818/3790
f 3819/3819/3791 3818/3818/3790 3778/3778/3750
f 3778/3778/3750 3779/3779/3751 3819/3819/3791
f 3820/3820/3792 3819/3819/3791 3779/3779/3751
f 3780/3780/3752 3820/3820/3792 3779/3779/3751
f 3820/3820/3792 3780/3780/3752 3788/3788/3760
f 3816/3816/3788 3821/3821/3793 3815/3815/3787
f 3821/3821/3793 3816/3816/3788 3822/3822/3794
f 3817/3817/3789 3822/3822/3794 3816/3816/3788
f 3817/3817/3789 3818/3818/3790 3822/3822/3794
f 3823/3823/3795 3822/3822/3794 3818/3818/3790
f 3818/3818/3790 3824/3824/3796 3823/3823/3795
f 3824/3824/3796 3818/3818/3790 3819/3819/3791
f 3819/3819/3791 3825/3825/3797 3824/3824/3796
f 3825/3825/3797 3819/3819/3791 3820/3820/3792
f 3820/3820/3792 3826/3826/3798 3825/3825/3797
f 3826/3826/3798 3820/3820/3792 3827/3827/3799
f 3827/3827/3799 3828/3828/3800 3826/3826/3798
f 3828/3828/3800 3827/3827/3799 3829/3829/3801
f 3829/3829/3801 3830/3830/3802 3828/3828/3800
f 3831/3831/3803 3830/3830/3802 3829/3829/3801
f 3832/3832/3804 3831/3831/3803 3829/3829/3801
f 3829/3829/3801 3833/3833/3805 3832/3832/3804
f 3832/3832/3804 3833/3833/3805 3789/3789/3761
f 3789/3789/3761 3833/3833/3805 3788/3788/3760
f 3827/3827/3799 3788/3788/3760 3833/3833/3805
f 3788/3788/3760 3827/3827/3799 3820/3820/3792
f 3833/3833/3805 3829/3829/3801 3827/3827/3799
f 3801/3801/3773 3834/3834/3806 3800/3800/3772
f 3834/3834/3806 3801/3801/3773 3804/3804/3776
f 3804/3804/3776 3835/3835/3807 3834/3834/3806
f 3835/3835/3807 3804/3804/3776 3806/3806/3778
f 3806/3806/3778 3836/3836/3808 3835/3835/3807
f 3837/3837/3809 3836/3836/3808 3806/3806/3778
f 3790/3790/3762 3838/3838/3810 3789/3789/3761
f 3789/3789/3761 3838/3838/3810 3832/3832/3804
f 3822/3822/3794 3823/3823/3795 3821/3821/3793
f 3741/3741/3713 3810/3810/3782 3739/3739/3711
f 3839/3839/3811 3810/3810/3782 3741/3741/3713
f 3810/3810/3782 3839/3839/3811 3808/3808/3780
f 3743/3743/3715 3840/3840/3812 3741/3741/3713
f 3741/3741/3713 3840/3840/3812 3839/3839/3811
f 3841/3841/3813 3842/3842/3814 3843/3843/3815
f 3843/3843/3815 3844/3844/3816 3841/3841/3813
f 3844/3844/3816 3843/3843/3815 3845/3845/3817
f 3845/3845/3817 3846/3846/3818 3844/3844/3816
f 3846/3846/3818 3845/3845/3817 3847/3847/3819
f 3847/3847/3819 3848/3848/3820 3846/3846/3818
f 3848/3848/3820 3847/3847/3819 3849/3849/3821
f 3849/3849/3821 3850/3850/3822 3848/3848/3820
f 3850/3850/3822 3849/3849/3821 3851/3851/3823
f 3851/3851/3823 3852/3852/3824 3850/3850/3822
f 3852/3852/3824 3851/3851/3823 3853/3853/3825
f 3853/3853/3825 3854/3854/3826 3852/3852/3824
f 3855/3855/3827 3856/3856/3827 3854/3854/3826
f 3857/3857/3828 3858/3858/3829 3854/3854/3826
f 3858/3858/3829 3859/3859/3830 3860/3860/3830
f 3861/3861/3831 3862/3862/3832 3858/3858/3829
f 3862/3862/3832 3863/3863/3833 3864/3864/3833
f 3865/3865/3834 3866/3866/3835 3862/3862/3832
f 3866/3866/3835 3867/3867/3836 3868/3868/3836
f 3869/3869/3837 3870/3870/3838 3866/3866/3835
f 3870/3870/3838 3871/3871/3839 3872/3872/3839
f 3873/3873/3840 3874/3874/3841 3870/3870/3838
f 3874/3874/3841 3875/3875/3842 3876/3876/3842
f 3877/3877/3843 3878/3878/3844 3874/3874/3841
f 3878/3878/3844 3879/3879/3845 3880/3880/3845
f 3881/3881/3846 3882/3882/3847 3878/3878/3844
f 3882/3882/3847 3883/3883/3848 3884/3884/3848
f 3885/3885/3849 3886/3886/3850 3887/3887/3851
f 3886/3886/3850 3885/3885/3849 3882/3882/3847
f 3888/3888/3852 3889/3889/3853 3885/3885/3849
f 3889/3889/3853 3890/3890/3854 3891/3891/3854
f 3892/3892/3855 3893/3893/3856 3889/3889/3853
f 3893/3893/3856 3894/3894/3857 3895/3895/3857
f 3896/3896/3858 3897/3897/3859 3893/3893/3856
f 3897/3897/3859 3898/3898/3860 3899/3899/3860
f 3900/3900/3861 3901/3901/3862 3902/3902/3863
f 3901/3901/3862 3900/3900/3861 3897/3897/3859
f 3903/3903/3864 3904/3904/3865 3900/3900/3861
f 3904/3904/3865 3905/3905/3866 3906/3906/3867
f 3906/3906/3867 3907/3907/3868 3904/3904/3865
f 3906/3906/3867 3908/3908/3869 3907/3907/3868
f 3854/3854/3826 3909/3909/3870 3910/3910/3870
f 3911/3911/3871 3912/3912/3872 3913/3913/3873
f 3913/3913/3873 3914/3914/3874 3911/3911/3871
f 3914/3914/3874 3913/3913/3873 3915/3915/3875
f 3915/3915/3875 3916/3916/3876 3914/3914/3874
f 3916/3916/3876 3915/3915/3875 3917/3917/3877
f 3917/3917/3877 3918/3918/3878 3916/3916/3876
f 3918/3918/3878 3917/3917/3877 3919/3919/3879
f 3919/3919/3879 3920/3920/3880 3918/3918/3878
f 3920/3920/3880 3919/3919/3879 3921/3921/3881
f 3921/3921/3881 3922/3922/3882 3920/3920/3880
f 3922/3922/3882 3921/3921/3881 3923/3923/3883
f 3923/3923/3883 3924/3924/3884 3922/3922/3882
f 3924/3924/3884 3923/3923/3883 3925/3925/3885
f 3925/3925/3885 3926/3926/3886 3924/3924/3884
f 3793/3793/3765 3795/3795/3767 3927/3927/3887
f 3927/3927/3887 3792/3792/3764 3793/3793/3765
f 3792/3792/3764 3927/3927/3887 3928/3928/3888
f 3929/3929/3889 3930/3930/3890 3931/3931/3890
f 3932/3932/3891 3933/3933/3892 3929/3929/3889
f 3934/3934/3893 3935/3935/3894 3932/3932/3891
f 3936/3936/3895 3937/3937/3896 3934/3934/3893
f 3938/3938/3897 3939/3939/3898 3936/3936/3895
f 3940/3940/3899 3941/3941/3900 3938/3938/3897
f 3942/3942/3901 3943/3943/3901 3940/3940/3899
f 3944/3944/3902 3945/3945/3902 3946/3946/3903
f 3946/3946/3903 3947/3947/3904 3948/3948/3905
f 3948/3948/3905 3949/3949/3906 3950/3950/3907
f 3950/3950/3907 3951/3951/3908 3952/3952/3909
f 3952/3952/3909 3953/3953/3910 3954/3954/3911
f 3954/3954/3911 3955/3955/3912 3956/3956/3913
f 3956/3956/3913 3957/3957/3914 3958/3958/3915
f 3958/3958/3915 3959/3959/3916 3960/3960/3917
f 3960/3960/3917 3961/3961/3918 3962/3962/3919
f 3962/3962/3919 3963/3963/3920 3964/3964/3921
f 3964/3964/3921 3965/3965/3922 3966/3966/3923
f 3966/3966/3923 3967/3967/3924 3968/3968/3925
f 3968/3968/3925 3969/3969/3926 3970/3970/3926
f 3971/3971/3927 3972/3972/3928 3973/3973/3929
f 3974/3974/3930 3975/3975/3931 3971/3971/3927
f 3976/3976/3932 3977/3977/3933 3974/3974/3930
f 3978/3978/3934 3979/3979/3935 3976/3976/3932
f 3980/3980/3936 3981/3981/3937 3982/3982/3938
f 3982/3982/3938 3981/3981/3937 3978/3978/3934
f 3983/3983/3939 3984/3984/3939 3980/3980/3936
f 3985/3985/3940 3986/3986/3941 3987/3987/3942
f 3987/3987/3942 3988/3988/3943 3989/3989/3944
f 3989/3989/3944 3990/3990/3945 3991/3991/3946
f 3991/3991/3946 3992/3992/3947 3993/3993/3948
f 3993/3993/3948 3994/3994/3949 3995/3995/3950
f 3995/3995/3950 3996/3996/3951 3997/3997/3951
f 3973/3973/3929 3998/3998/3952 3999/3999/3953
f 3999/3999/3953 4000/4000/3954 4001/4001/3955
f 4001/4001/3955 4002/4002/3956 4003/4003/3957
f 4003/4003/3957 4004/4004/3958 3985/3985/3940
f 4005/4005/3959 4006/4006/3959 4007/4007/3959
f 2186/2186/2178 2162/2162/2154 2159/2159/2151
f 2159/2159/2151 2157/2157/2149 2186/2186/2178
f 2188/2188/2180 2186/2186/2178 2157/2157/2149
f 2157/2157/2149 4008/4008/3960 2188/2188/2180
f 4008/4008/3960 2157/2157/2149 2155/2155/2147
f 2155/2155/2147 4009/4009/3961 4008/4008/3960
f 4009/4009/3961 2155/2155/2147 2153/2153/2145
f 2153/2153/2145 4010/4010/3962 4009/4009/3961
f 4010/4010/3962 2153/2153/2145 2151/2151/2143
f 2151/2151/2143 2149/2149/2141 4010/4010/3962
f 2193/2193/2185 4010/4010/3962 2149/2149/2141
f 4010/4010/3962 2193/2193/2185 2190/2190/2182
f 2190/2190/2182 4009/4009/3961 4010/4010/3962
f 4008/4008/3960 4009/4009/3961 2190/2190/2182
f 2188/2188/2180 4008/4008/3960 2190/2190/2182
f 2907/2907/2899 2904/2904/2896 2924/2924/2916
f 4011/4011/3963 2924/2924/2916 2904/2904/2896
f 2904/2904/2896 2901/2901/2893 4011/4011/3963
f 2899/2899/2891 4011/4011/3963 2901/2901/2893
f 4011/4011/3963 2899/2899/2891 4012/4012/3964
f 2893/2893/2885 4012/4012/3964 2899/2899/2891
f 4012/4012/3964 2893/2893/2885 2883/2883/2875
f 2883/2883/2875 2882/2882/2874 4012/4012/3964
f 4013/4013/3965 4012/4012/3964 2882/2882/2874
f 2882/2882/2874 2927/2927/2919 4013/4013/3965
f 2925/2925/2917 4013/4013/3965 2927/2927/2919
f 2927/2927/2919 2926/2926/2918 2925/2925/2917
f 4012/4012/3964 4013/4013/3965 4011/4011/3963
f 2924/2924/2916 4011/4011/3963 4013/4013/3965
f 4013/4013/3965 2925/2925/2917 2924/2924/2916
f 2191/2191/2183 4014/4014/3966 4015/4015/3967
f 4015/4015/3967 2189/2189/2181 2191/2191/2183
f 2189/2189/2181 4015/4015/3967 2187/2187/2179
f 1564/1564/1556 1541/1541/1533 1539/1539/1531
f 1539/1539/1531 1565/1565/1557 1564/1564/1556
f 1565/1565/1557 1539/1539/1531 1537/1537/1529
f 1537/1537/1529 1571/1571/1563 1565/1565/1557
f 1571/1571/1563 1537/1537/1529 1536/1536/1528
f 2782/2782/2774 2780/2780/2772 2813/2813/2805
f 2780/2780/2772 4016/4016/3968 2813/2813/2805
f 4016/4016/3968 4017/4017/3969 2813/2813/2805
f 4017/4017/3969 4016/4016/3968 4018/4018/3970
f 2813/2813/2805 4017/4017/3969 2812/2812/2804
f 2812/2812/2804 4017/4017/3969 2811/2811/2803
f 2811/2811/2803 4017/4017/3969 4019/4019/3971
f 2811/2811/2803 4020/4020/3972 2810/2810/2802
f 1517/1517/1509 1516/1516/1508 1532/1532/1524
f 1532/1532/1524 1546/1546/1538 1517/1517/1509
f 1546/1546/1538 1532/1532/1524 1617/1617/1609
f 1617/1617/1609 1544/1544/1536 1546/1546/1538
f 1544/1544/1536 1617/1617/1609 1619/1619/1611
f 1619/1619/1611 1542/1542/1534 1544/1544/1536
f 1542/1542/1534 1619/1619/1611 1621/1621/1613
f 1621/1621/1613 1540/1540/1532 1542/1542/1534
f 1540/1540/1532 1621/1621/1613 1623/1623/1615
f 1623/1623/1615 1538/1538/1530 1540/1540/1532
f 1538/1538/1530 1623/1623/1615 1625/1625/1617
f 1625/1625/1617 1534/1534/1526 1538/1538/1530
f 1534/1534/1526 1625/1625/1617 1627/1627/1619
f 1627/1627/1619 1535/1535/1527 1534/1534/1526
f 1558/1558/1550 4021/4021/3973 1557/1557/1549
f 4021/4021/3973 1558/1558/1550 4022/4022/3974
f 1559/1559/1551 4022/4022/3974 1558/1558/1550
f 4022/4022/3974 1559/1559/1551 1570/1570/1562
f 1570/1570/1562 1580/1580/1572 4022/4022/3974
f 4023/4023/3975 4022/4022/3974 1580/1580/1572
f 1580/1580/1572 1582/1582/1574 4023/4023/3975
f 4022/4022/3974 4023/4023/3975 4021/4021/3973
f 2167/2167/2159 4024/4024/3976 2165/2165/2157
f 2165/2165/2157 4024/4024/3976 4025/4025/3977
f 4025/4025/3977 2117/2117/2109 2165/2165/2157
f 2115/2115/2107 2117/2117/2109 4025/4025/3977
f 4025/4025/3977 4026/4026/3978 2115/2115/2107
f 2115/2115/2107 4026/4026/3978 4027/4027/3979
f 2115/2115/2107 4027/4027/3979 2113/2113/2105
f 2113/2113/2105 4027/4027/3979 4028/4028/3980
f 2110/2110/2102 2113/2113/2105 4028/4028/3980
f 4028/4028/3980 4029/4029/3981 2110/2110/2102
f 2805/2805/2797 2804/2804/2796 2806/2806/2798
f 2856/2856/2848 2846/2846/2838 2848/2848/2840
f 2209/2209/2201 4030/4030/3982 2207/2207/2199
f 3196/3196/3188 4031/4031/3983 3192/3192/3184
f 4032/4032/3984 4033/4033/3985 4034/4034/3986
f 4034/4034/3986 4035/4035/3987 4032/4032/3984
f 4035/4035/3987 4034/4034/3986 4036/4036/3988
f 4036/4036/3988 4037/4037/3989 4035/4035/3987
f 4038/4038/3990 4037/4037/3989 4036/4036/3988
f 4036/4036/3988 4039/4039/3991 4038/4038/3990
f 4038/4038/3990 4039/4039/3991 4040/4040/3992
f 4040/4040/3992 4041/4041/3993 4038/4038/3990
f 4041/4041/3993 4040/4040/3992 4042/4042/3994
f 4042/4042/3994 4043/4043/3995 4041/4041/3993
f 4044/4044/3996 4043/4043/3995 4042/4042/3994
f 4042/4042/3994 4045/4045/3997 4044/4044/3996
f 4046/4046/3998 4044/4044/3996 4045/4045/3997
f 4045/4045/3997 4047/4047/3999 4046/4046/3998
f 4048/4048/4000 4046/4046/3998 4047/4047/3999
f 4047/4047/3999 4049/4049/4001 4048/4048/4000
f 4048/4048/4000 4049/4049/4001 4050/4050/4002
f 4050/4050/4002 4051/4051/4003 4048/4048/4000
f 4051/4051/4003 4050/4050/4002 4052/4052/4004
f 4052/4052/4004 4053/4053/4005 4051/4051/4003
f 4053/4053/4005 4052/4052/4004 4054/4054/4006
f 4054/4054/4006 4055/4055/4007 4053/4053/4005
f 4055/4055/4007 4054/4054/4006 4056/4056/4008
f 4056/4056/4008 4057/4057/4009 4055/4055/4007
f 4058/4058/4010 4057/4057/4009 4056/4056/4008
f 4056/4056/4008 4059/4059/4011 4058/4058/4010
f 4060/4060/4012 4061/4061/4013 4062/4062/4014
f 4062/4062/4014 4063/4063/4015 4060/4060/4012
f 4060/4060/4012 4063/4063/4015 4064/4064/4016
f 4064/4064/4016 4065/4065/4017 4060/4060/4012
f 4066/4066/4018 4067/4067/4019 4068/4068/4020
f 4068/4068/4020 4069/4069/4021 4066/4066/4018
f 4066/4066/4018 4069/4069/4021 4070/4070/4022
f 4070/4070/4022 4071/4071/4023 4066/4066/4018
f 4072/4072/4024 4071/4071/4023 4070/4070/4022
f 4070/4070/4022 4073/4073/4025 4072/4072/4024
f 4074/4074/4026 4072/4072/4024 4073/4073/4025
f 4073/4073/4025 4075/4075/4027 4074/4074/4026
f 4076/4076/4028 4074/4074/4026 4075/4075/4027
f 4075/4075/4027 4077/4077/4029 4076/4076/4028
f 4078/4078/4030 4076/4076/4028 4077/4077/4029
f 4077/4077/4029 4079/4079/4031 4078/4078/4030
f 4080/4080/4032 4078/4078/4030 4079/4079/4031
f 4079/4079/4031 4081/4081/4033 4080/4080/4032
f 4080/4080/4032 4081/4081/4033 4082/4082/4034
f 4082/4082/4034 4083/4083/4035 4080/4080/4032
f 4084/4084/4036 4083/4083/4035 4082/4082/4034
f 4082/4082/4034 4085/4085/4037 4084/4084/4036
f 4084/4084/4036 4085/4085/4037 4086/4086/4038
f 4086/4086/4038 4087/4087/4039 4084/4084/4036
f 4088/4088/4040 4087/4087/4039 4086/4086/4038
f 4086/4086/4038 4089/4089/4041 4088/4088/4040
f 4088/4088/4040 4089/4089/4041 4090/4090/4042
f 4090/4090/4042 4091/4091/4043 4088/4088/4040
f 4092/4092/4044 4091/4091/4043 4090/4090/4042
f 4090/4090/4042 4093/4093/4045 4092/4092/4044
f 4094/4094/4046 4095/4095/4047 4096/4096/4048
f 4097/4097/4049 4095/4095/4047 4094/4094/4046
f 4098/4098/4050 4095/4095/4047 4097/4097/4049
f 4097/4097/4049 4099/4099/4051 4098/4098/4050
f 4098/4098/4050 4099/4099/4051 4100/4100/4052
f 4101/4101/4053 4100/4100/4052 4099/4099/4051
f 4102/4102/4054 4100/4100/4052 4101/4101/4053
f 4101/4101/4053 4103/4103/4055 4102/4102/4054
f 4104/4104/4056 4102/4102/4054 4103/4103/4055
f 4103/4103/4055 4105/4105/4057 4104/4104/4056
f 4106/4106/4058 4104/4104/4056 4105/4105/4057
f 4105/4105/4057 4107/4107/4059 4106/4106/4058
f 4108/4108/4060 4106/4106/4058 4107/4107/4059
f 4107/4107/4059 4109/4109/4061 4108/4108/4060
f 4110/4110/4062 4108/4108/4060 4109/4109/4061
f 4109/4109/4061 4111/4111/4063 4110/4110/4062
f 4112/4112/4064 4110/4110/4062 4111/4111/4063
f 4111/4111/4063 4113/4113/4065 4112/4112/4064
f 4114/4114/4066 4098/4098/4050 4115/4115/4067
f 4100/4100/4052 4115/4115/4067 4098/4098/4050
f 4116/4116/4068 4115/4115/4067 4100/4100/4052
f 4100/4100/4052 4102/4102/4054 4116/4116/4068
f 4117/4117/4069 4116/4116/4068 4102/4102/4054
f 4102/4102/4054 4104/4104/4056 4117/4117/4069
f 4118/4118/4070 4117/4117/4069 4104/4104/4056
f 4104/4104/4056 4106/4106/4058 4118/4118/4070
f 4119/4119/4071 4118/4118/4070 4106/4106/4058
f 4106/4106/4058 4108/4108/4060 4119/4119/4071
f 4120/4120/4072 4119/4119/4071 4108/4108/4060
f 4108/4108/4060 4110/4110/4062 4120/4120/4072
f 4121/4121/4073 4120/4120/4072 4110/4110/4062
f 4110/4110/4062 4112/4112/4064 4121/4121/4073
f 4122/4122/4074 4121/4121/4073 4112/4112/4064
f 4112/4112/4064 4123/4123/4075 4122/4122/4074
f 4122/4122/4074 4123/4123/4075 4124/4124/4076
f 4120/4120/4072 4125/4125/4077 4119/4119/4071
f 4121/4121/4073 4126/4126/4078 4120/4120/4072
f 4127/4127/4079 4121/4121/4073 4122/4122/4074
f 4128/4128/4080 4129/4129/4081 4130/4130/4082
f 4130/4130/4082 4131/4131/4083 4128/4128/4080
f 4124/4124/4076 4128/4128/4080 4131/4131/4083
f 4131/4131/4083 4132/4132/4084 4124/4124/4076
f 4124/4124/4076 4132/4132/4084 4122/4122/4074
f 4133/4133/4085 4122/4122/4074 4132/4132/4084
f 4132/4132/4084 4131/4131/4083 4134/4134/4086
f 4135/4135/4087 4131/4131/4083 4130/4130/4082
f 4112/4112/4064 4113/4113/4065 4136/4136/4088
f 4123/4123/4075 4112/4112/4064 4136/4136/4088
f 4136/4136/4088 4137/4137/4089 4123/4123/4075
f 4123/4123/4075 4137/4137/4089 4138/4138/4090
f 4123/4123/4075 4138/4138/4090 4139/4139/4091
f 4139/4139/4091 4124/4124/4076 4123/4123/4075
f 4139/4139/4091 4140/4140/4092 4124/4124/4076
f 4128/4128/4080 4124/4124/4076 4140/4140/4092
f 4140/4140/4092 4141/4141/4093 4128/4128/4080
f 4141/4141/4093 4142/4142/4094 4128/4128/4080
f 4129/4129/4081 4128/4128/4080 4142/4142/4094
f 4142/4142/4094 4143/4143/4095 4129/4129/4081
f 4144/4144/4096 4145/4145/4097 4146/4146/4098
f 4146/4146/4098 4147/4147/4099 4144/4144/4096
f 4148/4148/4100 4144/4144/4096 4147/4147/4099
f 4149/4149/4101 4148/4148/4100 4147/4147/4099
f 4147/4147/4099 4150/4150/4102 4149/4149/4101
f 4151/4151/4103 4149/4149/4101 4150/4150/4102
f 4151/4151/4103 4150/4150/4102 4152/4152/4104
f 4152/4152/4104 4153/4153/4105 4151/4151/4103
f 4152/4152/4104 4154/4154/4106 4153/4153/4105
f 4154/4154/4106 4152/4152/4104 4155/4155/4107
f 4155/4155/4107 4156/4156/4108 4154/4154/4106
f 4155/4155/4107 4157/4157/4109 4156/4156/4108
f 4158/4158/4110 4157/4157/4109 4155/4155/4107
f 4155/4155/4107 4159/4159/4111 4158/4158/4110
f 4159/4159/4111 4160/4160/4112 4158/4158/4110
f 4161/4161/4113 4160/4160/4112 4159/4159/4111
f 4159/4159/4111 4162/4162/4114 4161/4161/4113
f 4162/4162/4114 4163/4163/4115 4161/4161/4113
f 4147/4147/4099 4146/4146/4098 4164/4164/4116
f 4164/4164/4116 4165/4165/4117 4147/4147/4099
f 4150/4150/4102 4147/4147/4099 4165/4165/4117
f 4166/4166/4118 4165/4165/4117 4164/4164/4116
f 4167/4167/4119 4165/4165/4117 4168/4168/4120
f 4165/4165/4117 4167/4167/4119 4150/4150/4102
f 4150/4150/4102 4167/4167/4119 4169/4169/4121
f 4169/4169/4121 4152/4152/4104 4150/4150/4102
f 4152/4152/4104 4169/4169/4121 4170/4170/4122
f 4170/4170/4122 4155/4155/4107 4152/4152/4104
f 4159/4159/4111 4155/4155/4107 4170/4170/4122
f 4170/4170/4122 4171/4171/4123 4159/4159/4111
f 4162/4162/4114 4159/4159/4111 4171/4171/4123
f 4171/4171/4123 4172/4172/4124 4162/4162/4114
f 4173/4173/4125 4162/4162/4114 4172/4172/4124
f 4172/4172/4124 4174/4174/4126 4173/4173/4125
f 4175/4175/4127 4173/4173/4125 4174/4174/4126
f 4174/4174/4126 4176/4176/4128 4175/4175/4127
f 4177/4177/4129 4175/4175/4127 4176/4176/4128
f 4176/4176/4128 4178/4178/4130 4177/4177/4129
f 4179/4179/4131 4177/4177/4129 4178/4178/4130
f 4178/4178/4130 4180/4180/4132 4179/4179/4131
f 4179/4179/4131 4180/4180/4132 4181/4181/4133
f 4181/4181/4133 4180/4180/4132 4182/4182/4134
f 4170/4170/4122 4169/4169/4121 4183/4183/4135
f 4170/4170/4122 4184/4184/4136 4171/4171/4123
f 4171/4171/4123 4185/4185/4137 4172/4172/4124
f 4186/4186/4138 4174/4174/4126 4172/4172/4124
f 4187/4187/4139 4176/4176/4128 4174/4174/4126
f 4178/4178/4130 4176/4176/4128 4188/4188/4140
f 4189/4189/4141 4180/4180/4132 4178/4178/4130
f 4190/4190/4142 4163/4163/4115 4162/4162/4114
f 4191/4191/4143 4190/4190/4142 4162/4162/4114
f 4162/4162/4114 4173/4173/4125 4191/4191/4143
f 4192/4192/4144 4191/4191/4143 4173/4173/4125
f 4193/4193/4145 4192/4192/4144 4173/4173/4125
f 4173/4173/4125 4175/4175/4127 4193/4193/4145
f 4194/4194/4146 4193/4193/4145 4175/4175/4127
f 4195/4195/4147 4194/4194/4146 4175/4175/4127
f 4175/4175/4127 4177/4177/4129 4195/4195/4147
f 4196/4196/4148 4195/4195/4147 4177/4177/4129
f 4197/4197/4149 4196/4196/4148 4177/4177/4129
f 4177/4177/4129 4179/4179/4131 4197/4197/4149
f 4197/4197/4149 4179/4179/4131 4198/4198/4150
f 4181/4181/4133 4198/4198/4150 4179/4179/4131
f 4198/4198/4150 4181/4181/4133 4199/4199/4151
f 4200/4200/4152 4199/4199/4151 4181/4181/4133
f 4199/4199/4151 4201/4201/4153 4198/4198/4150
f 4202/4202/4154 4198/4198/4150 4201/4201/4153
f 4198/4198/4150 4202/4202/4154 4203/4203/4155
f 4198/4198/4150 4203/4203/4155 4197/4197/4149
f 4201/4201/4153 4204/4204/4156 4202/4202/4154
f 4201/4201/4153 4205/4205/4157 4204/4204/4156
f 4099/4099/4051 4206/4206/4158 4101/4101/4053
f 4207/4207/4159 4206/4206/4158 4099/4099/4051
f 4099/4099/4051 4097/4097/4049 4207/4207/4159
f 4208/4208/4160 4207/4207/4159 4097/4097/4049
f 4208/4208/4160 4097/4097/4049 4209/4209/4161
f 4209/4209/4161 4210/4210/4162 4208/4208/4160
f 4209/4209/4161 4211/4211/4163 4210/4210/4162
f 4211/4211/4163 4209/4209/4161 4212/4212/4164
f 4212/4212/4164 4213/4213/4165 4211/4211/4163
f 4214/4214/4166 4213/4213/4165 4212/4212/4164
f 4212/4212/4164 4215/4215/4167 4214/4214/4166
f 4209/4209/4161 4215/4215/4167 4212/4212/4164
f 4209/4209/4161 4216/4216/4168 4215/4215/4167
f 4209/4209/4161 4094/4094/4046 4216/4216/4168
f 4216/4216/4168 4094/4094/4046 4217/4217/4169
f 4094/4094/4046 4209/4209/4161 4097/4097/4049
f 4218/4218/4170 4219/4219/4171 4220/4220/4172
f 4221/4221/4173 4218/4218/4170 4220/4220/4172
f 4222/4222/4174 4118/4118/4070 4119/4119/4071
f 4119/4119/4071 4223/4223/4175 4222/4222/4174
f 4224/4224/4176 4225/4225/4177 4226/4226/4178
f 4226/4226/4178 4227/4227/4179 4224/4224/4176
f 4228/4228/4180 4169/4169/4121 4167/4167/4119
f 4229/4229/4181 4095/4095/4047 4098/4098/4050
f 4230/4230/4182 4231/4231/4183 4232/4232/4184
f 4232/4232/4184 4233/4233/4185 4230/4230/4182
f 4233/4233/4185 4232/4232/4184 4234/4234/4186
f 4234/4234/4186 4235/4235/4187 4233/4233/4185
f 4235/4235/4187 4234/4234/4186 4236/4236/4188
f 4236/4236/4188 4237/4237/4189 4235/4235/4187
f 4237/4237/4189 4236/4236/4188 4238/4238/4190
f 4238/4238/4190 4239/4239/4191 4237/4237/4189
f 4239/4239/4191 4238/4238/4190 4240/4240/4192
f 4240/4240/4192 4241/4241/4193 4239/4239/4191
f 4241/4241/4193 4240/4240/4192 4242/4242/4194
f 4242/4242/4194 4243/4243/4195 4241/4241/4193
f 4243/4243/4195 4242/4242/4194 4244/4244/4196
f 4244/4244/4196 4245/4245/4197 4243/4243/4195
f 4245/4245/4197 4244/4244/4196 4246/4246/4198
f 4246/4246/4198 4247/4247/4199 4245/4245/4197
f 4247/4247/4199 4246/4246/4198 4248/4248/4200
f 4248/4248/4200 4249/4249/4201 4247/4247/4199
f 4249/4249/4201 4248/4248/4200 4250/4250/4202
f 4250/4250/4202 4251/4251/4203 4249/4249/4201
f 4251/4251/4203 4250/4250/4202 4252/4252/4204
f 4252/4252/4204 4253/4253/4205 4251/4251/4203
f 4253/4253/4205 4252/4252/4204 4254/4254/4206
f 4254/4254/4206 4255/4255/4207 4253/4253/4205
f 4255/4255/4207 4254/4254/4206 4256/4256/4208
f 4256/4256/4208 4257/4257/4209 4255/4255/4207
f 4257/4257/4209 4256/4256/4208 4258/4258/4210
f 4258/4258/4210 4259/4259/4211 4257/4257/4209
f 4259/4259/4211 4258/4258/4210 4260/4260/4212
f 4260/4260/4212 4261/4261/4213 4259/4259/4211
f 4261/4261/4213 4260/4260/4212 4262/4262/4214
f 4262/4262/4214 4263/4263/4215 4261/4261/4213
f 4263/4263/4215 4262/4262/4214 4264/4264/4216
f 4264/4264/4216 4265/4265/4217 4263/4263/4215
f 4265/4265/4217 4264/4264/4216 4266/4266/4218
f 4266/4266/4218 4267/4267/4219 4265/4265/4217
f 4267/4267/4219 4266/4266/4218 4268/4268/4220
f 4268/4268/4220 4269/4269/4221 4267/4267/4219
f 4269/4269/4221 4268/4268/4220 4270/4270/4222
f 4270/4270/4222 4271/4271/4223 4269/4269/4221
f 4271/4271/4223 4270/4270/4222 4272/4272/4224
f 4272/4272/4224 4273/4273/4225 4271/4271/4223
f 4273/4273/4225 4272/4272/4224 4274/4274/4226
f 4274/4274/4226 4275/4275/4227 4273/4273/4225
f 4275/4275/4227 4274/4274/4226 4276/4276/4228
f 4276/4276/4228 4277/4277/4229 4275/4275/4227
f 4277/4277/4229 4276/4276/4228 4278/4278/4230
f 4278/4278/4230 4279/4279/4231 4277/4277/4229
f 4280/4280/4232 4281/4281/4233 4282/4282/4234
f 4282/4282/4234 4283/4283/4235 4280/4280/4232
f 4283/4283/4235 4282/4282/4234 4284/4284/4236
f 4284/4284/4236 4285/4285/4237 4283/4283/4235
f 4285/4285/4237 4284/4284/4236 4286/4286/4238
f 4286/4286/4238 4287/4287/4239 4285/4285/4237
f 4287/4287/4239 4286/4286/4238 4288/4288/4240
f 4288/4288/4240 4289/4289/4241 4287/4287/4239
f 4289/4289/4241 4288/4288/4240 4290/4290/4242
f 4290/4290/4242 4291/4291/4243 4289/4289/4241
f 4291/4291/4243 4290/4290/4242 4292/4292/4244
f 4292/4292/4244 4293/4293/4245 4291/4291/4243
f 4293/4293/4245 4292/4292/4244 4294/4294/4246
f 4294/4294/4246 4295/4295/4247 4293/4293/4245
f 4295/4295/4247 4294/4294/4246 4296/4296/4248
f 4296/4296/4248 4297/4297/4249 4295/4295/4247
f 4297/4297/4249 4296/4296/4248 4298/4298/4250
f 4298/4298/4250 4299/4299/4251 4297/4297/4249
f 4299/4299/4251 4298/4298/4250 4300/4300/4252
f 4300/4300/4252 4301/4301/4253 4299/4299/4251
f 4301/4301/4253 4300/4300/4252 4302/4302/4254
f 4302/4302/4254 4303/4303/4255 4301/4301/4253
f 4303/4303/4255 4302/4302/4254 4304/4304/4256
f 4304/4304/4256 4305/4305/4257 4303/4303/4255
f 4305/4305/4257 4304/4304/4256 4306/4306/4258
f 4306/4306/4258 4307/4307/4259 4305/4305/4257
f 4307/4307/4259 4306/4306/4258 4308/4308/4260
f 4308/4308/4260 4309/4309/4261 4307/4307/4259
f 4309/4309/4261 4308/4308/4260 4310/4310/4262
f 4310/4310/4262 4311/4311/4263 4309/4309/4261
f 4311/4311/4263 4310/4310/4262 4312/4312/4264
f 4312/4312/4264 4313/4313/4265 4311/4311/4263
f 4313/4313/4265 4312/4312/4264 4314/4314/4266
f 4314/4314/4266 4315/4315/4267 4313/4313/4265
f 4315/4315/4267 4314/4314/4266 4316/4316/4268
f 4316/4316/4268 4317/4317/4269 4315/4315/4267
f 4317/4317/4269 4316/4316/4268 4318/4318/4270
f 4318/4318/4270 4319/4319/4271 4317/4317/4269
f 4319/4319/4271 4318/4318/4270 4320/4320/4272
f 4320/4320/4272 4321/4321/4273 4319/4319/4271
f 4321/4321/4273 4320/4320/4272 4322/4322/4274
f 4322/4322/4274 4323/4323/4275 4321/4321/4273
f 4324/4324/4276 4325/4325/4277 4326/4326/4278
f 4326/4326/4278 4327/4327/4279 4324/4324/4276
f 4327/4327/4279 4326/4326/4278 4328/4328/4280
f 4328/4328/4280 4329/4329/4281 4327/4327/4279
f 4329/4329/4281 4328/4328/4280 4330/4330/4282
f 861/861/854 4330/4330/4282 4328/4328/4280
f 4328/4328/4280 860/860/853 861/861/854
f 860/860/853 4328/4328/4280 4326/4326/4278
f 4326/4326/4278 859/859/852 860/860/853
f 859/859/852 4326/4326/4278 4331/4331/4283
f 4332/4332/4284 858/858/851 859/859/852
f 4333/4333/4285 4334/4334/4286 4335/4335/4285
f 4334/4334/4286 4336/4336/4287 4337/4337/4288
f 4337/4337/4288 4338/4338/4289 4334/4334/4286
f 4339/4339/4290 4337/4337/4288 4340/4340/4290
f 4341/4341/4291 4342/4342/4291 4343/4343/4291
f 4344/4344/4292 4345/4345/4292 4346/4346/4292
f 4347/4347/4293 805/805/798 4348/4348/4293
f 4349/4349/4294 4350/4350/4294 4351/4351/4294
f 4352/4352/4295 773/773/766 4353/4353/4296
f 4354/4354/4297 4353/4353/4296 4329/4329/4281
f 4353/4353/4296 4355/4355/4298 4356/4356/4298
f 4357/4357/4299 4324/4324/4276 890/890/882
f 4358/4358/4300 4359/4359/4301 4360/4360/4302
f 4360/4360/4302 4361/4361/4303 4358/4358/4300
f 4361/4361/4303 4360/4360/4302 4362/4362/4304
f 4362/4362/4304 4363/4363/4305 4361/4361/4303
f 4363/4363/4305 4362/4362/4304 4364/4364/4306
f 4364/4364/4306 4365/4365/4307 4363/4363/4305
f 4365/4365/4307 4364/4364/4306 4366/4366/4308
f 4366/4366/4308 4367/4367/4309 4365/4365/4307
f 4367/4367/4309 4366/4366/4308 4368/4368/4310
f 4368/4368/4310 4369/4369/4311 4367/4367/4309
f 4369/4369/4311 4368/4368/4310 4370/4370/4312
f 4370/4370/4312 4371/4371/4313 4369/4369/4311
f 4371/4371/4313 4370/4370/4312 4372/4372/4314
f 4372/4372/4314 4373/4373/4315 4371/4371/4313
f 4373/4373/4315 4372/4372/4314 4374/4374/4316
f 4374/4374/4316 4375/4375/4317 4373/4373/4315
f 4375/4375/4317 4374/4374/4316 4376/4376/4318
f 4376/4376/4318 4377/4377/4319 4375/4375/4317
f 4377/4377/4319 4376/4376/4318 4378/4378/4320
f 4378/4378/4320 4379/4379/4321 4377/4377/4319
f 4379/4379/4321 4378/4378/4320 4380/4380/4322
f 4380/4380/4322 4381/4381/4323 4379/4379/4321
f 4381/4381/4323 4380/4380/4322 4382/4382/4324
f 4382/4382/4324 4383/4383/4325 4381/4381/4323
f 4383/4383/4325 4382/4382/4324 4384/4384/4326
f 4384/4384/4326 4385/4385/4327 4383/4383/4325
f 4385/4385/4327 4384/4384/4326 4386/4386/4328
f 4386/4386/4328 4387/4387/4329 4385/4385/4327
f 4387/4387/4329 4386/4386/4328 4388/4388/4330
f 4388/4388/4330 4389/4389/4331 4387/4387/4329
f 4389/4389/4331 4388/4388/4330 4390/4390/4332
f 4390/4390/4332 4391/4391/4333 4389/4389/4331
f 4391/4391/4333 4390/4390/4332 4392/4392/4334
f 4392/4392/4334 4393/4393/4335 4391/4391/4333
f 4393/4393/4335 4392/4392/4334 4394/4394/4336
f 4394/4394/4336 4395/4395/4337 4393/4393/4335
f 4395/4395/4337 4394/4394/4336 4396/4396/4338
f 4396/4396/4338 4397/4397/4339 4395/4395/4337
f 4397/4397/4339 4396/4396/4338 4398/4398/4340
f 4398/4398/4340 4399/4399/4341 4397/4397/4339
f 4399/4399/4341 4398/4398/4340 4400/4400/4342
f 4400/4400/4342 4401/4401/4343 4399/4399/4341
f 4401/4401/4343 4400/4400/4342 4402/4402/4344
f 4402/4402/4344 4403/4403/4345 4401/4401/4343
f 4403/4403/4345 4402/4402/4344 4404/4404/4346
f 4404/4404/4346 4405/4405/4347 4403/4403/4345
f 4405/4405/4347 4404/4404/4346 4406/4406/4348
f 4406/4406/4348 4407/4407/4349 4405/4405/4347
f 4407/4407/4349 4406/4406/4348 4408/4408/4350
f 4408/4408/4350 4409/4409/4351 4407/4407/4349
f 4409/4409/4351 4408/4408/4350 4410/4410/4352
f 4410/4410/4352 4411/4411/4353 4409/4409/4351
f 4411/4411/4353 4410/4410/4352 4412/4412/4354
f 4412/4412/4354 4413/4413/4355 4411/4411/4353
f 4413/4413/4355 4412/4412/4354 4414/4414/4356
f 4414/4414/4356 4415/4415/4357 4413/4413/4355
f 4415/4415/4357 4414/4414/4356 4416/4416/4358
f 4416/4416/4358 4417/4417/4359 4415/4415/4357
f 4417/4417/4359 4416/4416/4358 4418/4418/4360
f 4418/4418/4360 4419/4419/4361 4417/4417/4359
f 4419/4419/4361 4418/4418/4360 4420/4420/4362
f 4420/4420/4362 4421/4421/4363 4419/4419/4361
f 4421/4421/4363 4420/4420/4362 4422/4422/4364
f 4422/4422/4364 4423/4423/4365 4421/4421/4363
f 4423/4423/4365 4422/4422/4364 4424/4424/4366
f 4424/4424/4366 4425/4425/4367 4423/4423/4365
f 4425/4425/4367 4424/4424/4366 4426/4426/4368
f 4426/4426/4368 4427/4427/4369 4425/4425/4367
f 4427/4427/4369 4426/4426/4368 4428/4428/4370
f 4428/4428/4370 4429/4429/4371 4427/4427/4369
f 4429/4429/4371 4428/4428/4370 4430/4430/4372
f 4430/4430/4372 4431/4431/4373 4429/4429/4371
f 4432/4432/4374 4433/4433/4375 4434/4434/4376
f 4434/4434/4376 4435/4435/4377 4432/4432/4374
f 4435/4435/4377 4434/4434/4376 4436/4436/4378
f 4436/4436/4378 4437/4437/4379 4435/4435/4377
f 4437/4437/4379 4436/4436/4378 4438/4438/4380
f 4438/4438/4380 4439/4439/4381 4437/4437/4379
f 4439/4439/4381 4438/4438/4380 4440/4440/4382
f 4440/4440/4382 4441/4441/4383 4439/4439/4381
f 4441/4441/4383 4440/4440/4382 4442/4442/4384
f 4442/4442/4384 4443/4443/4385 4441/4441/4383
f 4443/4443/4385 4442/4442/4384 4444/4444/4386
f 4444/4444/4386 4445/4445/4387 4443/4443/4385
f 4445/4445/4387 4444/4444/4386 4446/4446/4388
f 4446/4446/4388 4447/4447/4389 4445/4445/4387
f 4447/4447/4389 4446/4446/4388 4448/4448/4390
f 4448/4448/4390 4449/4449/4391 4447/4447/4389
f 4449/4449/4391 4448/4448/4390 4450/4450/4392
f 4450/4450/4392 4451/4451/4393 4449/4449/4391
f 4451/4451/4393 4450/4450/4392 4452/4452/4394
f 4452/4452/4394 4453/4453/4395 4451/4451/4393
f 4453/4453/4395 4452/4452/4394 4454/4454/4396
f 4454/4454/4396 4455/4455/4397 4453/4453/4395
f 4455/4455/4397 4454/4454/4396 4456/4456/4398
f 4456/4456/4398 4457/4457/4399 4455/4455/4397
f 4457/4457/4399 4456/4456/4398 4458/4458/4400
f 4458/4458/4400 4459/4459/4401 4457/4457/4399
f 4459/4459/4401 4458/4458/4400 4460/4460/4402
f 4460/4460/4402 4461/4461/4403 4459/4459/4401
f 4461/4461/4403 4460/4460/4402 4462/4462/4404
f 4462/4462/4404 4463/4463/4405 4461/4461/4403
f 4463/4463/4405 4462/4462/4404 4464/4464/4406
f 4464/4464/4406 4465/4465/4407 4463/4463/4405
f 4465/4465/4407 4464/4464/4406 4466/4466/4408
f 4466/4466/4408 4467/4467/4409 4465/4465/4407
f 4467/4467/4409 4466/4466/4408 4468/4468/4410
f 4468/4468/4410 4469/4469/4411 4467/4467/4409
f 4469/4469/4411 4468/4468/4410 4470/4470/4412
f 4470/4470/4412 4471/4471/4413 4469/4469/4411
f 4471/4471/4413 4470/4470/4412 4472/4472/4414
f 4472/4472/4414 4473/4473/4415 4471/4471/4413
f 4473/4473/4415 4472/4472/4414 4474/4474/4416
f 4474/4474/4416 4475/4475/4417 4473/4473/4415
f 4475/4475/4417 4474/4474/4416 4476/4476/4418
f 4476/4476/4418 4477/4477/4419 4475/4475/4417
f 4477/4477/4419 4476/4476/4418 4478/4478/4420
f 4478/4478/4420 4479/4479/4421 4477/4477/4419
f 4479/4479/4421 4478/4478/4420 4480/4480/4422
f 4480/4480/4422 4481/4481/4423 4479/4479/4421
f 4481/4481/4423 4480/4480/4422 4482/4482/4424
f 4482/4482/4424 4483/4483/4425 4481/4481/4423
f 4483/4483/4425 4482/4482/4424 4484/4484/4426
f 4484/4484/4426 4485/4485/4427 4483/4483/4425
f 4485/4485/4427 4484/4484/4426 4486/4486/4428
f 4486/4486/4428 4487/4487/4429 4485/4485/4427
f 4487/4487/4429 4486/4486/4428 4488/4488/4430
f 4488/4488/4430 4489/4489/4431 4487/4487/4429
f 4489/4489/4431 4488/4488/4430 4490/4490/4432
f 4490/4490/4432 4491/4491/4433 4489/4489/4431
f 4491/4491/4433 4490/4490/4432 4492/4492/4434
f 4492/4492/4434 4493/4493/4435 4491/4491/4433
f 4493/4493/4435 4492/4492/4434 4494/4494/4436
f 4494/4494/4436 4495/4495/4437 4493/4493/4435
f 4496/4496/4438 4497/4497/4439 4498/4498/4440
f 4498/4498/4440 4499/4499/4441 4496/4496/4438
f 4499/4499/4441 4498/4498/4440 4500/4500/4442
f 4500/4500/4442 4501/4501/4443 4499/4499/4441
f 4501/4501/4443 4500/4500/4442 4502/4502/4444
f 4502/4502/4444 4503/4503/4445 4501/4501/4443
f 4503/4503/4445 4502/4502/4444 4504/4504/4446
f 4504/4504/4446 4505/4505/4447 4503/4503/4445
f 4505/4505/4447 4504/4504/4446 4506/4506/4448
f 4506/4506/4448 4507/4507/4449 4505/4505/4447
f 4507/4507/4449 4506/4506/4448 4508/4508/4450
f 4508/4508/4450 4509/4509/4451 4507/4507/4449
f 4509/4509/4451 4508/4508/4450 4510/4510/4452
f 4510/4510/4452 4511/4511/4453 4509/4509/4451
f 4511/4511/4453 4510/4510/4452 4512/4512/4454
f 4512/4512/4454 4513/4513/4455 4511/4511/4453
f 4513/4513/4455 4512/4512/4454 4514/4514/4456
f 4514/4514/4456 4515/4515/4457 4513/4513/4455
f 4515/4515/4457 4514/4514/4456 4516/4516/4458
f 4516/4516/4458 4517/4517/4459 4515/4515/4457
f 4518/4518/4460 4519/4519/4461 4520/4520/4462
f 4520/4520/4462 4521/4521/4463 4518/4518/4460
f 4521/4521/4463 4520/4520/4462 4522/4522/4464
f 4522/4522/4464 4523/4523/4465 4521/4521/4463
f 4523/4523/4465 4522/4522/4464 4524/4524/4466
f 4524/4524/4466 4525/4525/4467 4523/4523/4465
f 4525/4525/4467 4524/4524/4466 4526/4526/4468
f 4526/4526/4468 4527/4527/4469 4525/4525/4467
f 4527/4527/4469 4526/4526/4468 4528/4528/4470
f 4528/4528/4470 4529/4529/4471 4527/4527/4469
f 4529/4529/4471 4528/4528/4470 4530/4530/4472
f 4530/4530/4472 4531/4531/4473 4529/4529/4471
f 4531/4531/4473 4530/4530/4472 4532/4532/4474
f 4532/4532/4474 4533/4533/4475 4531/4531/4473
f 4533/4533/4475 4532/4532/4474 4534/4534/4476
f 4534/4534/4476 4535/4535/4477 4533/4533/4475
f 4535/4535/4477 4534/4534/4476 4536/4536/4478
f 4536/4536/4478 4358/4358/4300 4535/4535/4477
f 4537/4537/4479 4538/4538/4480 4539/4539/4481
f 4539/4539/4481 4540/4540/4482 4537/4537/4479
f 4540/4540/4482 4539/4539/4481 4541/4541/4483
f 4541/4541/4483 4542/4542/4484 4540/4540/4482
f 4542/4542/4484 4541/4541/4483 4543/4543/4485
f 4543/4543/4485 4544/4544/4486 4542/4542/4484
f 4544/4544/4486 4543/4543/4485 4545/4545/4487
f 4545/4545/4487 4546/4546/4488 4544/4544/4486
f 4546/4546/4488 4545/4545/4487 4547/4547/4489
f 4547/4547/4489 4548/4548/4490 4546/4546/4488
f 4548/4548/4490 4547/4547/4489 4549/4549/4491
f 4549/4549/4491 4550/4550/4492 4548/4548/4490
f 4550/4550/4492 4549/4549/4491 4551/4551/4493
f 4551/4551/4493 4552/4552/4494 4550/4550/4492
f 4552/4552/4494 4551/4551/4493 4553/4553/4495
f 4553/4553/4495 4554/4554/4496 4552/4552/4494
f 4554/4554/4496 4553/4553/4495 4555/4555/4497
f 4555/4555/4497 4556/4556/4498 4554/4554/4496
f 4556/4556/4498 4555/4555/4497 4557/4557/4499
f 4557/4557/4499 4558/4558/4500 4556/4556/4498
f 4558/4558/4500 4557/4557/4499 4559/4559/4501
f 4559/4559/4501 4560/4560/4502 4558/4558/4500
f 4560/4560/4502 4559/4559/4501 4561/4561/4503
f 4561/4561/4503 4562/4562/4504 4560/4560/4502
f 4562/4562/4504 4561/4561/4503 4563/4563/4505
f 4563/4563/4505 4564/4564/4506 4562/4562/4504
f 4564/4564/4506 4563/4563/4505 4565/4565/4507
f 4565/4565/4507 4566/4566/4508 4564/4564/4506
f 4566/4566/4508 4565/4565/4507 4567/4567/4509
f 4567/4567/4509 4568/4568/4510 4566/4566/4508
f 4568/4568/4510 4567/4567/4509 4569/4569/4511
f 4569/4569/4511 4570/4570/4512 4568/4568/4510
f 4570/4570/4512 4569/4569/4511 4571/4571/4513
f 4570/4570/4512 4571/4571/4513 4572/4572/4514
f 4570/4570/4512 4572/4572/4514 4573/4573/4515
f 4570/4570/4512 4573/4573/4515 4574/4574/4516
f 4575/4575/4517 4576/4576/4518 4577/4577/4519
f 4575/4575/4517 4577/4577/4519 4578/4578/4520
f 4578/4578/4520 4577/4577/4519 4579/4579/4521
f 4579/4579/4521 4580/4580/4522 4578/4578/4520
f 4580/4580/4522 4579/4579/4521 4581/4581/4523
f 4581/4581/4523 4582/4582/4524 4580/4580/4522
f 4582/4582/4524 4581/4581/4523 4583/4583/4525
f 4583/4583/4525 4584/4584/4526 4582/4582/4524
f 4584/4584/4526 4583/4583/4525 4585/4585/4527
f 4585/4585/4527 4586/4586/4528 4584/4584/4526
f 4586/4586/4528 4585/4585/4527 4587/4587/4529
f 4587/4587/4529 4588/4588/4530 4586/4586/4528
f 4588/4588/4530 4587/4587/4529 4589/4589/4531
f 4589/4589/4531 4590/4590/4532 4588/4588/4530
f 4590/4590/4532 4589/4589/4531 4591/4591/4533
f 4591/4591/4533 4592/4592/4534 4590/4590/4532
f 4592/4592/4534 4591/4591/4533 4593/4593/4535
f 4593/4593/4535 4594/4594/4536 4592/4592/4534
f 4575/4575/4517 4578/4578/4520 4595/4595/4537
f 4575/4575/4517 4595/4595/4537 4596/4596/4538
f 4594/4594/4536 4593/4593/4535 4597/4597/4539
f 4597/4597/4539 4598/4598/4540 4594/4594/4536
f 4598/4598/4540 4597/4597/4539 4599/4599/4541
f 4599/4599/4541 4600/4600/4542 4598/4598/4540
f 4600/4600/4542 4599/4599/4541 4601/4601/4543
f 4601/4601/4543 4602/4602/4544 4600/4600/4542
f 4602/4602/4544 4601/4601/4543 4603/4603/4545
f 4603/4603/4545 4604/4604/4546 4602/4602/4544
f 4604/4604/4546 4603/4603/4545 4605/4605/4547
f 4605/4605/4547 4606/4606/4548 4604/4604/4546
f 4607/4607/4549 4608/4608/4550 4609/4609/4551
f 4607/4607/4549 4609/4609/4551 4610/4610/4552
f 4607/4607/4549 4610/4610/4552 4611/4611/4553
f 4607/4607/4549 4611/4611/4553 4612/4612/4554
f 4613/4613/4555 4607/4607/4549 4612/4612/4554
f 4612/4612/4554 4614/4614/4556 4613/4613/4555
f 4615/4615/4557 4613/4613/4555 4614/4614/4556
f 4614/4614/4556 4616/4616/4558 4615/4615/4557
f 4617/4617/4559 4615/4615/4557 4616/4616/4558
f 4616/4616/4558 4618/4618/4560 4617/4617/4559
f 4619/4619/4561 4617/4617/4559 4618/4618/4560
f 4618/4618/4560 4620/4620/4562 4619/4619/4561
f 4621/4621/4563 4619/4619/4561 4620/4620/4562
f 4620/4620/4562 4622/4622/4564 4621/4621/4563
f 4623/4623/4565 4621/4621/4563 4622/4622/4564
f 4622/4622/4564 4624/4624/4566 4623/4623/4565
f 4625/4625/4567 4623/4623/4565 4624/4624/4566
f 4624/4624/4566 4626/4626/4568 4625/4625/4567
f 4627/4627/4569 4625/4625/4567 4626/4626/4568
f 4626/4626/4568 4628/4628/4570 4627/4627/4569
f 4629/4629/4571 4627/4627/4569 4628/4628/4570
f 4628/4628/4570 4630/4630/4572 4629/4629/4571
f 4631/4631/4573 4629/4629/4571 4630/4630/4572
f 4630/4630/4572 4632/4632/4574 4631/4631/4573
f 4633/4633/4575 4631/4631/4573 4632/4632/4574
f 4632/4632/4574 4634/4634/4576 4633/4633/4575
f 4635/4635/4577 4633/4633/4575 4634/4634/4576
f 4634/4634/4576 4636/4636/4578 4635/4635/4577
f 4637/4637/4579 4635/4635/4577 4636/4636/4578
f 4636/4636/4578 4638/4638/4580 4637/4637/4579
f 4639/4639/4581 4637/4637/4579 4638/4638/4580
f 4638/4638/4580 4640/4640/4582 4639/4639/4581
f 4641/4641/4583 4639/4639/4581 4640/4640/4582
f 4640/4640/4582 4642/4642/4584 4641/4641/4583
f 4643/4643/4585 4641/4641/4583 4642/4642/4584
f 4642/4642/4584 4644/4644/4586 4643/4643/4585
f 4645/4645/4587 4646/4646/4588 4647/4647/4589
f 4647/4647/4589 4648/4648/4590 4645/4645/4587
f 4649/4649/4591 4645/4645/4587 4648/4648/4590
f 4648/4648/4590 4650/4650/4592 4649/4649/4591
f 4651/4651/4593 4649/4649/4591 4650/4650/4592
f 4650/4650/4592 4652/4652/4594 4651/4651/4593
f 4653/4653/4595 4651/4651/4593 4652/4652/4594
f 4652/4652/4594 4654/4654/4596 4653/4653/4595
f 4655/4655/4597 4653/4653/4595 4654/4654/4596
f 4654/4654/4596 4656/4656/4598 4655/4655/4597
f 4657/4657/4599 4655/4655/4597 4656/4656/4598
f 4656/4656/4598 4658/4658/4600 4657/4657/4599
f 4659/4659/4601 4657/4657/4599 4658/4658/4600
f 4658/4658/4600 4660/4660/4602 4659/4659/4601
f 4661/4661/4603 4659/4659/4601 4660/4660/4602
f 4660/4660/4602 4662/4662/4604 4661/4661/4603
f 4663/4663/4605 4661/4661/4603 4662/4662/4604
f 4662/4662/4604 4664/4664/4606 4663/4663/4605
f 4665/4665/4607 4663/4663/4605 4664/4664/4606
f 4664/4664/4606 4666/4666/4608 4665/4665/4607
f 4667/4667/4609 4665/4665/4607 4666/4666/4608
f 4666/4666/4608 4668/4668/4610 4667/4667/4609
f 4669/4669/4611 4667/4667/4609 4668/4668/4610
f 4668/4668/4610 4670/4670/4612 4669/4669/4611
f 4671/4671/4613 4669/4669/4611 4670/4670/4612
f 4670/4670/4612 4672/4672/4614 4671/4671/4613
f 4673/4673/4615 4671/4671/4613 4672/4672/4614
f 4673/4673/4615 4672/4672/4614 4674/4674/4616
f 4673/4673/4615 4675/4675/4617 4676/4676/4618
f 4673/4673/4615 4676/4676/4618 4671/4671/4613
f 4677/4677/4619 4678/4678/4620 4679/4679/4621
f 4680/4680/4622 4679/4679/4621 4678/4678/4620
f 4678/4678/4620 4681/4681/4623 4680/4680/4622
f 4682/4682/4624 4680/4680/4622 4681/4681/4623
f 4681/4681/4623 4683/4683/4625 4682/4682/4624
f 4684/4684/4626 4682/4682/4624 4683/4683/4625
f 4683/4683/4625 4685/4685/4627 4684/4684/4626
f 4686/4686/4628 4684/4684/4626 4685/4685/4627
f 4685/4685/4627 4687/4687/4629 4686/4686/4628
f 4688/4688/4630 4686/4686/4628 4687/4687/4629
f 4687/4687/4629 4689/4689/4631 4688/4688/4630
f 4690/4690/4632 4688/4688/4630 4689/4689/4631
f 4679/4679/4621 4691/4691/4633 4692/4692/4633
f 4693/4693/4634 4694/4694/4635 4695/4695/4636
f 4696/4696/4637 4695/4695/4636 4694/4694/4635
f 4694/4694/4635 4697/4697/4638 4696/4696/4637
f 4698/4698/4639 4696/4696/4637 4697/4697/4638
f 4697/4697/4638 4699/4699/4640 4698/4698/4639
f 4700/4700/4641 4698/4698/4639 4699/4699/4640
f 4701/4701/4642 4702/4702/4643 4703/4703/4642
f 4704/4704/4644 4705/4705/4645 4702/4702/4643
f 4702/4702/4643 4706/4706/4646 4704/4704/4644
f 4707/4707/4647 4704/4704/4644 4706/4706/4646
f 4708/4708/4648 4709/4709/4649 4710/4710/4650
f 4710/4710/4650 4711/4711/4651 4708/4708/4648
f 4712/4712/4652 4708/4708/4648 4711/4711/4651
f 4711/4711/4651 4713/4713/4653 4712/4712/4652
f 4714/4714/4654 4712/4712/4652 4713/4713/4653
f 4713/4713/4653 4715/4715/4655 4714/4714/4654
f 4716/4716/4656 4714/4714/4654 4717/4717/4656
f 4718/4718/4657 4719/4719/4658 4720/4720/4659
f 4720/4720/4659 4721/4721/4660 4718/4718/4657
f 4722/4722/4661 4718/4718/4657 4721/4721/4660
f 4721/4721/4660 4723/4723/4662 4722/4722/4661
f 4724/4724/4663 4722/4722/4661 4723/4723/4662
f 4723/4723/4662 4725/4725/4664 4724/4724/4663
f 4726/4726/4665 4724/4724/4663 4725/4725/4664
f 4725/4725/4664 4727/4727/4666 4726/4726/4665
f 4728/4728/4667 4726/4726/4665 4727/4727/4666
f 4727/4727/4666 4729/4729/4668 4728/4728/4667
f 4730/4730/4669 4728/4728/4667 4729/4729/4668
f 4729/4729/4668 4731/4731/4670 4730/4730/4669
f 4732/4732/4671 4730/4730/4669 4731/4731/4670
f 4733/4733/4672 4720/4720/4659 4734/4734/4672
f 4735/4735/4673 4736/4736/4673 4737/4737/4673
f 4738/4738/4674 4739/4739/4675 4740/4740/4676
f 4741/4741/4677 4740/4740/4676 4739/4739/4675
f 4739/4739/4675 4742/4742/4678 4741/4741/4677
f 4743/4743/4679 4741/4741/4677 4742/4742/4678
f 4742/4742/4678 4744/4744/4680 4743/4743/4679
f 4745/4745/4681 4743/4743/4679 4744/4744/4680
f 4744/4744/4680 4746/4746/4682 4745/4745/4681
f 4747/4747/4683 4745/4745/4681 4746/4746/4682
f 4746/4746/4682 4748/4748/4684 4747/4747/4683
f 4749/4749/4685 4747/4747/4683 4748/4748/4684
f 4748/4748/4684 4750/4750/4686 4749/4749/4685
f 4751/4751/4687 4752/4752/4687 4753/4753/4687
f 4754/4754/4688 4755/4755/4689 4756/4756/4690
f 4757/4757/4691 4756/4756/4690 4755/4755/4689
f 4758/4758/4692 4759/4759/4692 4760/4760/4692
f 4761/4761/4693 4762/4762/4693 4763/4763/4693
f 4764/4764/4694 4765/4765/4695 4766/4766/4696
f 4767/4767/4697 4766/4766/4696 4765/4765/4695
f 4765/4765/4695 4768/4768/4698 4769/4769/4698
f 4770/4770/4699 4771/4771/4699 4772/4772/4699
f 4773/4773/4700 4774/4774/4701 4775/4775/4702
f 4776/4776/4703 4775/4775/4702 4774/4774/4701
f 4774/4774/4701 4777/4777/4704 4776/4776/4703
f 4778/4778/4705 4776/4776/4703 4777/4777/4704
f 4777/4777/4704 4779/4779/4706 4778/4778/4705
f 4775/4775/4702 4780/4780/4707 4781/4781/4707
f 4782/4782/4708 4783/4783/4708 4784/4784/4708
f 4785/4785/4709 4786/4786/4709 4787/4787/4709
f 4788/4788/4710 4789/4789/4710 4790/4790/4710
f 4791/4791/4711 4792/4792/4712 4793/4793/4713
f 4794/4794/4714 4793/4793/4713 4792/4792/4712
f 4792/4792/4712 4795/4795/4715 4794/4794/4714
f 4796/4796/4716 4794/4794/4714 4795/4795/4715
f 4795/4795/4715 4797/4797/4717 4796/4796/4716
f 4798/4798/4718 4796/4796/4716 4797/4797/4717
f 4797/4797/4717 4799/4799/4719 4798/4798/4718
f 4800/4800/4720 4798/4798/4718 4799/4799/4719
f 4799/4799/4719 4801/4801/4721 4800/4800/4720
f 4802/4802/4722 4800/4800/4720 4803/4803/4722
f 4804/4804/4723 4805/4805/4724 4806/4806/4725
f 4807/4807/4726 4806/4806/4725 4805/4805/4724
f 4805/4805/4724 4808/4808/4727 4807/4807/4726
f 4809/4809/4728 4807/4807/4726 4808/4808/4727
f 4808/4808/4727 4810/4810/4729 4809/4809/4728
f 4811/4811/4730 4809/4809/4728 4810/4810/4729
f 4810/4810/4729 4812/4812/4731 4811/4811/4730
f 4813/4813/4732 4811/4811/4730 4812/4812/4731
f 4812/4812/4731 4814/4814/4733 4813/4813/4732
f 4815/4815/4734 4813/4813/4732 4814/4814/4733
f 4816/4816/4735 4817/4817/4735 4818/4818/4735
f 4819/4819/4736 4820/4820/4737 4821/4821/4738
f 4822/4822/4739 4821/4821/4738 4820/4820/4737
f 4820/4820/4737 4823/4823/4740 4822/4822/4739
f 4824/4824/4741 4822/4822/4739 4823/4823/4740
f 4825/4825/4742 4826/4826/4743 4827/4827/4742
f 4828/4828/4744 4829/4829/4745 4826/4826/4743
f 4826/4826/4743 4830/4830/4746 4828/4828/4744
f 4831/4831/4747 4828/4828/4744 4832/4832/4747
f 4833/4833/4748 4834/4834/4749 4835/4835/4750
f 4836/4836/4751 4835/4835/4750 4834/4834/4749
f 4834/4834/4749 4837/4837/4752 4836/4836/4751
f 4838/4838/4753 4836/4836/4751 4837/4837/4752
f 4837/4837/4752 4839/4839/4754 4838/4838/4753
f 4840/4840/4755 4841/4841/4755 4842/4842/4755
f 4843/4843/4756 4844/4844/4757 4845/4845/4758
f 4846/4846/4759 4845/4845/4758 4844/4844/4757
f 4847/4847/4760 4848/4848/4760 4849/4849/4760
f 4850/4850/4761 4851/4851/4761 4852/4852/4761
f 4853/4853/4762 4854/4854/4763 4855/4855/4764
f 4855/4855/4764 4856/4856/4765 4853/4853/4762
f 4857/4857/4766 4853/4853/4762 4856/4856/4765
f 4856/4856/4765 4858/4858/4767 4857/4857/4766
f 4859/4859/4768 4857/4857/4766 4858/4858/4767
f 4858/4858/4767 4860/4860/4769 4861/4861/4769
f 4862/4862/4770 4863/4863/4771 4864/4864/4772
f 4865/4865/4773 4864/4864/4772 4863/4863/4771
f 4863/4863/4771 4866/4866/4774 4865/4865/4773
f 4867/4867/4775 4865/4865/4773 4866/4866/4774
f 4866/4866/4774 4868/4868/4776 4867/4867/4775
f 4869/4869/4777 4867/4867/4775 4868/4868/4776
f 4868/4868/4776 4870/4870/4778 4869/4869/4777
f 4871/4871/4779 4869/4869/4777 4870/4870/4778
f 4872/4872/4780 4873/4873/4780 4874/4874/4780
f 4875/4875/4781 4876/4876/4781 4877/4877/4781
f 4878/4878/4782 4879/4879/4783 4880/4880/4784
f 4881/4881/4785 4880/4880/4784 4879/4879/4783
f 4879/4879/4783 4882/4882/4786 4881/4881/4785
f 4883/4883/4787 4881/4881/4785 4882/4882/4786
f 4882/4882/4786 4884/4884/4788 4883/4883/4787
f 4885/4885/4789 4883/4883/4787 4884/4884/4788
f 4886/4886/4790 4887/4887/4791 4888/4888/4792
f 4889/4889/4793 4888/4888/4792 4887/4887/4791
f 4890/4890/4794 4891/4891/4795 4892/4892/4796
f 4893/4893/4797 4892/4892/4796 4891/4891/4795
f 4891/4891/4795 4894/4894/4798 4893/4893/4797
f 4895/4895/4799 4896/4896/4800 4897/4897/4801
f 4898/4898/4802 4897/4897/4801 4896/4896/4800
f 4899/4899/4803 4900/4900/4803 4901/4901/4803
f 4902/4902/4804 4903/4903/4804 4904/4904/4804
f 4905/4905/4805 4906/4906/4805 4907/4907/4805
f 4908/4908/4806 4909/4909/4806 4910/4910/4806
f 4911/4911/4807 4912/4912/4807 4913/4913/4807
f 4914/4914/4808 4915/4915/4808 4916/4916/4808
f 4917/4917/4809 4918/4918/4810 4919/4919/4811
f 4919/4919/4811 4918/4918/4810 4920/4920/4812
f 4920/4920/4812 4921/4921/4813 4919/4919/4811
f 4921/4921/4813 4920/4920/4812 4922/4922/4814
f 4923/4923/4815 4921/4921/4813 4922/4922/4814
f 4924/4924/4816 4923/4923/4815 4922/4922/4814
f 4923/4923/4815 4924/4924/4816 4925/4925/4817
f 4926/4926/4818 4925/4925/4817 4924/4924/4816
f 4924/4924/4816 4927/4927/4819 4926/4926/4818
f 4928/4928/4820 4926/4926/4818 4927/4927/4819
f 4927/4927/4819 4929/4929/4821 4928/4928/4820
f 4930/4930/4822 4928/4928/4820 4929/4929/4821
f 4929/4929/4821 4931/4931/4823 4930/4930/4822
f 4932/4932/4824 4930/4930/4822 4931/4931/4823
f 4931/4931/4823 4933/4933/4825 4932/4932/4824
f 4934/4934/4826 4932/4932/4824 4933/4933/4825
f 4933/4933/4825 4935/4935/4827 4934/4934/4826
f 4936/4936/4828 4934/4934/4826 4935/4935/4827
f 4937/4937/4829 4938/4938/4830 4922/4922/4814
f 4938/4938/4830 4939/4939/4831 4922/4922/4814
f 4939/4939/4831 4940/4940/4832 4922/4922/4814
f 4940/4940/4832 4941/4941/4833 4922/4922/4814
f 4941/4941/4833 4935/4935/4827 4922/4922/4814
f 4935/4935/4827 4933/4933/4825 4922/4922/4814
f 4933/4933/4825 4931/4931/4823 4922/4922/4814
f 4931/4931/4823 4929/4929/4821 4922/4922/4814
f 4929/4929/4821 4927/4927/4819 4922/4922/4814
f 4927/4927/4819 4924/4924/4816 4922/4922/4814
f 4935/4935/4827 4941/4941/4833 4936/4936/4828
f 4942/4942/4834 4936/4936/4828 4941/4941/4833
f 4941/4941/4833 4940/4940/4832 4942/4942/4834
f 4943/4943/4835 4942/4942/4834 4940/4940/4832
f 4940/4940/4832 4939/4939/4831 4943/4943/4835
f 4944/4944/4836 4943/4943/4835 4939/4939/4831
f 4939/4939/4831 4938/4938/4830 4944/4944/4836
f 4945/4945/4837 4944/4944/4836 4938/4938/4830
f 4938/4938/4830 4937/4937/4829 4945/4945/4837
f 4946/4946/4838 4945/4945/4837 4937/4937/4829
f 4937/4937/4829 4947/4947/4839 4946/4946/4838
f 4948/4948/4840 4946/4946/4838 4947/4947/4839
f 4947/4947/4839 4949/4949/4841 4948/4948/4840
f 4918/4918/4810 4948/4948/4840 4949/4949/4841
f 4949/4949/4841 4920/4920/4812 4918/4918/4810
f 4920/4920/4812 4949/4949/4841 4922/4922/4814
f 4949/4949/4841 4947/4947/4839 4922/4922/4814
f 4947/4947/4839 4937/4937/4829 4922/4922/4814
f 4950/4950/4842 4919/4919/4811 4951/4951/4843
f 4951/4951/4843 4919/4919/4811 4921/4921/4813
f 4921/4921/4813 4923/4923/4815 4951/4951/4843
f 4925/4925/4817 4951/4951/4843 4923/4923/4815
f 4952/4952/4844 4953/4953/4845 4954/4954/4846
f 2360/2360/2352 4954/4954/4846 4953/4953/4845
f 4954/4954/4846 2360/2360/2352 2362/2362/2354
f 2362/2362/2354 2368/2368/2360 4954/4954/4846
f 4955/4955/4847 4954/4954/4846 2368/2368/2360
f 2368/2368/2360 2370/2370/2362 4955/4955/4847
f 4956/4956/4848 4955/4955/4847 2370/2370/2362
f 2370/2370/2362 4957/4957/4849 4956/4956/4848
f 4958/4958/4850 4956/4956/4848 4957/4957/4849
f 4957/4957/4849 4959/4959/4851 4958/4958/4850
f 4960/4960/4852 4958/4958/4850 4959/4959/4851
f 4959/4959/4851 4961/4961/4853 4960/4960/4852
f 4962/4962/4854 4960/4960/4852 4961/4961/4853
f 4961/4961/4853 4963/4963/4855 4962/4962/4854
f 4963/4963/4855 4961/4961/4853 4964/4964/4856
f 4964/4964/4856 4965/4965/4857 4963/4963/4855
f 4965/4965/4857 4964/4964/4856 4966/4966/4858
f 4966/4966/4858 4967/4967/4859 4965/4965/4857
f 4967/4967/4859 4966/4966/4858 2395/2395/2387
f 2395/2395/2387 2396/2396/2388 4967/4967/4859
f 4968/4968/4860 4966/4966/4858 4964/4964/4856
f 4957/4957/4849 2370/2370/2362 2372/2372/2364
f 2372/2372/2364 2374/2374/2366 4957/4957/4849
f 4959/4959/4851 4957/4957/4849 2374/2374/2366
f 2374/2374/2366 4969/4969/4861 4959/4959/4851
f 4961/4961/4853 4959/4959/4851 4969/4969/4861
f 4969/4969/4861 4964/4964/4856 4961/4961/4853
f 4964/4964/4856 4969/4969/4861 4968/4968/4860
f 4969/4969/4861 4970/4970/4862 4968/4968/4860
f 4968/4968/4860 4970/4970/4862 4971/4971/4863
f 4971/4971/4863 4970/4970/4862 2376/2376/2368
f 2376/2376/2368 2379/2379/2371 4971/4971/4863
f 2380/2380/2372 4971/4971/4863 2379/2379/2371
f 4971/4971/4863 2380/2380/2372 2382/2382/2374
f 4971/4971/4863 2382/2382/2374 4968/4968/4860
f 2384/2384/2376 4968/4968/4860 2382/2382/2374
f 4966/4966/4858 4968/4968/4860 2384/2384/2376
f 2384/2384/2376 2395/2395/2387 4966/4966/4858
f 4970/4970/4862 4969/4969/4861 2374/2374/2366
f 2374/2374/2366 2376/2376/2368 4970/4970/4862
f 4954/4954/4846 4955/4955/4847 4952/4952/4844
f 4972/4972/4864 4952/4952/4844 4955/4955/4847
f 4955/4955/4847 4956/4956/4848 4972/4972/4864
f 4973/4973/4865 4972/4972/4864 4956/4956/4848
f 4956/4956/4848 4958/4958/4850 4973/4973/4865
f 4974/4974/4866 4973/4973/4865 4958/4958/4850
f 4958/4958/4850 4960/4960/4852 4974/4974/4866
f 4975/4975/4867 4974/4974/4866 4960/4960/4852
f 4960/4960/4852 4962/4962/4854 4976/4976/4868
f 4977/4977/4869 2502/2502/2494 2506/2506/2498
f 2506/2506/2498 4978/4978/4870 4977/4977/4869
f 4978/4978/4870 2506/2506/2498 2508/2508/2500
f 2508/2508/2500 4979/4979/4871 4978/4978/4870
f 4979/4979/4871 2508/2508/2500 2510/2510/2502
f 2510/2510/2502 4980/4980/4872 4979/4979/4871
f 4980/4980/4872 2510/2510/2502 2512/2512/2504
f 2512/2512/2504 4981/4981/4873 4980/4980/4872
f 4981/4981/4873 2512/2512/2504 2514/2514/2506
f 2514/2514/2506 4982/4982/4874 4981/4981/4873
f 4982/4982/4874 2514/2514/2506 2516/2516/2508
f 2516/2516/2508 4983/4983/4875 4982/4982/4874
f 4983/4983/4875 2516/2516/2508 2518/2518/2510
f 2518/2518/2510 4984/4984/4876 4983/4983/4875
f 4984/4984/4876 2518/2518/2510 2520/2520/2512
f 2520/2520/2512 4985/4985/4877 4984/4984/4876
f 2499/2499/2491 4986/4986/4878 4987/4987/4878
f 2478/2478/2470 4988/4988/4879 2476/2476/2468
f 2476/2476/2468 4988/4988/4879 4989/4989/4880
f 4989/4989/4880 4990/4990/4881 2476/2476/2468
f 2476/2476/2468 4990/4990/4881 2475/2475/2467
f 2418/2418/2410 4991/4991/4882 4992/4992/4882
f 4993/4993/4883 4994/4994/4884 4995/4995/4885
f 4995/4995/4885 4996/4996/4886 4993/4993/4883
f 4997/4997/4887 4993/4993/4883 4996/4996/4886
f 4996/4996/4886 4998/4998/4888 4997/4997/4887
f 4999/4999/4889 4998/4998/4888 4996/4996/4886
f 4996/4996/4886 5000/5000/4890 4999/4999/4889
f 4999/4999/4889 5000/5000/4890 5001/5001/4891
f 5001/5001/4891 5000/5000/4890 5002/5002/4892
f 5002/5002/4892 5003/5003/4893 5001/5001/4891
f 4995/4995/4885 5000/5000/4890 4996/4996/4886
f 4953/4953/4845 5004/5004/4894 2360/2360/2352
f 2360/2360/2352 5004/5004/4894 2358/2358/2350
f 1484/1484/1476 1407/1407/1399 1406/1406/1398
f 1406/1406/1398 1487/1487/1479 1484/1484/1476
f 1487/1487/1479 1406/1406/1398 1405/1405/1397
f 5001/5001/4891 5005/5005/4895 4999/4999/4889
f 5006/5006/4896 5007/5007/4897 5008/5008/4898
f 5008/5008/4898 5009/5009/4899 5006/5006/4896
f 5006/5006/4896 5009/5009/4899 5010/5010/4900
f 5011/5011/4901 5006/5006/4896 5010/5010/4900
f 5012/5012/4902 5011/5011/4901 5010/5010/4900
f 5013/5013/4903 5011/5011/4901 5012/5012/4902
f 5012/5012/4902 5014/5014/4904 5013/5013/4903
f 5014/5014/4904 5012/5012/4902 5015/5015/4905
f 5015/5015/4905 5016/5016/4906 5014/5014/4904
f 5016/5016/4906 5015/5015/4905 5017/5017/4907
f 5017/5017/4907 5018/5018/4908 5016/5016/4906
f 5018/5018/4908 5017/5017/4907 5019/5019/4909
f 5019/5019/4909 5020/5020/4910 5018/5018/4908
f 5020/5020/4910 5019/5019/4909 5021/5021/4911
f 5021/5021/4911 5022/5022/4912 5020/5020/4910
f 5022/5022/4912 5021/5021/4911 5023/5023/4913
f 5023/5023/4913 5024/5024/4914 5022/5022/4912
f 5024/5024/4914 5023/5023/4913 5025/5025/4915
f 5007/5007/4897 5006/5006/4896 5011/5011/4901
f 5011/5011/4901 5013/5013/4903 5007/5007/4897
f 5025/5025/4915 5026/5026/4916 5024/5024/4914
f 5026/5026/4916 5025/5025/4915 5027/5027/4917
f 5027/5027/4917 5028/5028/4918 5026/5026/4916
f 5028/5028/4918 5027/5027/4917 5029/5029/4919
f 5029/5029/4919 5030/5030/4920 5028/5028/4918
f 5030/5030/4920 5029/5029/4919 5031/5031/4921
f 5031/5031/4921 5032/5032/4922 5030/5030/4920
f 5032/5032/4922 5031/5031/4921 5033/5033/4923
f 5033/5033/4923 5034/5034/4924 5032/5032/4922
f 5034/5034/4924 5033/5033/4923 5035/5035/4925
f 5035/5035/4925 5036/5036/4926 5034/5034/4924
f 5036/5036/4926 5035/5035/4925 5037/5037/4927
f 5037/5037/4927 5038/5038/4928 5036/5036/4926
f 5038/5038/4928 5037/5037/4927 5039/5039/4929
f 5039/5039/4929 5040/5040/4930 5038/5038/4928
f 5040/5040/4930 5039/5039/4929 5041/5041/4931
f 5041/5041/4931 5042/5042/4932 5040/5040/4930
f 5042/5042/4932 5041/5041/4931 5043/5043/4933
f 5039/5039/4929 5037/5037/4927 5044/5044/4934
f 5037/5037/4927 5035/5035/4925 5044/5044/4934
f 5035/5035/4925 5033/5033/4923 5044/5044/4934
f 5045/5045/4935 5044/5044/4934 5033/5033/4923
f 5033/5033/4923 5031/5031/4921 5045/5045/4935
f 5031/5031/4921 5029/5029/4919 5045/5045/4935
f 5029/5029/4919 5027/5027/4917 5045/5045/4935
f 5046/5046/4936 5045/5045/4935 5027/5027/4917
f 5027/5027/4917 5025/5025/4915 5046/5046/4936
f 5025/5025/4915 5023/5023/4913 5046/5046/4936
f 5023/5023/4913 5021/5021/4911 5046/5046/4936
f 5047/5047/4937 5046/5046/4936 5021/5021/4911
f 5021/5021/4911 5019/5019/4909 5047/5047/4937
f 5019/5019/4909 5017/5017/4907 5047/5047/4937
f 5017/5017/4907 5015/5015/4905 5047/5047/4937
f 5048/5048/4938 5047/5047/4937 5015/5015/4905
f 5047/5047/4937 5048/5048/4938 5049/5049/4939
f 5048/5048/4938 5050/5050/4940 5049/5049/4939
f 5050/5050/4940 5051/5051/4941 5049/5049/4939
f 5051/5051/4941 5052/5052/4942 5049/5049/4939
f 5052/5052/4942 5044/5044/4934 5049/5049/4939
f 5044/5044/4934 5045/5045/4935 5049/5049/4939
f 5045/5045/4935 5046/5046/4936 5049/5049/4939
f 5046/5046/4936 5047/5047/4937 5049/5049/4939
f 5010/5010/4900 5053/5053/4943 5012/5012/4902
f 5015/5015/4905 5012/5012/4902 5053/5053/4943
f 5053/5053/4943 5054/5054/4944 5015/5015/4905
f 5015/5015/4905 5054/5054/4944 5048/5048/4938
f 5054/5054/4944 5055/5055/4945 5048/5048/4938
f 5050/5050/4940 5048/5048/4938 5055/5055/4945
f 5055/5055/4945 5056/5056/4946 5050/5050/4940
f 5056/5056/4946 5057/5057/4947 5050/5050/4940
f 5057/5057/4947 5058/5058/4948 5050/5050/4940
f 5051/5051/4941 5050/5050/4940 5058/5058/4948
f 5058/5058/4948 5059/5059/4949 5051/5051/4941
f 5059/5059/4949 5060/5060/4950 5051/5051/4941
f 5060/5060/4950 5061/5061/4951 5051/5051/4941
f 5052/5052/4942 5051/5051/4941 5061/5061/4951
f 5061/5061/4951 5043/5043/4933 5052/5052/4942
f 5043/5043/4933 5041/5041/4931 5052/5052/4942
f 5041/5041/4931 5039/5039/4929 5052/5052/4942
f 5044/5044/4934 5052/5052/4942 5039/5039/4929
f 5043/5043/4933 5062/5062/4952 5042/5042/4932
f 5062/5062/4952 5043/5043/4933 5061/5061/4951
f 5061/5061/4951 5063/5063/4953 5062/5062/4952
f 5063/5063/4953 5061/5061/4951 5060/5060/4950
f 5060/5060/4950 5064/5064/4954 5063/5063/4953
f 5064/5064/4954 5060/5060/4950 5059/5059/4949
f 5059/5059/4949 5065/5065/4955 5064/5064/4954
f 5065/5065/4955 5059/5059/4949 5058/5058/4948
f 5058/5058/4948 5066/5066/4956 5065/5065/4955
f 5066/5066/4956 5058/5058/4948 5057/5057/4947
f 5057/5057/4947 5067/5067/4957 5066/5066/4956
f 5067/5067/4957 5057/5057/4947 5056/5056/4946
f 5056/5056/4946 5068/5068/4958 5067/5067/4957
f 5068/5068/4958 5056/5056/4946 5055/5055/4945
f 5055/5055/4945 5069/5069/4959 5068/5068/4958
f 5069/5069/4959 5055/5055/4945 5054/5054/4944
f 5054/5054/4944 5010/5010/4900 5069/5069/4959
f 5010/5010/4900 5054/5054/4944 5053/5053/4943
f 3357/3357/3349 5070/5070/4960 5071/5071/4961
f 5071/5071/4961 3358/3358/3350 3357/3357/3349
f 3360/3360/3352 3358/3358/3350 5071/5071/4961
f 5071/5071/4961 5072/5072/4962 3360/3360/3352
f 5073/5073/4963 5074/5074/4964 5075/5075/4965
f 5075/5075/4965 5074/5074/4964 5076/5076/4966
f 5076/5076/4966 5077/5077/4967 5075/5075/4965
f 5078/5078/4968 5079/5079/4969 5080/5080/4970
f 5080/5080/4970 5081/5081/4971 5078/5078/4968
f 5081/5081/4971 5080/5080/4970 5082/5082/4972
f 5083/5083/4973 5082/5082/4972 5080/5080/4970
f 5082/5082/4972 5083/5083/4973 5084/5084/4974
f 5084/5084/4974 5083/5083/4973 5085/5085/4975
f 5086/5086/4976 5084/5084/4974 5085/5085/4975
f 5087/5087/4977 5086/5086/4976 5085/5085/4975
f 5086/5086/4976 5087/5087/4977 5088/5088/4978
f 5088/5088/4978 5087/5087/4977 5089/5089/4979
f 5089/5089/4979 5090/5090/4980 5088/5088/4978
f 5091/5091/4981 5090/5090/4980 5089/5089/4979
f 5089/5089/4979 5092/5092/4982 5091/5091/4981
f 5091/5091/4981 5092/5092/4982 5093/5093/4983
f 5093/5093/4983 5092/5092/4982 5094/5094/4984
f 5095/5095/4985 5093/5093/4983 5094/5094/4984
f 5096/5096/4986 5095/5095/4985 5094/5094/4984
f 5097/5097/4987 5095/5095/4985 5096/5096/4986
f 5085/5085/4975 5094/5094/4984 5087/5087/4977
f 5089/5089/4979 5087/5087/4977 5094/5094/4984
f 5092/5092/4982 5089/5089/4979 5094/5094/4984
f 5079/5079/4969 5098/5098/4988 5099/5099/4989
f 5099/5099/4989 5080/5080/4970 5079/5079/4969
f 5080/5080/4970 5099/5099/4989 5083/5083/4973
f 5099/5099/4989 5100/5100/4990 5083/5083/4973
f 5083/5083/4973 5100/5100/4990 5101/5101/4991
f 5083/5083/4973 5101/5101/4991 5102/5102/4992
f 5102/5102/4992 5085/5085/4975 5083/5083/4973
f 5085/5085/4975 5102/5102/4992 5103/5103/4993
f 5094/5094/4984 5085/5085/4975 5103/5103/4993
f 5104/5104/4994 5094/5094/4984 5103/5103/4993
f 5094/5094/4984 5104/5104/4994 5096/5096/4986
f 5105/5105/4995 5096/5096/4986 5104/5104/4994
f 5106/5106/4996 5104/5104/4994 5103/5103/4993
f 5107/5107/4997 5108/5108/4998 5106/5106/4996
f 5106/5106/4996 5109/5109/4999 5107/5107/4997
f 5109/5109/4999 5106/5106/4996 5103/5103/4993
f 5110/5110/5000 5109/5109/4999 5103/5103/4993
f 5111/5111/5001 5110/5110/5000 5103/5103/4993
f 5102/5102/4992 5111/5111/5001 5103/5103/4993
f 5112/5112/5002 5107/5107/4997 5109/5109/4999
f 5096/5096/4986 5113/5113/5003 5097/5097/4987
f 5114/5114/5004 5113/5113/5003 5096/5096/4986
f 5096/5096/4986 5105/5105/4995 5114/5114/5004
f 5114/5114/5004 5105/5105/4995 5115/5115/5005
f 5115/5115/5005 5105/5105/4995 5104/5104/4994
f 5116/5116/5006 5115/5115/5005 5104/5104/4994
f 5104/5104/4994 5106/5106/4996 5116/5116/5006
f 5117/5117/5007 5116/5116/5006 5106/5106/4996
f 5108/5108/4998 5117/5117/5007 5106/5106/4996
f 5117/5117/5007 5108/5108/4998 5118/5118/5008
f 5118/5118/5008 5108/5108/4998 5107/5107/4997
f 5107/5107/4997 5119/5119/5009 5118/5118/5008
f 5120/5120/5010 5119/5119/5009 5107/5107/4997
f 5107/5107/4997 5112/5112/5002 5120/5120/5010
f 5120/5120/5010 5112/5112/5002 5121/5121/5011
f 5121/5121/5011 5112/5112/5002 5109/5109/4999
f 5122/5122/5012 5121/5121/5011 5109/5109/4999
f 5109/5109/4999 5110/5110/5000 5122/5122/5012
f 5118/5118/5008 5123/5123/5013 5117/5117/5007
f 5117/5117/5007 5123/5123/5013 5124/5124/5014
f 5124/5124/5014 5116/5116/5006 5117/5117/5007
f 5115/5115/5005 5116/5116/5006 5124/5124/5014
f 5124/5124/5014 5125/5125/5015 5115/5115/5005
f 5115/5115/5005 5125/5125/5015 5114/5114/5004
f 5126/5126/5016 5122/5122/5012 5110/5110/5000
f 5127/5127/5017 5126/5126/5016 5110/5110/5000
f 5126/5126/5016 5127/5127/5017 5128/5128/5018
f 5128/5128/5018 5127/5127/5017 5129/5129/5019
f 5129/5129/5019 5130/5130/5020 5128/5128/5018
f 5131/5131/5021 5130/5130/5020 5129/5129/5019
f 5129/5129/5019 5132/5132/5022 5131/5131/5021
f 5131/5131/5021 5132/5132/5022 5133/5133/5023
f 5133/5133/5023 5132/5132/5022 5111/5111/5001
f 5134/5134/5024 5133/5133/5023 5111/5111/5001
f 5111/5111/5001 5102/5102/4992 5134/5134/5024
f 5135/5135/5025 5134/5134/5024 5102/5102/4992
f 5101/5101/4991 5135/5135/5025 5102/5102/4992
f 5135/5135/5025 5101/5101/4991 5136/5136/5026
f 5136/5136/5026 5101/5101/4991 5100/5100/4990
f 5100/5100/4990 5137/5137/5027 5136/5136/5026
f 5098/5098/4988 5137/5137/5027 5100/5100/4990
f 5100/5100/4990 5099/5099/4989 5098/5098/4988
f 5129/5129/5019 5127/5127/5017 5110/5110/5000
f 5110/5110/5000 5111/5111/5001 5129/5129/5019
f 5132/5132/5022 5129/5129/5019 5111/5111/5001
f 5136/5136/5026 5138/5138/5028 5135/5135/5025
f 5135/5135/5025 5138/5138/5028 5139/5139/5029
f 5139/5139/5029 5134/5134/5024 5135/5135/5025
f 5133/5133/5023 5134/5134/5024 5139/5139/5029
f 5139/5139/5029 5140/5140/5030 5133/5133/5023
f 5133/5133/5023 5140/5140/5030 5131/5131/5021
f 5128/5128/5018 5141/5141/5031 5126/5126/5016
f 5126/5126/5016 5141/5141/5031 5142/5142/5032
f 5142/5142/5032 5122/5122/5012 5126/5126/5016
f 5121/5121/5011 5122/5122/5012 5142/5142/5032
f 5142/5142/5032 5143/5143/5033 5121/5121/5011
f 5121/5121/5011 5143/5143/5033 5120/5120/5010
f 5093/5093/4983 5144/5144/5034 5091/5091/4981
f 5097/5097/4987 5144/5144/5034 5093/5093/4983
f 5093/5093/4983 5095/5095/4985 5097/5097/4987
f 5088/5088/4978 5145/5145/5035 5086/5086/4976
f 5086/5086/4976 5145/5145/5035 5082/5082/4972
f 5082/5082/4972 5084/5084/4974 5086/5086/4976
f 5146/5146/5036 5147/5147/5037 5148/5148/5038
f 5148/5148/5038 5149/5149/5039 5146/5146/5036
f 5150/5150/5040 5146/5146/5036 5149/5149/5039
f 5149/5149/5039 5151/5151/5041 5150/5150/5040
f 5147/5147/5037 5152/5152/5042 5153/5153/5043
f 5153/5153/5043 5154/5154/5044 5147/5147/5037
f 5155/5155/5045 5156/5156/5046 5157/5157/5047
f 5157/5157/5047 5158/5158/5048 5155/5155/5045
f 5159/5159/5049 5155/5155/5045 5160/5160/5050
f 5160/5160/5050 5161/5161/5051 5159/5159/5049
f 5162/5162/5052 5150/5150/5040 5163/5163/5053
f 5163/5163/5053 5164/5164/5054 5162/5162/5052
f 5165/5165/5055 5162/5162/5052 5164/5164/5054
f 5164/5164/5054 5166/5166/5056 5165/5165/5055
f 5156/5156/5046 5165/5165/5055 5166/5166/5056
f 5166/5166/5056 5167/5167/5057 5156/5156/5046
f 5168/5168/5058 5169/5169/5059 5170/5170/5060
f 5170/5170/5060 5171/5171/5061 5168/5168/5058
f 5172/5172/5062 5168/5168/5058 5171/5171/5061
f 5171/5171/5061 5173/5173/5063 5172/5172/5062
f 5174/5174/5064 5172/5172/5062 5175/5175/5065
f 5175/5175/5065 5176/5176/5066 5174/5174/5064
f 5177/5177/5067 5174/5174/5064 5178/5178/5068
f 5178/5178/5068 5179/5179/5069 5177/5177/5067
f 5180/5180/5070 5181/5181/5071 3040/3040/3032
f 3040/3040/3032 3039/3039/3031 5180/5180/5070
f 5182/5182/5072 5180/5180/5070 3039/3039/3031
f 3039/3039/3031 3038/3038/3030 5182/5182/5072
f 5183/5183/5073 5184/5184/5074 3038/3038/3030
f 3038/3038/3030 3036/3036/3028 5183/5183/5073
f 5185/5185/5075 5186/5186/5076 5187/5187/5077
f 5187/5187/5077 5188/5188/5078 5185/5185/5075
f 2965/2965/2957 2966/2966/2958 5189/5189/5079
f 5189/5189/5079 5190/5190/5080 2965/2965/2957
f 2966/2966/2958 2967/2967/2959 5191/5191/5081
f 5191/5191/5081 5192/5192/5082 2966/2966/2958
f 5193/5193/5083 5194/5194/5084 5195/5195/5085
f 5193/5193/5083 5195/5195/5085 5196/5196/5086
f 5193/5193/5083 5196/5196/5086 5197/5197/5087
f 5198/5198/5088 5197/5197/5087 5196/5196/5086
f 5199/5199/5089 5197/5197/5087 5198/5198/5088
f 5198/5198/5088 5200/5200/5090 5199/5199/5089
f 5201/5201/5091 5199/5199/5089 5200/5200/5090
f 5200/5200/5090 5202/5202/5092 5201/5201/5091
f 5203/5203/5093 5201/5201/5091 5202/5202/5092
f 5202/5202/5092 5204/5204/5094 5203/5203/5093
f 5205/5205/5095 5203/5203/5093 5204/5204/5094
f 5204/5204/5094 5206/5206/5096 5205/5205/5095
f 5207/5207/5097 5205/5205/5095 5206/5206/5096
f 5206/5206/5096 5208/5208/5098 5207/5207/5097
f 5207/5207/5097 5208/5208/5098 5209/5209/5099
f 5209/5209/5099 5210/5210/5100 5207/5207/5097
f 5211/5211/5101 5210/5210/5100 5209/5209/5099
f 5211/5211/5101 5193/5193/5083 5210/5210/5100
f 5197/5197/5087 5199/5199/5089 5193/5193/5083
f 5193/5193/5083 5199/5199/5089 5201/5201/5091
f 5203/5203/5093 5193/5193/5083 5201/5201/5091
f 5193/5193/5083 5203/5203/5093 5205/5205/5095
f 5205/5205/5095 5207/5207/5097 5193/5193/5083
f 5193/5193/5083 5207/5207/5097 5210/5210/5100
f 5193/5193/5083 5212/5212/5102 5213/5213/5103
f 5212/5212/5102 5193/5193/5083 5214/5214/5104
f 5193/5193/5083 5215/5215/5105 5214/5214/5104
f 5216/5216/5106 5193/5193/5083 5211/5211/5101
f 5216/5216/5106 5215/5215/5105 5193/5193/5083
f 5217/5217/5107 5215/5215/5105 5216/5216/5106
f 5215/5215/5105 5217/5217/5107 5218/5218/5108
f 5218/5218/5108 5214/5214/5104 5215/5215/5105
f 5214/5214/5104 5218/5218/5108 5219/5219/5109
f 5219/5219/5109 5212/5212/5102 5214/5214/5104
f 5212/5212/5102 5219/5219/5109 5220/5220/5110
f 5220/5220/5110 5213/5213/5103 5212/5212/5102
f 5221/5221/5111 5213/5213/5103 5220/5220/5110
f 5213/5213/5103 5221/5221/5111 5193/5193/5083
f 5222/5222/5112 5193/5193/5083 5221/5221/5111
f 5193/5193/5083 5222/5222/5112 5223/5223/5113
f 5223/5223/5113 5222/5222/5112 5224/5224/5114
f 5224/5224/5114 5225/5225/5115 5223/5223/5113
f 5226/5226/5116 5223/5223/5113 5225/5225/5115
f 5225/5225/5115 5227/5227/5117 5226/5226/5116
f 5194/5194/5084 5226/5226/5116 5227/5227/5117
f 5193/5193/5083 5223/5223/5113 5226/5226/5116
f 5193/5193/5083 5226/5226/5116 5194/5194/5084
f 5227/5227/5117 5228/5228/5118 5194/5194/5084
f 5195/5195/5085 5194/5194/5084 5228/5228/5118
f 5228/5228/5118 5229/5229/5119 5195/5195/5085
f 5196/5196/5086 5195/5195/5085 5229/5229/5119
f 5229/5229/5119 5230/5230/5120 5196/5196/5086
f 5196/5196/5086 5230/5230/5120 5198/5198/5088
f 5231/5231/5121 5232/5232/5122 5233/5233/5123
f 5231/5231/5121 5233/5233/5123 5234/5234/5124
f 5231/5231/5121 5234/5234/5124 5235/5235/5125
f 5231/5231/5121 5235/5235/5125 5236/5236/5126
f 5231/5231/5121 5236/5236/5126 5237/5237/5127
f 5231/5231/5121 5237/5237/5127 5238/5238/5128
f 5231/5231/5121 5238/5238/5128 5239/5239/5129
f 5231/5231/5121 5239/5239/5129 5240/5240/5130
f 5231/5231/5121 5240/5240/5130 5241/5241/5131
f 5231/5231/5121 5241/5241/5131 5242/5242/5132
f 5242/5242/5132 5243/5243/5133 5231/5231/5121
f 5244/5244/5134 5231/5231/5121 5243/5243/5133
f 5231/5231/5121 5244/5244/5134 5245/5245/5135
f 5231/5231/5121 5245/5245/5135 5246/5246/5136
f 5231/5231/5121 5246/5246/5136 5247/5247/5137
f 5231/5231/5121 5247/5247/5137 5248/5248/5138
f 5231/5231/5121 5248/5248/5138 5249/5249/5139
f 5231/5231/5121 5249/5249/5139 5250/5250/5140
f 5231/5231/5121 5250/5250/5140 5251/5251/5141
f 5231/5231/5121 5251/5251/5141 5232/5232/5122
f 5252/5252/5142 5224/5224/5114 5222/5222/5112
f 5222/5222/5112 5221/5221/5111 5252/5252/5142
f 5220/5220/5110 5252/5252/5142 5221/5221/5111
f 5216/5216/5106 5253/5253/5143 5217/5217/5107
f 5254/5254/5144 5253/5253/5143 5216/5216/5106
f 5216/5216/5106 5211/5211/5101 5254/5254/5144
f 5209/5209/5099 5254/5254/5144 5211/5211/5101
f 5255/5255/5145 5256/5256/5146 5257/5257/5147
f 5255/5255/5145 5257/5257/5147 5258/5258/5148
f 5255/5255/5145 5258/5258/5148 5259/5259/5149
f 5260/5260/5150 5259/5259/5149 5258/5258/5148
f 5261/5261/5151 5259/5259/5149 5260/5260/5150
f 5260/5260/5150 5262/5262/5152 5261/5261/5151
f 5263/5263/5153 5261/5261/5151 5262/5262/5152
f 5262/5262/5152 5264/5264/5154 5263/5263/5153
f 5265/5265/5155 5263/5263/5153 5264/5264/5154
f 5264/5264/5154 5266/5266/5156 5265/5265/5155
f 5267/5267/5157 5265/5265/5155 5266/5266/5156
f 5266/5266/5156 5268/5268/5158 5267/5267/5157
f 5269/5269/5159 5267/5267/5157 5268/5268/5158
f 5268/5268/5158 5270/5270/5160 5269/5269/5159
f 5269/5269/5159 5270/5270/5160 5271/5271/5161
f 5271/5271/5161 5272/5272/5162 5269/5269/5159
f 5273/5273/5163 5272/5272/5162 5271/5271/5161
f 5273/5273/5163 5255/5255/5145 5272/5272/5162
f 5255/5255/5145 5261/5261/5151 5263/5263/5153
f 5265/5265/5155 5255/5255/5145 5263/5263/5153
f 5255/5255/5145 5265/5265/5155 5267/5267/5157
f 5267/5267/5157 5269/5269/5159 5255/5255/5145
f 5255/5255/5145 5269/5269/5159 5272/5272/5162
f 5259/5259/5149 5261/5261/5151 5255/5255/5145
f 5255/5255/5145 5274/5274/5164 5275/5275/5165
f 5274/5274/5164 5255/5255/5145 5276/5276/5166
f 5255/5255/5145 5277/5277/5167 5276/5276/5166
f 5278/5278/5168 5255/5255/5145 5273/5273/5163
f 5278/5278/5168 5277/5277/5167 5255/5255/5145
f 5279/5279/5169 5277/5277/5167 5278/5278/5168
f 5277/5277/5167 5279/5279/5169 5280/5280/5170
f 5280/5280/5170 5276/5276/5166 5277/5277/5167
f 5276/5276/5166 5280/5280/5170 5281/5281/5171
f 5281/5281/5171 5274/5274/5164 5276/5276/5166
f 5274/5274/5164 5281/5281/5171 5282/5282/5172
f 5282/5282/5172 5275/5275/5165 5274/5274/5164
f 5283/5283/5173 5275/5275/5165 5282/5282/5172
f 5275/5275/5165 5283/5283/5173 5255/5255/5145
f 5284/5284/5174 5255/5255/5145 5283/5283/5173
f 5255/5255/5145 5284/5284/5174 5285/5285/5175
f 5285/5285/5175 5284/5284/5174 5286/5286/5176
f 5286/5286/5176 5287/5287/5177 5285/5285/5175
f 5288/5288/5178 5285/5285/5175 5287/5287/5177
f 5287/5287/5177 5289/5289/5179 5288/5288/5178
f 5256/5256/5146 5288/5288/5178 5289/5289/5179
f 5255/5255/5145 5285/5285/5175 5288/5288/5178
f 5255/5255/5145 5288/5288/5178 5256/5256/5146
f 5289/5289/5179 5290/5290/5180 5256/5256/5146
f 5257/5257/5147 5256/5256/5146 5290/5290/5180
f 5290/5290/5180 5291/5291/5181 5257/5257/5147
f 5258/5258/5148 5257/5257/5147 5291/5291/5181
f 5291/5291/5181 5292/5292/5182 5258/5258/5148
f 5258/5258/5148 5292/5292/5182 5260/5260/5150
f 5293/5293/5183 5294/5294/5184 5295/5295/5185
f 5293/5293/5183 5295/5295/5185 5296/5296/5186
f 5293/5293/5183 5296/5296/5186 5297/5297/5187
f 5293/5293/5183 5297/5297/5187 5298/5298/5188
f 5293/5293/5183 5298/5298/5188 5299/5299/5189
f 5293/5293/5183 5299/5299/5189 5300/5300/5190
f 5293/5293/5183 5300/5300/5190 5301/5301/5191
f 5293/5293/5183 5301/5301/5191 5302/5302/5192
f 5293/5293/5183 5302/5302/5192 5303/5303/5193
f 5293/5293/5183 5303/5303/5193 5304/5304/5194
f 5304/5304/5194 5305/5305/5195 5293/5293/5183
f 5306/5306/5196 5293/5293/5183 5305/5305/5195
f 5293/5293/5183 5306/5306/5196 5307/5307/5197
f 5293/5293/5183 5307/5307/5197 5308/5308/5198
f 5293/5293/5183 5308/5308/5198 5309/5309/5199
f 5293/5293/5183 5309/5309/5199 5310/5310/5200
f 5293/5293/5183 5310/5310/5200 5311/5311/5201
f 5293/5293/5183 5311/5311/5201 5312/5312/5202
f 5293/5293/5183 5312/5312/5202 5313/5313/5203
f 5293/5293/5183 5313/5313/5203 5294/5294/5184
f 5314/5314/5204 5286/5286/5176 5284/5284/5174
f 5284/5284/5174 5283/5283/5173 5314/5314/5204
f 5282/5282/5172 5314/5314/5204 5283/5283/5173
f 5278/5278/5168 5315/5315/5205 5279/5279/5169
f 5316/5316/5206 5315/5315/5205 5278/5278/5168
f 5278/5278/5168 5273/5273/5163 5316/5316/5206
f 5271/5271/5161 5316/5316/5206 5273/5273/5163
f 5317/5317/5207 5318/5318/5208 5319/5319/5209
f 5317/5317/5207 5319/5319/5209 5320/5320/5210
f 5317/5317/5207 5320/5320/5210 5321/5321/5211
f 5322/5322/5212 5321/5321/5211 5320/5320/5210
f 5323/5323/5213 5321/5321/5211 5322/5322/5212
f 5322/5322/5212 5324/5324/5214 5323/5323/5213
f 5325/5325/5215 5323/5323/5213 5324/5324/5214
f 5324/5324/5214 5326/5326/5216 5325/5325/5215
f 5327/5327/5217 5325/5325/5215 5326/5326/5216
f 5326/5326/5216 5328/5328/5218 5327/5327/5217
f 5329/5329/5219 5327/5327/5217 5328/5328/5218
f 5328/5328/5218 5330/5330/5220 5329/5329/5219
f 5331/5331/5221 5329/5329/5219 5330/5330/5220
f 5330/5330/5220 5332/5332/5222 5331/5331/5221
f 5331/5331/5221 5332/5332/5222 5333/5333/5223
f 5333/5333/5223 5334/5334/5224 5331/5331/5221
f 5335/5335/5225 5334/5334/5224 5333/5333/5223
f 5335/5335/5225 5317/5317/5207 5334/5334/5224
f 5321/5321/5211 5323/5323/5213 5317/5317/5207
f 5317/5317/5207 5323/5323/5213 5325/5325/5215
f 5327/5327/5217 5317/5317/5207 5325/5325/5215
f 5317/5317/5207 5327/5327/5217 5329/5329/5219
f 5329/5329/5219 5331/5331/5221 5317/5317/5207
f 5317/5317/5207 5331/5331/5221 5334/5334/5224
f 5317/5317/5207 5336/5336/5226 5337/5337/5227
f 5336/5336/5226 5317/5317/5207 5338/5338/5228
f 5317/5317/5207 5339/5339/5229 5338/5338/5228
f 5340/5340/5230 5317/5317/5207 5335/5335/5225
f 5340/5340/5230 5339/5339/5229 5317/5317/5207
f 5341/5341/5231 5339/5339/5229 5340/5340/5230
f 5339/5339/5229 5341/5341/5231 5342/5342/5232
f 5342/5342/5232 5338/5338/5228 5339/5339/5229
f 5338/5338/5228 5342/5342/5232 5343/5343/5233
f 5343/5343/5233 5336/5336/5226 5338/5338/5228
f 5336/5336/5226 5343/5343/5233 5344/5344/5234
f 5344/5344/5234 5337/5337/5227 5336/5336/5226
f 5345/5345/5235 5337/5337/5227 5344/5344/5234
f 5337/5337/5227 5345/5345/5235 5317/5317/5207
f 5346/5346/5236 5317/5317/5207 5345/5345/5235
f 5317/5317/5207 5346/5346/5236 5347/5347/5237
f 5347/5347/5237 5346/5346/5236 5348/5348/5238
f 5348/5348/5238 5349/5349/5239 5347/5347/5237
f 5350/5350/5240 5347/5347/5237 5349/5349/5239
f 5349/5349/5239 5351/5351/5241 5350/5350/5240
f 5318/5318/5208 5350/5350/5240 5351/5351/5241
f 5317/5317/5207 5347/5347/5237 5350/5350/5240
f 5317/5317/5207 5350/5350/5240 5318/5318/5208
f 5351/5351/5241 5352/5352/5242 5318/5318/5208
f 5319/5319/5209 5318/5318/5208 5352/5352/5242
f 5352/5352/5242 5353/5353/5243 5319/5319/5209
f 5320/5320/5210 5319/5319/5209 5353/5353/5243
f 5353/5353/5243 5354/5354/5244 5320/5320/5210
f 5320/5320/5210 5354/5354/5244 5322/5322/5212
f 5355/5355/5245 5356/5356/5246 5357/5357/5247
f 5355/5355/5245 5357/5357/5247 5358/5358/5248
f 5355/5355/5245 5358/5358/5248 5359/5359/5249
f 5355/5355/5245 5359/5359/5249 5360/5360/5250
f 5355/5355/5245 5360/5360/5250 5361/5361/5251
f 5355/5355/5245 5361/5361/5251 5362/5362/5252
f 5355/5355/5245 5362/5362/5252 5363/5363/5253
f 5355/5355/5245 5363/5363/5253 5364/5364/5254
f 5355/5355/5245 5364/5364/5254 5365/5365/5255
f 5355/5355/5245 5365/5365/5255 5366/5366/5256
f 5366/5366/5256 5367/5367/5257 5355/5355/5245
f 5368/5368/5258 5355/5355/5245 5367/5367/5257
f 5355/5355/5245 5368/5368/5258 5369/5369/5259
f 5355/5355/5245 5369/5369/5259 5370/5370/5260
f 5355/5355/5245 5370/5370/5260 5371/5371/5261
f 5355/5355/5245 5371/5371/5261 5372/5372/5262
f 5355/5355/5245 5372/5372/5262 5373/5373/5263
f 5355/5355/5245 5373/5373/5263 5374/5374/5264
f 5355/5355/5245 5374/5374/5264 5375/5375/5265
f 5355/5355/5245 5375/5375/5265 5356/5356/5246
f 5376/5376/5266 5348/5348/5238 5346/5346/5236
f 5346/5346/5236 5345/5345/5235 5376/5376/5266
f 5344/5344/5234 5376/5376/5266 5345/5345/5235
f 5340/5340/5230 5377/5377/5267 5341/5341/5231
f 5378/5378/5268 5377/5377/5267 5340/5340/5230
f 5340/5340/5230 5335/5335/5225 5378/5378/5268
f 5333/5333/5223 5378/5378/5268 5335/5335/5225
f 2666/2666/2658 5379/5379/5269 2664/2664/2656
f 5380/5380/5270 5379/5379/5269 2666/2666/2658
f 2666/2666/2658 2668/2668/2660 5380/5380/5270
f 2670/2670/2662 5380/5380/5270 2668/2668/2660
f 5381/5381/5271 5382/5382/5272 5383/5383/5273
f 5383/5383/5273 3381/3381/3373 5381/5381/5271
f 3381/3381/3373 5383/5383/5273 3379/3379/3371
f 3383/3383/3375 5381/5381/5271 3381/3381/3373
f 3385/3385/3377 3368/3368/3360 3366/3366/3358
f 3385/3385/3377 5384/5384/5274 3368/3368/3360
f 5384/5384/5274 3385/3385/3377 3382/3382/3374
f 3382/3382/3374 5385/5385/5275 5384/5384/5274
f 3380/3380/3372 5385/5385/5275 3382/3382/3374
f 5385/5385/5275 3380/3380/3372 3377/3377/3369
f 3377/3377/3369 3374/3374/3366 5385/5385/5275
f 5385/5385/5275 3374/3374/3366 3370/3370/3362
f 3370/3370/3362 5384/5384/5274 5385/5385/5275
f 3368/3368/3360 5384/5384/5274 3370/3370/3362
f 5386/5386/5276 5387/5387/5277 5388/5388/5278
f 5387/5387/5277 5389/5389/5279 5388/5388/5278
f 5388/5388/5278 5389/5389/5279 5390/5390/5280
f 5391/5391/5281 5390/5390/5280 5389/5389/5279
f 5392/5392/5282 5390/5390/5280 5391/5391/5281
f 5392/5392/5282 5393/5393/5283 5390/5390/5280
f 5390/5390/5280 5393/5393/5283 5394/5394/5284
f 5394/5394/5284 5395/5395/5285 5390/5390/5280
f 5396/5396/5286 5395/5395/5285 5394/5394/5284
f 5397/5397/5287 5395/5395/5285 5396/5396/5286
f 5396/5396/5286 5398/5398/5288 5397/5397/5287
f 5398/5398/5288 5399/5399/5289 5397/5397/5287
f 5399/5399/5289 5398/5398/5288 5400/5400/5290
f 5400/5400/5290 5401/5401/5291 5399/5399/5289
f 5402/5402/5292 5401/5401/5291 5400/5400/5290
f 5401/5401/5291 5402/5402/5292 5403/5403/5293
f 5403/5403/5293 5402/5402/5292 5404/5404/5294
f 5404/5404/5294 5405/5405/5295 5403/5403/5293
f 5406/5406/5296 5403/5403/5293 5405/5405/5295
f 5407/5407/5297 5406/5406/5296 5405/5405/5295
f 5388/5388/5278 5408/5408/5298 5386/5386/5276
f 5408/5408/5298 5388/5388/5278 5409/5409/5299
f 5390/5390/5280 5409/5409/5299 5388/5388/5278
f 5409/5409/5299 5390/5390/5280 5395/5395/5285
f 5395/5395/5285 5397/5397/5287 5409/5409/5299
f 5410/5410/5300 5409/5409/5299 5397/5397/5287
f 5397/5397/5287 5399/5399/5289 5410/5410/5300
f 5410/5410/5300 5399/5399/5289 5401/5401/5291
f 5401/5401/5291 5403/5403/5293 5410/5410/5300
f 5408/5408/5298 5410/5410/5300 5403/5403/5293
f 5403/5403/5293 5406/5406/5296 5408/5408/5298
f 5386/5386/5276 5408/5408/5298 5406/5406/5296
f 5406/5406/5296 5411/5411/5301 5386/5386/5276
f 5411/5411/5301 5406/5406/5296 5407/5407/5297
f 5407/5407/5297 5412/5412/5302 5411/5411/5301
f 5412/5412/5302 5407/5407/5297 5413/5413/5303
f 5413/5413/5303 5414/5414/5304 5412/5412/5302
f 5409/5409/5299 5410/5410/5300 5408/5408/5298
f 5415/5415/5305 5405/5405/5295 5404/5404/5294
f 5405/5405/5295 5415/5415/5305 5407/5407/5297
f 5407/5407/5297 5415/5415/5305 5416/5416/5306
f 5416/5416/5306 5413/5413/5303 5407/5407/5297
f 5413/5413/5303 5416/5416/5306 5417/5417/5307
f 5417/5417/5307 5418/5418/5308 5413/5413/5303
f 5414/5414/5304 5413/5413/5303 5418/5418/5308
f 5418/5418/5308 5419/5419/5309 5414/5414/5304
f 5420/5420/5310 5417/5417/5307 5416/5416/5306
f 5421/5421/5311 5416/5416/5306 5415/5415/5305
f 5416/5416/5306 5421/5421/5311 5420/5420/5310
f 5422/5422/5312 5420/5420/5310 5421/5421/5311
f 5421/5421/5311 5423/5423/5313 5422/5422/5312
f 5423/5423/5313 5421/5421/5311 5424/5424/5314
f 5424/5424/5314 5425/5425/5315 5423/5423/5313
f 5426/5426/5316 5425/5425/5315 5424/5424/5314
f 5424/5424/5314 5404/5404/5294 5426/5426/5316
f 5426/5426/5316 5404/5404/5294 5402/5402/5292
f 5402/5402/5292 5427/5427/5317 5426/5426/5316
f 5428/5428/5318 5427/5427/5317 5402/5402/5292
f 5400/5400/5290 5428/5428/5318 5402/5402/5292
f 5404/5404/5294 5424/5424/5314 5415/5415/5305
f 5415/5415/5305 5424/5424/5314 5421/5421/5311
