# Blender v2.78 (sub 0) OBJ File: ''
# www.blender.org
mtllib untitled.mtl
o skin
v 1.946306 19.463636 -11.383437
v 1.833078 19.212528 -11.225161
v 1.915102 19.159822 -11.334600
v 1.934925 18.856766 -11.479694
v 1.925367 18.531796 -11.482416
v 1.943524 18.466875 -11.622474
v 1.992316 18.889666 -11.617388
v 1.978734 19.305971 -11.472919
v 1.946306 19.463636 -11.383437
v 1.817973 18.512196 -11.753420
v 1.747704 19.583113 -11.426789
v 1.946306 19.463636 -11.383437
v 1.824548 19.406879 -11.571926
v 1.880511 18.924749 -11.772941
v 1.635182 18.544226 -11.690327
v 1.624999 18.154318 -11.563744
v 1.615122 18.534174 -11.521509
v 1.611885 18.211647 -11.470140
v 1.713532 18.153744 -11.389047
v 1.734668 18.059563 -11.542654
v 1.863796 18.174540 -11.407599
v 1.873338 18.113998 -11.519778
v 1.925367 18.531796 -11.482416
v 1.943524 18.466875 -11.622474
v 1.946306 19.463636 -11.383437
v 1.593835 19.720201 -11.273979
v 1.558358 19.524136 -11.365253
v 2.045835 19.761169 -11.249276
v 1.946306 19.463636 -11.383437
v 1.966460 20.050657 -11.041349
v 1.664831 18.925262 -11.711003
v 1.636054 18.873814 -11.543044
v 1.575663 19.215818 -11.404772
v 1.614249 19.357195 -11.543088
v 1.510850 19.379107 -11.263108
v 1.469795 19.498795 -11.130720
v 1.541734 19.929350 -11.093220
v 1.863530 20.337891 -10.795384
v 2.316478 20.373711 -10.627864
v 2.184943 20.619551 -10.433650
v 2.519640 20.500143 -10.049733
v 2.452034 20.624310 -9.954968
v 2.527872 20.305859 -9.551046
v 1.819274 19.927883 11.417274
v 2.301995 19.981098 11.284998
v 2.157112 20.305119 11.041231
v 2.579566 20.195282 10.739630
v 2.724258 19.933893 10.955755
v 2.902015 19.836592 10.378030
v 2.949285 19.624638 10.627700
v 3.033243 19.647121 10.406753
v 2.954709 19.518280 10.628329
v 3.019727 19.355972 10.620071
v 2.781806 19.329330 10.620625
v 2.873093 19.211296 10.617384
v 3.092632 19.095972 10.735872
v 2.922845 19.005127 10.753274
v 3.052935 18.720097 10.814472
v 3.185372 18.797409 10.791307
v 3.143764 18.587961 10.800268
v 3.234968 18.649714 10.778022
v 3.143941 18.519918 10.689137
v 3.275334 18.612831 10.662752
v 3.250803 18.786024 10.607903
v 3.216400 19.079306 10.531154
v 3.123763 19.420855 10.460207
v 3.138870 18.967651 10.351441
v 3.188344 18.718714 10.451389
v 3.232861 18.614046 10.554123
v 3.153254 18.550776 10.562936
v 3.066891 18.647594 10.457317
v 2.940804 18.903435 10.344391
v 3.072554 19.320797 10.280982
v 2.950269 19.595945 10.115458
v 2.609637 20.138205 10.033610
v 2.378881 20.480604 10.483092
v 2.012200 20.546061 10.850428
v 1.701449 20.215460 11.178503
v 1.584183 20.425608 10.948162
v 2.248882 19.995012 9.834928
v 2.153187 20.125933 9.803427
v 2.672656 19.512072 10.059894
v 2.921004 19.158728 10.262197
v 2.454804 20.323145 9.961451
v 2.323443 20.611383 10.373736
v 1.951391 20.684114 10.734764
v 1.504714 20.562767 10.844358
v 1.219093 20.277033 10.833317
v 1.173785 20.355946 10.746857
v 1.276292 20.046312 11.093851
v 1.117222 20.021547 10.612289
v 1.107560 20.104340 10.503806
v 1.097898 20.187128 10.395324
v 1.128478 20.434862 10.660398
v 1.425245 20.699926 10.740555
v 1.890583 20.822166 10.619101
v 2.268006 20.742159 10.264380
v 2.299971 20.508089 9.889291
v 2.057492 20.256855 9.771926
v 1.407098 19.762014 11.437155
v 1.157562 19.765085 10.908693
v 1.283294 19.517843 11.238347
v 1.378034 19.325052 11.450787
v 1.470108 19.550238 11.611255
v 1.449927 19.347197 11.691269
v 1.423596 19.203522 11.579978
v 1.512504 19.177883 11.864578
v 1.496726 19.040569 11.717935
v 1.597778 18.745239 12.015795
v 1.584139 18.699778 11.844236
v 1.599704 18.361292 11.806247
v 1.608917 18.364702 11.976264
v 1.646367 17.982700 11.831953
v 1.790126 18.348040 12.049099
v 1.766273 17.900648 11.813494
v 1.899652 17.969839 11.801746
v 1.890341 18.034748 11.692015
v 1.910259 18.392105 11.786446
v 1.926982 18.322290 11.924306
v 1.632777 18.043110 11.740374
v 1.744343 17.999926 11.663247
v 2.369323 20.495789 -9.496302
v 2.095993 20.265972 -9.405957
v 2.198721 20.134010 -9.420798
v 2.686422 20.115932 -9.605791
v 2.301449 20.002052 -9.435640
v 2.975240 19.545580 -9.695498
v 2.687688 19.488455 -9.660261
v 3.079297 19.266954 -9.867548
v 2.911349 19.120745 -9.865742
v 2.910455 18.868717 -9.959556
v 3.114027 18.912361 -9.951982
v 3.144342 18.664370 -10.061474
v 3.222856 18.731806 -10.210525
v 3.233215 18.559635 -10.272626
v 3.204004 18.605619 -10.387990
v 3.095043 18.482082 -10.311186
v 3.108616 18.554689 -10.418538
v 3.170430 18.758099 -10.396557
v 3.016958 18.606525 -10.077959
v 3.184410 18.560368 -10.166684
v 3.099548 18.506126 -10.183251
v 3.032589 18.696009 -10.431174
v 3.104908 19.061865 -10.331395
v 2.928260 18.989935 -10.363091
v 2.891136 19.193844 -10.219951
v 3.051453 19.322556 -10.206871
v 2.812556 19.320711 -10.222402
v 3.003720 19.490927 -10.210567
v 2.702446 19.351419 -10.222141
v 3.008986 19.597137 -10.204833
v 2.899709 19.246475 -10.415585
v 3.045906 19.420759 -10.520159
v 2.974559 19.139818 -10.555067
v 3.093103 19.285872 -10.643950
v 3.037422 18.998575 -10.687281
v 3.176473 19.129034 -10.787681
v 3.243817 18.610315 -10.987498
v 3.204227 18.634905 -11.200274
v 3.167122 18.185879 -11.233066
v 2.943408 19.602444 -10.831595
v 2.837017 19.942381 -10.529063
v 3.091324 19.397024 -10.856819
v 2.806967 17.965258 -11.097731
v 2.855537 18.191315 -11.155240
v 2.967444 18.180738 -11.270270
v 2.992548 18.643959 -11.250050
v 3.156414 19.227411 -11.006828
v 2.869886 19.318495 -11.017139
v 2.532491 19.666967 -11.146711
v 2.442924 20.047699 -10.879115
v 2.706182 20.207386 -10.308551
v 2.967837 19.801443 -9.947810
v 3.080883 19.600899 -9.978585
v 3.151345 19.369108 -10.038217
v 2.874429 18.648542 -11.134305
v 2.936045 19.167316 -11.098148
v 2.691350 19.049015 -10.852875
v 2.777158 19.020107 -10.984501
v 2.691350 19.049015 -10.852875
v 2.928620 17.917444 -11.241796
v 2.920631 17.759842 -11.147745
v 2.839772 17.781260 -11.041541
v 3.044579 17.718801 -11.084384
v 2.955658 17.752121 -10.928989
v 3.145615 17.800726 -11.031982
v 3.098115 17.817862 -10.925012
v 3.195329 17.965096 -11.080040
v 3.104065 18.001291 -10.907148
v 3.098485 18.214619 -10.900970
v 3.223121 18.184624 -11.016293
v 3.081725 18.616917 -10.861148
v 3.094082 17.914433 -11.200742
v 2.395714 18.167141 11.843396
v 2.325032 18.170349 11.680805
v 2.301865 18.607779 11.688507
v 2.345642 17.844881 11.712013
v 2.222669 17.796846 11.803924
v 2.310701 17.707758 11.624867
v 2.199986 17.623566 11.657635
v 2.273764 17.765320 11.517905
v 2.132299 17.682125 11.508357
v 2.014449 17.703331 11.612141
v 2.076345 17.673817 11.704508
v 1.972951 17.870766 11.665631
v 2.056736 17.817244 11.787897
v 2.071010 18.147997 11.943315
v 2.264843 18.131033 11.989677
v 2.238976 18.671450 12.032312
v 2.392459 18.646292 11.861207
v 2.135570 19.262890 11.856865
v 2.306079 19.147638 11.718687
v 2.324392 19.295605 11.637154
v 2.213388 18.971861 11.558569
v 2.204925 19.005585 11.452186
v 2.319716 18.958355 11.571406
v 2.422555 19.138559 11.712770
v 2.530478 18.555580 11.855043
v 2.664194 19.233503 11.707023
v 2.780975 18.606024 11.866880
v 2.794901 19.129902 11.518471
v 2.877674 18.555222 11.678327
v 2.790023 18.501245 11.531113
v 2.888799 18.041803 11.688015
v 2.812942 18.058891 11.518801
v 2.803087 17.799229 11.419806
v 2.840104 17.732512 11.576306
v 2.814122 17.586300 11.490664
v 2.694828 17.484402 11.521036
v 2.642405 17.551533 11.337263
v 2.492975 17.580931 11.429103
v 2.544529 17.535021 11.552389
v 2.713426 17.681950 11.659229
v 2.528886 17.692345 11.641134
v 2.783906 18.029415 11.846259
v 2.452625 17.759512 11.480281
v 2.561016 18.022165 11.817374
v 2.487427 18.020918 11.634116
v 2.446604 18.475256 11.664581
v 2.206625 17.859386 -11.225760
v 2.244165 17.803164 -11.333225
v 2.298063 17.939703 -11.411136
v 2.127798 17.732424 -11.376519
v 2.057193 17.790920 -11.228576
v 1.948751 17.828827 -11.337721
v 2.012989 17.797241 -11.427779
v 1.927702 18.001881 -11.384911
v 2.013119 17.945515 -11.504740
v 2.176836 17.908808 -11.512259
v 2.263856 18.244825 -11.678039
v 2.388346 18.260618 -11.522861
v 2.434387 18.737858 -11.516406
v 2.329821 18.701218 -11.351363
v 2.390152 19.238554 -11.353726
v 2.270488 19.066305 -11.208336
v 2.258862 19.095924 -11.101030
v 2.418143 19.380030 -11.263850
v 2.375511 19.042467 -11.215734
v 2.504532 19.217226 -11.341620
v 2.308374 18.263828 -11.364629
v 2.242344 18.009933 -11.257535
v 2.561936 18.633175 -11.506976
v 2.753663 19.286322 -11.317221
v 2.816484 18.657927 -11.501866
v 2.861320 19.161419 -11.127013
v 2.895679 18.589001 -11.310914
v 2.794065 18.537838 -11.171901
v 2.855718 18.078133 -11.346081
v 2.771592 18.095377 -11.180836
v 2.729549 17.833952 -11.095917
v 2.769328 17.770845 -11.253235
v 2.723504 17.624416 -11.176773
v 2.596691 17.536861 -11.219074
v 2.539960 17.600754 -11.035424
v 2.400242 17.649527 -11.134057
v 2.454482 17.604105 -11.256363
v 2.460283 17.766018 -11.337739
v 2.643610 17.737415 -11.345742
v 2.760151 18.083757 -11.510501
v 1.946306 19.463636 -11.383437
v 2.008159 19.322834 -11.476029
v 1.911426 19.165163 -11.352285
v 2.082555 18.760950 -11.653580
v 2.017165 18.706783 -11.501972
v 2.012554 18.269382 -11.470263
v 2.070204 18.279642 -11.642050
v 2.295144 18.786388 -11.694516
v 2.241013 19.376890 -11.495393
v 2.215967 19.532341 -11.396202
v 1.946306 19.463636 -11.383437
v 1.946306 19.463636 -11.383437
v 3.213407 19.023338 -10.121041
v 3.032589 18.696009 -10.431174
v 3.108616 18.554689 -10.418538
v 3.095043 18.482082 -10.311186
v 2.978822 18.624491 -10.273842
v 3.099548 18.506126 -10.183251
v 3.016958 18.606525 -10.077959
v 2.834975 18.902973 -10.183072
v 2.910455 18.868717 -9.959556
v 2.806581 19.080013 -10.059250
v 2.911349 19.120745 -9.865742
v 2.606399 19.298731 -9.997149
v 2.687688 19.488455 -9.660261
v 2.301449 20.002052 -9.435640
v 2.419794 19.379108 -10.048935
v 2.021754 19.588858 -10.036245
v 2.389150 19.427448 -10.301126
v 1.747628 19.628820 -10.285145
v 2.024044 19.459961 -10.602236
v 1.418407 19.675117 -10.374304
v 1.551760 19.496914 -10.703048
v 1.865915 19.961939 -9.693310
v 1.565113 20.004599 -9.936737
v 1.537446 20.093962 -9.852858
v 1.838836 20.099298 -9.634022
v 2.198721 20.134010 -9.420798
v 2.095993 20.265972 -9.405957
v 1.811757 20.236656 -9.574733
v 1.509779 20.183327 -9.768980
v 1.174865 20.323835 -10.086018
v 1.201787 20.252045 -10.180090
v 1.228708 20.180254 -10.274162
v 1.261408 19.934530 -10.580441
v 1.381895 19.690632 -10.914514
v 1.653709 19.296171 -11.021796
v 1.469795 19.498795 -11.130720
v 1.613638 19.252357 -11.208201
v 1.510850 19.379107 -11.263108
v 1.575663 19.215818 -11.404772
v 1.709011 19.123407 -11.293910
v 1.767911 18.832119 -11.424184
v 1.934925 18.856766 -11.479694
v 1.925367 18.531796 -11.482416
v 1.753171 18.520420 -11.421972
v 1.863796 18.174540 -11.407599
v 1.713532 18.153744 -11.389047
v 1.615122 18.534174 -11.521509
v 1.611885 18.211647 -11.470140
v 1.636054 18.873814 -11.543044
v 2.693978 17.668272 -11.062152
v 2.729549 17.833952 -11.095917
v 2.538131 17.880392 -11.047843
v 2.539960 17.600754 -11.035424
v 2.381309 17.833439 -11.178304
v 2.561926 18.093117 -11.165285
v 2.451708 18.096466 -11.316385
v 2.458736 18.553501 -11.325962
v 2.572014 18.528044 -11.148804
v 2.375511 19.042467 -11.215734
v 2.489936 18.962812 -11.027586
v 2.723720 19.005219 -11.001040
v 2.434286 19.037508 -10.934132
v 2.691350 19.049015 -10.852875
v 2.419426 19.150961 -10.677999
v 2.803746 19.047750 -10.639052
v 2.700957 19.156872 -10.482384
v 2.899709 19.246475 -10.415585
v 2.702446 19.351419 -10.222141
v 2.400242 17.649527 -11.134057
v 2.812556 19.320711 -10.222402
v 2.891136 19.193844 -10.219951
v 2.928260 18.989935 -10.363091
v 2.027548 19.206774 -10.888834
v 1.915102 19.159822 -11.334600
v 1.833078 19.212528 -11.225161
v 1.996501 19.115572 -11.127448
v 2.258862 19.095924 -11.101030
v 1.927702 18.001881 -11.384911
v 1.948751 17.828827 -11.337721
v 2.057193 17.790920 -11.228576
v 2.068739 18.040001 -11.251211
v 2.012554 18.269382 -11.470263
v 2.106196 18.251328 -11.343137
v 2.017165 18.706783 -11.501972
v 2.119152 18.667088 -11.353170
v 1.911426 19.165163 -11.352285
v 2.029472 19.057842 -11.214406
v 2.270488 19.066305 -11.208336
v 2.206625 17.859386 -11.225760
v 2.242344 18.009933 -11.257535
v 2.308374 18.263828 -11.364629
v 2.329821 18.701218 -11.351363
v 1.744343 17.999926 11.663247
v 1.632777 18.043110 11.740374
v 1.599704 18.361292 11.806247
v 1.743907 18.366570 11.714970
v 1.890341 18.034748 11.692015
v 1.910259 18.392105 11.786446
v 1.726189 18.677652 11.732055
v 1.886305 18.716106 11.798887
v 1.645042 18.967798 11.611549
v 1.496726 19.040569 11.717935
v 1.541913 19.090702 11.525943
v 1.423596 19.203522 11.579978
v 1.378034 19.325052 11.450787
v 1.587847 19.147755 11.344540
v 1.283294 19.517843 11.238347
v 1.484107 19.353197 11.029381
v 1.962674 19.369091 10.956566
v 1.352087 19.533596 10.701299
v 1.688892 19.525227 10.630794
v 1.488751 19.898008 10.288898
v 1.584139 18.699778 11.844236
v 1.979480 19.525751 10.397873
v 1.805794 19.898258 10.062974
v 2.248882 19.995012 9.834928
v 1.787204 20.044409 9.992098
v 2.153187 20.125933 9.803427
v 1.768615 20.190559 9.921224
v 2.057492 20.256855 9.771926
v 1.475949 19.997667 10.191319
v 1.107560 20.104340 10.503806
v 1.117222 20.021547 10.612289
v 1.157562 19.765085 10.908693
v 1.097898 20.187128 10.395324
v 1.463146 20.097328 10.093740
v 2.975625 17.990065 11.253032
v 2.866281 17.937386 11.432306
v 2.887845 18.163958 11.502794
v 2.921099 17.760721 11.370081
v 3.045630 17.749149 11.263758
v 3.180521 17.828989 11.271589
v 3.168486 18.012760 11.262365
v 2.957697 18.179916 11.291421
v 3.141241 18.224482 11.265415
v 3.085284 18.624559 11.242694
v 2.920936 18.595694 11.285410
v 2.806702 18.923851 11.138691
v 2.734101 18.988283 11.364818
v 2.777424 19.036009 11.023274
v 2.653442 19.015085 11.229540
v 2.382896 19.097946 11.042842
v 2.673044 19.142080 10.865565
v 2.345824 19.388817 10.677580
v 2.860531 18.621235 11.503580
v 2.395692 19.356703 10.425872
v 2.592264 19.298235 10.382236
v 2.672656 19.512072 10.059894
v 2.921004 19.158728 10.262197
v 2.810102 19.097870 10.446797
v 2.940804 18.903435 10.344391
v 2.849513 18.918507 10.564091
v 3.066891 18.647594 10.457317
v 3.015948 18.651636 10.651058
v 3.153254 18.550776 10.562936
v 3.143941 18.519918 10.689137
v 3.052935 18.720097 10.814472
v 3.143764 18.587961 10.800268
v 3.011785 19.008183 11.083682
v 2.942329 19.148939 10.954279
v 2.864962 19.254499 10.815334
v 2.669308 19.348789 10.614896
v 2.781806 19.329330 10.620625
v 2.873093 19.211296 10.617384
v 2.922845 19.005127 10.753274
v 2.132299 17.682125 11.508357
v 2.014449 17.703331 11.612141
v 1.972951 17.870766 11.665631
v 2.116714 17.929630 11.542799
v 2.024662 18.140747 11.767988
v 2.126794 18.138699 11.646250
v 1.982201 18.574211 11.819490
v 2.096098 18.552599 11.675687
v 1.838380 19.026665 11.684205
v 1.974589 18.938913 11.549262
v 1.762962 19.072323 11.554708
v 1.940859 18.997387 11.463095
v 1.975921 19.103275 11.231200
v 2.394717 18.973671 11.294063
v 2.681630 18.967278 11.377320
v 2.452348 18.900288 11.387355
v 2.319716 18.958355 11.571406
v 2.204925 19.005585 11.452186
v 2.213388 18.971861 11.558569
v 2.301865 18.607779 11.688507
v 2.325032 18.170349 11.680805
v 2.291847 17.916883 11.558548
v 2.273764 17.765320 11.517905
v 2.571864 18.470367 11.493843
v 2.446604 18.475256 11.664581
v 2.605870 18.036358 11.490161
v 2.487427 18.020918 11.634116
v 2.452625 17.759512 11.480281
v 2.610961 17.828577 11.362056
v 2.642405 17.551533 11.337263
v 2.786831 17.632746 11.376509
v 2.803087 17.799229 11.419806
v 2.812942 18.058891 11.518801
v 2.790023 18.501245 11.531113
v 2.492975 17.580931 11.429103
v 2.993475 18.158844 11.623971
v 2.887845 18.163958 11.502794
v 2.866281 17.937386 11.432306
v 2.983775 17.894775 11.581367
v 3.193352 18.185915 11.599511
v 3.150742 17.910503 11.550589
v 3.261503 18.201334 11.386798
v 3.252952 17.977167 11.438802
v 3.141241 18.224482 11.265415
v 3.168486 18.012760 11.262365
v 3.180521 17.828989 11.271589
v 3.223335 17.811293 11.380430
v 3.045630 17.749149 11.263758
v 3.128477 17.717070 11.422730
v 2.921099 17.760721 11.370081
v 2.997526 17.742155 11.480036
v 3.085284 18.624559 11.242694
v 3.239688 18.627863 11.378450
v 3.011785 19.008183 11.083682
v 2.669308 19.348789 10.614896
v 2.864962 19.254499 10.815334
v 2.986127 19.437042 10.936491
v 2.942329 19.148939 10.954279
v 3.039852 19.301460 11.056812
v 3.130623 19.146681 11.198273
v 3.185650 18.637484 11.589243
v 2.971667 18.622665 11.626123
v 2.860531 18.621235 11.503580
v 2.870145 19.144745 11.494599
v 2.734101 18.988283 11.364818
v 2.653442 19.015085 11.229540
v 2.793457 19.292431 11.416492
v 2.653442 19.015085 11.229540
v 2.847729 19.591408 11.248783
v 3.014404 19.400890 11.273923
v 3.087986 19.231258 11.419938
v 2.414977 19.598171 11.540320
v 1.916119 19.637636 11.616553
v 1.840370 19.325153 11.730804
v 2.100307 19.419880 11.763371
v 1.840370 19.325153 11.730804
v 1.840370 19.325153 11.730804
v 1.911046 19.186756 11.820663
v 1.838380 19.026665 11.684205
v 1.840370 19.325153 11.730804
v 1.840370 19.325153 11.730804
v 1.762962 19.072323 11.554708
v 2.653442 19.015085 11.229540
v 2.611403 19.410952 11.617657
v 2.032851 18.626886 11.977145
v 1.982201 18.574211 11.819490
v 2.024662 18.140747 11.767988
v 1.063683 20.282745 10.240731
v 1.029468 20.378359 10.086141
v 1.405734 20.273218 9.815947
v 1.434440 20.185272 9.954843
v 1.097898 20.187128 10.395324
v 1.463146 20.097328 10.093740
v 1.794239 20.312120 9.787313
v 1.768615 20.190559 9.921224
v 1.938678 20.345266 9.712664
v 2.057492 20.256855 9.771926
v 2.208930 20.623886 9.766772
v 2.299971 20.508089 9.889291
v 2.160701 20.938404 10.102830
v 2.268006 20.742159 10.264380
v 1.771660 21.009157 10.450136
v 1.890583 20.822166 10.619101
v 1.332310 20.846334 10.586211
v 1.425245 20.699926 10.740555
v 1.065447 20.543694 10.501905
v 1.128478 20.434862 10.660398
v 1.063683 20.282745 10.240731
v 1.097898 20.187128 10.395324
v 1.029468 20.378359 10.086141
v 1.002416 20.652527 10.343414
v 1.239375 20.992744 10.431866
v 1.652738 21.196148 10.281171
v 2.053397 21.134647 9.941280
v 2.117889 20.739685 9.644254
v 1.819863 20.433678 9.653400
v 1.381895 19.690632 -10.914514
v 1.261408 19.934530 -10.580441
v 1.419086 20.209980 -10.743937
v 1.228708 20.180254 -10.274162
v 1.369287 20.433474 -10.475700
v 1.753893 20.548504 -10.561739
v 1.663410 20.681744 -10.473563
v 2.112342 20.751219 -10.332535
v 2.039741 20.882889 -10.231418
v 2.384427 20.748478 -9.860204
v 1.307949 20.506088 -10.405825
v 1.201787 20.252045 -10.180090
v 1.174865 20.323835 -10.086018
v 1.246610 20.578701 -10.335949
v 1.572926 20.814981 -10.385386
v 1.840370 19.325153 11.730804
v 1.628324 19.421705 11.767036
v 1.714541 19.246925 11.908629
v 1.808452 18.763258 12.090933
v 1.932008 18.747557 11.941216
v 1.926982 18.322290 11.924306
v 1.886305 18.716106 11.798887
v 1.910259 18.392105 11.786446
v 1.843594 19.022627 11.666563
v 1.883748 19.167200 11.814976
v 1.840370 19.325153 11.730804
v 1.840370 19.325153 11.730804
v 1.762962 19.072323 11.554708
v 1.840370 19.325153 11.730804
v 2.381309 17.833439 -11.178304
v 2.536298 18.098307 -11.494831
v 2.451708 18.096466 -11.316385
v 2.458736 18.553501 -11.325962
v 2.713526 19.464098 -11.222106
v 2.691350 19.049015 -10.852875
v 2.691350 19.049015 -10.852875
v 2.723720 19.005219 -11.001040
v 2.771592 18.095377 -11.180836
v 2.794065 18.537838 -11.171901
v 3.098115 17.817862 -10.925012
v 3.104065 18.001291 -10.907148
v 2.909695 17.998260 -10.910037
v 2.955658 17.752121 -10.928989
v 2.839772 17.781260 -11.041541
v 2.806967 17.965258 -11.097731
v 2.855537 18.191315 -11.155240
v 2.913364 18.190479 -10.939676
v 2.874429 18.648542 -11.134305
v 2.918282 18.607140 -10.914615
v 2.777158 19.020107 -10.984501
v 2.828718 18.938450 -10.758162
v 2.974559 19.139818 -10.555067
v 1.843594 19.022627 11.666563
v 2.786831 17.632746 11.376509
v 2.681630 18.967278 11.377320
v 2.653442 19.015085 11.229540
v 2.291847 17.916883 11.558548
v 1.572926 20.814981 -10.385386
v 1.246610 20.578701 -10.335949
v 1.173571 20.692755 -10.166723
v 1.129353 20.421953 -9.919702
v 1.083841 20.520067 -9.753386
v 1.100531 20.806810 -9.997498
v 1.474227 20.969654 -10.220093
v 1.375529 21.124325 -10.054802
v 1.918408 21.079918 -10.050971
v 1.797075 21.276943 -9.870524
v 2.276022 20.953831 -9.686013
v 2.167617 21.159182 -9.511823
v 2.271407 20.621273 -9.364193
v 2.173490 20.746758 -9.232083
v 1.971677 20.369949 -9.339903
v 1.847360 20.473927 -9.273848
v 1.829558 20.355291 -9.424290
v 1.469943 20.273960 -9.618387
v 1.509779 20.183327 -9.768980
v 1.174865 20.323835 -10.086018
v 1.129353 20.421953 -9.919702
v 1.430106 20.364590 -9.467794
v 1.083841 20.520067 -9.753386
v 2.039741 20.882889 -10.231418
v 2.384427 20.748478 -9.860204
v 2.369323 20.495789 -9.496302
v 2.095993 20.265972 -9.405957
v 1.811757 20.236656 -9.574733
v 1.819863 20.433678 9.653400
v 2.693978 17.668272 -11.062152
v 3.098485 18.214619 -10.900970
v 3.081725 18.616917 -10.861148
v 3.037422 18.998575 -10.687281
v 1.833078 19.212528 -11.225161
v 1.946306 19.463636 -11.383437
v 1.174865 20.323835 -10.086018
v 0.783148 19.544575 9.952894
v 0.765026 20.090412 10.490316
v 0.695561 19.744249 9.844276
v 0.550822 21.665323 3.446694
v 0.617523 22.112938 3.263768
v 0.430544 22.082161 3.185972
v 0.440706 21.609995 3.350798
v 0.676428 21.059462 3.749931
v 0.478436 21.050474 3.677433
v 0.745170 20.081911 3.945162
v 0.486302 20.015770 3.905477
v 0.803427 19.028868 4.179866
v 0.486378 18.809582 4.114354
v 0.825732 18.863585 4.225243
v 0.844451 18.568384 4.257027
v 0.701657 18.103718 4.347380
v 1.007473 18.534765 4.275329
v 1.638198 18.188848 4.107284
v 1.914861 18.523214 3.929546
v 2.646801 18.156174 3.353512
v 2.690725 18.578901 3.538224
v 3.131660 18.304596 2.953187
v 3.384094 18.634869 3.030308
v 1.557536 22.296251 3.072029
v 0.588069 22.314259 3.088953
v 1.585105 22.058922 3.205155
v 2.380709 22.323374 2.701704
v 2.422118 22.084240 2.798622
v 2.835182 22.352730 2.127687
v 2.927352 22.108948 2.233634
v 3.137802 22.439014 1.499003
v 3.203905 22.214119 1.647121
v 3.292945 22.160387 1.149075
v 3.287671 21.938929 1.530765
v 3.386016 21.561089 1.711755
v 3.076424 22.003334 2.082224
v 3.474364 18.513956 2.898211
v 3.567370 18.721056 2.873336
v 3.720127 18.595022 2.725734
v 3.659786 18.745043 2.766083
v 3.676433 18.862938 2.715136
v 3.546914 19.188463 2.457544
v 3.636958 19.253826 2.612521
v 3.496641 20.040743 2.353944
v 3.466338 20.069345 2.090321
v 3.423013 21.088217 1.959932
v 3.408474 21.112289 1.683959
v 3.333607 21.555819 1.411830
v 3.525990 21.502357 0.643283
v 3.449158 21.972738 0.427147
v 3.453843 21.883863 0.149364
v 3.348417 22.385801 0.372259
v 3.515314 21.437500 0.021764
v 3.621547 21.064981 0.945227
v 3.666821 20.086660 1.447791
v 3.735332 19.110989 1.892808
v 3.869432 18.557796 2.366787
v 3.720127 18.595022 2.725734
v 3.922307 18.420084 2.062957
v 1.638198 18.188848 4.107284
v 0.701657 18.103718 4.347380
v 0.722545 17.991062 4.286982
v 1.647009 18.101164 4.036955
v 2.646801 18.156174 3.353512
v 2.636294 18.046249 3.284491
v 3.131660 18.304596 2.953187
v 3.110985 18.178520 2.900246
v 3.474364 18.513956 2.898211
v 3.445209 18.397522 2.860756
v 3.687697 18.482006 2.715551
v 3.840602 18.428751 2.419087
v 3.898404 18.291107 2.051178
v 3.899280 18.186871 1.552738
v 3.760228 18.943596 1.158674
v 3.865042 18.070478 1.583123
v 3.231006 22.450998 0.997243
v 3.112760 22.645090 1.381187
v 2.734796 22.574221 1.977260
v 2.340603 22.522596 2.556873
v 1.540029 22.509542 2.908723
v 0.599044 22.511971 2.887537
v 1.502527 23.396666 2.914175
v 0.503623 23.392389 2.956349
v 0.500269 23.650665 3.080085
v 1.500189 23.654057 3.069223
v 0.492611 23.876833 3.121858
v 1.522759 23.891029 3.134459
v 3.260965 22.693583 0.465742
v 3.234907 22.672163 0.818426
v 2.343538 23.655973 2.722132
v 2.283690 23.373083 2.559108
v 2.711667 23.377468 1.989732
v 2.952947 23.342119 1.710874
v 3.156088 23.316477 1.391266
v 3.201671 23.330973 0.973387
v 3.164075 23.353315 0.644101
v 3.363880 23.624220 1.006888
v 3.305345 23.626839 0.690880
v 3.366109 23.819157 1.029642
v 3.324997 23.835812 0.651796
v 3.253579 23.611618 1.453699
v 3.075073 23.642046 1.795193
v 2.838706 23.653025 2.113258
v 3.287780 23.815582 1.494988
v 3.114905 23.834297 1.851109
v 2.955597 23.841877 2.220744
v 2.424843 23.880747 2.843998
v 3.287243 24.799665 1.005794
v 3.258290 24.728079 1.128032
v 3.357219 24.638674 1.013440
v 3.308149 24.910057 0.724640
v 3.329851 24.666023 0.717416
v 3.362399 24.300037 0.706584
v 3.392372 24.265842 1.010332
v 3.324997 23.835812 0.651796
v 3.311086 24.257708 1.573340
v 3.150632 24.255407 1.919123
v 2.964658 24.250589 2.252535
v 2.439789 24.313112 2.843584
v 1.524162 24.307518 3.192650
v 2.244901 24.765839 2.778491
v 2.103537 24.809490 2.885697
v 2.148064 24.683208 2.878508
v 2.384461 24.680033 2.764737
v 2.881871 24.646042 2.223274
v 3.088106 24.645351 1.899141
v 3.254750 24.627220 1.575955
v 3.226935 24.715508 1.287384
v 3.176834 24.742987 1.568765
v 3.027663 24.748726 1.895236
v 2.707855 24.750200 2.340859
v 2.449121 24.762964 2.605221
v 1.500304 24.877998 3.189379
v 1.998288 24.884079 2.951365
v 1.958819 24.955997 2.969088
v 1.912544 25.101496 2.968101
v 1.631797 25.444012 3.085718
v 1.901838 25.325109 2.909948
v 1.895125 25.586906 2.857316
v 1.889485 25.905602 2.819845
v 0.541072 24.275257 3.159655
v 0.668781 24.763506 3.182311
v 1.187228 25.299511 3.352305
v 1.507782 26.136126 3.328927
v 1.912007 26.231211 2.857036
v 1.943352 26.485308 2.945682
v 1.982792 26.757381 3.071721
v 1.773400 26.869184 3.270856
v 1.988162 27.102903 3.151660
v 1.962264 27.464127 3.208816
v 1.884222 27.437941 3.377512
v 1.942278 27.735893 3.433386
v 1.752909 27.826340 3.827165
v 1.844448 28.472975 3.477200
v 0.929709 25.763773 3.397149
v 0.560304 25.187769 3.280529
v 0.448860 25.413639 3.385784
v 0.960149 26.401230 3.627504
v 1.371581 26.988554 3.680970
v 0.402402 25.783304 3.501734
v 1.687022 28.524883 3.880648
v 1.448998 28.990726 3.905244
v 1.567717 29.058035 3.484125
v 1.368968 29.346783 3.510595
v 1.619870 29.421360 3.077761
v 1.154549 29.613319 3.527965
v 1.258745 29.679180 3.077282
v 0.885394 29.798487 3.078990
v 1.074847 29.914494 2.464927
v 0.538707 29.891470 3.070292
v 0.669491 30.033815 2.453787
v 0.297013 30.026253 2.502555
v 0.745589 30.044880 2.041448
v 0.345857 30.098387 2.106415
v 0.394281 30.169415 1.708479
v 0.037042 30.156231 2.160697
v 0.093767 30.281342 1.772270
v 0.104605 30.464422 1.588171
v 0.832449 29.704786 3.557106
v -0.019683 30.062124 2.555498
v -0.104707 29.819592 3.173415
v 0.189846 29.852789 3.126350
v 0.508050 29.765614 3.578849
v 0.449921 29.638855 4.103600
v 0.749384 29.551249 4.033294
v 1.055242 29.480301 3.977232
v 1.252120 29.235514 3.941238
v 0.112601 29.773211 3.614974
v -0.176727 29.757198 3.635046
v -0.332842 29.584099 4.099767
v 0.025778 29.622074 4.112728
v 0.448767 30.347389 1.526361
v 0.490444 30.627728 1.292538
v 0.923656 30.151276 1.350590
v 1.116189 30.440041 1.121655
v 1.525930 30.163549 0.834798
v 1.191547 29.960619 1.265536
v 1.764074 29.817911 0.801750
v 1.749895 29.624044 1.050395
v 1.871754 29.662504 0.632300
v 1.905842 29.579540 0.612064
v 2.178364 29.249403 0.651828
v 2.061085 29.275705 1.059475
v 2.492312 28.933949 0.663784
v 2.410701 28.948460 1.060530
v 2.785043 28.435417 0.657176
v 2.732632 28.450764 1.012651
v 2.970621 27.997969 0.659588
v 2.922062 27.989935 0.791966
v 0.022534 30.795918 1.257734
v 3.000723 27.628328 0.841544
v 2.976017 27.659979 1.147297
v 2.863616 27.980270 0.951296
v 2.800660 27.996307 1.572923
v 2.666736 28.508945 1.601371
v 2.566721 28.511969 1.981320
v 2.221721 29.061739 2.017687
v 2.137229 29.063314 2.477596
v 1.916892 29.409239 1.989956
v 1.852744 29.434168 2.488269
v 1.592453 29.699921 1.979141
v 1.477469 29.687963 2.465070
v 1.927140 29.069969 3.078253
v 2.697518 27.984268 1.945053
v 2.446494 28.487574 2.387224
v 2.549363 27.938896 2.359384
v 2.737387 27.677586 1.842149
v 2.832841 27.672102 1.620976
v 2.909949 27.670155 1.399798
v 2.151434 28.394499 3.025933
v 2.238793 27.840525 3.005968
v 2.366288 27.585342 2.631683
v 2.478866 27.617275 2.369464
v 1.991169 27.653854 3.337930
v 2.145292 27.521276 3.057533
v 2.268779 27.561993 2.843769
v 1.919258 20.003973 8.750093
v 2.073466 19.561386 9.153090
v 1.622258 19.329145 9.216736
v 1.409386 19.817244 8.809537
v 1.169144 19.241062 9.427719
v 0.937734 19.774725 9.079528
v 0.836795 19.446774 9.845725
v 0.738498 19.648035 9.633368
v 0.783148 19.544575 9.952894
v 0.695561 19.744249 9.844276
v 0.630414 19.915350 9.453888
v 0.533529 20.179907 9.677812
v 0.410911 20.392836 9.089687
v 0.355759 20.588135 9.340151
v 0.086146 20.954699 8.581335
v -0.051765 21.124208 8.861494
v -0.158320 21.568573 8.049899
v -0.286562 21.844522 8.436427
v -0.300847 22.049080 7.663239
v -0.442757 22.314922 8.029534
v -1.025058 24.777321 5.516408
v -1.146041 25.412663 4.910104
v -0.767070 24.987314 4.694079
v -0.575869 24.407583 5.355222
v -0.809576 24.287233 6.010617
v -0.462010 23.919729 5.745980
v -0.658330 23.846514 6.372057
v -0.374443 23.515602 5.998309
v -0.662611 23.309473 6.768489
v -0.344852 23.037043 6.380646
v -0.480059 22.624565 7.201527
v -0.232182 22.425812 6.816978
v -0.071953 21.864838 7.213059
v 0.101124 21.379513 7.617368
v 0.395791 20.778587 8.186069
v 0.657517 20.253132 8.736875
v 0.218663 22.371761 6.575350
v 0.358119 21.798347 7.001100
v 0.572812 21.340958 7.396082
v 0.815096 20.744167 7.938342
v 1.129793 20.260155 8.420239
v 0.134521 22.930984 6.109010
v -0.011664 23.387465 5.716413
v 0.347426 23.479635 5.669263
v 0.533484 22.966946 5.999258
v 0.701446 22.461611 6.508487
v 0.873653 21.885420 6.980220
v 1.087281 21.402119 7.409102
v 1.339063 20.865990 7.954719
v 1.618065 20.391001 8.391030
v -1.455160 26.651314 4.552003
v -1.497252 27.022879 4.049153
v -1.317538 26.335579 3.985278
v -1.304339 25.979584 4.400851
v -0.971558 25.731037 3.925539
v -0.917368 25.406635 4.219922
v -0.225160 25.354013 3.781825
v -0.164551 25.092607 4.028816
v -0.199227 24.821695 4.442024
v -0.042710 24.168650 5.055341
v -0.052185 23.747757 5.412850
v -1.519623 27.123487 3.796672
v -1.392664 26.543934 3.720921
v -0.982377 25.980637 3.640852
v -0.194120 25.637569 3.548699
v 0.402402 25.783304 3.501734
v 0.435894 25.413048 3.696216
v 0.424893 25.093658 3.947279
v 0.353363 24.757128 4.306228
v 0.529299 24.226364 4.832458
v 0.399389 23.828426 5.307277
v -1.599583 27.924372 4.189263
v -1.616276 28.166464 4.019012
v -1.609894 28.006231 3.903680
v -1.456306 28.574213 4.092638
v -1.512671 28.534801 3.956418
v -1.264923 28.932264 4.167737
v -1.266920 29.118435 4.010009
v -0.859125 29.323620 4.195945
v -0.859504 29.440958 4.051171
v -0.408712 29.489965 4.223100
v -0.332842 29.584099 4.099767
v 0.025778 29.622074 4.112728
v -0.002813 29.515692 4.211758
v 0.423116 29.523911 4.183518
v 0.380386 29.279825 4.223671
v 1.003132 29.280931 4.083985
v 0.945502 29.015778 4.149023
v 1.189170 29.060503 4.051421
v 1.252120 29.235514 3.941238
v 1.055242 29.480301 3.977232
v 0.749384 29.551249 4.033294
v 0.449921 29.638855 4.103600
v 1.375207 28.840076 4.018857
v 1.448998 28.990726 3.905244
v 1.687022 28.524883 3.880648
v 1.605878 28.364067 3.965712
v 1.752909 27.826340 3.827165
v 1.525450 28.189880 4.006862
v 1.598946 27.533731 4.049533
v 1.494327 27.077599 4.350843
v 1.494829 26.330376 4.251978
v 1.481088 25.972467 4.385702
v 1.128024 25.552185 4.069566
v 1.469016 25.611301 4.523429
v 0.962705 24.981583 4.328666
v 1.442955 25.051506 4.866447
v 0.797878 24.568829 4.878912
v 1.294979 24.625076 5.282136
v 0.922842 24.080154 5.231128
v 1.303894 28.618021 4.074407
v 1.645902 26.360905 4.917211
v 1.630810 25.653727 5.202950
v 1.569944 26.719576 4.633441
v 1.337354 27.885498 4.482449
v 0.891632 28.336618 4.617258
v 0.174750 28.596022 4.644076
v -0.044844 29.266327 4.277369
v -0.527800 29.249714 4.337227
v -0.836591 29.169510 4.304605
v 1.300161 26.908844 5.198156
v 1.318769 27.397175 4.840307
v 0.871612 27.810270 5.017681
v 0.851592 27.283920 5.418103
v -0.705490 28.453714 4.639710
v -1.261310 28.757111 4.250304
v -1.442966 28.363617 4.217892
v -0.193845 28.536430 4.642248
v 0.202496 27.963169 5.135083
v 0.230491 27.330002 5.625651
v 0.842394 26.417072 6.126650
v 1.367086 26.107832 5.772681
v 1.523214 25.731731 5.996830
v 1.572223 25.391632 6.071163
v 1.095830 25.651926 6.620644
v 1.478829 25.052090 6.146433
v -1.107403 27.845747 4.621345
v 1.012377 25.715254 6.428401
v 0.250386 26.449972 6.287579
v -0.558983 27.156101 5.577734
v -0.379806 27.850628 5.116020
v -0.635628 27.809267 5.114752
v -0.836585 27.505283 5.105568
v -1.218664 26.557211 5.427854
v -0.515353 26.255266 6.310614
v -1.038490 25.803865 6.043303
v -0.502172 25.883095 6.600033
v -0.435134 25.600269 6.710346
v 0.144441 25.903061 6.715159
v -0.617003 22.868793 7.562422
v -0.866494 23.635160 6.982186
v -1.044246 24.263382 6.573630
v -1.133450 24.643684 6.246274
v -1.285993 25.242109 5.710593
v -1.393279 25.948410 5.150389
v -1.423779 26.302532 4.856543
v -1.294811 27.014711 5.027843
v -1.364615 27.455038 4.603400
v -0.985431 25.203341 6.526038
v -0.811885 24.696699 7.001021
v 1.077160 25.334185 6.732825
v 1.177223 25.107126 6.937851
v 0.514355 25.288568 7.242737
v 0.403766 25.136412 7.571794
v 0.106614 25.363817 7.307175
v -0.295059 25.059034 7.321126
v -0.345346 25.263926 7.161210
v -0.393541 25.445040 6.918973
v 0.109687 25.787981 6.873444
v 0.678811 25.739508 6.851576
v 0.096769 25.432171 6.974879
v 0.711661 25.560492 7.024418
v 1.464080 24.411873 5.655769
v 1.427761 24.212595 5.883219
v 1.531007 24.487160 6.303246
v 1.410524 23.996595 6.148253
v 1.583429 24.320440 6.547226
v 1.871592 24.136265 6.757581
v 1.821375 24.426022 7.218888
v 2.104249 23.466560 7.317034
v 2.017690 23.820946 7.766117
v 2.211009 22.949354 7.807278
v 2.119769 23.312851 8.274767
v 2.374659 22.450169 8.248943
v 2.273058 22.818926 8.690972
v 2.499266 21.816149 8.765627
v 2.469034 22.102665 9.206067
v 2.718855 21.326599 9.278461
v 2.607097 21.623730 9.666806
v 2.860622 20.728590 9.641236
v 1.451530 24.606203 7.693541
v 1.775413 24.730886 6.010758
v 1.543327 24.715853 6.596348
v 1.644444 24.613169 6.874876
v 1.363236 24.961658 7.411631
v 1.295028 25.124928 7.238890
v 1.675377 24.982101 6.356490
v 1.705024 24.896908 5.678276
v 1.679646 25.067846 5.455884
v 2.675966 21.124865 10.063290
v 2.923966 20.391750 10.164527
v 2.720783 20.548819 10.437719
v 2.314951 21.259933 10.400391
v 2.468656 20.668859 10.744257
v 1.789380 21.315681 10.703448
v 2.215374 20.744442 10.932234
v 1.926154 20.739807 11.043838
v 1.544577 20.710039 11.099607
v 1.106082 21.091381 10.687561
v 1.228769 20.587053 11.019129
v 0.955166 20.333252 10.750167
v 0.558957 20.602922 10.301826
v 0.765026 20.090412 10.490316
v 0.331023 20.281456 9.959275
v 0.470494 19.752337 10.140215
v 0.288682 20.057491 9.673041
v 0.405344 19.588209 9.867579
v 1.869168 22.961948 9.082848
v 2.092343 22.342707 9.595277
v 2.201417 21.785776 10.030125
v 1.664886 21.846811 10.311876
v 0.949622 21.617720 10.349642
v 0.418012 21.015320 9.916653
v 0.177493 20.734192 9.595903
v 0.845668 23.939180 8.507413
v 0.622747 24.630852 7.939792
v -0.042646 24.473038 7.801548
v 1.575581 23.945089 8.210424
v 1.728520 23.460955 8.649816
v 1.043186 23.451469 8.960945
v 1.260534 23.004835 9.377285
v 1.490485 22.361103 9.830440
v 0.761905 22.224798 9.881615
v 0.475100 22.774750 9.373672
v 0.247035 23.275820 8.894337
v 0.104770 23.763405 8.483047
v -0.614743 24.152584 7.512868
v -0.376917 23.324833 8.126375
v -0.223938 22.813211 8.490140
v -0.020155 22.259722 8.903662
v 0.181916 21.620541 9.364113
v 0.104993 20.536201 9.367337
v -0.710979 30.943489 0.926578
v -0.656787 31.139940 0.903461
v -0.841096 31.154005 0.729079
v -0.516922 30.921820 1.096438
v -0.488911 31.108070 1.078600
v -0.268255 30.876949 1.227656
v -0.251907 31.059620 1.193824
v 0.022534 30.795918 1.257734
v -0.002325 31.001427 1.257992
v 0.490444 30.627728 1.292538
v 0.514766 30.824522 1.307026
v 1.116189 30.440041 1.121655
v 1.153459 30.638765 1.109894
v 1.525930 30.163549 0.834798
v 1.571884 30.391382 0.829135
v 1.719501 29.996471 0.520492
v 1.807667 30.165285 0.537160
v 1.789938 29.925941 0.331519
v 1.949012 29.943169 0.349763
v 1.833194 30.175688 0.580015
v 1.157081 30.651115 1.132687
v 0.496144 30.845654 1.324333
v -0.012541 31.017200 1.281098
v -0.262592 31.080654 1.190518
v -0.491428 31.123535 1.075201
v -0.667974 31.141075 0.909413
v -0.841096 31.154005 0.729079
v 1.575803 30.395672 0.850139
v 1.594354 30.364237 0.897698
v 1.158293 30.639404 1.184149
v 0.437493 30.844082 1.385949
v -0.052672 31.010532 1.326290
v -0.302945 31.078909 1.219183
v -0.527341 31.122402 1.088204
v -0.702470 31.140289 0.916356
v -0.839444 31.163160 0.731472
v 1.576965 30.293997 0.967045
v 1.139574 30.559786 1.240985
v 1.922685 30.055456 0.715241
v 1.874832 30.154629 0.624137
v -1.054876 30.891699 0.518929
v -1.145332 30.895817 0.279651
v -1.112116 31.119154 0.269410
v -1.027576 31.113997 0.502408
v -1.065484 31.165524 0.275372
v -0.982858 31.174610 0.498175
v -0.895260 31.093061 0.764571
v -0.873142 31.151037 0.750359
v -0.738930 31.085939 0.938273
v -0.573015 31.058878 1.116343
v -0.337381 31.008293 1.260295
v -0.086964 30.929146 1.359588
v 0.416174 30.768887 1.423094
v -0.839444 31.163160 0.731472
v -0.937821 31.173687 0.494968
v -0.839444 31.163160 0.731472
v -1.032815 31.178005 0.275040
v -1.033622 31.180014 0.033563
v -1.087654 31.161219 0.030400
v -1.141303 31.123274 0.027306
v -1.166224 30.890896 0.019801
v -0.839444 31.163160 0.731472
v -0.940960 31.168058 0.498519
v -1.035538 31.170986 0.272923
v -1.030224 31.154442 0.027297
v -0.968902 31.165951 -0.198609
v -0.993514 31.176195 -0.207722
v -1.062834 31.158770 -0.217127
v -1.096928 31.125013 -0.227159
v -1.146687 30.912294 -0.228928
v -0.877528 30.954527 0.735528
v -0.841096 31.154005 0.729079
v -0.969758 30.943718 0.502890
v -1.085709 30.940105 0.285515
v -1.123823 30.936131 0.046875
v -1.102615 30.944149 -0.178170
v -0.909687 31.162210 -0.428299
v -0.938810 31.191467 -0.451457
v -0.994300 31.179220 -0.459991
v -1.023621 31.126829 -0.473552
v -1.063063 30.909075 -0.512268
v -0.944866 31.127243 -0.716736
v -0.871762 31.189512 -0.686801
v -0.871762 31.189512 -0.686801
v -0.867193 31.176521 -0.672657
v -1.025037 30.959955 -0.402997
v -0.948162 30.952372 -0.646206
v -0.753841 31.174025 -0.860610
v -0.753841 31.174025 -0.860610
v -0.871762 31.189512 -0.686801
v 2.005100 29.961117 0.376462
v 2.069602 29.943089 0.429312
v 2.125364 29.866035 0.502602
v 2.163596 29.679068 0.623116
v 1.942573 29.834837 0.880364
v 2.178628 29.486162 0.740213
v 1.927719 29.647818 1.011343
v 1.548340 30.034933 1.124288
v 1.532404 29.886631 1.268829
v 1.080409 30.315554 1.311605
v 1.047710 30.095087 1.437923
v 0.351448 30.549631 1.494836
v 0.290539 30.395269 1.571769
v -0.194981 30.729055 1.436880
v -0.266107 30.572485 1.507485
v -0.380778 30.771099 1.301626
v 2.187325 29.383945 0.805407
v 1.929442 29.467478 1.128729
v 1.507702 29.776707 1.434831
v 1.027633 29.993504 1.597587
v 0.487757 30.180185 1.684078
v 0.222094 30.285254 1.706853
v -0.089463 30.398794 1.694698
v -0.316455 30.457912 1.612859
v -0.434735 30.600609 1.359234
v -0.526852 30.487722 1.470557
v -0.624454 30.613298 1.172774
v -0.701863 30.494007 1.250973
v -0.771575 30.627321 0.984064
v -0.823042 30.495581 1.039962
v 2.135800 29.289707 0.941331
v 2.062484 29.337490 1.007656
v 2.164689 29.303366 0.886076
v 2.178329 29.331400 0.853776
v -0.589093 30.819485 1.130393
v -0.754561 30.852810 0.962159
v -0.896191 30.878284 0.781306
v -0.894722 30.639847 0.796369
v -1.045352 30.659458 0.538308
v -1.138547 30.674768 0.303943
v -1.169582 30.676847 0.026535
v -1.141350 30.704052 -0.243668
v -1.061811 30.712568 -0.540252
v -0.959466 30.901533 -0.785371
v -0.938146 30.498531 0.828700
v -1.068757 30.503487 0.559061
v -1.157536 30.508512 0.309875
v -1.166840 30.503752 0.020276
v -1.159645 30.524862 -0.266479
v -1.098069 30.538254 -0.588589
v -0.955877 30.715782 -0.823499
v -1.003742 30.553408 -0.873921
v -0.826153 30.714239 -1.047203
v -0.866927 30.556541 -1.119074
v -0.639390 30.694668 -1.245882
v -0.693774 30.555887 -1.339096
v -0.817641 30.904751 -1.004400
v -0.623061 30.870781 -1.200468
v -0.394812 30.827820 -1.339326
v -0.413096 30.671930 -1.413733
v -0.101055 30.787901 -1.478713
v -0.133590 30.639690 -1.575454
v 0.343253 30.685438 -1.524768
v 0.327004 30.518114 -1.624760
v 0.679132 30.536623 -1.473776
v 0.680213 30.360037 -1.584527
v 1.010352 30.382820 -1.372540
v 1.020193 30.206139 -1.485522
v 1.407885 30.203650 -1.238699
v 1.437964 30.033594 -1.353369
v 1.761838 29.951860 -1.015268
v -0.482765 30.555960 -1.529545
v -0.338874 30.545498 -1.617438
v -0.148089 30.517071 -1.693136
v 0.063808 30.481062 -1.739486
v 0.314056 30.409565 -1.754485
v 0.697336 30.256796 -1.702678
v 1.043702 30.093548 -1.598003
v 1.471773 29.909552 -1.464214
v 1.786470 29.778166 -1.133052
v 1.809511 29.652094 -1.244334
v 2.086302 29.562143 -0.925797
v 2.099770 29.434891 -1.033487
v 2.066636 29.751534 -0.805421
v 2.282150 29.497662 -0.713828
v 2.304774 29.416698 -0.758352
v 2.298950 29.371870 -0.796384
v 2.283853 29.336250 -0.829747
v 2.257305 29.316914 -0.885763
v 2.214003 29.338209 -0.926145
v 1.715046 30.223015 -0.856310
v 1.987836 30.020035 -0.624013
v 2.233671 29.694210 -0.596566
v 2.152555 29.931707 -0.458167
v 1.026850 30.638447 -1.263422
v 1.382527 30.475937 -1.107022
v 1.355125 30.553932 -1.076461
v 1.679507 30.301140 -0.817897
v 1.938092 30.093967 -0.569051
v 2.109112 29.987438 -0.406286
v 2.060077 30.029015 -0.379096
v 1.876590 30.142965 -0.544193
v 1.941907 30.001446 -0.337409
v 1.795203 30.142488 -0.478640
v 1.640993 30.345406 -0.791058
v 1.575783 30.351778 -0.756359
v 1.336205 30.584160 -1.047149
v 1.289225 30.590498 -1.032944
v 1.012993 30.725235 -1.185600
v 0.986623 30.720722 -1.165045
v 0.698888 30.848286 -1.290522
v 1.013403 30.711544 -1.218107
v 0.690415 30.844170 -1.321972
v 0.328292 30.950726 -1.362027
v 0.339591 30.954300 -1.331844
v -0.073056 31.032660 -1.333427
v -0.079729 31.040869 -1.282542
v -0.362581 31.097298 -1.234081
v -0.342802 31.105705 -1.191578
v -0.599811 31.146433 -1.112213
v -0.582573 31.156038 -1.072559
v -0.787638 31.169664 -0.909619
v -0.749332 31.168499 -0.862653
v -0.562294 31.153397 -1.066766
v 0.678851 30.842873 -1.271856
v 0.307331 30.960659 -1.313437
v -0.068198 31.033916 -1.266287
v -0.329441 31.084520 -1.167038
v -0.562294 31.153397 -1.066766
v -0.612522 30.955551 -1.119781
v -0.562294 31.153397 -1.066766
v -0.318705 30.890633 -1.176716
v -0.055483 30.831858 -1.280164
v 0.337009 30.773582 -1.364767
v 0.724347 30.648418 -1.313688
v 1.032193 30.519035 -1.204799
v 1.333709 30.371172 -1.070795
v 1.570350 30.149675 -0.783780
v 1.747258 29.977251 -0.480277
v 1.836380 29.878887 -0.396649
v -0.562294 31.153397 -1.066766
v -0.795772 30.958834 -0.910229
v -0.753841 31.174025 -0.860610
v -0.562294 31.153397 -1.066766
v -0.753841 31.174025 -0.860610
v 0.934295 22.117970 3.428460
v 0.659597 22.142557 3.383745
v 0.646737 21.843622 3.551010
v 0.925205 21.899509 3.529275
v 0.950959 21.667704 3.631124
v 1.365346 21.763777 3.539180
v 1.391119 21.579012 3.628026
v 1.671702 21.543962 3.533240
v 1.928013 21.734339 3.417875
v 1.967418 21.451378 3.529220
v 2.288352 21.456961 3.448655
v 2.188343 21.372940 3.567814
v 2.336436 21.352730 3.506681
v 2.367447 21.297401 3.598461
v 2.480494 21.351940 3.466423
v 2.662636 21.419441 3.278953
v 2.293983 21.726862 3.340814
v 2.244513 21.956633 3.261488
v 0.538086 22.179583 3.291465
v 0.533811 21.794905 3.530509
v 0.660454 21.600998 3.646159
v 0.985067 21.447851 3.738946
v 0.574827 21.448673 3.701460
v 0.677226 21.457874 3.704829
v 0.766203 21.344717 3.713722
v 0.611678 21.379309 3.745990
v 0.671708 21.335464 3.744253
v 1.913787 21.984247 3.363114
v 2.242515 22.189659 3.177790
v 1.906939 22.202705 3.310437
v 1.841220 22.361406 3.181472
v 1.343457 22.200573 3.414556
v 1.310404 22.326109 3.273799
v 0.927978 22.289021 3.267867
v 0.644459 22.270485 3.262477
v 0.492593 22.355959 3.098440
v 0.915524 22.388695 3.138237
v 1.261971 22.389366 3.108155
v 1.760087 22.383059 2.991263
v 1.351977 21.991810 3.467136
v 2.184625 22.336658 3.044928
v 2.053790 22.367235 2.898049
v 2.542468 22.309191 2.842727
v 2.436327 22.318546 2.709524
v 2.904681 22.215559 2.492523
v 2.773870 22.252708 2.328810
v 3.205819 22.099314 2.144276
v 3.121291 22.171326 1.993153
v 3.470605 21.978701 1.774484
v 3.477677 22.051607 1.571324
v 3.523552 21.853609 1.721009
v 3.500998 21.817196 1.921723
v 3.561580 21.535158 1.926953
v 3.521483 21.589371 2.065947
v 3.523027 21.409124 2.211271
v 3.292138 21.507254 2.482421
v 3.474465 21.201931 2.371983
v 3.314091 21.319715 2.542741
v 3.258224 21.911720 2.267981
v 3.261778 21.710524 2.375906
v 2.987000 21.606054 2.750676
v 2.951240 21.781616 2.684227
v 2.641529 21.643610 3.124573
v 2.593405 21.863245 3.015158
v 2.933301 22.030802 2.605470
v 2.578920 22.110201 2.939711
v 3.024949 21.427950 2.799271
v 2.807145 21.442305 3.053954
v -1.872145 21.558212 -1.163311
v -1.678260 22.133625 -1.196861
v -1.381428 22.075653 -1.944129
v -1.979837 21.630878 -0.129145
v -1.762960 22.174482 -0.223192
v -1.661609 22.164797 0.650020
v -1.476745 22.393028 0.575202
v -1.188823 22.391155 1.605749
v -0.934304 22.550030 1.458561
v -0.609628 22.615669 2.145816
v -0.760218 23.478737 2.159431
v -0.193917 23.401295 2.714163
v -0.994785 23.605795 2.342214
v -0.307378 23.629187 2.876425
v -1.099071 23.834311 2.412918
v -0.317159 23.836952 2.903989
v -1.224868 24.258089 2.451988
v -0.273798 24.255373 2.872576
v -1.287906 24.795631 2.517561
v -0.366641 24.792793 3.022378
v -1.549083 22.365486 -1.192793
v -1.223793 22.294529 -1.862123
v -1.610850 22.383957 -0.264182
v -1.220187 22.574476 0.497376
v -1.142066 23.429617 1.527430
v -1.327844 23.606133 1.695425
v -1.460812 23.842659 1.784776
v -1.615322 24.275196 1.834024
v -1.616521 24.879847 1.862890
v -1.740388 25.511633 1.965666
v -1.397942 25.363007 2.625813
v -1.538153 23.533520 1.074158
v -1.421137 23.414215 0.521764
v -1.300651 22.521763 -0.269134
v -1.240767 22.497683 -1.103561
v -1.010989 22.493059 -1.721622
v -0.659046 22.500893 -2.283458
v -1.275507 23.406796 -1.087923
v -1.074928 23.399527 -1.690802
v -1.363744 23.326109 -0.285539
v -1.524428 23.576620 0.454714
v -1.534306 23.738045 0.458994
v -1.601312 23.729300 1.136266
v -1.648391 24.146126 0.469761
v -1.723334 24.152676 1.175014
v -1.888599 24.729313 0.504675
v -1.814098 24.786188 1.215733
v -1.951821 25.487087 0.499889
v -1.910281 25.489727 1.267752
v -1.961644 26.157984 1.335130
v -1.725868 26.132593 2.045938
v -1.987748 26.772423 1.375787
v -1.825685 26.779865 2.172635
v -1.728570 24.826715 -2.015654
v -1.774056 24.823574 -1.260024
v -1.913886 25.536150 -1.276947
v -1.888435 25.560459 -0.384329
v -1.703953 24.847589 -0.406115
v -1.526938 24.197573 -0.355317
v -1.557932 23.757839 -0.345064
v -1.523933 23.555317 -0.330503
v -1.513850 23.527376 -1.209574
v -1.388622 23.573790 -1.832863
v -0.656751 23.399918 -2.318422
v -0.903928 23.611481 -2.438487
v -1.480484 23.798447 -1.874773
v -0.959719 23.814095 -2.496581
v -1.580402 24.207230 -1.941957
v -0.970904 24.188566 -2.562466
v -1.552244 24.076324 -1.204672
v -1.556287 23.630533 -1.208208
v -1.989743 26.151911 0.523860
v -1.988577 26.186319 -0.340843
v -1.996409 26.174683 -1.273026
v -1.793182 25.495588 -2.054605
v -1.240054 24.780556 -2.669954
v -0.213509 24.103231 -3.004159
v -0.289549 23.764938 -2.933022
v -0.325683 23.615309 -2.891110
v -0.247850 23.409729 -2.625866
v -1.895528 26.810720 0.574618
v -1.528738 29.048134 3.111445
v -1.050479 29.562428 3.183860
v -1.215009 29.628283 2.538739
v -1.580459 29.196117 2.480956
v -1.732251 28.665602 2.411836
v -1.554503 29.194551 1.955820
v -1.736326 28.663897 1.929339
v -1.804720 28.690229 1.461962
v -1.844060 28.218538 1.905056
v -1.867983 28.225389 1.433350
v -1.925429 27.512814 1.743464
v -1.931693 27.529741 1.403388
v -1.860541 27.544468 0.602341
v -1.907092 26.875834 -0.291823
v -2.054025 26.893461 -1.231899
v -1.853524 26.171005 -2.085341
v -1.222920 29.651388 2.003658
v -1.534933 29.296419 -1.669699
v -1.796144 28.712975 -1.676726
v -1.825524 28.728838 -1.180815
v -1.877313 28.276005 -1.159466
v -1.899542 28.257723 -1.678405
v -1.973103 27.615757 -1.180710
v -1.977648 27.598589 -1.559648
v -1.849025 27.603081 -0.262490
v -1.847200 28.236279 0.632826
v -1.841764 28.744745 0.706627
v -1.682803 29.265858 1.504776
v -1.351653 29.763317 1.515201
v -0.994365 30.099287 1.513852
v -1.436172 29.784288 0.886896
v -1.207419 30.144955 0.850790
v -1.491447 29.785387 0.366328
v -1.309895 30.133387 0.429782
v -1.328934 30.113951 -0.034792
v -1.497993 29.765976 -0.113395
v -1.502364 29.778086 -0.568438
v -1.669373 29.355692 -0.604521
v -1.414865 29.780750 -1.072249
v -1.646032 29.316259 -1.212603
v -1.251240 29.773705 -1.678579
v -1.817250 28.755074 -0.427213
v -1.822899 28.304420 -0.239545
v -1.804241 28.767082 0.008364
v -1.673243 29.346582 0.821764
v -1.647652 29.373711 0.250329
v -1.652415 29.364861 -0.185713
v -1.805850 28.759157 -0.214133
v -0.811237 25.191980 3.138470
v -0.947298 25.582621 3.387061
v -0.224991 25.315336 3.466037
v -0.194120 25.637569 3.548699
v 0.402402 25.783304 3.501734
v 0.448860 25.413639 3.385784
v -0.163746 25.106588 3.285953
v 0.560304 25.187769 3.280529
v 0.668781 24.763506 3.182311
v 0.541072 24.275257 3.159655
v 0.492611 23.876833 3.121858
v 0.500269 23.650665 3.080085
v 0.503623 23.392389 2.956349
v -0.005091 22.544605 2.668410
v -0.760835 22.414515 2.321352
v -1.388673 22.190655 1.708035
v -1.922576 21.619772 0.795766
v -2.127267 21.084232 -0.079434
v -2.006216 21.033049 -1.137959
v -1.595237 21.531721 -2.032342
v -1.693623 20.996719 -2.056383
v -1.065969 21.575394 -2.717540
v -1.144479 21.052490 -2.798794
v -0.335185 21.584105 -3.182849
v -0.303160 21.066214 -3.331348
v -0.325744 22.120394 -3.023609
v -0.934161 22.109554 -2.584353
v -0.292780 22.350439 -2.925622
v 0.586197 23.400949 -2.892874
v 0.635844 22.536966 -2.945718
v -0.194233 22.526192 -2.719778
v -0.832116 22.324835 -2.478510
v 0.609493 22.337271 -3.145913
v -1.212625 19.975780 -3.030545
v -0.348587 19.958780 -3.590079
v -1.238991 18.834406 -3.144287
v -0.386324 18.894260 -3.766648
v -1.362465 17.921188 -3.208409
v -0.359590 17.985001 -4.018300
v -0.320059 17.889194 -3.957016
v 0.780743 18.085564 -4.194788
v 0.753279 18.192692 -4.259640
v -1.320510 17.796976 -3.143661
v -1.972847 17.834526 -2.221648
v -1.917981 18.756851 -2.199264
v -2.448758 17.815928 -1.117446
v -2.331002 18.731791 -1.159159
v -2.495708 17.778370 0.131440
v -2.383831 18.723501 0.154570
v -2.209956 18.709202 1.259346
v -2.147240 20.027031 1.088294
v -1.891495 20.034157 2.209015
v -1.795043 21.125343 1.990851
v -1.213875 21.131275 2.845996
v -1.065753 21.630953 2.662985
v -0.252247 21.591835 3.208122
v -0.160095 22.115812 3.000238
v 0.430544 22.082161 3.185972
v 0.588069 22.314259 3.088953
v 0.440706 21.609995 3.350798
v -0.352028 21.114637 3.393204
v -1.255802 20.030123 3.156404
v -1.865617 18.787849 2.290507
v -2.386609 17.770233 1.233396
v -2.426258 17.681917 0.130017
v -2.380950 17.721979 -1.085248
v -1.908166 17.741659 -2.173236
v -2.325596 17.683975 1.208794
v -1.984142 17.807102 2.369751
v -1.192624 18.876286 3.235256
v -0.355787 20.008085 3.774701
v 0.478436 21.050474 3.677433
v -0.368766 18.874790 3.938417
v 0.486302 20.015770 3.905477
v 0.486378 18.809582 4.114354
v -0.378096 17.947269 4.126534
v -1.401735 17.855484 3.314715
v -1.926002 17.710640 2.332121
v -1.365194 17.755680 3.257151
v -0.341550 17.827921 4.066565
v 0.701657 18.103718 4.347380
v 0.722545 17.991062 4.286982
v -1.401071 25.404203 -2.763092
v -0.321781 24.630249 -3.087424
v 0.415078 24.122049 -3.317100
v 0.525055 23.798513 -3.173858
v 0.583903 23.617350 -3.085093
v 0.559150 24.620710 -3.329116
v -1.947456 26.844534 -2.144819
v -1.615330 26.120750 -2.891691
v -0.773948 25.152475 -3.281077
v -0.202901 25.049446 -3.367093
v 0.453411 24.987324 -3.388080
v -0.312820 25.322170 -3.537776
v 0.283255 25.298006 -3.512872
v -0.347882 25.737572 -3.690315
v 0.147875 25.687611 -3.634987
v -1.760030 26.770485 -2.885562
v -1.965767 27.571720 -2.170065
v -1.476419 26.738550 -3.494630
v -1.318943 26.078583 -3.402074
v -0.949830 26.049494 -3.724654
v -0.865588 25.567757 -3.497713
v -1.394303 26.731735 -3.902678
v -1.463006 27.261126 -4.004343
v -1.588881 27.455898 -3.593753
v -1.780306 27.511721 -2.935357
v -1.607916 28.096611 -3.616089
v -1.780902 28.166462 -2.950643
v -1.461158 27.949137 -4.109451
v -1.359080 28.402826 -4.139906
v -0.187945 29.930138 -3.030118
v -0.591602 29.885942 -3.020292
v -0.632230 29.960772 -2.655508
v -1.188238 29.710878 -2.365454
v -1.120518 29.732512 -3.004488
v -1.505965 29.334570 -2.946017
v -0.881503 29.608358 -3.644011
v -1.306018 29.217373 -3.633617
v -0.747869 29.405235 -4.160520
v -1.133106 28.977615 -4.161070
v -1.509102 28.582661 -3.622295
v -1.702100 28.672619 -2.952261
v -1.788091 28.696718 -2.137886
v -1.926820 28.232018 -2.153015
v -1.509405 29.280779 -2.126536
v -1.216705 29.774202 -1.849603
v -0.282110 30.087395 -2.430421
v -0.033732 30.069626 -2.476507
v -0.110777 29.997187 -2.752083
v -0.235286 30.009060 -2.730353
v -0.671903 30.033588 -2.290192
v -0.989294 30.058447 -1.676652
v -0.677950 30.146654 -1.893078
v -0.300929 30.211985 -2.057067
v -0.282110 30.087395 -2.430421
v -0.028309 30.169975 -2.120591
v -0.565525 29.989807 2.555669
v -0.776606 30.053040 2.047220
v -0.683289 30.270090 1.491286
v -0.995405 30.383448 0.781537
v -1.139349 30.402729 0.483721
v -1.186453 30.403055 0.024709
v -1.324721 30.144014 -0.492632
v -1.167198 30.439219 -0.492450
v -1.238036 30.167200 -0.921628
v -1.042304 30.415667 -0.816764
v -0.713561 30.328705 -1.515625
v -0.928233 30.564335 -0.782224
v -1.097600 30.531065 -0.504986
v -0.928233 30.564335 -0.782224
v -1.118377 30.507629 0.047931
v -1.062594 30.510038 0.496713
v -0.891428 30.520193 0.754057
v -0.731522 30.531456 1.041447
v -0.877528 30.954527 0.735528
v -0.710979 30.943489 0.926578
v -0.642268 30.475327 1.149302
v -0.478941 30.912006 1.038083
v -0.526037 30.493269 1.311169
v -0.268255 30.876949 1.227656
v -0.248178 30.509691 1.474192
v -0.301175 30.308439 1.661136
v -0.631717 30.152256 1.938876
v -0.257371 30.193022 2.074842
v -0.539634 29.704247 3.184332
v -0.480462 29.671612 3.638199
v -0.176727 29.757198 3.635046
v -0.104707 29.819592 3.173415
v -0.200772 30.051979 2.557312
v 0.037042 30.156231 2.160697
v 0.093767 30.281342 1.772270
v 0.104605 30.464422 1.588171
v 0.022534 30.795918 1.257734
v -0.019683 30.062124 2.555498
v -1.572251 26.023115 2.857543
v -1.263951 25.992218 3.305443
v -1.554679 26.576397 3.362952
v -0.982377 25.980637 3.640852
v -1.392664 26.543934 3.720921
v -1.590420 27.258688 3.419868
v -1.519623 27.123487 3.796672
v -1.659490 27.994099 3.456842
v -1.609894 28.006231 3.903680
v -1.603422 28.477964 3.507309
v -1.512671 28.534801 3.956418
v -1.409095 29.040169 3.574202
v -1.266920 29.118435 4.010009
v -0.892895 29.524115 3.634861
v -0.859504 29.440958 4.051171
v -0.332842 29.584099 4.099767
v -1.880787 27.498600 2.307335
v -1.841325 28.217360 2.385881
v -1.739865 28.066673 3.016643
v -1.694224 28.511435 3.062468
v -1.671423 27.349277 2.966420
v -1.645252 26.605040 2.922978
v 3.024368 28.302074 0.346324
v 3.037260 28.270128 0.330316
v 3.019438 28.338356 0.230414
v 3.007663 28.287558 0.369529
v 3.023327 28.248751 0.351163
v 3.047369 28.244686 0.303888
v 3.035506 28.218103 0.319330
v 3.053559 28.228617 0.270021
v 3.042614 28.199587 0.278161
v 3.055524 28.222776 0.232647
v 3.044745 28.193146 0.233280
v 3.053333 28.227095 0.195081
v 3.042343 28.197767 0.188188
v 3.034985 28.214600 0.146346
v 3.046938 28.241779 0.160629
v 3.036666 28.266125 0.133253
v 3.023677 28.297413 0.116041
v 3.009466 28.331978 0.109890
v 2.989776 28.323483 0.086768
v 2.982399 28.398727 0.130730
v 2.972291 28.424168 0.157158
v 2.995289 28.366774 0.114721
v 2.972752 28.365240 0.091960
v 2.957088 28.404039 0.110326
v 2.944909 28.434687 0.142158
v 2.966101 28.440235 0.191025
v 2.964133 28.446074 0.228398
v 2.966326 28.441750 0.265965
v 2.935669 28.459652 0.228209
v 2.938070 28.455029 0.273301
v 2.972722 28.427067 0.300417
v 2.945429 28.438190 0.315143
v 2.982992 28.402719 0.327793
v 2.957801 28.408863 0.348116
v 2.995982 28.371433 0.345005
v 2.973582 28.370829 0.367946
v 2.937799 28.453201 0.183327
v 3.010191 28.336872 0.351156
v 2.990640 28.329313 0.374720
v 2.248686 21.469727 3.522649
v 2.222574 21.497406 3.522950
v 2.196505 21.478216 3.516780
v 2.227957 21.444887 3.516419
v 2.281152 21.451057 3.516258
v 2.267361 21.423216 3.508280
v 2.316263 21.442532 3.504888
v 2.309494 21.413567 3.494423
v 2.350944 21.444315 3.489761
v 2.351154 21.415133 3.476469
v 2.389057 21.429337 3.455255
v 2.382103 21.456844 3.471997
v 2.406099 21.479679 3.453274
v 2.315283 21.559252 3.472627
v 2.420224 21.510269 3.435705
v 2.423864 21.544956 3.420935
v 2.437916 21.535810 3.394227
v 2.430573 21.578585 3.380940
v 2.417275 21.580637 3.410049
v 2.411155 21.619278 3.373482
v 2.400462 21.614204 3.404226
v 2.374351 21.641882 3.404530
v 2.177087 21.518915 3.509323
v 2.205760 21.530968 3.517126
v 2.199172 21.566645 3.506240
v 2.379703 21.652615 3.373844
v 2.341884 21.660543 3.410921
v 2.306772 21.669071 3.422288
v 2.272092 21.667288 3.437415
v 2.298165 21.683937 3.395839
v 2.256505 21.682365 3.413794
v 2.240933 21.654757 3.455181
v 2.218602 21.668163 3.435006
v 2.216937 21.631922 3.473903
v 2.189700 21.640656 3.457557
v 2.202811 21.601334 3.491471
v 2.173546 21.603394 3.478521
v 2.169745 21.561691 3.496036
v 3.019906 20.248421 9.918223
v 2.983728 20.144850 9.731409
v 2.727323 20.447632 9.213828
v 2.610835 20.966791 8.822469
v 2.452871 21.445181 8.343910
v 2.129760 21.954073 7.744461
v 2.007374 22.460192 7.298460
v 1.785822 22.941877 6.912606
v 1.698354 23.747883 6.313334
v 1.323609 22.660208 6.594895
v 1.042149 23.245104 6.219009
v 0.701446 22.461611 6.508487
v 1.128848 23.571680 5.813921
v 0.533484 22.966946 5.999258
v 0.347426 23.479635 5.669263
v 1.061423 23.766449 5.546634
v 0.399389 23.828426 5.307277
v 0.529299 24.226364 4.832458
v 0.353363 24.757128 4.306228
v 0.424893 25.093658 3.947279
v 1.032511 25.965635 3.839864
v 1.358702 26.770426 3.961999
v 1.371581 26.988554 3.680970
v 0.435894 25.413048 3.696216
v 0.960149 26.401230 3.627504
v 0.402402 25.783304 3.501734
v 0.873653 21.885420 6.980220
v 1.474025 22.103582 7.003131
v 1.644750 21.576687 7.497179
v 1.953217 21.064280 8.041108
v 2.161867 20.576365 8.486690
v 2.379899 20.221172 8.830446
v 2.796448 19.889261 9.414980
v 2.911585 20.021545 9.564342
v 1.087281 21.402119 7.409102
v 1.339063 20.865990 7.954719
v 1.618065 20.391001 8.391030
v 1.919258 20.003973 8.750093
v 2.073466 19.561386 9.153090
v 2.505092 19.702158 9.206252
v -0.812677 31.131649 -0.941351
v -0.615216 31.109240 -1.143633
v -0.369499 31.060062 -1.266780
v -0.082367 30.977535 -1.378601
v 0.326655 30.897591 -1.413649
v 0.696423 30.776682 -1.373553
v -0.919670 31.172552 -0.702296
v -0.871762 31.189512 -0.686801
v -0.871762 31.189512 -0.686801
v -0.562294 31.153397 -1.066766
v -0.753841 31.174025 -0.860610
v -0.871762 31.189512 -0.686801
v -0.753841 31.174025 -0.860610
v 2.852695 25.288143 2.412163
v 2.474401 25.346016 2.744905
v 2.534226 25.111296 2.743059
v 2.855528 25.032972 2.425497
v 2.527961 24.781385 2.674707
v 2.797611 24.763363 2.393076
v 2.877594 24.769852 2.427063
v 2.913364 25.035673 2.436931
v 2.900113 25.292376 2.424510
v 2.835927 25.581648 2.409169
v 2.894374 25.598635 2.421236
v 2.825892 25.885448 2.401934
v 2.878672 25.901588 2.419260
v 2.819366 26.198076 2.419977
v 2.872694 26.192122 2.424136
v 2.829677 26.515190 2.457443
v 2.882667 26.512918 2.458386
v 2.769982 26.916399 2.447460
v 2.807838 26.920553 2.441689
v 2.460983 25.592131 2.709337
v 2.451822 25.910318 2.683188
v 2.448340 26.215477 2.698213
v 2.480577 26.512735 2.779521
v 2.456177 26.854551 2.831135
v 2.689239 27.251406 2.390735
v 2.411138 27.188068 2.860208
v 2.457828 27.589260 2.672440
v 2.357183 27.562000 2.887566
v 2.230907 27.517214 3.124383
v 2.571075 27.622499 2.418713
v 2.715638 27.259666 2.392040
v 2.613617 27.635124 2.419341
v 2.329623 24.776939 2.843576
v 2.004672 25.107359 3.021480
v 1.981015 25.319359 2.967001
v 1.982946 25.590820 2.915164
v 1.976457 25.908810 2.874492
v 2.000996 26.233114 2.915976
v 2.022728 26.483578 3.006438
v 2.080689 26.762274 3.131469
v 2.086883 27.110579 3.206728
v 2.051630 27.455191 3.263019
v 2.191795 24.816135 2.938208
v 2.043221 24.957458 3.024570
v 2.088500 24.883839 3.002798
v 2.945429 28.438190 0.315143
v 2.938070 28.455029 0.273301
v 2.947764 28.308640 0.229635
v 2.935669 28.459652 0.228209
v 2.937799 28.453201 0.183327
v 2.944909 28.434687 0.142158
v 2.957088 28.404039 0.110326
v 2.972752 28.365240 0.091960
v 2.989776 28.323483 0.086768
v 3.006834 28.281961 0.093543
v 3.022613 28.243938 0.113372
v 3.034985 28.214600 0.146346
v 3.042343 28.197767 0.188188
v 3.044745 28.193146 0.233280
v 3.042614 28.199587 0.278161
v 3.035506 28.218103 0.319330
v 3.023327 28.248751 0.351163
v 3.007663 28.287558 0.369529
v 2.990640 28.329313 0.374720
v 2.973582 28.370829 0.367946
v 2.957801 28.408863 0.348116
v 3.313473 22.040020 -1.744274
v 3.338595 22.033087 -1.782665
v 3.081217 22.064272 -2.157024
v 3.062538 22.068913 -2.063833
v 2.843880 22.075470 -2.408579
v 2.809066 22.069164 -2.377689
v 2.527730 22.089300 -2.705521
v 2.500480 22.076458 -2.672491
v 2.299231 22.100811 -2.920947
v 2.272003 22.089106 -2.893580
v 2.018204 22.133322 -3.208991
v 1.962219 22.082130 -3.124528
v 1.628164 22.114761 -3.330014
v 1.596904 22.088760 -3.290554
v 1.294449 22.120102 -3.463141
v 1.275648 22.095419 -3.403636
v 0.932199 22.073797 -3.459245
v 0.919917 22.057291 -3.404162
v 0.154583 21.957548 -3.373530
v 0.124905 21.932682 -3.273945
v 0.514299 22.011843 -3.431252
v 3.985984 18.688423 -2.919889
v 4.018923 18.708305 -2.931265
v 4.005805 18.837301 -2.878502
v 3.992859 18.807093 -2.853374
v 3.942354 19.056189 -2.799933
v 3.927826 19.033722 -2.769605
v 3.845065 19.408859 -2.633326
v 3.816396 19.381931 -2.618060
v 3.698467 19.912874 -2.497149
v 3.674350 19.886358 -2.473132
v 3.611500 20.475447 -2.370339
v 3.589859 20.448378 -2.338762
v 3.514833 20.851242 -2.266952
v 3.493732 20.815144 -2.239307
v 3.438249 21.190704 -2.130512
v 3.415030 21.166283 -2.101594
v 3.358097 21.746126 -1.907824
v 3.354674 21.728083 -1.899540
v 3.338595 22.033087 -1.782665
v 3.313473 22.040020 -1.744274
v 0.760988 18.616034 -4.708719
v 0.768626 18.641651 -4.737184
v 0.964526 18.610462 -4.711923
v 0.955084 18.579630 -4.671975
v 1.534257 18.685434 -4.501911
v 1.518183 18.654819 -4.471609
v 2.161534 18.727287 -4.266320
v 2.136916 18.691019 -4.231579
v 2.553118 18.713802 -4.136789
v 2.201417 18.727488 -4.318069
v 2.569200 18.749815 -4.170208
v 2.892650 18.743622 -3.863926
v 2.523083 18.715067 -4.059667
v 2.874787 18.725569 -3.834457
v 3.384300 18.759602 -3.534686
v 3.350707 18.729443 -3.511143
v 3.795665 18.694063 -3.114459
v 3.777490 18.668230 -3.087785
v 3.910601 18.687738 -3.037124
v 3.892890 18.661871 -3.015218
v 3.985984 18.688423 -2.919889
v 0.124905 21.932682 -3.273945
v 0.154583 21.957548 -3.373530
v 0.215704 21.721966 -3.540173
v 0.213042 21.656157 -3.505231
v 0.331854 21.182360 -3.753717
v 0.337077 21.153912 -3.719730
v 0.410976 20.896158 -3.921318
v 0.384624 20.910009 -3.862712
v 0.433842 20.365242 -4.043669
v 0.427623 20.332251 -4.004739
v 0.518804 19.759417 -4.249026
v 0.505369 19.729342 -4.212891
v 0.606958 19.155483 -4.455769
v 0.606972 19.112074 -4.420067
v 0.686953 18.803823 -4.667224
v 0.670090 18.766399 -4.639452
v 0.760988 18.616034 -4.708719
v 1.486975 21.491169 -7.286614
v 1.026819 21.301340 -7.168681
v 1.292899 20.833830 -7.545574
v 1.282965 22.071119 -6.858005
v 0.840984 21.833174 -6.777405
v 1.203928 22.686138 -6.443954
v 0.649463 22.394588 -6.328807
v 1.185883 23.254988 -6.018391
v 0.535712 22.840431 -5.970437
v 1.050835 23.632040 -5.679008
v 1.550173 23.653612 -6.256877
v 1.415475 23.771561 -5.998091
v 1.610097 24.296724 -6.404067
v 1.453061 24.489483 -6.153132
v 1.346294 24.834099 -6.629836
v 1.658907 24.737846 -6.085299
v 1.449176 25.070290 -6.503366
v 1.612599 24.951862 -5.841926
v 1.335893 25.129293 -6.150045
v 1.594382 25.070721 -5.783099
v 1.667014 22.996235 -6.681951
v 1.745621 24.094004 -6.544077
v 1.551197 24.692133 -6.868601
v 1.168845 25.063179 -7.146111
v 1.112639 25.233324 -6.964693
v 0.957469 25.282301 -6.549294
v 1.022979 25.706057 -6.432721
v 1.411411 25.457977 -6.080544
v 0.774838 26.418274 -5.876676
v 1.180377 26.113222 -5.601538
v 0.468008 25.278889 -7.251885
v 0.208642 26.577738 -6.160087
v 0.323443 25.729177 -6.875794
v 0.336381 25.375828 -6.925055
v -0.265254 25.456968 -7.090485
v 1.291568 27.400803 -4.629053
v 1.181310 26.872372 -5.031740
v 0.777813 27.308767 -5.243916
v 0.221059 27.497791 -5.419261
v -0.571440 27.288322 -5.565317
v -0.513945 26.437780 -6.234482
v -0.397866 25.511833 -6.783646
v -0.788214 25.275377 -6.853305
v -0.254558 25.273224 -7.274543
v 0.422385 25.121738 -7.475965
v 1.100214 24.594353 -7.504573
v 1.639804 24.428967 -7.021299
v 0.998776 29.220390 -4.221700
v 1.410113 28.791355 -4.126971
v 1.355739 28.400896 -4.290204
v 0.992725 28.883883 -4.406402
v 0.868023 28.288719 -4.743816
v 0.250822 28.402849 -4.793705
v -0.596661 28.031149 -4.959386
v -1.177729 26.734941 -5.429990
v -1.125909 25.837366 -6.002197
v -1.011451 25.055031 -6.561093
v -0.969554 24.747810 -6.837257
v -0.224994 25.042416 -7.252132
v -0.903828 24.540339 -7.091242
v -0.952268 28.563124 -4.577390
v -0.428112 29.080603 -4.507515
v 0.344009 29.185303 -4.431055
v 0.007655 29.178665 -4.444538
v -0.315468 29.481611 -4.308219
v -0.691134 29.336939 -4.311754
v -1.050773 28.834465 -4.327690
v -1.182007 28.171894 -4.510764
v -1.335911 27.784996 -4.499191
v -1.254400 27.332346 -4.802657
v -1.522483 27.101624 -4.311230
v -1.442740 26.704002 -4.689786
v -1.380465 26.407167 -4.123746
v -1.277894 25.996241 -4.429438
v -0.926178 25.679634 -3.928861
v -0.898239 25.326227 -4.183714
v -0.281122 25.365055 -3.854375
v -1.394303 26.731735 -3.902678
v -1.463006 27.261126 -4.004343
v -1.405938 28.020075 -4.310426
v -1.266220 28.435043 -4.319569
v -1.133106 28.977615 -4.161070
v -0.747869 29.405235 -4.160520
v -0.271551 29.550119 -4.164403
v 0.084579 29.534542 -4.280016
v 0.387625 29.574638 -4.258651
v 0.103550 29.595739 -4.170768
v 0.411202 29.633154 -4.175988
v 0.700218 29.532808 -4.139534
v 1.016709 29.422924 -4.099616
v 1.458018 29.014244 -3.990634
v 1.598040 25.163473 -5.722580
v 1.447256 25.649363 -5.231200
v 1.504611 26.155094 -4.640192
v 1.490053 26.541813 -4.306707
v 1.535572 27.944469 -4.204295
v 1.601012 27.012003 -3.969382
v 1.749738 27.846691 -3.934144
v 1.789817 27.306490 -3.770881
v 1.807077 27.808378 -3.831541
v 1.715897 28.431564 -3.908280
v 1.631555 28.247578 -4.058056
v -0.219666 24.813881 -7.380530
v -0.120056 24.495661 -7.796963
v 0.555389 24.662687 -7.766405
v 0.739680 24.119743 -8.173273
v 1.359519 24.145760 -7.868309
v 1.702736 23.499947 -8.349529
v 1.779512 23.915846 -7.529613
v 2.065889 23.310093 -7.910517
v 2.132325 22.900408 -7.406164
v 2.308856 22.308449 -7.808069
v 1.889929 21.820583 -7.432706
v 2.083583 21.339388 -7.770525
v 1.689910 21.021204 -7.589814
v 1.866949 20.556011 -7.921898
v 1.460986 20.415457 -7.937596
v 1.693899 19.945059 -8.391084
v 2.144964 20.062511 -8.344518
v 1.950103 19.449390 -8.806168
v 2.425527 21.765469 -8.152985
v 2.280559 22.715115 -8.346889
v 1.961205 22.855850 -8.806544
v 0.975804 23.525343 -8.716378
v -0.054966 23.896206 -8.271301
v 2.277830 20.886120 -8.130122
v 2.593128 21.359266 -8.480635
v 2.471965 22.185350 -8.693162
v -0.787580 24.096581 -7.505458
v -0.559076 23.578487 -7.913692
v 0.130908 23.230709 -8.805215
v 1.170835 22.906420 -9.260648
v 2.092945 22.384960 -9.218978
v 2.584860 21.715416 -9.009315
v 2.767185 20.728376 -8.868910
v 2.523883 20.344206 -8.591832
v 0.342986 22.591961 -9.284189
v -0.069036 22.067862 -8.930906
v -0.301950 22.770111 -8.459336
v 2.446291 21.340572 -9.929039
v 1.777431 21.317955 -10.492735
v 1.559366 21.851145 -10.088228
v 0.831715 21.489882 -10.071877
v 0.993453 20.994820 -10.420543
v 0.608066 20.632347 -10.125709
v 0.391949 21.015055 -9.816619
v 0.382005 20.255707 -9.721818
v 0.182058 20.718433 -9.429317
v 0.245089 20.548719 -9.146792
v -0.058295 21.140593 -8.803998
v 0.133072 21.541313 -9.324780
v 0.611102 22.047785 -9.722142
v 1.396232 22.378092 -9.657146
v 2.222420 21.891491 -9.633945
v 2.793609 21.057413 -9.250792
v 2.460081 19.585613 -8.781272
v 2.746219 19.862049 -8.899113
v 2.938560 20.204729 -9.286794
v 2.909887 20.429781 -9.578931
v 2.769638 20.565287 -9.889711
v 2.591685 20.694220 -10.250516
v 2.298010 20.820450 -10.583397
v 1.940870 20.847439 -10.799529
v 1.584316 20.750410 -10.877491
v 1.208511 20.509466 -10.722418
v 0.806916 20.168846 -10.421743
v 0.516663 19.771460 -10.010705
v 0.390482 20.075333 -9.469522
v 0.353046 20.584669 -9.033294
v 0.419530 20.481915 -8.734170
v 0.122535 20.975084 -8.424756
v 0.368278 20.831123 -8.021876
v 0.149678 21.320639 -7.626171
v 0.534674 21.230110 -7.284129
v 0.342080 21.687977 -6.834309
v 0.840984 21.833174 -6.777405
v 0.649463 22.394588 -6.328807
v 0.118303 22.270027 -6.378387
v 0.535712 22.840431 -5.970437
v -0.015531 22.706036 -6.011454
v 0.414250 23.300238 -5.701299
v 0.627925 20.123882 -9.437051
v 0.513058 19.626743 -9.766780
v 0.849552 19.713251 -9.906210
v 1.037416 19.582743 -9.591347
v 0.738613 20.009787 -9.186328
v 0.668596 20.396206 -8.390807
v 0.809163 20.766312 -7.705121
v 1.026819 21.301340 -7.168681
v 1.616677 19.361027 -8.942904
v 1.950103 19.449390 -8.806168
v 1.693899 19.945059 -8.391084
v 1.318482 19.860369 -8.498199
v 1.303710 19.436037 -9.180624
v 0.999799 19.896978 -8.761715
v 1.013701 20.396055 -8.089912
v 1.292899 20.833830 -7.545574
v 1.460986 20.415457 -7.937596
v -0.091463 23.121183 -5.676643
v 0.358839 23.705578 -5.321680
v -0.204123 23.539776 -5.353222
v 0.367083 24.030130 -4.960728
v -0.200141 24.167356 -4.808032
v 0.074200 24.242559 -4.709435
v -0.297543 24.778677 -4.338069
v 0.238104 24.894176 -4.375812
v 0.204307 25.104317 -4.110183
v -0.221322 25.068989 -4.077266
v 0.179405 25.364046 -3.852609
v 0.147875 25.687611 -3.634987
v -0.347882 25.737572 -3.690315
v -0.949830 26.049494 -3.724654
v 0.331872 24.310923 -4.752829
v -0.837487 25.004541 -4.479064
v -0.705115 24.418131 -5.020093
v -0.556857 23.788986 -5.593519
v -0.475326 23.279036 -5.947637
v -0.389154 22.860191 -6.279154
v -0.279418 22.430000 -6.627545
v -0.071378 21.836710 -7.119877
v -0.135907 21.510164 -8.139130
v -0.789981 23.661842 -6.356122
v -0.683732 23.170151 -6.702534
v -0.917726 24.191271 -5.977345
v -1.098615 24.863792 -5.432186
v -1.167855 25.543955 -4.829507
v -1.369710 26.054333 -5.127165
v -1.289538 25.273918 -5.678443
v -1.199793 24.594782 -6.209831
v -1.107397 24.078266 -6.610590
v -0.939004 23.597683 -6.990478
v -0.713822 23.096996 -7.381008
v -0.493605 22.623631 -7.082838
v -0.483385 22.361387 -7.900200
v -0.317348 22.077059 -7.570828
v -0.237780 21.677208 -8.426556
v 1.209081 24.079956 -5.869397
v 1.453514 24.362741 -5.744063
v 1.587633 24.826651 -5.563057
v 1.395838 24.851631 -5.232942
v 1.334670 25.171129 -5.010177
v 1.358310 25.589199 -4.482406
v 1.403386 25.936813 -4.134272
v 1.361943 26.314608 -3.800260
v 1.126061 24.079029 -5.505404
v 1.004574 24.280554 -5.429212
v 0.928556 24.715155 -4.902813
v 0.873687 25.091108 -4.445966
v 0.841575 25.382961 -4.068866
v 0.824099 25.727129 -3.756969
v 0.204307 25.104317 -4.110183
v 0.179405 25.364046 -3.852609
v 0.331872 24.310923 -4.752829
v 0.238104 24.894176 -4.375812
v 0.367083 24.030130 -4.960728
v 0.749027 23.806177 -5.318602
v 0.358839 23.705578 -5.321680
v 0.414250 23.300238 -5.701299
v 1.387781 26.564686 -3.558516
v 0.784145 26.018551 -3.567572
v 0.147875 25.687611 -3.634987
v -0.928233 30.564335 -0.782224
v -0.786920 30.589024 -1.011420
v -0.730720 30.558565 -1.193008
v -0.807049 30.634382 -0.965828
v -0.782057 30.874443 -0.969848
v -0.795772 30.958834 -0.910229
v -0.610448 30.572107 -1.342763
v -0.612522 30.955551 -1.119781
v -0.318705 30.890633 -1.176716
v -0.319817 30.561991 -1.485600
v -0.024065 30.538454 -1.608483
v -0.333303 30.358706 -1.698965
v -0.021368 30.392475 -1.786641
v -0.948162 30.952372 -0.646206
v -0.939913 30.791756 -0.702507
v -0.948162 30.952372 -0.646206
v -0.928233 30.564335 -0.782224
v 0.596183 21.364649 3.697242
v 0.654449 21.325850 3.691321
v 0.671708 21.335464 3.744253
v 0.611678 21.379309 3.745990
v 0.566849 21.439386 3.653546
v 0.574827 21.448673 3.701460
v 0.530244 21.784203 3.478240
v 0.533811 21.794905 3.530509
v 0.532624 22.165068 3.237202
v 0.538086 22.179583 3.291465
v 0.501807 22.324984 3.054041
v 0.492593 22.355959 3.098440
v 2.350902 21.257154 3.568900
v 2.367447 21.297401 3.598461
v 2.188343 21.372940 3.567814
v 2.150937 21.310556 3.520758
v 1.967418 21.451378 3.529220
v 1.948965 21.413107 3.498918
v 1.671702 21.543962 3.533240
v 1.664813 21.519745 3.490772
v 1.391119 21.579012 3.628026
v 1.388897 21.547768 3.589045
v 0.985067 21.447851 3.738946
v 0.979740 21.419556 3.690490
v 0.766203 21.344717 3.713722
v 0.765487 21.317755 3.670770
v 0.654449 21.325850 3.691321
v 0.904385 22.364626 3.096689
v 0.501807 22.324984 3.054041
v 1.250998 22.365431 3.065716
v 1.741790 22.360901 2.953624
v 2.038719 22.341087 2.872494
v 2.413481 22.293289 2.669506
v 2.749750 22.236320 2.298433
v 3.098812 22.156103 1.956853
v 3.450756 22.042562 1.521582
v 3.485790 21.835741 1.676099
v 3.450756 22.042562 1.521582
v 3.477677 22.051607 1.571324
v 3.523552 21.853609 1.721009
v 3.523143 21.525602 1.894587
v 3.561580 21.535158 1.926953
v 3.532509 21.233713 2.072847
v 3.568292 21.242828 2.101631
v 3.530250 21.179300 2.107868
v 3.566028 21.182407 2.135252
v 3.531947 21.131628 2.163574
v 3.561241 21.147303 2.195531
v 3.531947 21.131628 2.163574
v 3.558891 21.130102 2.265616
v 3.519020 21.111021 2.230477
v 3.525151 21.150843 2.317199
v 3.484866 21.125702 2.302139
v 3.474465 21.201931 2.371983
v 3.427455 21.184090 2.371014
v 3.314091 21.319715 2.542741
v 3.268531 21.298908 2.533273
v 3.024949 21.427950 2.799271
v 2.994071 21.403770 2.780439
v 2.807145 21.442305 3.053954
v 2.783845 21.419436 3.029352
v 2.662636 21.419441 3.278953
v 2.639417 21.379038 3.271600
v 2.480494 21.351940 3.466423
v 2.480823 21.325428 3.439380
v 2.367447 21.297401 3.598461
v 2.350902 21.257154 3.568900
v 3.567370 18.721056 2.873336
v 3.659786 18.745043 2.766083
v 3.661225 18.882971 3.001723
v 3.579663 18.855587 3.085642
v 3.496520 18.867268 3.158757
v 3.877611 18.805464 3.245902
v 3.761674 18.815987 3.313291
v 3.123987 18.855717 3.455961
v 3.315634 18.841316 3.657729
v 2.698747 18.810947 3.707600
v 2.815731 18.804993 3.903348
v 2.329023 18.784185 3.885331
v 2.453148 18.804096 4.098148
v 1.949826 18.824732 4.071572
v 2.064358 18.812454 4.265496
v 1.432752 18.823414 4.242114
v 1.455080 18.826389 4.498090
v 1.074284 18.791470 4.390296
v 1.018677 18.783745 4.691176
v 0.967694 18.833561 4.408599
v 0.879854 18.827803 4.722724
v 3.973695 18.826513 3.153630
v 3.424886 21.556349 1.781689
v 3.287671 21.938929 1.530765
v 3.467593 21.900450 1.596898
v 3.474122 21.606806 1.759871
v 3.412396 21.036201 2.145774
v 3.525110 21.105139 2.056077
v 3.466396 20.709082 2.317318
v 3.590020 20.770569 2.237074
v 3.507779 20.363003 2.417894
v 3.670394 20.415630 2.377478
v 3.544933 19.884678 2.603239
v 3.736958 19.907835 2.596808
v 3.626457 19.492046 2.795273
v 3.857409 19.475286 2.816731
v 3.672244 19.194193 2.908558
v 3.945236 19.161304 2.997346
v 3.692493 18.992731 2.963856
v 3.991153 18.942318 3.087078
v 3.661225 18.882971 3.001723
v 3.973695 18.826513 3.153630
v 0.844451 18.568384 4.257027
v 1.007473 18.534765 4.275329
v 1.914861 18.523214 3.929546
v 2.690725 18.578901 3.538224
v 3.384094 18.634869 3.030308
v 0.825732 18.863585 4.225243
v 0.844451 18.568384 4.257027
v 0.967694 18.833561 4.408599
v 0.920430 18.984941 4.381101
v 0.878793 19.327995 4.252685
v 0.803427 19.028868 4.179866
v 0.745170 20.081911 3.945162
v 0.818115 19.896111 4.031542
v 0.779106 20.501438 3.939232
v 0.676428 21.059462 3.749931
v 3.692493 18.992731 2.963856
v 3.661225 18.882971 3.001723
v 3.659786 18.745043 2.766083
v 3.676433 18.862938 2.715136
v 3.672244 19.194193 2.908558
v 3.636958 19.253826 2.612521
v 3.626457 19.492046 2.795273
v 3.496641 20.040743 2.353944
v 3.544933 19.884678 2.603239
v 3.507779 20.363003 2.417894
v 3.466396 20.709082 2.317318
v 3.423013 21.088217 1.959932
v 3.412396 21.036201 2.145774
v 3.424886 21.556349 1.781689
v 3.386016 21.561089 1.711755
v 3.287671 21.938929 1.530765
v 0.525545 21.778814 3.437920
v 0.617523 22.112938 3.263768
v 0.550822 21.665323 3.446694
v 0.591395 21.350464 3.629704
v 0.676428 21.059462 3.749931
v 0.643298 21.095255 3.788962
v 0.710820 20.566200 3.994432
v 0.779106 20.501438 3.939232
v 0.751078 19.927351 4.160982
v 0.818115 19.896111 4.031542
v 0.795359 19.300533 4.414981
v 0.878793 19.327995 4.252685
v 0.828703 18.973158 4.646413
v 0.920430 18.984941 4.381101
v 0.879854 18.827803 4.722724
v 0.967694 18.833561 4.408599
v 2.038200 22.130444 -3.233465
v 1.666271 22.159775 -3.377067
v 2.337099 22.148361 -2.978109
v 1.732298 21.930885 -3.408200
v 1.666271 22.159775 -3.377067
v 2.038200 22.130444 -3.233465
v 2.089473 21.916193 -3.308095
v 2.337099 22.148361 -2.978109
v 2.381938 21.910908 -3.051729
v 2.162403 21.358255 -3.476203
v 2.479019 21.335966 -3.285996
v 2.213453 21.003910 -3.607110
v 2.532346 21.001040 -3.380524
v 2.304651 20.527096 -3.718230
v 2.582160 20.526339 -3.486607
v 2.399125 19.997705 -3.863477
v 2.693849 19.973120 -3.650792
v 2.452934 19.489271 -3.991406
v 2.757619 19.465143 -3.760949
v 2.514932 19.121342 -4.116479
v 2.834889 19.094400 -3.880015
v 2.569200 18.749815 -4.170208
v 2.901722 18.755316 -3.948984
v 1.857098 21.338799 -3.561471
v 1.888758 20.982712 -3.704278
v 1.983666 20.526646 -3.848505
v 2.083530 19.955065 -4.016856
v 2.134256 19.462275 -4.143513
v 2.155933 19.085272 -4.232004
v 2.201417 18.727488 -4.318069
v 2.892650 18.743622 -3.863926
v 2.833603 19.084669 -3.823695
v 3.384300 18.759602 -3.534686
v 3.407840 19.079844 -3.465590
v 3.795665 18.694063 -3.114459
v 3.942354 19.056189 -2.799933
v 3.910601 18.687738 -3.037124
v 4.005805 18.837301 -2.878502
v 4.018923 18.708305 -2.931265
v 3.017263 21.288744 -2.747239
v 2.953683 21.858307 -2.563797
v 3.358097 21.746126 -1.907824
v 3.438249 21.190704 -2.130512
v 3.036804 20.919592 -2.843493
v 3.514833 20.851242 -2.266952
v 3.087111 20.499718 -2.937647
v 3.611500 20.475447 -2.370339
v 3.220310 19.969656 -3.176172
v 3.698467 19.912874 -2.497149
v 3.308967 19.457043 -3.329283
v 3.845065 19.408859 -2.633326
v 2.512702 21.323681 -3.235922
v 2.537756 20.995180 -3.342951
v 2.588004 20.504711 -3.444396
v 2.689089 19.943283 -3.608286
v 2.763165 19.446762 -3.717707
v 2.387079 21.893072 -3.026884
v 2.527730 22.089300 -2.705521
v 2.843880 22.075470 -2.408579
v 3.081217 22.064272 -2.157024
v 3.338595 22.033087 -1.782665
v 2.299231 22.100811 -2.920947
v 3.212898 22.132944 -1.671677
v 3.186492 22.121149 -1.622540
v 3.320060 21.933350 -1.780535
v 3.356371 21.954306 -1.824293
v 3.389184 21.601997 -1.982738
v 3.426893 21.614637 -2.014113
v 3.423867 21.289169 -2.139019
v 3.458992 21.302065 -2.167555
v 3.426025 21.232183 -2.170430
v 3.461610 21.239033 -2.197398
v 3.431686 21.183334 -2.222970
v 3.459916 21.202669 -2.255322
v 3.459429 21.185234 -2.324117
v 3.431686 21.183334 -2.222970
v 3.420845 21.161219 -2.288353
v 3.424723 21.203838 -2.377010
v 3.386356 21.173708 -2.360928
v 3.370970 21.252308 -2.435150
v 3.325551 21.229313 -2.433795
v 3.204554 21.360952 -2.615245
v 1.798494 21.657135 -3.517092
v 2.162828 21.684746 -3.436094
v 2.184706 21.416813 -3.546746
v 2.559201 21.414188 -3.373423
v 2.514742 21.633472 -3.216993
v 2.698311 21.448093 -3.145867
v 2.912377 21.449492 -2.884342
v 2.858187 21.625011 -2.838646
v 3.166739 21.550524 -2.562294
v 3.401555 21.471745 -2.285758
v 3.383363 21.665796 -2.153311
v 3.339829 21.909782 -2.021098
v 3.117359 21.759392 -2.464005
v 3.092971 21.970341 -2.361583
v 2.805162 21.796156 -2.771952
v 2.762053 22.043360 -2.691855
v 2.444278 21.846100 -3.105858
v 2.090322 21.907671 -3.354957
v 1.758585 21.903324 -3.460347
v 1.141144 21.851995 -3.576235
v 1.177157 21.629230 -3.648915
v 0.670229 21.718910 -3.645993
v 0.734513 21.496790 -3.745658
v 0.369957 21.637283 -3.671553
v 0.422669 21.402184 -3.765511
v 0.249783 21.577351 -3.653333
v 2.404944 22.089594 -3.028048
v 2.064698 22.138428 -3.268904
v 1.729362 22.119093 -3.405802
v 1.110729 22.054857 -3.524302
v 0.625120 21.928144 -3.550024
v 0.288104 21.921093 -3.513311
v 0.129736 21.940639 -3.426468
v 0.222741 22.038050 -3.397932
v 0.047151 22.111609 -3.221312
v 0.560475 22.087420 -3.395683
v 0.523424 22.179884 -3.268759
v 1.067439 22.261642 -3.410715
v 1.673346 22.317646 -3.332525
v 2.008274 22.306091 -3.190284
v 2.348237 22.282955 -2.929430
v 2.714187 22.227276 -2.579567
v 3.020699 22.162241 -2.242875
v 3.291674 22.080078 -1.880221
v 1.002771 22.290752 -3.251330
v 1.572250 22.309406 -3.145555
v 1.856774 22.293520 -2.989412
v 2.193545 22.271669 -2.766536
v 2.578609 22.253368 -2.418929
v 2.946747 22.232676 -2.110847
v 3.186492 22.121149 -1.622540
v 2.925453 22.216261 -2.075674
v 2.555893 22.234877 -2.389266
v 2.172896 22.243843 -2.727027
v 1.844072 22.265726 -2.964298
v 1.555460 22.284935 -3.108517
v 0.989127 22.264952 -3.209757
v 0.508748 22.154137 -3.227958
v 0.057341 22.081343 -3.177079
v 3.160856 21.335165 -2.605599
v 2.883593 21.421797 -2.865403
v 2.677013 21.422583 -3.121430
v 2.539981 21.371628 -3.366735
v 2.386375 21.331303 -3.563522
v 2.389035 21.304653 -3.536750
v 2.280498 21.267458 -3.697319
v 2.243327 21.318453 -3.605318
v 2.094568 21.324759 -3.667829
v 1.866658 21.380770 -3.630812
v 1.549148 21.443169 -3.638210
v 1.227528 21.449921 -3.738369
v 0.793278 21.282049 -3.855668
v 0.449679 21.260965 -3.826447
v 0.335835 21.240469 -3.825703
v 0.379394 21.174351 -3.871467
v 0.552265 21.155912 -3.836396
v 0.446757 21.136330 -3.869606
v 2.417961 21.456846 3.432705
v 2.434114 21.494097 3.411744
v 2.288651 21.532995 3.404643
v 2.177087 21.518915 3.509323
v 2.169745 21.561691 3.496036
v 2.173546 21.603394 3.478521
v 2.189700 21.640656 3.457557
v 2.218602 21.668163 3.435006
v 2.256505 21.682365 3.413794
v 2.298165 21.683937 3.395839
v 2.340297 21.674278 3.381980
v 2.379703 21.652615 3.373844
v 2.411155 21.619278 3.373482
v 2.430573 21.578585 3.380940
v 2.437916 21.535810 3.394227
v 2.434114 21.494097 3.411744
v 2.417961 21.456846 3.432705
v 2.389057 21.429337 3.455255
v 2.351154 21.415133 3.476469
v 2.309494 21.413567 3.494423
v 2.267361 21.423216 3.508280
v 2.227957 21.444887 3.516419
v 2.196505 21.478216 3.516780
v -0.100777 22.336245 2.855104
v 0.599044 22.511971 2.887537
v -0.883219 22.186865 2.453222
v -1.648720 21.652199 1.861260
v -2.092777 21.081532 0.890875
v -2.246602 20.000610 0.071686
v -2.201416 20.039536 -1.087844
v -1.902838 19.997124 -2.161048
v 1.670626 18.196339 -4.012121
v 0.780743 18.085564 -4.194788
v 0.753279 18.192692 -4.259640
v 1.672627 18.278624 -4.083866
v 2.599876 18.123451 -3.227504
v 2.620940 18.219152 -3.295060
v 3.223348 18.301056 -2.784647
v 3.192231 18.233282 -2.729397
v 3.550254 18.516504 -2.585403
v 3.514283 18.428917 -2.544200
v 3.751523 18.540443 -2.246485
v 3.713160 18.466801 -2.220011
v 3.898992 18.390562 -1.646573
v 3.865840 18.305799 -1.642729
v 3.932755 18.174833 -1.272828
v 3.964352 18.281961 -1.256879
v 3.709996 19.142086 -1.320373
v 3.781292 19.067545 -0.903670
v 3.686210 20.031481 -0.982124
v 3.734681 19.922152 -0.556879
v 3.620647 19.347561 -1.957368
v 3.583732 20.255270 -1.616835
v 3.589947 21.025728 -0.630049
v 3.527936 21.191887 -1.227974
v 3.529509 20.153397 -1.922505
v 3.403634 21.132420 -1.653432
v 3.475287 20.051519 -2.228176
v 3.279333 21.072948 -2.078890
v 3.380628 21.669710 -1.450210
v 3.274656 21.619705 -1.912330
v 3.264024 22.114019 -1.353013
v 3.231849 22.004910 -1.769243
v 3.617914 20.927341 -0.171657
v 3.555260 21.534485 -0.461642
v 3.486600 21.719717 -0.988089
v 3.430320 22.223131 -0.758096
v 3.208965 22.211084 -1.347642
v 3.062538 22.068913 -2.063833
v 2.972811 22.191797 -2.027082
v 2.381875 22.167187 -2.756901
v 2.875739 22.346737 -2.070697
v 2.331891 22.321705 -2.689322
v 1.729739 22.131292 -3.231150
v 1.549163 22.344439 -3.064741
v 0.919917 22.057291 -3.404162
v 0.609493 22.337271 -3.145913
v -0.325744 22.120394 -3.023609
v -0.292780 22.350439 -2.925622
v 3.198097 22.431915 -1.363838
v 3.348867 22.468943 -0.627385
v 3.576184 21.411016 0.026357
v 3.487683 22.164171 -0.154503
v 3.423142 22.430716 -0.046656
v 3.280588 22.676846 0.103394
v 3.178670 22.682642 -0.435954
v 3.259599 23.426819 0.250715
v 3.261918 23.428688 -0.283028
v 3.351553 23.567575 -0.289411
v 3.233857 23.426508 -0.806597
v 3.343126 23.568474 -0.848639
v 3.200893 23.421219 -1.328417
v 3.323370 23.565670 -1.453907
v 3.143522 23.570572 -1.818594
v 3.151196 23.727123 -1.828625
v 2.881568 23.618973 -2.123914
v 3.322772 23.565624 0.274508
v 3.370148 23.572874 0.677334
v 3.552318 22.009048 0.320125
v 3.440088 22.397964 0.459885
v 3.344040 22.671434 0.583773
v 3.311744 23.426605 0.662811
v 3.356648 23.574116 0.739621
v 3.368741 23.751045 0.718968
v 3.372690 23.747818 0.659476
v 3.330806 23.732643 0.279069
v 3.358861 23.718147 -0.283937
v 3.350126 23.718800 -0.872805
v 3.290483 23.426563 0.736057
v 2.942260 23.754160 -2.174260
v 2.684690 23.777920 -2.496886
v 2.695152 24.230789 -2.534639
v 2.309306 23.800325 -2.847447
v 2.394958 24.216614 -2.859306
v 1.553645 24.220207 -3.238616
v 2.116017 24.575598 -2.904052
v 1.519412 24.748880 -3.180321
v 1.998289 24.884079 -2.951365
v 1.958819 24.955997 -2.969087
v 1.912545 25.101496 -2.968101
v 1.653258 25.341570 -3.034507
v 1.901838 25.325109 -2.909948
v 1.889485 25.905602 -2.819845
v 1.529824 25.939104 -3.236279
v 1.907471 26.221878 -2.902159
v 1.767665 26.636982 -3.154996
v 1.922947 26.494040 -2.972992
v 1.038635 25.116009 -3.295063
v 0.799137 25.630625 -3.424910
v 0.415078 24.122049 -3.317100
v 0.559150 24.620710 -3.329116
v 0.453411 24.987324 -3.388080
v 0.283255 25.298006 -3.512872
v 0.784145 26.018551 -3.567572
v 1.387781 26.564686 -3.558516
v 1.884067 27.053152 -3.311454
v 1.789817 27.306490 -3.770881
v 1.878765 27.354437 -3.394365
v 1.874632 27.672060 -3.437222
v 1.807077 27.808378 -3.831541
v 1.865586 28.367350 -3.531036
v 1.715897 28.431564 -3.908280
v 1.679275 29.070469 -3.624510
v 0.147875 25.687611 -3.634987
v 1.942699 26.704674 -3.057135
v 1.988163 27.102903 -3.151659
v 1.962264 27.464127 -3.208816
v 1.953216 27.685316 -3.317221
v 2.188469 27.755152 -3.018016
v 2.087004 28.303423 -3.186165
v 2.340195 28.289564 -2.780764
v 2.142937 28.908037 -2.819880
v 2.595363 28.276077 -2.376021
v 2.325777 28.838438 -2.433212
v 2.452838 28.844000 -2.022743
v 1.962468 29.416845 -2.050238
v 2.572795 28.850368 -1.616435
v 2.029330 29.360180 -1.665689
v 2.401800 27.827919 -2.682221
v 2.366289 27.585342 -2.631683
v 2.145293 27.521276 -3.057533
v 2.558339 27.884720 -2.279184
v 2.478867 27.617275 -2.369463
v 2.698990 27.888807 -1.916972
v 2.737387 27.677586 -1.842149
v 2.751670 27.881565 -1.529184
v 2.832841 27.672102 -1.620976
v 2.909949 27.670155 -1.399798
v 2.887127 27.885059 -0.973783
v 3.000723 27.628328 -0.841543
v 3.024158 27.891998 -0.510879
v 3.116098 27.489588 -0.496303
v 3.005098 28.146862 -0.097933
v 2.941152 28.255308 -0.524038
v 2.993821 28.297649 0.146384
v 2.923371 28.465815 0.122139
v 2.881998 28.481522 0.344127
v 2.909365 28.264446 -1.005215
v 2.702873 28.796846 -0.589380
v 2.636081 28.823183 -1.107121
v 2.816535 28.253511 -1.587436
v 2.718693 28.270321 -1.983616
v 2.760840 28.853783 0.066203
v 2.288746 29.311842 -0.691206
v 2.162483 29.335829 -1.196481
v 2.957471 28.353521 0.343608
v 1.716641 29.750637 -0.992291
v 2.074248 29.639341 -0.584794
v 2.174218 29.562496 -0.206516
v 2.139683 29.647978 -0.004480
v 2.275053 29.460825 -0.015476
v 2.233249 29.428949 0.308020
v 2.333668 29.379789 -0.020236
v 2.263140 29.309408 0.614353
v 2.603916 28.944839 0.629226
v 2.903948 28.435787 0.634008
v 3.008322 28.198627 0.340776
v 3.037539 28.162409 0.151327
v 3.233865 27.555082 0.173524
v 3.377897 26.882511 0.155889
v 3.201302 26.794451 -0.424688
v 3.301137 26.660538 -0.161074
v 3.394175 26.107538 -0.432181
v 3.429666 26.475363 0.173812
v 3.468955 26.166370 0.187414
v 3.388483 26.154097 0.655077
v 3.434290 25.660948 0.179838
v 3.434133 25.682730 0.657957
v 3.363983 24.901125 0.236803
v 3.394504 24.966030 0.670219
v 3.419851 25.685532 0.698469
v 3.387846 24.969599 0.715344
v 3.412385 24.683779 0.671557
v 3.408044 24.678135 0.718089
v 3.477405 25.623394 -0.399900
v 3.381945 24.793505 -0.324088
v 3.141261 27.241367 -0.865671
v 3.215236 26.836550 -0.884718
v 3.269339 26.411833 -0.888219
v 3.287162 26.062515 -0.880756
v 3.293270 25.790184 -0.874104
v 3.326639 25.462183 -0.874043
v 3.327410 25.177303 -0.875063
v 3.326742 25.008457 -0.876492
v 3.364981 24.652697 -0.866185
v 3.388017 24.647535 -0.310931
v 3.387142 24.221680 -0.873726
v 3.405429 24.228939 -0.273203
v 3.326906 23.715630 -1.460465
v 3.344367 24.210165 -1.472908
v 3.167674 24.227873 -1.844312
v 2.103538 24.809490 -2.885696
v 2.244902 24.765839 -2.778491
v 2.340920 24.586412 -2.787684
v 2.449122 24.762964 -2.605221
v 2.707855 24.750200 -2.340859
v 2.630028 24.611046 -2.464999
v 2.877067 24.610651 -2.174366
v 2.985271 24.246092 -2.215657
v 3.152591 24.626572 -1.832826
v 3.295418 24.622700 -1.438673
v 3.258290 24.728079 -1.128032
v 3.287243 24.799665 -1.005793
v 3.309080 24.904243 -0.925222
v 3.226935 24.715508 -1.287383
v 3.176834 24.742987 -1.568764
v 3.027663 24.748726 -1.895235
v 3.437222 24.291735 0.673416
v 3.434656 24.294121 0.721705
v 3.372690 23.747818 0.659476
v 3.393964 24.703856 0.456686
v 3.378083 24.810474 0.341885
v 3.363983 24.901125 0.236803
v 3.382194 24.278530 0.288167
v 3.389660 24.515911 0.369044
v 3.382672 24.693716 0.352650
v 3.366318 24.821321 0.243386
v 3.373823 24.754044 0.035925
v 3.382878 24.645329 -0.170930
v 3.379851 24.550938 0.049362
v 3.376487 24.473654 0.272069
v 3.376475 24.664698 0.041836
v 3.370332 24.684090 0.254708
v 2.022145 23.469278 -7.025183
v 1.831629 22.421791 -7.035062
v -1.461158 27.949137 -4.109451
v -1.359080 28.402826 -4.139906
v 0.651659 29.960266 -2.718329
v 0.154340 29.984976 -2.765009
v 0.222021 30.067028 -2.442422
v 0.708247 30.037931 -2.377906
v 0.952249 29.875328 -2.732067
v 1.032064 29.927265 -2.391313
v 1.255209 29.739202 -2.756690
v 1.364419 29.773193 -2.416385
v 1.723444 29.500959 -2.796713
v 1.882335 29.466423 -2.450844
v 1.447599 29.781998 -2.055580
v 1.104425 29.953669 -2.068739
v 0.758896 30.088078 -2.078387
v 0.222021 30.067028 -2.442422
v 0.296066 30.145004 -2.106915
v 1.164811 29.943272 -1.743965
v 1.510374 29.729359 -1.701382
v 0.809614 30.137672 -1.778865
v 0.370208 30.300228 -1.771403
v 1.370743 30.013922 -1.295971
v 0.929418 30.235600 -1.529603
v 0.409042 30.398165 -1.594014
v -0.033732 30.069626 -2.476507
v -0.028309 30.169975 -2.120591
v -0.021368 30.392475 -1.786641
v -0.024065 30.538454 -1.608483
v 0.337009 30.773582 -1.364767
v 0.724347 30.648418 -1.313688
v 1.032193 30.519035 -1.204799
v 1.333709 30.371172 -1.070795
v 1.570350 30.149675 -0.783780
v 1.747258 29.977251 -0.480277
v 1.859242 29.855864 -0.414732
v 1.836380 29.878887 -0.396649
v -0.055483 30.831858 -1.280164
v 1.983634 29.858038 0.008059
v 1.955873 29.879671 0.009351
v 1.938534 29.882442 0.408149
v 1.923555 29.924252 0.343608
v 1.913422 29.845003 0.567688
v 1.951734 29.756401 0.602707
v 1.947299 29.697540 0.672198
v 1.958560 29.711597 0.640762
v 2.014404 29.604692 0.673357
v 2.035834 29.608437 0.634273
v 2.241274 29.299635 0.681114
v 2.570254 28.957375 0.685371
v 2.878865 28.455698 0.682932
v 3.184094 27.734844 0.673686
v 3.203348 27.713530 0.633073
v 1.934767 29.827612 0.545270
v 2.033792 29.726988 0.226388
v 2.097896 29.632067 0.252544
v 2.074306 29.623083 0.397640
v 3.354293 26.906466 0.652714
v 3.373427 26.830759 0.306600
v 3.385893 26.819624 0.158657
v 3.382315 26.691557 0.326962
v 3.402709 26.687370 0.164479
v 3.394572 26.499596 0.355042
v 3.373530 26.695198 0.440709
v 3.198097 22.431915 -1.363838
v 3.101722 22.682766 -1.252661
v 2.875739 22.346737 -2.070697
v 2.811208 22.586460 -1.976896
v 2.331891 22.321705 -2.689322
v 2.280636 22.535179 -2.558924
v 1.549163 22.344439 -3.064741
v 1.529353 22.562204 -2.879207
v 0.609493 22.337271 -3.145913
v 0.635844 22.536966 -2.945718
v 1.525806 23.428112 -2.875916
v 0.586197 23.400949 -2.892874
v 0.583903 23.617350 -3.085093
v 1.555636 23.618292 -3.064186
v 0.525055 23.798513 -3.173858
v 1.549335 23.820677 -3.148986
v 3.026644 23.425161 -1.706333
v 2.784545 23.468964 -2.033782
v 2.202532 23.396074 -2.637954
v 2.311326 23.600624 -2.783706
v 1.458018 29.014244 -3.990634
v 1.301842 29.516375 -3.660446
v 1.999240 28.998587 -3.223314
v 1.561888 29.534847 -3.141690
v 1.146371 29.702255 -3.096979
v 0.872744 29.820934 -3.072807
v 0.595158 29.881907 -3.058748
v 0.086659 29.902920 -3.087596
v -0.187945 29.930138 -3.030118
v -0.110777 29.997187 -2.752083
v 0.957232 29.615772 -3.630920
v 0.700218 29.532808 -4.139534
v 1.016709 29.422924 -4.099616
v 0.411202 29.633154 -4.175988
v 0.481087 29.785355 -3.600909
v 0.086659 29.902920 -3.087596
v 0.101389 29.779953 -3.625899
v -0.134503 29.776072 -3.640740
v -0.271551 29.550119 -4.164403
v 0.103550 29.595739 -4.170768
v 3.022613 28.243938 0.113372
v 3.006834 28.281961 0.093543
v 2.987489 28.286739 -0.059111
v 2.978908 28.318544 -0.125341
v 2.970024 28.331869 -0.059375
v 2.991808 28.289146 0.062964
v 2.966576 28.351679 0.039099
v 2.993397 28.295525 0.154907
v 2.977949 28.335520 0.155754
v 2.967717 28.314209 -0.125472
v 2.978908 28.318544 -0.125341
v 2.987489 28.286739 -0.059111
v 2.976298 28.282410 -0.059241
v 2.991808 28.289146 0.062964
v 2.980618 28.284809 0.062833
v 2.993397 28.295525 0.154907
v 2.982206 28.291187 0.154776
v 2.343282 28.989281 1.574120
v 2.021656 29.346237 1.553569
v 1.655140 29.628139 1.537932
v 1.268821 29.867823 1.577185
v 0.814431 30.021450 1.623736
v 1.162552 29.904865 2.006024
v 0.548886 22.123432 3.280124
v 0.857515 22.190960 3.282513
v 1.183351 22.232197 3.319339
v 1.585105 22.058922 3.205155
v 1.468675 22.218515 3.243382
v 1.484477 22.245098 3.302152
v 1.751936 22.184771 3.139844
v 1.782282 22.210653 3.178650
v 2.110221 22.144876 2.981529
v 2.168429 22.196920 3.063939
v 2.422091 22.120718 2.754583
v 2.449721 22.132168 2.781657
v 2.651480 22.081938 2.537130
v 2.679152 22.094950 2.569877
v 2.961082 22.022427 2.237251
v 2.995946 22.028881 2.268597
v 3.194379 21.966814 1.973096
v 3.233723 21.970995 2.010561
v 3.467593 21.900450 1.596898
v 3.491924 21.895344 1.636652
v 2.489892 22.180254 2.836759
v 2.187969 22.194126 3.088788
v 1.820593 22.255379 3.224214
v 2.982206 28.291187 0.154776
v 2.993397 28.295525 0.154907
v 2.977949 28.335520 0.155754
v 2.966759 28.331188 0.155623
v 2.966759 28.331188 0.155623
v 2.977949 28.335520 0.155754
v 2.966576 28.351679 0.039099
v 2.955385 28.347345 0.038968
v 2.970024 28.331869 -0.059375
v 2.958833 28.327532 -0.059505
v 2.978908 28.318544 -0.125341
v 2.967717 28.314209 -0.125472
v 3.456015 26.670242 0.236349
v 3.437130 26.741219 0.334119
v 3.441692 26.707558 0.351143
v 3.446606 26.670479 0.357087
v 3.451437 26.633242 0.352047
v 3.431563 26.623337 0.375181
v 3.455761 26.599155 0.335848
v 3.436819 26.581924 0.356583
v 3.459063 26.572128 0.309268
v 3.440797 26.549366 0.324568
v 3.460972 26.555204 0.275305
v 3.442975 26.529882 0.283289
v 3.461409 26.549267 0.237898
v 3.443425 26.523365 0.238370
v 3.460420 26.554214 0.200358
v 3.442315 26.528702 0.193307
v 3.439527 26.547094 0.151567
v 3.458010 26.570242 0.165995
v 3.454312 26.596560 0.138765
v 3.435683 26.738630 0.137037
v 3.432383 26.765657 0.163617
v 3.440003 26.704538 0.120837
v 3.444835 26.667303 0.115797
v 3.449749 26.630222 0.121741
v 3.423645 26.664246 0.092643
v 3.417838 26.708935 0.098084
v 3.412580 26.750343 0.116682
v 3.408603 26.782902 0.148697
v 3.430473 26.782578 0.197579
v 3.430032 26.788515 0.234986
v 3.431021 26.783564 0.272526
v 3.405976 26.808908 0.234895
v 3.407084 26.803568 0.279958
v 3.433434 26.767538 0.306890
v 3.409872 26.785173 0.321698
v 3.414326 26.753471 0.354495
v 3.419863 26.712559 0.374097
v 3.425756 26.668026 0.380622
v 3.379131 26.659803 0.235454
v 3.439527 26.547094 0.151567
v 3.442315 26.528702 0.193307
v 3.443425 26.523365 0.238370
v 3.442975 26.529882 0.283289
v 3.440797 26.549366 0.324568
v 3.436819 26.581924 0.356583
v 3.431563 26.623337 0.375181
v 3.425756 26.668026 0.380622
v 3.419863 26.712559 0.374097
v 3.414326 26.753471 0.354495
v 3.409872 26.785173 0.321698
v 3.407084 26.803568 0.279958
v 3.405976 26.808908 0.234895
v 3.406423 26.802385 0.189976
v 3.408603 26.782902 0.148697
v 3.412580 26.750343 0.116682
v 3.417838 26.708935 0.098084
v 3.423645 26.664246 0.092643
v 3.429538 26.619709 0.099168
v 3.435077 26.578808 0.118769
v 3.406423 26.802385 0.189976
v 3.435077 26.578808 0.118769
v 3.429538 26.619709 0.099168
v 3.363466 26.631903 -0.050957
v 3.340340 26.657089 -0.120903
v 3.360097 26.679712 -0.059893
v 3.397823 26.630571 0.070183
v 3.389397 26.697573 0.046820
v 3.417864 26.635881 0.162575
v 3.413134 26.678492 0.163743
v 3.328843 26.656748 -0.116301
v 3.340340 26.657089 -0.120903
v 3.363466 26.631903 -0.050957
v 3.351970 26.631571 -0.046357
v 3.397823 26.630571 0.070183
v 3.385896 26.629236 0.070030
v 3.417864 26.635881 0.162575
v 3.405937 26.634546 0.162422
v 3.405937 26.634546 0.162422
v 3.417864 26.635881 0.162575
v 3.413134 26.678492 0.163743
v 3.401209 26.677160 0.163590
v 3.401209 26.677160 0.163590
v 3.413134 26.678492 0.163743
v 3.389397 26.697573 0.046820
v 3.377471 26.696239 0.046667
v 3.360097 26.679712 -0.059893
v 3.348600 26.679377 -0.055291
v 3.340340 26.657089 -0.120903
v 3.328843 26.656748 -0.116301
v 3.432189 24.650297 0.242029
v 3.412287 24.723223 0.338150
v 3.412510 24.689384 0.355433
v 3.413626 24.652046 0.361690
v 3.415485 24.614504 0.356989
v 3.393094 24.606539 0.378517
v 3.417976 24.580078 0.341126
v 3.396040 24.564716 0.360325
v 3.420876 24.552711 0.314845
v 3.399535 24.531754 0.328670
v 3.423861 24.535496 0.281108
v 3.403118 24.511927 0.287655
v 3.426629 24.529337 0.243837
v 3.406421 24.505142 0.242896
v 3.428961 24.534143 0.206338
v 3.409244 24.510303 0.197887
v 3.411312 24.528637 0.156079
v 3.430629 24.550123 0.171912
v 3.431389 24.576513 0.144511
v 3.425703 24.719666 0.141535
v 3.422805 24.747032 0.167817
v 3.428191 24.685234 0.125672
v 3.430051 24.647692 0.120971
v 3.431166 24.610352 0.127229
v 3.410508 24.646404 0.096255
v 3.408314 24.691462 0.101291
v 3.405365 24.733278 0.119482
v 3.401871 24.766241 0.151138
v 3.419819 24.764244 0.201554
v 3.417048 24.770405 0.238824
v 3.414716 24.765596 0.276323
v 3.394986 24.792860 0.236913
v 3.392161 24.787697 0.281922
v 3.413050 24.749613 0.310750
v 3.390093 24.769360 0.323729
v 3.389176 24.737574 0.356731
v 3.389522 24.696442 0.376650
v 3.390900 24.651600 0.383553
v 3.354976 24.646748 0.235224
v 3.411312 24.528637 0.156079
v 3.409244 24.510303 0.197887
v 3.406421 24.505142 0.242896
v 3.403118 24.511927 0.287655
v 3.399535 24.531754 0.328670
v 3.396040 24.564716 0.360325
v 3.393094 24.606539 0.378517
v 3.390900 24.651600 0.383553
v 3.389522 24.696442 0.376650
v 3.389176 24.737574 0.356731
v 3.390093 24.769360 0.323729
v 3.392161 24.787697 0.281922
v 3.394986 24.792860 0.236913
v 3.398286 24.786074 0.192152
v 3.401871 24.766241 0.151138
v 3.405365 24.733278 0.119482
v 3.408314 24.691462 0.101291
v 3.410508 24.646404 0.096255
v 3.411884 24.601557 0.103158
v 3.412233 24.560434 0.123076
v 3.398286 24.786074 0.192152
v 3.412233 24.560434 0.123076
v 3.411884 24.601557 0.103158
v 3.384385 24.617819 -0.048201
v 3.392586 24.643444 -0.119178
v 3.387693 24.665657 -0.056881
v 3.388419 24.614405 0.073261
v 3.387365 24.681789 0.049212
v 3.387200 24.618881 0.166715
v 3.386241 24.661751 0.167463
v 3.367692 24.644156 -0.120261
v 3.392586 24.643444 -0.119178
v 3.384385 24.617819 -0.048201
v 3.369162 24.618540 -0.049285
v 3.388419 24.614405 0.073261
v 3.368439 24.614136 0.071878
v 3.387200 24.618881 0.166715
v 3.368658 24.618616 0.165332
v 3.368658 24.618616 0.165332
v 3.387200 24.618881 0.166715
v 3.386241 24.661751 0.167463
v 3.368829 24.661486 0.166080
v 3.368829 24.661486 0.166080
v 3.386241 24.661751 0.167463
v 3.387365 24.681789 0.049212
v 3.368629 24.681520 0.047829
v 3.387693 24.665657 -0.056881
v 3.368569 24.666374 -0.057964
v 3.392586 24.643444 -0.119178
v 3.367692 24.644156 -0.120261
v 3.012258 27.325274 -2.197042
v 3.024663 27.401051 -2.101871
v 3.037678 27.368856 -2.086452
v 3.047267 27.332577 -2.081338
v 3.052810 27.295443 -2.086401
v 3.043504 27.285872 -2.057245
v 3.053593 27.260715 -2.101773
v 3.044850 27.243744 -2.074914
v 3.049117 27.232302 -2.126686
v 3.039461 27.209522 -2.104923
v 3.039889 27.213409 -2.158332
v 3.028029 27.187635 -2.143375
v 3.027195 27.205162 -2.193054
v 3.012668 27.178333 -2.185063
v 3.012286 27.207666 -2.227783
v 2.994890 27.180748 -2.226759
v 2.975745 27.196278 -2.265238
v 2.996351 27.221329 -2.259453
v 2.981007 27.245611 -2.284403
v 2.952079 27.385962 -2.284501
v 2.956557 27.414370 -2.259588
v 2.952860 27.351225 -2.299872
v 2.958402 27.314095 -2.304935
v 2.967992 27.277813 -2.299820
v 2.930566 27.308350 -2.318595
v 2.923685 27.352879 -2.313080
v 2.922338 27.394999 -2.295410
v 2.927728 27.429222 -2.265402
v 2.965784 27.433258 -2.227942
v 2.978476 27.441507 -2.193219
v 2.993385 27.439001 -2.158490
v 2.954521 27.460413 -2.185261
v 2.972298 27.457996 -2.143565
v 3.009322 27.425341 -2.126821
v 2.991441 27.442465 -2.105086
v 3.009921 27.413214 -2.075035
v 3.025337 27.374010 -2.057306
v 3.036623 27.330397 -2.051730
v 2.941334 27.310328 -2.169342
v 2.975745 27.196278 -2.265238
v 2.994890 27.180748 -2.226759
v 3.012668 27.178333 -2.185063
v 3.028029 27.187635 -2.143375
v 3.039461 27.209522 -2.104923
v 3.044850 27.243744 -2.074914
v 3.043504 27.285872 -2.057245
v 3.036623 27.330397 -2.051730
v 3.025337 27.374010 -2.057306
v 3.009921 27.413214 -2.075035
v 2.991441 27.442465 -2.105086
v 2.972298 27.457996 -2.143565
v 2.954521 27.460413 -2.185261
v 2.939158 27.451109 -2.226949
v 2.927728 27.429222 -2.265402
v 2.922338 27.394999 -2.295410
v 2.923685 27.352879 -2.313080
v 2.930566 27.308350 -2.318595
v 2.941852 27.264732 -2.313020
v 2.957268 27.225540 -2.295291
v 2.939158 27.451109 -2.226949
v 2.957268 27.225540 -2.295291
v 2.941852 27.264732 -2.313020
v 2.998820 27.354744 2.189442
v 2.948703 27.437384 2.264363
v 2.947659 27.406675 2.286713
v 2.950575 27.371077 2.299315
v 2.956995 27.333815 2.301640
v 2.930722 27.326138 2.318347
v 2.966554 27.298105 2.292899
v 2.941986 27.282898 2.308741
v 2.978490 27.267893 2.273081
v 2.956364 27.246511 2.284872
v 2.991458 27.246586 2.244421
v 2.971985 27.221684 2.249832
v 3.004096 27.235596 2.210447
v 2.987085 27.209084 2.208921
v 3.015367 27.235277 2.174287
v 3.000693 27.208113 2.165628
v 3.011556 27.220419 2.122980
v 3.024198 27.246279 2.139009
v 3.029427 27.268364 2.108473
v 3.011579 27.407658 2.079937
v 2.999645 27.437864 2.099756
v 3.021135 27.371941 2.071197
v 3.027555 27.334677 2.073520
v 3.030472 27.299080 2.086123
v 3.015086 27.327341 2.045499
v 3.007572 27.371981 2.042138
v 2.996306 27.415213 2.051744
v 2.981930 27.451605 2.075613
v 2.986676 27.459167 2.128416
v 2.974035 27.470158 2.162389
v 2.962764 27.470476 2.198549
v 2.951207 27.489033 2.151564
v 2.937599 27.490005 2.194857
v 2.953935 27.459475 2.233828
v 2.926735 27.477697 2.237505
v 2.920435 27.451090 2.274284
v 2.919513 27.413612 2.300427
v 2.923208 27.370775 2.314985
v 2.926486 27.340208 2.165419
v 3.011556 27.220419 2.122980
v 3.000693 27.208113 2.165628
v 2.987085 27.209084 2.208921
v 2.971985 27.221684 2.249832
v 2.956364 27.246511 2.284872
v 2.941986 27.282898 2.308741
v 2.930722 27.326138 2.318347
v 2.923208 27.370775 2.314985
v 2.919513 27.413612 2.300427
v 2.920435 27.451090 2.274284
v 2.926735 27.477697 2.237505
v 2.937599 27.490005 2.194857
v 2.951207 27.489033 2.151564
v 2.966305 27.476435 2.110653
v 2.981930 27.451605 2.075613
v 2.996306 27.415213 2.051744
v 3.007572 27.371981 2.042138
v 3.015086 27.327341 2.045499
v 3.018781 27.284500 2.060059
v 3.017860 27.247034 2.086200
v 2.966305 27.476435 2.110653
v 3.017860 27.247034 2.086200
v 3.018781 27.284500 2.060059
v 3.523212 21.864920 0.424519
v 3.492880 21.962725 0.491368
v 3.495891 21.936609 0.518806
v 3.500513 21.903700 0.536978
v 3.506268 21.867100 0.544869
v 3.484065 21.864290 0.567834
v 3.512719 21.829849 0.541190
v 3.491786 21.819378 0.564386
v 3.519226 21.795868 0.525353
v 3.499625 21.778446 0.545310
v 3.525058 21.768988 0.499141
v 3.506559 21.746801 0.513081
v 3.529690 21.751316 0.465959
v 3.512042 21.726154 0.473030
v 3.532804 21.743826 0.428960
v 3.515863 21.716593 0.428822
v 3.517509 21.720377 0.383309
v 3.534037 21.747766 0.391193
v 3.533090 21.763683 0.356644
v 3.513254 21.896563 0.306820
v 3.506749 21.930548 0.322658
v 3.519702 21.859304 0.303145
v 3.525457 21.822702 0.311034
v 3.530080 21.789797 0.329206
v 3.506991 21.811363 0.288125
v 3.500143 21.855093 0.278085
v 3.492420 21.900002 0.281534
v 3.484581 21.940931 0.300610
v 3.500916 21.957420 0.348872
v 3.496281 21.975092 0.382053
v 3.493167 21.982578 0.419052
v 3.472166 21.993229 0.372889
v 3.468343 22.002787 0.417097
v 3.491935 21.978638 0.456820
v 3.466695 21.999006 0.462609
v 3.467834 21.979832 0.504223
v 3.471607 21.947746 0.536544
v 3.477216 21.908028 0.557792
v 3.447014 21.851229 0.419310
v 3.517509 21.720377 0.383309
v 3.515863 21.716593 0.428822
v 3.512042 21.726154 0.473030
v 3.506559 21.746801 0.513081
v 3.499625 21.778446 0.545310
v 3.491786 21.819378 0.564386
v 3.484065 21.864290 0.567834
v 3.477216 21.908028 0.557792
v 3.471607 21.947746 0.536544
v 3.467834 21.979832 0.504223
v 3.466695 21.999006 0.462609
v 3.468343 22.002787 0.417097
v 3.472166 21.993229 0.372889
v 3.477644 21.972586 0.332836
v 3.484581 21.940931 0.300610
v 3.492420 21.900002 0.281534
v 3.500143 21.855093 0.278085
v 3.506991 21.811363 0.288125
v 3.512600 21.771641 0.309374
v 3.516374 21.739555 0.341693
v 3.477644 21.972586 0.332836
v 3.516374 21.739555 0.341693
v 3.512600 21.771641 0.309374
v 3.521716 21.961681 -0.242452
v 3.519009 22.010834 -0.299985
v 3.519848 22.009386 -0.233233
v 3.540707 21.917450 -0.131153
v 3.531011 21.987921 -0.128505
v 3.550453 21.889414 -0.042385
v 3.548792 21.897900 -0.014373
v 3.545946 21.928707 -0.025735
v 3.498644 22.010130 -0.299198
v 3.519009 22.010834 -0.299985
v 3.521716 21.961681 -0.242452
v 3.501353 21.960987 -0.241663
v 3.540707 21.917450 -0.131153
v 3.520389 21.915945 -0.131004
v 3.550453 21.889414 -0.042385
v 3.530136 21.887907 -0.042239
v 3.548792 21.897900 -0.014373
v 0.513058 19.626743 -9.766780
v 0.516663 19.771460 -10.010705
v 0.806916 20.168846 -10.421743
v 0.778191 19.801147 -10.064320
v 0.849552 19.713251 -9.906210
v 0.848334 19.828190 -10.052585
v 0.918407 19.742613 -9.893988
v 1.742797 20.792974 -9.243092
v 1.096298 19.609930 -9.578212
v 1.346008 19.465937 -9.195050
v 1.303710 19.436037 -9.180624
v 1.616677 19.361027 -8.942904
v 1.638248 19.399212 -8.977277
v 1.950103 19.449390 -8.806168
v 1.948511 19.476435 -8.845155
v 2.460081 19.585613 -8.781272
v 2.423638 19.595892 -8.821608
v 2.746219 19.862049 -8.899113
v 2.688940 19.848410 -8.950652
v 2.938560 20.204729 -9.286794
v 1.037416 19.582743 -9.591347
v 2.868102 20.177977 -9.313833
v 2.909887 20.429781 -9.578931
v 2.841939 20.400480 -9.585405
v 2.769638 20.565287 -9.889711
v 2.711830 20.530874 -9.875207
v 2.591685 20.694220 -10.250516
v 2.546715 20.652905 -10.211983
v 2.298010 20.820450 -10.583397
v 2.272719 20.775354 -10.529393
v 1.940870 20.847439 -10.799529
v 1.940017 20.803740 -10.734428
v 1.584316 20.750410 -10.877491
v 1.601143 20.717970 -10.818669
v 1.208511 20.509466 -10.722418
v 1.248696 20.492296 -10.674035
v 0.872285 20.176497 -10.396365
v -0.051765 21.124208 8.861494
v 0.355759 20.588135 9.340151
v 0.104993 20.536201 9.367337
v 0.288682 20.057491 9.673041
v 0.533529 20.179907 9.677812
v 0.405344 19.588209 9.867579
v 0.695561 19.744249 9.844276
v 0.405344 19.588209 9.867579
v 0.695561 19.744249 9.844276
v 0.765026 20.090412 10.490316
v 0.470494 19.752337 10.140215
v 2.844477 20.363354 10.153782
v 2.658649 20.512098 10.399692
v 1.696871 20.765688 9.545969
v 2.923966 20.391750 10.164527
v 3.019906 20.248421 9.918223
v 2.929211 20.226524 9.936410
v 2.983728 20.144850 9.731409
v 2.895413 20.124197 9.768940
v 2.911585 20.021545 9.564342
v 2.829484 20.007362 9.616872
v 2.796448 19.889261 9.414980
v 2.726686 19.888287 9.475013
v 2.505092 19.702158 9.206252
v 2.465478 19.723106 9.272929
v 2.073466 19.561386 9.153090
v 2.075682 19.598680 9.211947
v 1.622258 19.329145 9.216736
v 1.659640 19.389709 9.271672
v 1.169144 19.241062 9.427719
v 1.247281 19.307222 9.458902
v 0.940957 19.490185 9.832788
v 0.890861 19.579615 9.930847
v 0.873163 20.096460 10.444115
v 1.047217 20.321119 10.683709
v 1.294759 20.558720 10.936770
v 1.582138 20.670626 11.010797
v 1.930636 20.695261 10.957731
v 2.195488 20.697237 10.853857
v 2.428459 20.625397 10.679241
v 0.836795 19.446774 9.845725
v 0.783148 19.544575 9.952894
v 0.765026 20.090412 10.490316
v 0.955166 20.333252 10.750167
v 1.228769 20.587053 11.019129
v 1.544577 20.710039 11.099607
v 1.926154 20.739807 11.043838
v 2.215374 20.744442 10.932234
v 2.468656 20.668859 10.744257
v 2.720783 20.548819 10.437719
v -1.224485 25.686960 4.655032
v -0.948162 30.952372 -0.646206
v -0.939913 30.791756 -0.702507
v -0.928233 30.564335 -0.782224
v -0.948162 30.952372 -0.646206
v -0.928233 30.564335 -0.782224
v -1.102615 30.944149 -0.178170
v -1.025037 30.959955 -0.402997
v -0.948162 30.952372 -0.646206
v -0.969758 30.943718 0.502890
v -1.085709 30.940105 0.285515
v -1.123823 30.936131 0.046875
v -0.134503 29.776072 -3.640740
v -0.271551 29.550119 -4.164403
v -0.462303 29.765207 -3.637388
v 3.337498 26.908939 0.689911
v 3.364561 26.152300 0.702121
v -0.055483 30.831858 -1.280164
v 1.719501 29.996471 0.520492
v 1.789938 29.925941 0.331519
v 1.811017 29.816820 0.633953
v 1.975798 30.151054 -0.577467
v 2.144612 30.046261 -0.411379
v 2.197416 29.974421 -0.480699
v 2.031813 30.060591 -0.652506
v 1.761270 30.256542 -0.889757
v 1.806166 29.980520 -1.056906
v 1.450364 30.230835 -1.284326
v 1.479460 30.071451 -1.391073
v 1.050122 30.246353 -1.530866
v 1.074318 30.140581 -1.636600
v 0.720999 30.307198 -1.742133
v 0.703873 30.402441 -1.631302
v 0.339789 30.561184 -1.675069
v 0.700547 30.564205 -1.532517
v 0.352875 30.716446 -1.585041
v 0.717597 30.807949 -1.430403
v 0.333461 30.934557 -1.470839
v 0.711367 30.898489 -1.354854
v 0.336470 31.009756 -1.395139
v 0.716472 30.915728 -1.273703
v 1.513677 29.951733 -1.496301
v 2.111518 29.781952 -0.843838
v 1.830345 29.812010 -1.170430
v 1.854318 29.687561 -1.278079
v 2.131756 29.591936 -0.963464
v 2.146422 29.464336 -1.069677
v 2.306549 29.337345 -0.924282
v 2.263403 29.358551 -0.964801
v 2.332963 29.355137 -0.869339
v 2.347862 29.390364 -0.836430
v 2.352340 29.441282 -0.796397
v 2.329389 29.524656 -0.750519
v 2.281888 29.722847 -0.630679
v 0.352019 31.022638 -1.316563
v 0.678983 30.880566 -1.201148
v 0.320665 30.996765 -1.245301
v 0.340988 30.767933 -1.291368
v -0.028953 30.826048 -1.207525
v -0.044004 31.065277 -1.200008
v -0.296634 30.884514 -1.102757
v -0.305898 31.111454 -1.098921
v -0.583701 30.942957 -1.054188
v -0.529931 31.185024 -1.008631
v -0.742942 30.946678 -0.868265
v -0.702788 31.202868 -0.821853
v -0.879829 30.952944 -0.630326
v -0.806352 31.209045 -0.653219
v -0.951934 30.974188 -0.391994
v -0.845301 31.199059 -0.417254
v -1.030661 30.960220 -0.155979
v -0.901939 31.204445 -0.183372
v -0.074714 31.095579 -1.365165
v -0.069122 31.109806 -1.266561
v -0.327802 31.173119 -1.176494
v -0.568301 31.224543 -1.064394
v -0.734569 31.236553 -0.852918
v -0.856892 31.258049 -0.681982
v -0.919513 31.259470 -0.447889
v -0.967886 31.243952 -0.206812
v -1.001960 31.247185 0.031060
v -0.956684 31.184868 0.038266
v -1.002686 31.245256 0.268440
v -0.363043 31.158270 -1.268281
v -0.607125 31.206993 -1.144590
v -0.809339 31.230612 -0.932761
v -0.951856 31.230162 -0.719286
v -1.025904 31.236574 -0.470934
v -1.088972 31.216446 -0.228760
v -1.112310 31.219648 0.022216
v -1.095250 31.223190 0.275697
v -1.017984 31.232876 0.506660
v -0.907080 31.239525 0.486607
v -1.153222 31.149567 -0.242902
v -1.080308 31.151876 -0.492276
v -0.999056 31.154549 -0.744344
v -0.855734 31.163185 -0.984360
v -0.638765 31.142466 -1.199167
v -0.382673 31.098160 -1.323910
v -0.092582 31.019608 -1.433157
v -1.122306 30.889992 0.536774
v -1.094045 31.133287 0.519352
v -1.175343 31.140196 0.274830
v -1.213846 30.892139 0.285561
v -1.200521 31.146170 0.020567
v -1.233294 30.886923 0.014157
v -1.210317 30.912167 -0.242609
v -1.123359 30.914238 -0.531352
v -1.016083 30.912203 -0.815166
v -0.865245 30.920166 -1.051514
v -0.654485 30.891651 -1.258318
v -0.419160 30.858341 -1.398605
v -0.115111 30.824873 -1.536322
v -0.873927 30.742203 -1.088501
v -0.674328 30.731226 -1.295592
v -0.440147 30.716312 -1.464666
v -0.146772 30.686068 -1.627127
v -1.059051 30.582592 -0.897562
v -1.012814 30.735062 -0.849378
v -0.912931 30.595583 -1.156137
v -0.726592 30.603481 -1.381442
v -0.506469 30.609329 -1.571561
v -0.357756 30.598967 -1.661534
v -0.159853 30.567890 -1.740624
v 0.068461 30.533743 -1.783475
v 0.326132 30.460394 -1.798227
v -1.049208 30.944323 0.064297
v -1.010737 30.943199 0.281434
v -0.961774 31.199129 0.265991
v -0.897750 30.944332 0.485628
v -0.869982 31.193321 0.481181
v -0.814354 30.949808 0.705694
v -0.779039 31.180424 0.700424
v -0.661779 30.934057 0.880354
v -0.607061 31.163456 0.860024
v -0.478941 30.912006 1.038083
v -0.448588 31.127743 1.023770
v -0.247760 30.871321 1.160545
v -0.225377 31.081512 1.131969
v 0.034167 30.797043 1.187806
v 0.017110 31.031570 1.196998
v 0.491693 30.632082 1.220601
v 0.528127 30.859566 1.245952
v -0.820691 31.231434 0.724707
v -0.650442 31.208088 0.897734
v -0.472975 31.189112 1.060251
v -0.243066 31.145323 1.172878
v 0.007555 31.082850 1.270651
v 0.520660 30.909830 1.317414
v 1.181614 30.713877 1.120136
v 1.144393 30.676571 1.050464
v 1.603859 30.456150 0.835518
v 1.558636 30.439276 0.780252
v 1.861156 30.232094 0.555308
v 1.792940 30.216835 0.494025
v -0.909714 31.207283 0.771015
v -0.728959 31.199965 0.943073
v -0.545563 31.182869 1.120767
v -0.309548 31.137140 1.257433
v -0.049318 31.064379 1.369308
v 0.454085 30.893169 1.431412
v 0.425174 30.794579 1.486589
v -0.096329 30.959229 1.421068
v -0.363281 31.037588 1.319289
v -0.614948 31.085798 1.169258
v -0.789726 31.109854 0.981740
v -0.956892 31.112411 0.795844
v 1.195082 30.684896 1.218576
v 1.173215 30.582775 1.296609
v 1.112190 30.335608 1.366445
v 0.360969 30.575054 1.558503
v -0.210068 30.757715 1.498093
v -0.415811 30.793287 1.359128
v -0.635240 30.831594 1.182703
v -0.809054 30.858526 1.004419
v -0.958459 30.879501 0.811839
v 1.921350 30.201670 0.626765
v 1.638209 30.409231 0.917970
v 1.618291 30.321018 1.011128
v 1.585998 30.062084 1.172480
v 1.572071 29.923018 1.307969
v 1.082239 30.131943 1.477887
v 0.306204 30.437664 1.625038
v -0.280501 30.615734 1.560087
v -0.468398 30.639814 1.407210
v -0.668425 30.645555 1.215386
v 1.972592 30.087904 0.741707
v 1.989961 29.860571 0.917231
v 1.975052 29.674746 1.048043
v 1.978334 29.494534 1.163894
v 1.549372 29.817598 1.467178
v 1.063598 30.041492 1.627289
v 0.514982 30.231342 1.722664
v 0.239710 30.336788 1.750112
v -0.077577 30.452698 1.736418
v -0.331207 30.507639 1.659673
v -0.555672 30.538595 1.509636
v 2.236915 29.408106 0.840147
v 2.229174 29.509186 0.773894
v 2.227731 29.354656 0.889638
v 2.214001 29.325777 0.922774
v 2.184691 29.310341 0.979765
v 2.111736 29.358046 1.046004
v 1.089134 30.447546 1.057400
v 1.483228 30.186331 0.783773
v 1.679183 30.036575 0.479680
v 1.759480 29.972906 0.292680
v 1.942225 29.993135 0.307886
v 2.031889 30.012087 0.345347
v 2.115953 29.989666 0.424069
v 2.178321 29.899679 0.520286
v 2.215977 29.702524 0.652786
v -0.742620 30.540281 1.283861
v -0.824766 30.649439 1.018886
v -0.873449 30.531891 1.068067
v -0.954335 30.653477 0.821846
v -0.995327 30.524525 0.849945
v -1.109676 30.666225 0.553935
v -1.129568 30.520662 0.572607
v -1.205200 30.676516 0.308128
v -1.219079 30.518015 0.312178
v -1.234938 30.676134 0.020375
v -1.229348 30.509516 0.013613
v -1.205665 30.705845 -0.255069
v -1.222375 30.533735 -0.277029
v -1.124071 30.722136 -0.557076
v -1.160090 30.557215 -0.604133
v 1.057506 30.667294 -1.316759
v 1.039032 30.409115 -1.428638
v 1.428120 30.504707 -1.146985
v 1.721387 30.352898 -0.829541
v 1.892720 30.216398 -0.518341
v 2.076015 30.101618 -0.355639
v 1.917727 30.060905 -0.280585
v 1.762832 30.203058 -0.423705
v 1.685487 30.011965 -0.425008
v 1.514746 30.175037 -0.734053
v 1.539770 30.407480 -0.701130
v 1.277264 30.384623 -1.022321
v 1.254245 30.638069 -0.974409
v 0.998284 30.521652 -1.139540
v 0.974758 30.761904 -1.095977
v 0.706314 30.645193 -1.242869
v 1.794123 29.915113 -0.335568
v 1.043631 30.762447 -1.247975
v 1.396658 30.602757 -1.093933
v 1.658559 30.416912 -0.765754
v 1.353129 30.653183 -1.023743
v 1.033077 30.792572 -1.167172
v 2.306549 29.337345 -0.924282
v 2.257305 29.316914 -0.885763
v 2.214003 29.338209 -0.926145
v 2.263403 29.358551 -0.964801
v 2.099770 29.434891 -1.033487
v 2.146422 29.464336 -1.069677
v 1.809511 29.652094 -1.244334
v 1.854318 29.687561 -1.278079
v 1.471773 29.909552 -1.464214
v 1.513677 29.951733 -1.496301
v 1.043702 30.093548 -1.598003
v 1.074318 30.140581 -1.636600
v 0.697336 30.256796 -1.702678
v 0.720999 30.307198 -1.742133
v 0.326132 30.460394 -1.798227
v 0.314056 30.409565 -1.754485
v 0.063808 30.481062 -1.739486
v 0.068461 30.533743 -1.783475
v -0.148089 30.517071 -1.693136
v -0.159853 30.567890 -1.740624
v -0.338874 30.545498 -1.617438
v -0.357756 30.598967 -1.661534
v -0.482765 30.555960 -1.529545
v -0.506469 30.609329 -1.571561
v -0.693774 30.555887 -1.339096
v -0.726592 30.603481 -1.381442
v -0.866927 30.556541 -1.119074
v -0.912931 30.595583 -1.156137
v -1.003742 30.553408 -0.873921
v -1.059051 30.582592 -0.897562
v -1.098069 30.538254 -0.588589
v -1.160090 30.557215 -0.604133
v -1.159645 30.524862 -0.266479
v -1.222375 30.533735 -0.277029
v -1.166840 30.503752 0.020276
v -1.229348 30.509516 0.013613
v -1.157536 30.508512 0.309875
v -1.219079 30.518015 0.312178
v -1.068757 30.503487 0.559061
v -1.129568 30.520662 0.572607
v -0.938146 30.498531 0.828700
v -0.995327 30.524525 0.849945
v -0.823042 30.495581 1.039962
v -0.873449 30.531891 1.068067
v -0.701863 30.494007 1.250973
v -0.742620 30.540281 1.283861
v -0.526852 30.487722 1.470557
v -0.555672 30.538595 1.509636
v -0.316455 30.457912 1.612859
v -0.331207 30.507639 1.659673
v -0.089463 30.398794 1.694698
v -0.077577 30.452698 1.736418
v 0.222094 30.285254 1.706853
v 0.239710 30.336788 1.750112
v 0.487757 30.180185 1.684078
v 0.514982 30.231342 1.722664
v 1.027633 29.993504 1.597587
v 1.063598 30.041492 1.627289
v 1.507702 29.776707 1.434831
v 1.549372 29.817598 1.467178
v 1.929442 29.467478 1.128729
v 1.978334 29.494534 1.163894
v 2.062484 29.337490 1.007656
v 2.111736 29.358046 1.046004
v 2.135800 29.289707 0.941331
v 2.184691 29.310341 0.979765
v 1.789938 29.925941 0.331519
v 1.759480 29.972906 0.292680
v 1.942225 29.993135 0.307886
v 1.949012 29.943169 0.349763
v 2.031889 30.012087 0.345347
v 2.005100 29.961117 0.376462
v 2.115953 29.989666 0.424069
v 2.069602 29.943089 0.429312
v 2.178321 29.899679 0.520286
v 2.125364 29.866035 0.502602
v 2.215977 29.702524 0.652786
v 2.163596 29.679068 0.623116
v 2.229174 29.509186 0.773894
v 2.178628 29.486162 0.740213
v 2.236915 29.408106 0.840147
v 2.187325 29.383945 0.805407
v 2.227731 29.354656 0.889638
v 2.178329 29.331400 0.853776
v 2.214001 29.325777 0.922774
v 2.164689 29.303366 0.886076
v 2.135800 29.289707 0.941331
v -0.839444 31.163160 0.731472
v -0.841096 31.154005 0.729079
v -0.841096 31.154005 0.729079
v -0.841096 31.154005 0.729079
v -0.839444 31.163160 0.731472
v 2.257305 29.316914 -0.885763
v 2.332963 29.355137 -0.869339
v 2.283853 29.336250 -0.829747
v 2.347862 29.390364 -0.836430
v 2.298950 29.371870 -0.796384
v 2.352340 29.441282 -0.796397
v 2.304774 29.416698 -0.758352
v 2.329389 29.524656 -0.750519
v 2.282150 29.497662 -0.713828
v 2.281888 29.722847 -0.630679
v 2.233671 29.694210 -0.596566
v 2.197416 29.974421 -0.480699
v 2.152555 29.931707 -0.458167
v 2.144612 30.046261 -0.411379
v 2.109112 29.987438 -0.406286
v 2.076015 30.101618 -0.355639
v 2.060077 30.029015 -0.379096
v 1.917727 30.060905 -0.280585
v 1.941907 30.001446 -0.337409
v 1.794123 29.915113 -0.335568
v 1.836380 29.878887 -0.396649
v 3.309080 24.904243 0.925223
v 3.326742 25.008457 0.876492
v 3.331393 25.670639 0.675087
v 3.326639 25.462183 0.874043
v 3.293270 25.790184 0.874105
v 3.305419 26.155121 0.712942
v 3.287162 26.062515 0.880757
v 3.269339 26.411833 0.888220
v 3.252357 26.902592 0.673301
v 3.215236 26.836550 0.884718
v 3.141261 27.241367 0.865671
v 3.082848 27.733427 0.661047
v 1.955873 29.879671 0.009351
v 1.836380 29.878887 -0.396649
v 1.794123 29.915113 -0.335568
v 1.871670 29.886581 0.005416
v 1.923555 29.924252 0.343608
v 1.789938 29.925941 0.331519
v 1.913422 29.845003 0.567688
v 1.811017 29.816820 0.633953
v 2.014404 29.604692 0.673357
v 1.947299 29.697540 0.672198
v 1.871754 29.662504 0.632300
v 1.905842 29.579540 0.612064
v 2.241274 29.299635 0.681114
v 2.178364 29.249403 0.651828
v 2.570254 28.957375 0.685371
v 2.492312 28.933949 0.663784
v 2.878865 28.455698 0.682932
v 2.785043 28.435417 0.657176
v 2.970621 27.997969 0.659588
v 3.082848 27.733427 0.661047
v 3.184094 27.734844 0.673686
v 3.337498 26.908939 0.689911
v 3.252357 26.902592 0.673301
v 3.364561 26.152300 0.702121
v 3.305419 26.155121 0.712942
v 3.419851 25.685532 0.698469
v 3.331393 25.670639 0.675087
v 3.387846 24.969599 0.715344
v 3.308149 24.910057 0.724640
v 3.408044 24.678135 0.718089
v 3.329851 24.666023 0.717416
v 3.434656 24.294121 0.721705
v 3.362399 24.300037 0.706584
v 3.368741 23.751045 0.718968
v 3.324997 23.835812 0.651796
v 1.947299 29.697540 0.672198
v 1.913422 29.845003 0.567688
v 1.811017 29.816820 0.633953
v 1.871754 29.662504 0.632300
v 1.938534 29.882442 0.408149
v 1.934767 29.827612 0.545270
v 1.951734 29.756401 0.602707
v 1.184301 30.220846 0.852810
v 1.595735 29.913958 0.368873
v 0.348985 29.241302 0.100319
v 0.225403 30.598959 1.107203
v 0.491693 30.632082 1.220601
v 0.034167 30.797043 1.187806
v -0.247760 30.871321 1.160545
v -0.428926 30.781740 0.941008
v -0.478941 30.912006 1.038083
v -0.661779 30.934057 0.880354
v -0.814354 30.949808 0.705694
v -0.822836 30.821014 0.451045
v -0.897750 30.944332 0.485628
v -1.010737 30.943199 0.281434
v -1.049208 30.944323 0.064297
v -0.914757 30.838493 -0.149768
v -1.030661 30.960220 -0.155979
v -0.951934 30.974188 -0.391994
v -0.879829 30.952944 -0.630326
v -0.666810 30.825144 -0.785053
v 1.789938 29.925941 0.331519
v 1.871670 29.886581 0.005416
v 1.728575 29.820133 0.005437
v 1.609792 29.889456 -0.334827
v 1.275080 30.202898 -0.816853
v 0.781246 30.484903 -1.094126
v 0.318458 30.654169 -1.184119
v -0.155484 30.739216 -1.051721
v -0.742942 30.946678 -0.868265
v -0.583701 30.942957 -1.054188
v -0.296634 30.884514 -1.102757
v -0.028953 30.826048 -1.207525
v 0.340988 30.767933 -1.291368
v 0.706314 30.645193 -1.242869
v 0.998284 30.521652 -1.139540
v 1.277264 30.384623 -1.022321
v 1.514746 30.175037 -0.734053
v 1.685487 30.011965 -0.425008
v 1.794123 29.915113 -0.335568
v 1.089134 30.447546 1.057400
v 1.483228 30.186331 0.783773
v 1.679183 30.036575 0.479680
v 1.759480 29.972906 0.292680
v 1.595735 29.913958 0.368873
v 1.759480 29.972906 0.292680
v 1.789938 29.925941 0.331519
v 1.983634 29.858038 0.008059
v 1.938534 29.882442 0.408149
v 1.951734 29.756401 0.602707
v 2.877594 24.769852 2.427063
v 3.198612 24.769510 2.002991
v 3.210808 25.030382 2.029802
v 2.913364 25.035673 2.436931
v 3.212830 25.276920 2.027592
v 2.900113 25.292376 2.424510
v 3.183295 25.561489 2.017943
v 2.894374 25.598635 2.421236
v 3.180687 25.868452 2.012526
v 2.878672 25.901588 2.419260
v 3.173580 26.172773 2.019006
v 2.872694 26.192122 2.424136
v 3.138098 26.474253 2.009469
v 2.882667 26.512918 2.458386
v 2.807838 26.920553 2.441689
v 3.065860 26.907764 1.992625
v 2.715638 27.259666 2.392040
v 2.977893 27.316971 1.930673
v 2.613617 27.635124 2.419341
v 2.857781 27.699232 1.921125
v 2.814998 27.674274 1.883069
v 2.857781 27.699232 1.921125
v 2.977893 27.316971 1.930673
v 2.957223 27.300789 1.889948
v 3.065860 26.907764 1.992625
v 3.037706 26.899977 1.955346
v 3.138098 26.474253 2.009469
v 3.110660 26.470736 1.974500
v 3.173580 26.172773 2.019006
v 3.137348 26.162210 1.975044
v 3.180687 25.868452 2.012526
v 3.156799 25.858309 1.949605
v 3.183295 25.561489 2.017943
v 3.150270 25.561096 1.958958
v 3.212830 25.276920 2.027592
v 3.179349 25.275188 1.984429
v 3.175522 25.030424 1.989765
v 3.210808 25.030382 2.029802
v 3.123209 24.749868 1.947595
v 3.198612 24.769510 2.002991
v 3.258290 24.728079 1.128032
v 3.287243 24.799665 1.005794
v 3.383397 24.796814 1.043965
v 3.356634 24.726322 1.165898
v 3.226935 24.715508 1.287384
v 3.330256 24.736542 1.347279
v 3.176834 24.742987 1.568765
v 3.270993 24.757423 1.630524
v 3.027663 24.748726 1.895236
v 3.123209 24.749868 1.947595
v 2.707855 24.750200 2.340859
v 2.797611 24.763363 2.393076
v 3.198612 24.769510 2.002991
v 2.877594 24.769852 2.427063
v 2.449121 24.762964 2.605221
v 2.527961 24.781385 2.674707
v 2.244901 24.765839 2.778491
v 2.329623 24.776939 2.843576
v 2.103537 24.809490 2.885697
v 2.191795 24.816135 2.938208
v 1.998288 24.884079 2.951365
v 2.088500 24.883839 3.002798
v 1.958819 24.955997 2.969088
v 1.998288 24.884079 2.951365
v 2.043221 24.957458 3.024570
v 1.912544 25.101496 2.968101
v 2.004672 25.107359 3.021480
v 1.901838 25.325109 2.909948
v 1.981015 25.319359 2.967001
v 1.895125 25.586906 2.857316
v 1.982946 25.590820 2.915164
v 1.889485 25.905602 2.819845
v 1.976457 25.908810 2.874492
v 1.912007 26.231211 2.857036
v 2.000996 26.233114 2.915976
v 1.943352 26.485308 2.945682
v 2.022728 26.483578 3.006438
v 1.982792 26.757381 3.071721
v 2.080689 26.762274 3.131469
v 1.988162 27.102903 3.151660
v 2.086883 27.110579 3.206728
v 1.962264 27.464127 3.208816
v 2.051630 27.455191 3.263019
v 2.145292 27.521276 3.057533
v 1.962264 27.464127 3.208816
v 2.051630 27.455191 3.263019
v 2.230907 27.517214 3.124383
v 2.357183 27.562000 2.887566
v 2.268779 27.561993 2.843769
v 2.366288 27.585342 2.631683
v 2.457828 27.589260 2.672440
v 2.571075 27.622499 2.418713
v 2.478866 27.617275 2.369464
v 2.737387 27.677586 1.842149
v 2.814998 27.674274 1.883069
v 2.613617 27.635124 2.419341
v 2.857781 27.699232 1.921125
v 2.832841 27.672102 1.620976
v 2.929692 27.667658 1.654846
v 2.994078 27.652773 1.459659
v 2.909949 27.670155 1.399798
v 2.976017 27.659979 1.147297
v 3.074417 27.659786 1.178900
v 3.096327 27.637871 0.879088
v 3.000723 27.628328 0.841544
v 3.074417 27.659786 1.178900
v 3.240191 27.244497 0.923251
v 3.096327 27.637871 0.879088
v 2.994078 27.652773 1.459659
v 3.132560 27.275135 1.501381
v 2.929692 27.667658 1.654846
v 2.814998 27.674274 1.883069
v 2.957223 27.300789 1.889948
v 3.195755 26.878572 1.513016
v 3.037706 26.899977 1.955346
v 3.267276 26.426973 1.524587
v 3.110660 26.470736 1.974500
v 3.290322 26.145481 1.541555
v 3.137348 26.162210 1.975044
v 3.321828 25.835905 1.513900
v 3.156799 25.858309 1.949605
v 3.352867 25.530861 1.544503
v 3.150270 25.561096 1.958958
v 3.374890 25.248943 1.568705
v 3.179349 25.275188 1.984429
v 3.317411 26.844635 0.942270
v 3.374629 26.420012 0.947876
v 3.388901 26.074333 0.943328
v 3.394421 25.796911 0.935036
v 3.418663 25.464336 0.918668
v 3.422787 25.183535 0.915484
v 3.427845 25.006311 0.922213
v 3.335331 25.015427 1.594103
v 3.330256 24.736542 1.347279
v 3.270993 24.757423 1.630524
v 3.175522 25.030424 1.989765
v 3.123209 24.749868 1.947595
v 3.404373 24.902567 0.963197
v 3.356634 24.726322 1.165898
v 3.383397 24.796814 1.043965
v 3.141261 27.241367 0.865671
v 3.000723 27.628328 0.841544
v 3.096327 27.637871 0.879088
v 3.240191 27.244497 0.923251
v 3.215236 26.836550 0.884718
v 3.317411 26.844635 0.942270
v 3.269339 26.411833 0.888220
v 3.374629 26.420012 0.947876
v 3.287162 26.062515 0.880757
v 3.388901 26.074333 0.943328
v 3.293270 25.790184 0.874105
v 3.394421 25.796911 0.935036
v 3.326639 25.462183 0.874043
v 3.418663 25.464336 0.918668
v 3.326742 25.008457 0.876492
v 3.422787 25.183535 0.915484
v 3.427845 25.006311 0.922213
v 3.309080 24.904243 0.925223
v 3.404373 24.902567 0.963197
v 3.287243 24.799665 1.005794
v 2.613618 27.635124 -2.419341
v 2.857781 27.699232 -1.921124
v 2.977893 27.316971 -1.930673
v 2.715639 27.259666 -2.392040
v 3.065861 26.907764 -1.992624
v 2.807838 26.920553 -2.441689
v 3.138098 26.474253 -2.009469
v 2.882667 26.512918 -2.458386
v 2.872695 26.192122 -2.424136
v 3.173581 26.172773 -2.019005
v 2.878673 25.901588 -2.419259
v 3.180687 25.868452 -2.012525
v 2.894374 25.598635 -2.421236
v 3.183296 25.561489 -2.017943
v 2.900114 25.292376 -2.424510
v 3.212831 25.276920 -2.027592
v 2.913364 25.035673 -2.436931
v 3.210809 25.030382 -2.029802
v 2.877595 24.769852 -2.427063
v 3.198612 24.769510 -2.002990
v 3.123209 24.749868 -1.947595
v 3.198612 24.769510 -2.002990
v 3.210809 25.030382 -2.029802
v 3.175523 25.030424 -1.989764
v 3.212831 25.276920 -2.027592
v 3.179350 25.275188 -1.984428
v 3.150270 25.561096 -1.958958
v 3.183296 25.561489 -2.017943
v 3.156800 25.858309 -1.949604
v 3.180687 25.868452 -2.012525
v 3.137349 26.162210 -1.975043
v 3.173581 26.172773 -2.019005
v 3.110660 26.470736 -1.974500
v 3.138098 26.474253 -2.009469
v 3.037706 26.899977 -1.955346
v 3.065861 26.907764 -1.992624
v 2.957223 27.300789 -1.889948
v 2.977893 27.316971 -1.930673
v 2.814998 27.674274 -1.883069
v 2.857781 27.699232 -1.921124
v 2.571075 27.622499 -2.418712
v 2.613618 27.635124 -2.419341
v 2.715639 27.259666 -2.392040
v 2.689240 27.251406 -2.390735
v 2.807838 26.920553 -2.441689
v 2.769982 26.916399 -2.447460
v 2.882667 26.512918 -2.458386
v 2.829677 26.515190 -2.457443
v 2.872695 26.192122 -2.424136
v 2.819366 26.198076 -2.419977
v 2.878673 25.901588 -2.419259
v 2.825892 25.885448 -2.401934
v 2.894374 25.598635 -2.421236
v 2.835927 25.581648 -2.409168
v 2.900114 25.292376 -2.424510
v 2.852695 25.288143 -2.412163
v 2.913364 25.035673 -2.436931
v 2.855529 25.032972 -2.425496
v 2.877595 24.769852 -2.427063
v 2.797611 24.763363 -2.393076
v 2.456177 26.854551 -2.831134
v 2.480577 26.512735 -2.779520
v 2.448340 26.215477 -2.698213
v 2.451822 25.910318 -2.683187
v 2.460983 25.592131 -2.709336
v 2.474401 25.346016 -2.744905
v 2.534226 25.111296 -2.743059
v 2.527961 24.781385 -2.674706
v 2.449122 24.762964 -2.605221
v 2.707855 24.750200 -2.340859
v 2.080689 26.762274 -3.131468
v 2.086884 27.110579 -3.206728
v 2.411138 27.188068 -2.860208
v 2.022728 26.483578 -3.006438
v 2.000997 26.233114 -2.915975
v 1.976457 25.908810 -2.874492
v 1.982947 25.590820 -2.915164
v 1.981016 25.319359 -2.967001
v 2.004672 25.107359 -3.021479
v 2.329623 24.776939 -2.843575
v 2.244902 24.765839 -2.778491
v 2.103538 24.809490 -2.885696
v 2.043221 24.957458 -3.024569
v 2.191796 24.816135 -2.938207
v 1.998289 24.884079 -2.951365
v 2.088501 24.883839 -3.002798
v 1.958819 24.955997 -2.969087
v 1.912545 25.101496 -2.968101
v 1.901838 25.325109 -2.909948
v 1.889485 25.905602 -2.819845
v 1.998289 24.884079 -2.951365
v 3.198612 24.769510 -2.002990
v 3.123209 24.749868 -1.947595
v 3.027663 24.748726 -1.895235
v 3.270993 24.757423 -1.630523
v 3.176834 24.742987 -1.568764
v 3.330256 24.736542 -1.347279
v 3.226935 24.715508 -1.287383
v 3.356634 24.726322 -1.165897
v 3.258290 24.728079 -1.128032
v 3.383397 24.796814 -1.043964
v 3.287243 24.799665 -1.005793
v 3.287243 24.799665 -1.005793
v 3.404373 24.902567 -0.963196
v 3.309080 24.904243 -0.925222
v 3.427845 25.006311 -0.922212
v 3.326742 25.008457 -0.876492
v 3.422787 25.183535 -0.915483
v 3.327410 25.177303 -0.875063
v 3.418663 25.464336 -0.918668
v 3.326639 25.462183 -0.874043
v 3.394421 25.796911 -0.935036
v 3.293270 25.790184 -0.874104
v 3.388901 26.074333 -0.943328
v 3.287162 26.062515 -0.880756
v 3.374629 26.420012 -0.947875
v 3.269339 26.411833 -0.888219
v 3.317411 26.844635 -0.942270
v 3.215236 26.836550 -0.884718
v 3.240191 27.244497 -0.923251
v 3.141261 27.241367 -0.865671
v 3.096327 27.637871 -0.879088
v 3.000723 27.628328 -0.841543
v 1.907471 26.221878 -2.902159
v 1.922947 26.494040 -2.972992
v 1.942699 26.704674 -3.057135
v 1.988163 27.102903 -3.151659
v 1.962264 27.464127 -3.208816
v 2.051630 27.455191 -3.263018
v 2.230907 27.517214 -3.124383
v 2.357183 27.562000 -2.887566
v 2.457828 27.589260 -2.672440
v 2.814998 27.674274 -1.883069
v 2.857781 27.699232 -1.921124
v 2.613618 27.635124 -2.419341
v 2.571075 27.622499 -2.418712
v 2.737387 27.677586 -1.842149
v 2.478867 27.617275 -2.369463
v 2.366289 27.585342 -2.631683
v 2.457828 27.589260 -2.672440
v 2.357183 27.562000 -2.887566
v 2.268779 27.561993 -2.843768
v 2.145293 27.521276 -3.057533
v 2.230907 27.517214 -3.124383
v 2.051630 27.455191 -3.263018
v 1.962264 27.464127 -3.208816
v 2.909949 27.670155 -1.399798
v 3.000723 27.628328 -0.841543
v 3.096327 27.637871 -0.879088
v 3.074417 27.659786 -1.178900
v 2.994078 27.652773 -1.459658
v 2.832841 27.672102 -1.620976
v 2.929692 27.667658 -1.654845
v 3.270993 24.757423 -1.630523
v 3.123209 24.749868 -1.947595
v 3.175523 25.030424 -1.989764
v 3.335331 25.015427 -1.594102
v 3.179350 25.275188 -1.984428
v 3.374890 25.248943 -1.568704
v 3.150270 25.561096 -1.958958
v 3.352867 25.530861 -1.544503
v 3.156800 25.858309 -1.949604
v 3.321828 25.835905 -1.513899
v 3.137349 26.162210 -1.975043
v 3.290322 26.145481 -1.541555
v 3.110660 26.470736 -1.974500
v 3.267276 26.426973 -1.524587
v 3.037706 26.899977 -1.955346
v 3.195755 26.878572 -1.513016
v 2.957223 27.300789 -1.889948
v 3.132560 27.275135 -1.501381
v 2.814998 27.674274 -1.883069
v 2.929692 27.667658 -1.654845
v 3.330256 24.736542 -1.347279
v 3.427845 25.006311 -0.922212
v 3.422787 25.183535 -0.915483
v 3.418663 25.464336 -0.918668
v 3.394421 25.796911 -0.935036
v 3.388901 26.074333 -0.943328
v 3.374629 26.420012 -0.947875
v 3.317411 26.844635 -0.942270
v 3.240191 27.244497 -0.923251
v 2.994078 27.652773 -1.459658
v 3.074417 27.659786 -1.178900
v 3.096327 27.637871 -0.879088
v 3.356634 24.726322 -1.165897
v 3.404373 24.902567 -0.963196
v 3.383397 24.796814 -1.043964
v 3.550254 18.516504 -2.585403
v 3.612473 18.605606 -2.528565
v 3.751523 18.540443 -2.246485
v 3.684568 18.708851 -2.462704
v 3.624676 19.105185 -2.387554
v 3.650420 19.771740 0.732049
v 3.645183 20.813194 0.184085
v 3.515314 21.437500 0.021764
v 3.356648 23.574116 0.739621
v 3.368741 23.751045 0.718968
v 3.324997 23.835812 0.651796
v 3.305345 23.626839 0.690880
v 3.290483 23.426563 0.736057
v 3.164075 23.353315 0.644101
v 3.344040 22.671434 0.583773
v 3.260965 22.693583 0.465742
v 3.440088 22.397964 0.459885
v 3.348417 22.385801 0.372259
v 3.552318 22.009048 0.320125
v 3.453843 21.883863 0.149364
v 3.576184 21.411016 0.026357
v 3.515314 21.437500 0.021764
v 3.576184 21.411016 0.026357
v 3.515314 21.437500 0.021764
v 3.494375 21.390411 0.006814
v 3.576184 21.411016 0.026357
v -0.270032 17.889194 -3.830965
v 0.796331 18.085564 -4.061297
v 0.696318 19.002337 -3.366611
v -0.171096 18.894260 -3.150130
v -1.239185 17.796976 -3.043054
v -0.887579 18.834406 -2.627169
v -1.808457 17.741659 -2.102988
v -1.458125 18.756851 -1.833081
v -2.266449 17.721979 -1.049037
v -1.805180 18.731791 -0.959096
v -2.310339 17.681917 0.128208
v -1.849571 18.723501 0.144811
v -1.703467 18.709202 1.073138
v -1.613550 20.027031 0.917850
v -1.401212 20.034157 1.848359
v -1.189274 21.125343 1.581883
v -0.730014 21.131275 2.257649
v -0.404613 21.630840 1.756705
v 0.131992 21.597021 2.116288
v 1.192052 22.116575 -0.008142
v -0.048951 21.114637 2.690073
v -1.414124 18.787849 1.939606
v -0.873410 20.030123 2.634953
v -0.126148 20.008085 3.148311
v -0.848618 18.876286 2.733466
v -0.156343 18.874790 3.324322
v -2.212827 17.683975 1.173236
v -1.825735 17.710640 2.261420
v -1.282471 17.755680 3.157511
v -0.290851 17.827921 3.941603
v 0.710234 18.832260 3.499902
v 0.694784 19.863274 3.302999
v 0.744817 21.016312 2.956096
v 0.732939 21.591892 2.296780
v 1.192052 22.116575 -0.008142
v 0.739954 17.991062 4.155124
v 3.544743 20.927341 -0.164028
v 3.494375 21.390411 0.006814
v 3.031227 21.530664 -0.317634
v 3.304073 21.025728 -0.583240
v 3.657856 19.922152 -0.537199
v 3.382318 20.031481 -0.856756
v 3.703010 19.067545 -0.873140
v 3.458452 19.142086 -1.183982
v 3.849734 18.174833 -1.230749
v 3.784913 18.305799 -1.589078
v 3.637009 18.466801 -2.148300
v 3.195902 19.347559 -1.629819
v 3.444355 18.428917 -2.462347
v 3.052592 19.365145 -2.010331
v 3.132377 18.233282 -2.641751
v 2.785385 19.173050 -2.262273
v 2.558554 18.123451 -3.124274
v 2.315822 19.039158 -2.707114
v 1.658375 18.196339 -3.884345
v 1.525123 19.017786 -3.273757
v 1.192052 22.116575 -0.008142
v 1.393471 21.589821 -2.214819
v 1.956650 21.586149 -1.914713
v 1.601631 21.065756 -2.767360
v 2.289519 21.054825 -2.382051
v 1.563113 19.948067 -3.065004
v 2.314984 19.977247 -2.622210
v 2.761463 20.106445 -2.135039
v 3.013802 20.312986 -1.805935
v 3.144743 20.255270 -1.328156
v 2.332531 21.640945 -1.496264
v 1.192052 22.116575 -0.008142
v 2.706801 21.029663 -1.886479
v 2.914230 21.220335 -1.505751
v 3.017137 21.191887 -0.961750
v 2.496487 21.798681 -1.126601
v 1.192052 22.116575 -0.008142
v 2.598206 21.707582 -0.651613
v 1.192052 22.116575 -0.008142
v 1.192052 22.116575 -0.008142
v 0.796331 18.085564 -4.061297
v 0.696318 19.002337 -3.366611
v 0.838740 19.949295 -3.201128
v 0.821063 21.033045 -2.829253
v 0.748695 21.550779 -2.258615
v 1.192052 22.116575 -0.008142
v 0.838740 19.949295 -3.201128
v -0.120171 19.958780 -2.966494
v 0.821063 21.033045 -2.829253
v -0.010334 21.066214 -2.623912
v -0.837561 19.975780 -2.501926
v -0.675175 21.052490 -2.203069
v -1.410629 19.997124 -1.780003
v -1.109128 20.996719 -1.616389
v -1.658532 20.039536 -0.888947
v -1.356151 21.033049 -0.890616
v -1.696048 20.000610 0.073784
v -1.451810 21.084232 -0.054132
v -1.424554 21.081532 0.712642
v -0.969789 21.621174 0.525052
v -0.789149 21.649210 1.227872
v 1.192052 22.116575 -0.008142
v 0.748695 21.550779 -2.258615
v 0.077284 21.590338 -2.099319
v -0.404755 21.582808 -1.792391
v -0.753871 21.545048 -1.340422
v -0.936524 21.567951 -0.767193
v -1.007560 21.630777 -0.085037
v 1.192052 22.116575 -0.008142
v 1.192052 22.116575 -0.008142
v 1.192052 22.116575 -0.008142
v 1.192052 22.116575 -0.008142
v 1.192052 22.116575 -0.008142
v 1.192052 22.116575 -0.008142
v 1.192052 22.116575 -0.008142
v 1.192052 22.116575 -0.008142
v 1.375362 21.586462 2.242516
v 0.732939 21.591892 2.296780
v 0.744817 21.016312 2.956096
v 1.546473 20.974365 2.856338
v 0.694784 19.863274 3.302999
v 1.552088 19.950819 3.161224
v 0.710234 18.832260 3.499902
v 1.432174 18.888771 3.373744
v 0.739954 17.991062 4.155124
v 1.635497 18.101164 3.912920
v 2.272788 18.958355 2.834984
v 2.593832 18.046249 3.183996
v 2.686208 19.108541 2.453222
v 3.053673 18.178520 2.811772
v 2.968804 19.351658 2.314905
v 3.377441 18.397522 2.773517
v 3.612343 18.482006 2.632855
v 3.165895 19.356586 2.029099
v 3.760464 18.428751 2.345666
v 1.192052 22.116575 -0.008142
v 3.009618 21.506180 0.498110
v 2.516364 21.711550 0.809434
v 3.332816 21.064981 0.849586
v 2.960559 21.231171 1.206726
v 3.365205 20.086660 1.288109
v 3.099122 20.294291 1.705635
v 3.481348 19.110989 1.719727
v 2.919087 20.384228 2.155013
v 2.659967 20.043482 2.291745
v 2.275060 19.968138 2.721133
v 2.237985 21.009438 2.401143
v 1.941289 21.600725 1.913302
v 1.192052 22.116575 -0.008142
v 1.192052 22.116575 -0.008142
v 2.485347 21.847935 1.219460
v 2.888074 21.429037 1.684218
v 2.651489 21.058567 1.956199
v 2.324076 21.604961 1.548206
v 1.192052 22.116575 -0.008142
v 1.192052 22.116575 -0.008142
v 3.816458 18.291107 1.989266
v 3.784139 18.070478 1.535854
v 3.682605 18.943596 1.124684
v 3.576233 19.771740 0.711406
v 3.571158 20.813194 0.180585
v 3.494375 21.390411 0.006814
v 1.192052 22.116575 -0.008142
v 1.192052 22.116575 -0.008142
v 3.494375 21.390411 0.006814
v 3.544743 20.927341 -0.164028
v 3.617914 20.927341 -0.171657
v 3.734681 19.922152 -0.556879
v 3.657856 19.922152 -0.537199
v 3.781292 19.067545 -0.903670
v 3.703010 19.067545 -0.873140
v 3.964352 18.281961 -1.256879
v 3.849734 18.174833 -1.230749
v 3.932755 18.174833 -1.272828
v 3.865840 18.305799 -1.642729
v 3.932755 18.174833 -1.272828
v 3.849734 18.174833 -1.230749
v 3.784913 18.305799 -1.589078
v 3.713160 18.466801 -2.220011
v 3.637009 18.466801 -2.148300
v 3.514283 18.428917 -2.544200
v 3.444355 18.428917 -2.462347
v 3.192231 18.233282 -2.729397
v 3.132377 18.233282 -2.641751
v 2.599876 18.123451 -3.227504
v 2.558554 18.123451 -3.124274
v 1.670626 18.196339 -4.012121
v 1.658375 18.196339 -3.884345
v 0.780743 18.085564 -4.194788
v 0.796331 18.085564 -4.061297
v -0.320059 17.889194 -3.957016
v 0.780743 18.085564 -4.194788
v 0.796331 18.085564 -4.061297
v -0.270032 17.889194 -3.830965
v -1.320510 17.796976 -3.143661
v -1.239185 17.796976 -3.043054
v -1.908166 17.741659 -2.173236
v -1.808457 17.741659 -2.102988
v -2.380950 17.721979 -1.085248
v -2.266449 17.721979 -1.049037
v -2.426258 17.681917 0.130017
v -2.310339 17.681917 0.128208
v -2.325596 17.683975 1.208794
v -2.212827 17.683975 1.173236
v -1.926002 17.710640 2.332121
v -1.825735 17.710640 2.261420
v -1.365194 17.755680 3.257151
v -1.282471 17.755680 3.157511
v -0.341550 17.827921 4.066565
v -0.290851 17.827921 3.941603
v 0.722545 17.991062 4.286982
v 0.739954 17.991062 4.155124
v 1.647009 18.101164 4.036955
v 0.722545 17.991062 4.286982
v 0.739954 17.991062 4.155124
v 1.635497 18.101164 3.912920
v 2.636294 18.046249 3.284491
v 2.593832 18.046249 3.183996
v 3.110985 18.178520 2.900246
v 3.053673 18.178520 2.811772
v 3.445209 18.397522 2.860756
v 3.377441 18.397522 2.773517
v 3.687697 18.482006 2.715551
v 3.612343 18.482006 2.632855
v 3.840602 18.428751 2.419087
v 3.760464 18.428751 2.345666
v 3.898404 18.291107 2.051178
v 3.816458 18.291107 1.989266
v 3.865042 18.070478 1.583123
v 3.784139 18.070478 1.535854
v 3.515314 21.437500 0.021764
v 3.645183 20.813194 0.184085
v 3.571158 20.813194 0.180585
v 3.576233 19.771740 0.711406
v 3.650420 19.771740 0.732049
v 3.682605 18.943596 1.124684
v 3.760228 18.943596 1.158674
v 3.899280 18.186871 1.552738
v 3.784139 18.070478 1.535854
v 3.865042 18.070478 1.583123
v 3.571158 20.813194 0.180585
v 3.494375 21.390411 0.006814
v 3.515314 21.437500 0.021764
v 3.617914 20.927341 -0.171657
v 3.576184 21.411016 0.026357
v 3.494375 21.390411 0.006814
v 3.677549 18.578405 -2.515417
v 3.684568 18.708851 -2.462704
v 3.612473 18.605606 -2.528565
v 3.550254 18.516504 -2.585403
v 3.557976 18.532490 -2.615067
v 3.677549 18.578405 -2.515417
v 3.223348 18.301056 -2.784647
v 2.620940 18.219152 -3.295060
v 2.878520 18.612646 -3.205235
v 1.672627 18.278624 -4.083866
v 2.026673 18.572397 -3.824295
v 0.814770 18.475130 -4.266666
v 0.753279 18.192692 -4.259640
v 0.581894 18.500565 -4.224008
v -0.359590 17.985001 -4.018300
v 0.513857 18.714144 -4.168813
v -0.386324 18.894260 -3.766648
v 0.500016 18.999363 -4.111604
v 0.465452 19.923939 -3.922067
v -0.348587 19.958780 -3.590079
v 0.350631 21.017515 -3.686986
v -0.303160 21.066214 -3.331348
v 0.267942 21.539276 -3.496684
v -0.335185 21.584105 -3.182849
v 0.124905 21.932682 -3.273945
v 3.231849 22.004910 -1.769243
v 3.313473 22.040020 -1.744274
v 3.062538 22.068913 -2.063833
v 0.213042 21.656157 -3.505231
v 0.267942 21.539276 -3.496684
v 0.124905 21.932682 -3.273945
v 0.337077 21.153912 -3.719730
v 0.350631 21.017515 -3.686986
v 0.420676 20.913059 -3.804132
v 0.384624 20.910009 -3.862712
v 0.427623 20.332251 -4.004739
v 0.504173 20.275414 -3.944788
v 0.505369 19.729342 -4.212891
v 0.576013 19.708544 -4.081465
v 0.606972 19.112074 -4.420067
v 0.703417 19.152273 -4.258070
v 0.670090 18.766399 -4.639452
v 0.722885 18.802399 -4.373218
v 0.760988 18.616034 -4.708719
v 0.786980 18.648359 -4.394880
v 0.513857 18.714144 -4.168813
v 0.500016 18.999363 -4.111604
v 0.581894 18.500565 -4.224008
v 0.465452 19.923939 -3.922067
v 1.628164 22.114761 -3.330014
v 1.666271 22.159775 -3.377067
v 1.732298 21.930885 -3.408200
v 1.694262 21.900183 -3.378304
v 1.294449 22.120102 -3.463141
v 0.968111 21.861288 -3.561593
v 0.932199 22.073797 -3.459245
v 0.514299 22.011843 -3.431252
v 0.154583 21.957548 -3.373530
v 0.215704 21.721966 -3.540173
v 1.087588 21.301983 -3.760163
v 0.331854 21.182360 -3.753717
v 1.141083 20.939278 -3.873474
v 0.410976 20.896158 -3.921318
v 1.195506 20.415699 -3.905574
v 0.433842 20.365242 -4.043669
v 1.288354 19.840103 -4.135498
v 0.518804 19.759417 -4.249026
v 1.365553 19.332043 -4.347059
v 0.606958 19.155483 -4.455769
v 1.942333 20.512033 -3.827044
v 2.029835 19.942804 -3.995679
v 2.096706 19.440107 -4.118083
v 2.157016 19.083920 -4.239540
v 2.157016 19.083920 -4.239540
v 1.446556 18.969986 -4.548334
v 0.686953 18.803823 -4.667224
v 1.534257 18.685434 -4.501911
v 0.964526 18.610462 -4.711923
v 0.768626 18.641651 -4.737184
v 2.161534 18.727287 -4.266320
v 2.157016 19.083920 -4.239540
v 2.161534 18.727287 -4.266320
v 1.857098 21.338799 -3.561471
v 1.810107 21.326090 -3.513941
v 1.840942 20.964441 -3.659400
v 1.983666 20.526646 -3.848505
v 2.083530 19.955065 -4.016856
v 2.134256 19.462275 -4.143513
v 1.888758 20.982712 -3.704278
v 2.155933 19.085272 -4.232004
v 2.201417 18.727488 -4.318069
v 2.161534 18.727287 -4.266320
v 2.161534 18.727287 -4.266320
v 2.157016 19.083920 -4.239540
v 2.155933 19.085272 -4.232004
v 2.901722 18.755316 -3.948984
v 2.387079 21.893072 -3.026884
v 2.381938 21.910908 -3.051729
v 2.337099 22.148361 -2.978109
v 2.299231 22.100811 -2.920947
v 2.134256 19.462275 -4.143513
v 2.155933 19.085272 -4.232004
v 2.157016 19.083920 -4.239540
v 2.157016 19.083920 -4.239540
v 2.134256 19.462275 -4.143513
v 0.057341 22.081343 -3.177079
v 0.047151 22.111609 -3.221312
v 0.129736 21.940639 -3.426468
v 0.117958 21.924280 -3.373263
v 0.249783 21.577351 -3.653333
v 0.238628 21.565008 -3.602081
v 0.335835 21.240469 -3.825703
v 0.323621 21.229666 -3.778329
v 0.379394 21.174351 -3.871467
v 0.358110 21.157162 -3.823689
v 0.446757 21.136330 -3.869606
v 0.423034 21.124037 -3.817548
v 0.548958 21.127995 -3.794307
v 0.423034 21.124037 -3.817548
v 0.552265 21.155912 -3.836396
v 0.786421 21.252720 -3.807775
v 0.793278 21.282049 -3.855668
v 1.226405 21.418161 -3.699799
v 1.227528 21.449921 -3.738369
v 1.543439 21.417912 -3.596106
v 1.549148 21.443169 -3.638210
v 1.851748 21.340542 -3.601103
v 1.866658 21.380770 -3.630812
v 2.062997 21.258493 -3.621819
v 2.094568 21.324759 -3.667829
v 2.267689 21.225451 -3.668352
v 2.280498 21.267458 -3.697319
v 2.267689 21.225451 -3.668352
v 0.786980 18.648359 -4.394880
v 0.760988 18.616034 -4.708719
v 0.955084 18.579630 -4.671975
v 0.964921 18.609236 -4.372103
v 1.518183 18.654819 -4.471609
v 1.484885 18.664051 -4.216379
v 2.136916 18.691019 -4.231579
v 2.019332 18.706263 -4.039702
v 2.523083 18.715067 -4.059667
v 2.396986 18.697519 -3.845423
v 2.874787 18.725569 -3.834457
v 2.752540 18.725214 -3.630440
v 3.350707 18.729443 -3.511143
v 3.151943 18.727615 -3.296504
v 3.777490 18.668230 -3.087785
v 3.502337 18.695473 -2.919754
v 3.892890 18.661871 -3.015218
v 3.583367 18.679342 -2.834824
v 3.985984 18.688423 -2.919889
v 3.660320 18.706656 -2.743322
v 3.557976 18.532490 -2.615067
v 3.677549 18.578405 -2.515417
v 2.878520 18.612646 -3.205235
v 2.026673 18.572397 -3.824295
v 0.814770 18.475130 -4.266666
v 0.581894 18.500565 -4.224008
v 3.660320 18.706656 -2.743322
v 3.985984 18.688423 -2.919889
v 3.992859 18.807093 -2.853374
v 3.681962 18.822557 -2.707498
v 3.927826 19.033722 -2.769605
v 3.646147 19.041582 -2.666375
v 3.816396 19.381931 -2.618060
v 3.581616 19.383549 -2.592657
v 3.674350 19.886358 -2.473132
v 3.482242 19.847305 -2.474248
v 3.589859 20.448378 -2.338762
v 3.429218 20.380705 -2.372066
v 3.475287 20.051519 -2.228176
v 3.373359 20.739574 -2.312404
v 3.279333 21.072948 -2.078890
v 3.305846 21.083096 -2.182862
v 3.308426 21.669811 -1.915807
v 3.354674 21.728083 -1.899540
v 3.313473 22.040020 -1.744274
v 3.231849 22.004910 -1.769243
v 3.274656 21.619705 -1.912330
v 3.231849 22.004910 -1.769243
v 3.624676 19.105185 -2.387554
v 3.684568 18.708851 -2.462704
v 3.677549 18.578405 -2.515417
v 3.493732 20.815144 -2.239307
v 3.415030 21.166283 -2.101594
v 1.585105 22.058922 3.205155
v 0.430544 22.082161 3.185972
v 0.617523 22.112938 3.263768
v 2.028495 20.631283 3.785581
v 2.390030 20.631773 3.734368
v 2.329537 21.106750 3.597440
v 1.963344 21.084066 3.616626
v 1.914934 21.066420 3.572139
v 1.907784 21.428154 3.450619
v 1.235708 21.435310 3.611216
v 1.188963 22.010040 3.422608
v 0.537220 21.916960 3.414627
v 0.548886 22.123432 3.280124
v 0.857515 22.190960 3.282513
v 1.183351 22.232197 3.319339
v 1.484477 22.245098 3.302152
v 1.832890 22.001415 3.282635
v 1.782282 22.210653 3.178650
v 1.870660 22.031082 3.311696
v 1.820593 22.255379 3.224214
v 2.187969 22.194126 3.088788
v 2.226463 21.982985 3.189704
v 2.489892 22.180254 2.836759
v 2.261873 21.429644 3.372925
v 1.955002 21.440454 3.498033
v 2.506652 21.936424 2.917147
v 2.587135 21.383648 3.212866
v 2.610808 21.047091 3.302908
v 2.632136 20.579182 3.439202
v 2.431336 20.090790 3.873941
v 2.707681 20.029367 3.632944
v 2.452394 19.587461 4.028809
v 2.740037 19.527470 3.773282
v 2.498768 19.230024 4.189052
v 2.794855 19.165092 3.917949
v 2.500029 18.841396 4.206786
v 2.840647 18.830460 4.008064
v 2.833875 18.821726 3.930428
v 2.794929 19.156441 3.866441
v 3.350265 18.868111 3.678180
v 2.107676 19.204279 4.245678
v 2.110185 19.576719 4.137442
v 2.091225 20.064329 3.984695
v 2.110185 19.576719 4.137442
v 2.071589 19.555578 4.112710
v 2.110185 19.576719 4.137442
v 2.037085 20.054274 3.963486
v 1.986552 20.618114 3.764373
v 1.247978 21.092131 3.777074
v 0.583680 21.380653 3.662681
v 2.108599 19.203264 4.253288
v 1.342676 19.502356 4.338189
v 1.310380 20.002501 4.098293
v 1.255242 20.573349 3.834959
v 0.659849 21.083513 3.848928
v 2.110185 19.576719 4.137442
v 2.108599 19.203264 4.253288
v 3.396711 19.178955 3.596937
v 3.780266 18.837152 3.335325
v 3.959681 19.178818 3.022364
v 3.895948 18.826921 3.263661
v 4.004924 18.967714 3.107382
v 4.006656 18.840458 3.160733
v 3.322657 19.534691 3.433647
v 2.746144 19.509050 3.734636
v 3.260071 20.005156 3.225445
v 2.702061 19.998459 3.593423
v 3.155590 20.514654 2.939612
v 2.637728 20.555984 3.400009
v 3.125952 20.922596 2.806939
v 2.616503 21.039337 3.266509
v 3.123653 21.277637 2.674546
v 2.620523 21.366760 3.164041
v 3.091117 21.825018 2.442475
v 3.886127 19.495584 2.826127
v 3.761118 19.930058 2.615643
v 3.692491 20.441711 2.405656
v 3.612134 20.805466 2.260749
v 3.549038 21.128937 2.082770
v 3.493838 21.634651 1.788781
v 3.491924 21.895344 1.636652
v 3.233723 21.970995 2.010561
v 2.995946 22.028881 2.268597
v 2.679152 22.094950 2.569877
v 2.532310 21.930910 2.923978
v 2.449721 22.132168 2.781657
v 2.130138 18.849417 4.350806
v 2.107676 19.204279 4.245678
v 2.090828 18.848932 4.298623
v 2.107676 19.204279 4.245678
v 1.014505 18.817375 4.730055
v 0.826632 19.012827 4.673043
v 0.874480 18.855682 4.750343
v 1.469403 18.857708 4.527147
v 1.396220 19.148788 4.558110
v 0.780295 19.347775 4.448524
v 0.754727 19.960073 4.195545
v 0.707835 20.600977 4.032573
v 2.108599 19.203264 4.253288
v 2.090828 18.848932 4.298623
v 2.090828 18.848932 4.298623
v 2.108599 19.203264 4.253288
v 2.107676 19.204279 4.245678
v 2.108599 19.203264 4.253288
v 2.090828 18.848932 4.298623
v 2.833875 18.821726 3.930428
v 2.840647 18.830460 4.008064
v 2.500029 18.841396 4.206786
v 2.482104 18.804758 4.175133
v 2.130138 18.849417 4.350806
v 2.090828 18.848932 4.298623
v 2.064358 18.812454 4.265496
v 1.455080 18.826389 4.498090
v 1.469403 18.857708 4.527147
v 1.018677 18.783745 4.691176
v 1.014505 18.817375 4.730055
v 0.879854 18.827803 4.722724
v 0.874480 18.855682 4.750343
v 3.877611 18.805464 3.245902
v 3.973695 18.826513 3.153630
v 4.006656 18.840458 3.160733
v 3.895948 18.826921 3.263661
v 3.761674 18.815987 3.313291
v 3.780266 18.837152 3.335325
v 3.315634 18.841316 3.657729
v 3.350265 18.868111 3.678180
v 2.815731 18.804993 3.903348
v 2.453148 18.804096 4.098148
v 2.489892 22.180254 2.836759
v 2.506652 21.936424 2.917147
v 2.532310 21.930910 2.923978
v 2.532310 21.930910 2.923978
v 2.449721 22.132168 2.781657
v 2.489892 22.180254 2.836759
v 2.108599 19.203264 4.253288
v 2.107676 19.204279 4.245678
v 2.110185 19.576719 4.137442
v 2.110185 19.576719 4.137442
v 2.107676 19.204279 4.245678
v 3.474122 21.606806 1.759871
v 3.467593 21.900450 1.596898
v 3.491924 21.895344 1.636652
v 3.493838 21.634651 1.788781
v 3.525110 21.105139 2.056077
v 3.549038 21.128937 2.082770
v 3.590020 20.770569 2.237074
v 3.612134 20.805466 2.260749
v 3.670394 20.415630 2.377478
v 3.692491 20.441711 2.405656
v 3.736958 19.907835 2.596808
v 3.761118 19.930058 2.615643
v 3.857409 19.475286 2.816731
v 3.886127 19.495584 2.826127
v 3.945236 19.161304 2.997346
v 3.959681 19.178818 3.022364
v 3.991153 18.942318 3.087078
v 4.004924 18.967714 3.107382
v 3.973695 18.826513 3.153630
v 4.006656 18.840458 3.160733
v 0.828703 18.973158 4.646413
v 0.879854 18.827803 4.722724
v 0.874480 18.855682 4.750343
v 0.826632 19.012827 4.673043
v 0.795359 19.300533 4.414981
v 0.780295 19.347775 4.448524
v 0.751078 19.927351 4.160982
v 0.754727 19.960073 4.195545
v 0.710820 20.566200 3.994432
v 0.707835 20.600977 4.032573
v 0.643298 21.095255 3.788962
v 0.659849 21.083513 3.848928
v 0.591395 21.350464 3.629704
v 0.583680 21.380653 3.662681
v 0.525545 21.778814 3.437920
v 0.537220 21.916960 3.414627
v 0.617523 22.112938 3.263768
v 0.548886 22.123432 3.280124
v 3.558891 21.130102 2.265616
v 3.561241 21.147303 2.195531
v 3.566028 21.182407 2.135252
v 3.525151 21.150843 2.317199
v 3.568292 21.242828 2.101631
v 0.617523 22.112938 3.263768
v 3.089699 27.778599 0.837193
v 2.953152 27.993176 0.787541
v 2.932835 28.018274 1.070906
v 3.122714 27.805868 1.076722
v 3.222888 27.578190 0.849986
v 3.258954 27.616932 1.082588
v 3.351127 27.450262 0.886449
v 3.375277 27.433990 1.068135
v 3.165016 27.592318 1.379968
v 3.349517 27.411503 1.220031
v 3.269026 27.382717 1.386413
v 3.165093 27.329077 1.620185
v 3.009721 27.559284 1.831894
v 3.079522 27.271227 1.820714
v 2.866382 27.554684 2.168648
v 2.796800 27.754883 2.180364
v 2.617173 27.483683 2.493812
v 2.591833 27.692350 2.533325
v 2.426466 27.624285 2.877342
v 2.378865 27.833057 2.911487
v 2.877699 28.011490 1.373215
v 3.053947 27.792393 1.381657
v 2.942135 27.779112 1.830039
v 2.679472 27.953266 2.174058
v 2.532566 27.901737 2.549346
v 2.778878 27.986609 1.817974
v 2.234382 27.754705 3.172774
v 2.284363 27.563141 3.173772
v 2.071087 27.605871 3.341573
v 2.127476 27.478119 3.347679
v 2.305676 27.349863 3.155517
v 2.173965 27.291756 3.323325
v 2.178285 27.018570 3.268572
v 2.311076 27.039715 3.090895
v 2.191870 26.971241 3.242949
v 2.222955 26.963341 3.196443
v 2.086025 27.689737 3.358883
v 3.374392 27.415508 0.899712
v 3.395203 27.402351 1.004778
v 3.405354 27.391071 0.941575
v 3.043345 27.171930 1.999230
v 2.998572 27.085367 2.178592
v 3.029163 27.089016 2.115504
v 3.037585 27.035078 2.192534
v 2.977441 27.078056 2.261247
v 2.901745 27.135925 2.345832
v 2.713235 27.191341 2.486205
v 2.441904 27.416029 2.818621
v 2.564837 27.183735 2.637094
v 2.461408 27.141027 2.839235
v 2.140350 27.752026 3.126698
v 2.004657 27.696466 3.322574
v 2.086025 27.689737 3.358883
v 2.234382 27.754705 3.172774
v 2.288823 27.837500 2.876636
v 2.378865 27.833057 2.911487
v 2.436116 27.889954 2.516790
v 2.532566 27.901737 2.549346
v 2.679472 27.953266 2.174058
v 2.590568 27.940283 2.137737
v 2.692567 27.978498 1.794848
v 2.778878 27.986609 1.817974
v 2.795140 27.986053 1.345227
v 2.877699 28.011490 1.373215
v 2.857358 28.004221 1.053596
v 2.932835 28.018274 1.070906
v 2.876648 27.981590 0.757204
v 2.953152 27.993176 0.787541
v 3.013147 27.752125 0.809687
v 2.876648 27.981590 0.757204
v 2.953152 27.993176 0.787541
v 3.089699 27.778599 0.837193
v 3.151655 27.565897 0.824655
v 3.222888 27.578190 0.849986
v 3.296288 27.407309 0.862077
v 3.351127 27.450262 0.886449
v 3.323644 27.367739 0.882514
v 3.374392 27.415508 0.899712
v 3.353096 27.340853 0.927996
v 3.405354 27.391071 0.941575
v 3.349143 27.354500 0.997615
v 3.353096 27.340853 0.927996
v 3.405354 27.391071 0.941575
v 3.395203 27.402351 1.004778
v 3.332992 27.381723 1.065082
v 3.375277 27.433990 1.068135
v 3.291296 27.379938 1.210640
v 3.349517 27.411503 1.220031
v 3.209859 27.352320 1.364664
v 3.269026 27.382717 1.386413
v 3.103287 27.297392 1.594029
v 3.165093 27.329077 1.620185
v 3.024756 27.235247 1.791167
v 3.079522 27.271227 1.820714
v 2.985837 27.151237 1.963441
v 3.043345 27.171930 1.999230
v 2.972867 27.059893 2.084724
v 3.029163 27.089016 2.115504
v 2.977832 27.007393 2.166884
v 3.037585 27.035078 2.192534
v 2.894872 27.054581 2.241791
v 2.977832 27.007393 2.166884
v 3.037585 27.035078 2.192534
v 2.977441 27.078056 2.261247
v 2.825358 27.109978 2.318528
v 2.901745 27.135925 2.345832
v 2.654465 27.156713 2.447779
v 2.713235 27.191341 2.486205
v 2.497044 27.152336 2.589636
v 2.564837 27.183735 2.637094
v 2.379220 27.119762 2.782289
v 2.461408 27.141027 2.839235
v 2.237913 27.023050 3.037990
v 2.311076 27.039715 3.090895
v 2.143841 26.951374 3.138254
v 2.222955 26.963341 3.196443
v 2.101772 26.964529 3.195504
v 2.191870 26.971241 3.242949
v 2.086709 27.010654 3.226008
v 2.101772 26.964529 3.195504
v 2.191870 26.971241 3.242949
v 2.178285 27.018570 3.268572
v 2.075885 27.285164 3.281078
v 2.173965 27.291756 3.323325
v 2.043498 27.464808 3.309793
v 2.127476 27.478119 3.347679
v 1.986517 27.608419 3.294414
v 2.071087 27.605871 3.341573
v 2.086025 27.689737 3.358883
v 2.004657 27.696466 3.322574
v 2.616469 27.467014 -2.492573
v 2.587621 27.680414 -2.530317
v 2.797427 27.752544 -2.180604
v 2.414998 27.608665 -2.869999
v 2.367868 27.825041 -2.904795
v 2.222875 27.749409 -3.165927
v 2.271555 27.552975 -3.165936
v 2.076939 27.603331 -3.346025
v 2.144342 27.480570 -3.359454
v 2.294633 27.335588 -3.148483
v 2.199968 27.289902 -3.340708
v 2.274414 27.054314 -3.337662
v 2.306790 27.024412 -3.087670
v 2.433869 27.394205 -2.812930
v 2.460265 27.118006 -2.837419
v 2.567614 27.161039 -2.637539
v 2.718696 27.173590 -2.488435
v 2.908390 27.125914 -2.349130
v 2.868700 27.550581 -2.169768
v 2.877699 28.011490 -1.373215
v 2.932835 28.018274 -1.070905
v 3.122714 27.805868 -1.076722
v 3.053947 27.792393 -1.381656
v 3.258954 27.616932 -1.082588
v 3.165016 27.592318 -1.379968
v 2.942135 27.779112 -1.830039
v 3.009721 27.559284 -1.831894
v 2.983443 27.071980 -2.264375
v 3.003468 27.081394 -2.181194
v 3.042173 27.031727 -2.194993
v 3.032774 27.086664 -2.117453
v 3.044679 27.171242 -1.999960
v 3.079522 27.271227 -1.820713
v 3.165093 27.329077 -1.620185
v 3.269026 27.382717 -1.386413
v 3.349517 27.411503 -1.220030
v 3.400095 27.388128 -1.074510
v 3.385722 27.435692 -0.897340
v 3.238507 27.582399 -0.883172
v 3.089699 27.778599 -0.837193
v 2.953152 27.993176 -0.787541
v 3.434686 27.370655 -1.007616
v 3.419824 27.402382 -0.905549
v 3.447596 27.372858 -0.941181
v 2.876648 27.981590 -0.757203
v 2.953152 27.993176 -0.787541
v 2.932835 28.018274 -1.070905
v 2.857358 28.004221 -1.053596
v 2.877699 28.011490 -1.373215
v 2.795140 27.986053 -1.345227
v 2.778878 27.986609 -1.817973
v 2.692567 27.978498 -1.794848
v 2.679233 27.952827 -2.173898
v 2.590314 27.939888 -2.137570
v 2.430877 27.884409 -2.513513
v 2.527449 27.896034 -2.546132
v 2.367868 27.825041 -2.904795
v 2.278092 27.830265 -2.870134
v 2.222875 27.749409 -3.165927
v 2.129281 27.747248 -3.120127
v 2.077721 27.688049 -3.354049
v 1.997089 27.695242 -3.318184
v 2.309281 27.012337 -3.326087
v 2.274414 27.054314 -3.337662
v 2.306790 27.024412 -3.087670
v 2.349575 27.007414 -3.286314
v 2.527449 27.896034 -2.546132
v 2.679233 27.952827 -2.173898
v 2.778878 27.986609 -1.817973
v 3.392562 27.329792 -0.917650
v 3.447596 27.372858 -0.941181
v 3.419824 27.402382 -0.905549
v 3.356216 27.358963 -0.888646
v 3.385722 27.435692 -0.897340
v 3.326619 27.403965 -0.870400
v 3.238507 27.582399 -0.883172
v 3.188633 27.546179 -0.837702
v 3.089699 27.778599 -0.837193
v 3.013147 27.752125 -0.809687
v 2.953152 27.993176 -0.787541
v 2.876648 27.981590 -0.757203
v 2.982673 27.003805 -2.169475
v 3.042173 27.031727 -2.194993
v 3.032774 27.086664 -2.117453
v 2.976552 27.057510 -2.086714
v 3.044679 27.171242 -1.999960
v 2.987110 27.150583 -1.964137
v 3.079522 27.271227 -1.820713
v 3.024756 27.235247 -1.791166
v 3.165093 27.329077 -1.620185
v 3.103287 27.297392 -1.594029
v 3.269026 27.382717 -1.386413
v 3.209859 27.352320 -1.364664
v 3.349517 27.411503 -1.220030
v 3.291296 27.379938 -1.210640
v 3.400095 27.388128 -1.074510
v 3.354356 27.340549 -1.061353
v 3.434686 27.370655 -1.007616
v 3.385695 27.328386 -0.991014
v 3.447596 27.372858 -0.941181
v 3.392562 27.329792 -0.917650
v 2.291643 26.955143 -3.226056
v 2.349575 27.007414 -3.286314
v 2.306790 27.024412 -3.087670
v 2.233981 27.008095 -3.034984
v 2.460265 27.118006 -2.837419
v 2.378455 27.097357 -2.780720
v 2.567614 27.161039 -2.637539
v 2.500255 27.130384 -2.590366
v 2.718696 27.173590 -2.488435
v 2.660316 27.139219 -2.450245
v 2.908390 27.125914 -2.349130
v 2.832278 27.099274 -2.321948
v 2.983443 27.071980 -2.264375
v 2.901323 27.047600 -2.245131
v 3.042173 27.031727 -2.194993
v 2.982673 27.003805 -2.169475
v 2.237290 26.962786 -3.273837
v 2.309281 27.012337 -3.326087
v 2.349575 27.007414 -3.286314
v 2.291643 26.955143 -3.226056
v 1.992996 27.606361 -3.299248
v 1.997089 27.695242 -3.318184
v 2.077721 27.688049 -3.354049
v 2.076939 27.603331 -3.346025
v 2.144342 27.480570 -3.359454
v 2.060840 27.467724 -3.321863
v 2.199968 27.289902 -3.340708
v 2.107176 27.256704 -3.300287
v 2.274414 27.054314 -3.337662
v 2.200668 27.004154 -3.290310
v 2.237290 26.962786 -3.273837
v 2.077721 27.688049 -3.354049
v 2.201427 29.605679 0.224315
v 2.137759 29.660154 0.313380
v 2.154111 29.632105 0.333119
v 2.174039 29.601204 0.342197
v 2.195690 29.570175 0.340427
v 2.178957 29.552280 0.361122
v 2.217248 29.541754 0.327352
v 2.204978 29.517759 0.346305
v 2.236389 29.519217 0.303402
v 2.228036 29.490612 0.317458
v 2.250958 29.505102 0.271279
v 2.245136 29.474354 0.278322
v 2.259875 29.500134 0.234802
v 2.255503 29.468904 0.234468
v 2.262702 29.504244 0.197254
v 2.259232 29.473333 0.189447
v 2.255141 29.488646 0.146586
v 2.258838 29.517584 0.161892
v 2.248127 29.539509 0.132694
v 2.168637 29.657913 0.118722
v 2.149497 29.680452 0.142672
v 2.190194 29.629490 0.105646
v 2.211846 29.598459 0.103876
v 2.231775 29.567554 0.112955
v 2.198179 29.586258 0.078208
v 2.172280 29.623507 0.079731
v 2.146258 29.658026 0.094547
v 2.123202 29.685171 0.123394
v 2.134928 29.694567 0.174795
v 2.126009 29.699530 0.211272
v 2.123184 29.695417 0.248819
v 2.095733 29.706882 0.206385
v 2.092003 29.702450 0.251405
v 2.127049 29.682081 0.284183
v 2.096096 29.687138 0.294267
v 2.108996 29.660730 0.329434
v 2.129035 29.626642 0.352348
v 2.153058 29.589529 0.362645
v 2.138473 29.561695 0.213219
v 2.255141 29.488646 0.146586
v 2.259232 29.473333 0.189447
v 2.255503 29.468904 0.234468
v 2.245136 29.474354 0.278322
v 2.228036 29.490612 0.317458
v 2.204978 29.517759 0.346305
v 2.178957 29.552280 0.361122
v 2.153058 29.589529 0.362645
v 2.129035 29.626642 0.352348
v 2.108996 29.660730 0.329434
v 2.096096 29.687138 0.294267
v 2.092003 29.702450 0.251405
v 2.095733 29.706882 0.206385
v 2.106101 29.701426 0.162530
v 2.123202 29.685171 0.123394
v 2.146258 29.658026 0.094547
v 2.172280 29.623507 0.079731
v 2.198179 29.586258 0.078208
v 2.222203 29.549141 0.088504
v 2.242239 29.515060 0.111417
v 2.106101 29.701426 0.162530
v 2.242239 29.515060 0.111417
v 2.222203 29.549141 0.088504
v 2.217205 29.550644 -0.068477
v 2.209996 29.580406 -0.136681
v 2.191019 29.591145 -0.073777
v 2.206750 29.553070 0.052925
v 2.172189 29.609133 0.022156
v 2.196322 29.559015 0.143873
v 2.173018 29.594913 0.140251
v 2.200100 29.573837 -0.138985
v 2.209996 29.580406 -0.136681
v 2.217205 29.550644 -0.068477
v 2.207309 29.544075 -0.070781
v 2.206750 29.553070 0.052925
v 2.196854 29.546501 0.050622
v 2.196322 29.559015 0.143873
v 2.186426 29.552448 0.141570
v 2.186426 29.552448 0.141570
v 2.196322 29.559015 0.143873
v 2.173018 29.594913 0.140251
v 2.163122 29.588345 0.137947
v 2.163122 29.588345 0.137947
v 2.173018 29.594913 0.140251
v 2.172189 29.609133 0.022156
v 2.162292 29.602566 0.019853
v 2.191019 29.591145 -0.073777
v 2.181123 29.584576 -0.076080
v 2.209996 29.580406 -0.136681
v 2.200100 29.573837 -0.138985
v 3.528549 21.895752 -0.014498
v 3.548792 21.897900 -0.014373
v 3.545946 21.928707 -0.025735
v 3.519009 22.010834 -0.299985
v 3.498644 22.010130 -0.299198
v 3.499484 22.008686 -0.232444
v 3.519848 22.009386 -0.233233
v 3.510693 21.986418 -0.128357
v 3.531011 21.987921 -0.128505
v 3.525630 21.927200 -0.025587
v 3.545946 21.928707 -0.025735
v 3.528549 21.895752 -0.014498
v 2.194638 21.515408 -3.572434
v 2.258899 21.586340 -3.496324
v 2.283383 21.557652 -3.500908
v 2.298857 21.524733 -3.511460
v 2.304516 21.490547 -3.526776
v 2.319668 21.477299 -3.501812
v 2.299301 21.458069 -3.545774
v 2.314301 21.437946 -3.524422
v 2.282838 21.430906 -3.566730
v 2.294473 21.405231 -3.549665
v 2.256986 21.412121 -3.587282
v 2.262755 21.383385 -3.574261
v 2.225036 21.402925 -3.605430
v 2.224226 21.372889 -3.595842
v 2.189993 21.403551 -3.619791
v 2.182322 21.373104 -3.613291
v 2.139831 21.385456 -3.624704
v 2.154771 21.414522 -3.628875
v 2.123135 21.435524 -3.631260
v 2.082732 21.563812 -3.581808
v 2.099196 21.590971 -3.560855
v 2.077517 21.531326 -3.600805
v 2.083176 21.497141 -3.616122
v 2.098651 21.464224 -3.626673
v 2.054913 21.485344 -3.608603
v 2.047575 21.526312 -3.590478
v 2.052942 21.565657 -3.567866
v 2.072770 21.598372 -3.542626
v 2.125049 21.609751 -3.540302
v 2.156997 21.618950 -3.522152
v 2.192040 21.618320 -3.507792
v 2.143018 21.630720 -3.496447
v 2.184922 21.630505 -3.478998
v 2.227264 21.607349 -3.498709
v 2.227412 21.618149 -3.467584
v 2.265516 21.592848 -3.464713
v 2.294296 21.557861 -3.470756
v 2.312330 21.518265 -3.483687
v 2.166248 21.481506 -3.508672
v 2.139831 21.385456 -3.624704
v 2.182322 21.373104 -3.613291
v 2.224226 21.372889 -3.595842
v 2.262755 21.383385 -3.574261
v 2.294473 21.405231 -3.549665
v 2.314301 21.437946 -3.524422
v 2.319668 21.477299 -3.501812
v 2.312330 21.518265 -3.483687
v 2.294296 21.557861 -3.470756
v 2.265516 21.592848 -3.464713
v 2.227412 21.618149 -3.467584
v 2.184922 21.630505 -3.478998
v 2.143018 21.630720 -3.496447
v 2.104488 21.620220 -3.518027
v 2.072770 21.598372 -3.542626
v 2.052942 21.565657 -3.567866
v 2.047575 21.526312 -3.590478
v 2.054913 21.485344 -3.608603
v 2.072948 21.445742 -3.621535
v 2.101726 21.410765 -3.627577
v 2.104488 21.620220 -3.518027
v 2.101726 21.410765 -3.627577
v 2.072948 21.445742 -3.621535
v 2.340297 21.674278 3.381980
v 3.548792 21.897900 -0.014373
v 3.528549 21.895752 -0.014498
v 3.530136 21.887907 -0.042239
v 1.793946 29.495926 -1.103041
v 1.316817 29.876486 -1.190532
v 1.745641 29.775906 -0.365475
v 1.707038 30.315138 -0.227600
v 1.770888 29.779461 -0.241832
v 1.705463 30.306232 -0.170893
v 1.745572 29.788631 0.077007
v 1.701401 30.283266 -0.024663
v 1.745540 29.794537 0.282309
v 1.698786 30.268480 0.069495
v 1.289191 30.499224 0.692023
v 1.216964 29.777351 0.823451
v 1.880466 29.195951 1.052398
v 2.046967 29.173428 0.404874
v 2.095472 29.172403 0.181171
v 2.170801 29.170807 -0.166244
v 2.200013 29.170187 -0.300970
v 2.210891 29.060209 -1.224804
v 1.281770 30.609509 -0.824662
v 1.840309 29.878077 0.296371
v 1.830355 29.383604 0.730648
v 1.766330 29.326826 0.723389
v 1.743192 29.773832 0.283445
v 1.781860 30.264061 0.065337
v 1.716667 30.217213 0.071571
v 1.781860 30.264061 0.065337
v 1.781860 30.264061 0.065337
v 1.671568 30.285074 0.022879
v 1.781062 30.323881 -0.026610
v 1.688862 30.288174 0.000534
v 1.758651 30.200953 -0.051788
v 1.827237 30.238625 -0.056922
v 1.761722 29.761957 -0.400180
v 1.792786 29.820164 -0.423506
v 2.118411 29.300756 -0.740866
v 2.085353 29.227730 -0.735342
v 1.819961 29.622347 -1.083815
v 2.118411 29.300756 -0.740866
v 2.085353 29.227730 -0.735342
v 1.792786 29.820164 -0.423506
v 1.582906 30.025459 -0.680825
v 1.701098 30.432259 -0.532363
v 1.284424 30.733976 -0.969947
v 1.248397 30.797287 -0.919638
v 0.835236 30.904711 -1.181512
v 0.845201 30.975737 -1.113279
v 0.046107 31.194176 -1.190592
v 0.013588 31.105825 -1.243465
v -0.523203 31.347389 -0.912198
v -0.566683 31.280075 -0.951174
v -0.817318 31.333349 -0.475639
v -0.876032 31.262068 -0.486670
v -0.902856 31.361845 0.094231
v -0.949971 31.296392 0.102525
v -0.775344 31.358753 0.557834
v -0.818357 31.289135 0.580217
v 1.658011 30.516996 -0.496158
v 1.827237 30.238625 -0.056922
v 1.781062 30.323881 -0.026610
v -0.287099 31.268494 1.089464
v -0.311021 31.193403 1.129250
v 0.217740 31.155058 1.173234
v 0.197045 31.080116 1.224300
v 0.724858 30.982910 1.110074
v 0.731828 30.912525 1.163453
v 1.217651 30.766680 0.893822
v 1.249663 30.692013 0.955412
v 1.524807 30.463594 0.621462
v 1.395191 30.053890 0.664045
v 1.840309 29.878077 0.296371
v 1.830355 29.383604 0.730648
v 1.406679 29.689243 0.990769
v 1.766330 29.326826 0.723389
v 1.383334 29.626627 1.002086
v 1.030779 29.965933 1.270855
v 1.020693 29.871073 1.307043
v 0.542668 30.214825 1.409667
v 1.781860 30.264061 0.065337
v 1.744938 30.335861 0.046309
v 1.468402 30.558462 0.588690
v 0.503400 30.129108 1.403555
v 0.005188 30.413500 1.428839
v -0.010090 30.328299 1.410159
v -0.532169 30.586771 1.129700
v -0.520652 30.496820 1.093956
v -0.823493 30.603590 0.532984
v -0.889392 30.718401 0.554509
v -0.938597 30.624119 0.089355
v -1.028599 30.730959 0.072204
v -0.960492 30.610954 -0.448801
v -1.033593 30.710545 -0.475435
v -0.743812 30.598612 -0.967815
v -0.754106 30.711416 -1.030825
v -0.241526 30.462467 -1.382414
v -0.191161 30.539648 -1.391095
v 0.503650 30.176533 -1.480601
v 0.585691 30.255154 -1.466027
v 1.258892 29.978977 -1.409440
v 1.783196 29.565945 -1.097646
v 1.244792 29.895437 -1.432871
v 1.185259 30.330738 -1.053406
v 0.674825 30.651278 -1.267080
v -0.088705 30.794964 -1.284756
v -0.641632 30.975412 -0.983866
v -0.952981 30.948803 -0.456985
v -0.980917 30.970989 0.089858
v -0.841742 30.951826 0.554366
v -0.409288 30.846527 1.130073
v 0.081914 30.720301 1.320715
v 0.582376 30.564232 1.282073
v 1.088966 30.285164 1.021057
v 1.671568 30.285074 0.022879
v 1.744938 30.335861 0.046309
v 1.781860 30.264061 0.065337
v 1.563389 30.468103 -0.429224
v 1.688862 30.288174 0.000534
v 1.781062 30.323881 -0.026610
v 1.658011 30.516996 -0.496158
v 1.166899 30.708590 -0.812253
v 1.248397 30.797287 -0.919638
v 0.845201 30.975737 -1.113279
v 0.833949 30.884022 -0.976321
v 0.105482 31.106646 -1.064341
v 0.046107 31.194176 -1.190592
v -0.418619 31.229607 -0.816591
v -0.523203 31.347389 -0.912198
v -0.678266 31.220293 -0.433828
v -0.817318 31.333349 -0.475639
v -0.768671 31.241606 0.081845
v -0.902856 31.361845 0.094231
v -0.653117 31.242392 0.502267
v -0.775344 31.358753 0.557834
v -0.216276 31.163231 0.985893
v -0.287099 31.268494 1.089464
v 0.254966 31.056471 1.053345
v 0.217740 31.155058 1.173234
v 0.703912 30.890123 0.991671
v 0.724858 30.982910 1.110074
v 1.142608 30.691242 0.779986
v 1.217651 30.766680 0.893822
v 1.468402 30.558462 0.588690
v 1.366672 30.516161 0.519783
v 1.671568 30.285074 0.022879
v 1.744938 30.335861 0.046309
v 1.638681 19.662624 -9.634201
v 2.047369 19.709238 -9.449487
v 1.651942 20.390852 -8.920697
v 1.305661 20.356211 -9.087083
v 1.304602 19.699621 -9.948512
v 0.964169 20.456749 -9.403992
v 1.145828 19.833723 -10.258307
v 0.856124 20.576653 -9.829635
v 1.321523 20.155277 -10.781549
v 1.062711 20.840572 -10.163032
v 1.851462 20.412479 -10.833465
v 1.542266 21.220465 -10.234911
v 2.375992 20.485165 -10.615505
v 2.091965 21.281900 -9.946379
v 2.775181 20.375721 -10.171444
v 2.467218 21.108564 -9.578685
v 2.857697 20.240419 -9.857010
v 2.512651 20.888678 -9.277494
v 2.761009 20.022711 -9.538839
v 2.363465 20.684322 -9.023154
v 2.474898 19.830975 -9.397548
v 2.016647 20.467337 -8.897714
v 2.047369 19.709238 -9.449487
v 1.651942 20.390852 -8.920697
v 1.949621 19.579487 9.831270
v 1.683909 20.274904 9.128922
v 2.049868 20.353760 9.128097
v 2.275931 19.685225 9.795565
v 2.404061 20.652977 9.263550
v 2.604184 19.883894 9.854590
v 2.547128 20.950235 9.554499
v 2.829153 20.102804 10.138062
v 2.459238 21.198847 9.804300
v 2.629207 20.368795 10.682320
v 2.094318 21.272945 10.204179
v 2.218064 20.490833 11.070958
v 1.576543 21.189409 10.466000
v 1.706485 20.427940 11.199735
v 1.034222 20.815184 10.283000
v 1.179835 20.211105 11.067279
v 0.989784 20.639189 9.927556
v 1.012837 19.830677 10.588240
v 1.048941 20.460459 9.534048
v 1.208673 19.656733 10.262356
v 1.284421 20.338259 9.254272
v 1.526446 19.567825 9.994941
v 1.683909 20.274904 9.128922
v 1.949621 19.579487 9.831270
v 1.743776 20.692560 9.733625
v 1.246682 20.188929 10.973372
v 1.104101 19.846775 10.555117
v 1.743776 20.692560 9.733625
v 2.507985 19.893673 9.909389
v 2.712107 20.082678 10.156495
v 1.743776 20.692560 9.733625
v 1.279634 19.693724 10.268311
v 1.559342 19.615467 10.032928
v 1.743776 20.692560 9.733625
v 1.559342 19.615467 10.032928
v 1.931827 19.625731 9.888863
v 1.743776 20.692560 9.733625
v 1.715487 20.378933 11.089384
v 1.246682 20.188929 10.973372
v 1.743776 20.692560 9.733625
v 2.712107 20.082678 10.156495
v 2.532108 20.316116 10.638330
v 1.743776 20.692560 9.733625
v 1.104101 19.846775 10.555117
v 1.279634 19.693724 10.268311
v 1.743776 20.692560 9.733625
v 2.168115 20.427910 10.980056
v 1.715487 20.378933 11.089384
v 1.743776 20.692560 9.733625
v 2.532108 20.316116 10.638330
v 2.168115 20.427910 10.980056
v 1.743776 20.692560 9.733625
v 2.219051 19.718803 9.857434
v 2.507985 19.893673 9.909389
v 1.743776 20.692560 9.733625
v 1.931827 19.625731 9.888863
v 2.219051 19.718803 9.857434
v 1.949621 19.579487 9.831270
v 1.931827 19.625731 9.888863
v 1.559342 19.615467 10.032928
v 1.526446 19.567825 9.994941
v 1.279634 19.693724 10.268311
v 1.208673 19.656733 10.262356
v 1.104101 19.846775 10.555117
v 1.012837 19.830677 10.588240
v 1.246682 20.188929 10.973372
v 1.179835 20.211105 11.067279
v 1.715487 20.378933 11.089384
v 1.706485 20.427940 11.199735
v 2.168115 20.427910 10.980056
v 2.218064 20.490833 11.070958
v 2.532108 20.316116 10.638330
v 2.629207 20.368795 10.682320
v 2.712107 20.082678 10.156495
v 2.829153 20.102804 10.138062
v 2.507985 19.893673 9.909389
v 2.604184 19.883894 9.854590
v 2.219051 19.718803 9.857434
v 2.275931 19.685225 9.795565
v 1.931827 19.625731 9.888863
v 1.949621 19.579487 9.831270
v 1.726056 20.722815 -9.510041
v 1.207169 19.853209 -10.256027
v 1.368547 20.148560 -10.736629
v 1.726056 20.722815 -9.510041
v 2.779539 20.226763 -9.887431
v 2.690729 20.026796 -9.595188
v 1.726056 20.722815 -9.510041
v 1.659859 19.696053 -9.682778
v 1.353004 19.730034 -9.971476
v 1.726056 20.722815 -9.510041
v 2.035244 19.738869 -9.513117
v 1.659859 19.696053 -9.682778
v 1.726056 20.722815 -9.510041
v 1.368547 20.148560 -10.736629
v 1.855055 20.386541 -10.786118
v 1.726056 20.722815 -9.510041
v 2.703747 20.351040 -10.176241
v 2.779539 20.226763 -9.887431
v 1.726056 20.722815 -9.510041
v 1.353004 19.730034 -9.971476
v 1.207169 19.853209 -10.256027
v 1.726056 20.722815 -9.510041
v 1.855055 20.386541 -10.786118
v 2.336841 20.453304 -10.585920
v 1.726056 20.722815 -9.510041
v 2.336841 20.453304 -10.585920
v 2.703747 20.351040 -10.176241
v 1.726056 20.722815 -9.510041
v 2.690729 20.026796 -9.595188
v 2.427934 19.850683 -9.465410
v 1.726056 20.722815 -9.510041
v 2.427934 19.850683 -9.465410
v 2.035244 19.738869 -9.513117
v 2.047369 19.709238 -9.449487
v 2.035244 19.738869 -9.513117
v 2.427934 19.850683 -9.465410
v 2.474898 19.830975 -9.397548
v 2.690729 20.026796 -9.595188
v 2.761009 20.022711 -9.538839
v 2.779539 20.226763 -9.887431
v 2.857697 20.240419 -9.857010
v 2.703747 20.351040 -10.176241
v 2.775181 20.375721 -10.171444
v 2.336841 20.453304 -10.585920
v 2.375992 20.485165 -10.615505
v 1.855055 20.386541 -10.786118
v 1.851462 20.412479 -10.833465
v 1.368547 20.148560 -10.736629
v 1.321523 20.155277 -10.781549
v 1.207169 19.853209 -10.256027
v 1.145828 19.833723 -10.258307
v 1.353004 19.730034 -9.971476
v 1.304602 19.699621 -9.948512
v 1.659859 19.696053 -9.682778
v 1.638681 19.662624 -9.634201
v 2.035244 19.738869 -9.513117
v 2.047369 19.709238 -9.449487
vt 0.9097 0.1123
vt 0.9197 0.1150
vt 0.9191 0.1156
vt 0.9299 0.1224
vt 0.9387 0.1292
vt 0.9377 0.1304
vt 0.9278 0.1257
vt 0.9142 0.1180
vt 0.9097 0.1123
vt 0.9333 0.1360
vt 0.9057 0.1206
vt 0.9097 0.1123
vt 0.9111 0.1225
vt 0.9252 0.1302
vt 0.9304 0.1405
vt 0.9418 0.1456
vt 0.9291 0.1449
vt 0.9422 0.1478
vt 0.9473 0.1456
vt 0.9443 0.1434
vt 0.9479 0.1398
vt 0.9452 0.1403
vt 0.9390 0.1298
vt 0.9380 0.1309
vt 0.9097 0.1123
vt 0.8974 0.1244
vt 0.9045 0.1275
vt 0.8967 0.1071
vt 0.9097 0.1123
vt 0.8826 0.1109
vt 0.9216 0.1354
vt 0.9199 0.1399
vt 0.9081 0.1340
vt 0.9091 0.1284
vt 0.9050 0.1336
vt 0.8998 0.1343
vt 0.8875 0.1263
vt 0.8684 0.1164
vt 0.8617 0.0999
vt 0.8505 0.1064
vt 0.8406 0.0901
vt 0.8353 0.0938
vt 0.8254 0.0784
vt 0.8826 0.1109
vt 0.8769 0.0930
vt 0.8617 0.0999
vt 0.8547 0.0814
vt 0.8673 0.0749
vt 0.8459 0.0643
vt 0.8571 0.0584
vt 0.8423 0.0535
vt 0.8504 0.0494
vt 0.8469 0.0409
vt 0.8549 0.0419
vt 0.8526 0.0371
vt 0.8445 0.0282
vt 0.8505 0.0246
vt 0.8464 0.0135
vt 0.8422 0.0167
vt 0.8412 0.0093
vt 0.8398 0.0120
vt 0.8359 0.0078
vt 0.8363 0.0123
vt 0.8367 0.0180
vt 0.8381 0.0295
vt 0.8405 0.0434
vt 0.8320 0.0282
vt 0.8316 0.0178
vt 0.8332 0.0134
vt 0.8314 0.0111
vt 0.8274 0.0154
vt 0.8248 0.0268
vt 0.8329 0.0430
vt 0.8326 0.0537
vt 0.8306 0.0703
vt 0.8406 0.0901
vt 0.8505 0.1064
vt 0.8684 0.1164
vt 0.8567 0.1219
vt 0.8147 0.0697
vt 0.8118 0.0751
vt 0.8226 0.0553
vt 0.8255 0.0405
vt 0.8254 0.0784
vt 0.8353 0.0938
vt 0.8446 0.1099
vt 0.8508 0.1256
vt 0.8587 0.1372
vt 0.8548 0.1394
vt 0.8716 0.1329
vt 0.8629 0.1491
vt 0.8589 0.1512
vt 0.8550 0.1533
vt 0.8509 0.1416
vt 0.8448 0.1293
vt 0.8387 0.1133
vt 0.8300 0.0975
vt 0.8201 0.0865
vt 0.8089 0.0805
vt 0.8875 0.1263
vt 0.8765 0.1446
vt 0.8904 0.1377
vt 0.8998 0.1343
vt 0.8974 0.1244
vt 0.9045 0.1275
vt 0.9050 0.1336
vt 0.9091 0.1284
vt 0.9081 0.1340
vt 0.9216 0.1354
vt 0.9199 0.1399
vt 0.9291 0.1449
vt 0.9304 0.1405
vt 0.9418 0.1456
vt 0.9333 0.1360
vt 0.9443 0.1434
vt 0.9452 0.1403
vt 0.9479 0.1398
vt 0.9390 0.1298
vt 0.9380 0.1309
vt 0.9422 0.1478
vt 0.9473 0.1456
vt 0.8201 0.0865
vt 0.8089 0.0805
vt 0.8118 0.0751
vt 0.8306 0.0703
vt 0.8147 0.0697
vt 0.8326 0.0537
vt 0.8226 0.0553
vt 0.8329 0.0430
vt 0.8255 0.0405
vt 0.8248 0.0268
vt 0.8320 0.0282
vt 0.8316 0.0178
vt 0.8367 0.0180
vt 0.8363 0.0123
vt 0.8398 0.0120
vt 0.8359 0.0078
vt 0.8412 0.0093
vt 0.8422 0.0167
vt 0.8274 0.0154
vt 0.8332 0.0134
vt 0.8314 0.0111
vt 0.8464 0.0135
vt 0.8445 0.0282
vt 0.8505 0.0246
vt 0.8526 0.0371
vt 0.8469 0.0409
vt 0.8549 0.0419
vt 0.8504 0.0494
vt 0.8585 0.0447
vt 0.8571 0.0584
vt 0.8742 0.0493
vt 0.8763 0.0574
vt 0.8795 0.0481
vt 0.8827 0.0544
vt 0.8829 0.0456
vt 0.8871 0.0505
vt 0.8976 0.0329
vt 0.9030 0.0358
vt 0.9096 0.0247
vt 0.8845 0.0687
vt 0.8673 0.0749
vt 0.8888 0.0599
vt 0.9231 0.0195
vt 0.9188 0.0286
vt 0.9149 0.0267
vt 0.9082 0.0392
vt 0.8928 0.0545
vt 0.8983 0.0656
vt 0.8948 0.0867
vt 0.8769 0.0930
vt 0.8547 0.0814
vt 0.8459 0.0643
vt 0.8423 0.0535
vt 0.8405 0.0434
vt 0.9114 0.0423
vt 0.8990 0.0568
vt 0.9075 0.0575
vt 0.9056 0.0565
vt 0.9075 0.0575
vt 0.9178 0.0194
vt 0.9196 0.0136
vt 0.9224 0.0124
vt 0.9170 0.0114
vt 0.9190 0.0076
vt 0.9137 0.0108
vt 0.9134 0.0081
vt 0.9093 0.0149
vt 0.9069 0.0111
vt 0.8999 0.0191
vt 0.9043 0.0211
vt 0.8919 0.0312
vt 0.9133 0.0175
vt 0.9483 0.0965
vt 0.9492 0.0917
vt 0.9348 0.0895
vt 0.9572 0.0980
vt 0.9565 0.1022
vt 0.9624 0.0995
vt 0.9633 0.1027
vt 0.9644 0.0977
vt 0.9671 0.1031
vt 0.9639 0.1078
vt 0.9623 0.1059
vt 0.9580 0.1109
vt 0.9568 0.1071
vt 0.9473 0.1077
vt 0.9483 0.1021
vt 0.9337 0.1013
vt 0.9346 0.0950
vt 0.9143 0.1001
vt 0.9159 0.0934
vt 0.9083 0.0888
vt 0.9202 0.0882
vt 0.9206 0.0868
vt 0.9186 0.0839
vt 0.9127 0.0804
vt 0.9292 0.0721
vt 0.9086 0.0741
vt 0.9256 0.0657
vt 0.9070 0.0672
vt 0.9244 0.0597
vt 0.9231 0.0548
vt 0.9389 0.0540
vt 0.9368 0.0493
vt 0.9475 0.0465
vt 0.9476 0.0512
vt 0.9532 0.0500
vt 0.9558 0.0527
vt 0.9600 0.0506
vt 0.9597 0.0573
vt 0.9567 0.0563
vt 0.9491 0.0553
vt 0.9520 0.0600
vt 0.9405 0.0591
vt 0.9558 0.0636
vt 0.9433 0.0652
vt 0.9464 0.0698
vt 0.9331 0.0773
vt 0.9644 0.0977
vt 0.9624 0.0995
vt 0.9572 0.0980
vt 0.9633 0.1027
vt 0.9671 0.1031
vt 0.9639 0.1078
vt 0.9623 0.1059
vt 0.9580 0.1109
vt 0.9568 0.1071
vt 0.9565 0.1022
vt 0.9483 0.1021
vt 0.9483 0.0965
vt 0.9346 0.0950
vt 0.9348 0.0895
vt 0.9159 0.0934
vt 0.9202 0.0882
vt 0.9206 0.0868
vt 0.9083 0.0888
vt 0.9186 0.0839
vt 0.9127 0.0804
vt 0.9492 0.0917
vt 0.9594 0.0939
vt 0.9292 0.0721
vt 0.9086 0.0741
vt 0.9256 0.0657
vt 0.9070 0.0672
vt 0.9244 0.0597
vt 0.9231 0.0548
vt 0.9389 0.0540
vt 0.9368 0.0493
vt 0.9475 0.0465
vt 0.9476 0.0512
vt 0.9532 0.0500
vt 0.9558 0.0527
vt 0.9600 0.0506
vt 0.9597 0.0573
vt 0.9567 0.0563
vt 0.9520 0.0600
vt 0.9491 0.0553
vt 0.9405 0.0591
vt 0.9097 0.1123
vt 0.9153 0.1069
vt 0.9187 0.1117
vt 0.9338 0.1075
vt 0.9343 0.1123
vt 0.9482 0.1126
vt 0.9473 0.1077
vt 0.9337 0.1013
vt 0.9143 0.1001
vt 0.9070 0.1007
vt 0.9097 0.1123
vt 0.9097 0.1123
vt 0.8381 0.0295
vt 0.8885 0.2199
vt 0.8828 0.2219
vt 0.8797 0.2186
vt 0.8852 0.2153
vt 0.8782 0.2142
vt 0.8815 0.2099
vt 0.8944 0.2069
vt 0.8907 0.2018
vt 0.9051 0.1983
vt 0.9014 0.1918
vt 0.9150 0.1918
vt 0.9103 0.1792
vt 0.9208 0.1661
vt 0.9235 0.1894
vt 0.9400 0.1885
vt 0.9350 0.2065
vt 0.9546 0.1895
vt 0.9533 0.2069
vt 0.9665 0.1856
vt 0.9703 0.1997
vt 0.9393 0.1683
vt 0.9541 0.1685
vt 0.9535 0.1637
vt 0.9395 0.1625
vt 0.9241 0.1606
vt 0.9274 0.1552
vt 0.9396 0.1566
vt 0.9529 0.1588
vt 0.9706 0.1574
vt 0.9718 0.1620
vt 0.9730 0.1665
vt 0.9785 0.1809
vt 0.9821 0.1974
vt 0.9745 0.2141
vt 0.9835 0.2088
vt 0.9803 0.2192
vt 0.9849 0.2153
vt 0.9860 0.2194
vt 0.9815 0.2229
vt 0.9866 0.2343
vt 0.9819 0.2360
vt 0.9876 0.2450
vt 0.9903 0.2436
vt 0.9923 0.2565
vt 0.9966 0.2559
vt 0.9945 0.2416
vt 0.9994 0.2529
vt 0.9912 0.2323
vt 0.9486 0.2883
vt 0.9467 0.2823
vt 0.9526 0.2818
vt 0.9535 0.2900
vt 0.9588 0.2811
vt 0.9519 0.2710
vt 0.9572 0.2703
vt 0.9560 0.2556
vt 0.9500 0.2559
vt 0.9557 0.2389
vt 0.9487 0.2388
vt 0.9414 0.2405
vt 0.9482 0.2329
vt 0.9382 0.2350
vt 0.9430 0.2234
vt 0.9297 0.2318
vt 0.9300 0.2233
vt 0.9222 0.2230
vt 0.9205 0.2050
vt 0.9585 0.2878
vt 0.9148 0.2028
vt 0.9089 0.2044
vt 0.8984 0.2127
vt 0.9601 0.2201
vt 0.9770 0.2273
vt 0.9742 0.2247
vt 0.9666 0.2277
vt 0.9577 0.2322
vt 0.9871 0.2682
vt 0.9883 0.2742
vt 0.9848 0.2772
vt 0.9819 0.2703
vt 0.9824 0.2595
vt 0.9786 0.2617
vt 0.9784 0.2467
vt 0.9736 0.2487
vt 0.9739 0.2306
vt 0.9678 0.2325
vt 0.9612 0.2359
vt 0.9800 0.2770
vt 0.9769 0.2724
vt 0.9729 0.2633
vt 0.9675 0.2504
vt 0.9966 0.2559
vt 0.9994 0.2529
vt 0.9945 0.2416
vt 0.9903 0.2436
vt 0.9923 0.2565
vt 0.9876 0.2450
vt 0.9866 0.2343
vt 0.9819 0.2360
vt 0.9815 0.2229
vt 0.9860 0.2194
vt 0.9803 0.2192
vt 0.9849 0.2153
vt 0.9835 0.2088
vt 0.9745 0.2141
vt 0.9821 0.1974
vt 0.9703 0.1997
vt 0.9533 0.2069
vt 0.9665 0.1856
vt 0.9546 0.1895
vt 0.9541 0.1685
vt 0.9912 0.2323
vt 0.9400 0.1885
vt 0.9393 0.1683
vt 0.9208 0.1661
vt 0.9395 0.1625
vt 0.9241 0.1606
vt 0.9396 0.1566
vt 0.9274 0.1552
vt 0.9535 0.1637
vt 0.9718 0.1620
vt 0.9730 0.1665
vt 0.9785 0.1809
vt 0.9706 0.1574
vt 0.9529 0.1588
vt 0.9196 0.2782
vt 0.9254 0.2795
vt 0.9288 0.2703
vt 0.9224 0.2855
vt 0.9175 0.2856
vt 0.9136 0.2828
vt 0.9141 0.2760
vt 0.9224 0.2685
vt 0.9175 0.2660
vt 0.9215 0.2525
vt 0.9260 0.2537
vt 0.9289 0.2370
vt 0.9357 0.2397
vt 0.9297 0.2318
vt 0.9382 0.2350
vt 0.9430 0.2234
vt 0.9300 0.2233
vt 0.9350 0.2065
vt 0.9325 0.2556
vt 0.9235 0.1894
vt 0.9150 0.1918
vt 0.9103 0.1792
vt 0.9014 0.1918
vt 0.9051 0.1983
vt 0.8907 0.2018
vt 0.8944 0.2069
vt 0.8815 0.2099
vt 0.8852 0.2153
vt 0.8782 0.2142
vt 0.8797 0.2186
vt 0.8885 0.2199
vt 0.8828 0.2219
vt 0.9224 0.2353
vt 0.9225 0.2300
vt 0.9222 0.2230
vt 0.9205 0.2050
vt 0.9148 0.2028
vt 0.9089 0.2044
vt 0.8984 0.2127
vt 0.9848 0.2772
vt 0.9883 0.2742
vt 0.9871 0.2682
vt 0.9819 0.2703
vt 0.9824 0.2595
vt 0.9786 0.2617
vt 0.9784 0.2467
vt 0.9736 0.2487
vt 0.9739 0.2306
vt 0.9678 0.2325
vt 0.9742 0.2247
vt 0.9666 0.2277
vt 0.9601 0.2201
vt 0.9482 0.2329
vt 0.9414 0.2405
vt 0.9487 0.2388
vt 0.9557 0.2389
vt 0.9577 0.2322
vt 0.9612 0.2359
vt 0.9675 0.2504
vt 0.9729 0.2633
vt 0.9769 0.2724
vt 0.9800 0.2770
vt 0.9500 0.2559
vt 0.9560 0.2556
vt 0.9519 0.2710
vt 0.9572 0.2703
vt 0.9588 0.2811
vt 0.9526 0.2818
vt 0.9535 0.2900
vt 0.9486 0.2883
vt 0.9467 0.2823
vt 0.9457 0.2716
vt 0.9434 0.2575
vt 0.9585 0.2878
vt 0.9149 0.0267
vt 0.9188 0.0286
vt 0.9231 0.0195
vt 0.9178 0.0194
vt 0.9096 0.0247
vt 0.9133 0.0175
vt 0.9043 0.0211
vt 0.9093 0.0149
vt 0.8999 0.0191
vt 0.9069 0.0111
vt 0.9134 0.0081
vt 0.9137 0.0108
vt 0.9190 0.0076
vt 0.9170 0.0114
vt 0.9224 0.0124
vt 0.9196 0.0136
vt 0.8919 0.0312
vt 0.8976 0.0329
vt 0.8829 0.0456
vt 0.8585 0.0447
vt 0.8742 0.0493
vt 0.8763 0.0574
vt 0.8795 0.0481
vt 0.8827 0.0544
vt 0.8871 0.0505
vt 0.9030 0.0358
vt 0.9082 0.0392
vt 0.9114 0.0423
vt 0.8990 0.0568
vt 0.9056 0.0565
vt 0.9075 0.0575
vt 0.8983 0.0656
vt 0.9075 0.0575
vt 0.8845 0.0687
vt 0.8888 0.0599
vt 0.8928 0.0545
vt 0.8948 0.0867
vt 0.8967 0.1071
vt 0.9097 0.1123
vt 0.9070 0.1007
vt 0.9097 0.1123
vt 0.9097 0.1123
vt 0.9153 0.1069
vt 0.9187 0.1117
vt 0.9097 0.1123
vt 0.9097 0.1123
vt 0.9197 0.1150
vt 0.9075 0.0575
vt 0.9014 0.0777
vt 0.9338 0.1075
vt 0.9343 0.1123
vt 0.9482 0.1126
vt 0.6720 0.1235
vt 0.6751 0.1414
vt 0.6885 0.1398
vt 0.6844 0.1218
vt 0.6690 0.1057
vt 0.6802 0.1038
vt 0.6995 0.1214
vt 0.6929 0.1045
vt 0.7057 0.1198
vt 0.7053 0.1012
vt 0.7217 0.1175
vt 0.7190 0.0973
vt 0.7408 0.1138
vt 0.7365 0.0910
vt 0.7609 0.1086
vt 0.7551 0.0869
vt 0.7801 0.1039
vt 0.7756 0.0870
vt 0.7949 0.1001
vt 0.7903 0.0866
vt 0.8113 0.0986
vt 0.8073 0.0872
vt 0.8153 0.1099
vt 0.7995 0.1135
vt 0.7846 0.1209
vt 0.7666 0.1302
vt 0.7451 0.1366
vt 0.7245 0.1377
vt 0.7060 0.1383
vt 0.8904 0.1377
vt 0.8765 0.1446
vt 0.8716 0.1329
vt 0.8629 0.1491
vt 0.8587 0.1372
vt 0.8567 0.1219
vt 0.8508 0.1256
vt 0.8446 0.1099
vt 0.8387 0.1133
vt 0.8300 0.0975
vt 0.8548 0.1394
vt 0.8589 0.1512
vt 0.8550 0.1533
vt 0.8509 0.1416
vt 0.8448 0.1293
vt 0.9097 0.1123
vt 0.9057 0.1206
vt 0.9111 0.1225
vt 0.9252 0.1302
vt 0.9278 0.1257
vt 0.9377 0.1304
vt 0.9299 0.1224
vt 0.9387 0.1292
vt 0.9191 0.1156
vt 0.9142 0.1180
vt 0.9097 0.1123
vt 0.9097 0.1123
vt 0.9197 0.1150
vt 0.9097 0.1123
vt 0.9558 0.0636
vt 0.9433 0.0652
vt 0.9464 0.0698
vt 0.9331 0.0773
vt 0.9014 0.0777
vt 0.9075 0.0575
vt 0.9075 0.0575
vt 0.9083 0.0607
vt 0.9457 0.2716
vt 0.9434 0.2575
vt 0.9136 0.2828
vt 0.9141 0.2760
vt 0.9196 0.2782
vt 0.9175 0.2856
vt 0.9224 0.2855
vt 0.9254 0.2795
vt 0.9288 0.2703
vt 0.9224 0.2685
vt 0.9325 0.2556
vt 0.9260 0.2537
vt 0.9357 0.2397
vt 0.9289 0.2370
vt 0.9225 0.2300
vt 0.9770 0.2273
vt 0.9544 0.0473
vt 0.9083 0.0607
vt 0.9075 0.0575
vt 0.9594 0.0939
vt 0.7756 0.0870
vt 0.7903 0.0866
vt 0.7949 0.1001
vt 0.8113 0.0986
vt 0.8153 0.1099
vt 0.7995 0.1135
vt 0.7801 0.1039
vt 0.7846 0.1209
vt 0.7609 0.1086
vt 0.7666 0.1302
vt 0.7408 0.1138
vt 0.7451 0.1366
vt 0.7217 0.1175
vt 0.7245 0.1377
vt 0.7057 0.1198
vt 0.7060 0.1383
vt 0.6995 0.1214
vt 0.6844 0.1218
vt 0.6802 0.1038
vt 0.6690 0.1057
vt 0.6720 0.1235
vt 0.6885 0.1398
vt 0.6751 0.1414
vt 0.7551 0.0869
vt 0.7365 0.0910
vt 0.7190 0.0973
vt 0.7053 0.1012
vt 0.6929 0.1045
vt 0.7060 0.1383
vt 0.9544 0.0473
vt 0.9175 0.2660
vt 0.9215 0.2525
vt 0.9224 0.2353
vt 0.9197 0.1150
vt 0.9097 0.1123
vt 0.8073 0.0872
vt 0.1538 0.1635
vt 0.1462 0.1631
vt 0.1532 0.1599
vt 0.1669 0.0553
vt 0.1655 0.0621
vt 0.1624 0.0643
vt 0.1623 0.0557
vt 0.1686 0.0471
vt 0.1617 0.0477
vt 0.1676 0.0306
vt 0.1593 0.0308
vt 0.1666 0.0147
vt 0.1573 0.0152
vt 0.1663 0.0120
vt 0.1666 0.0089
vt 0.1559 0.0041
vt 0.1686 0.0080
vt 0.1685 0.0039
vt 0.1858 0.0079
vt 0.1859 0.0028
vt 0.1977 0.0084
vt 0.1980 0.0031
vt 0.2090 0.0072
vt 0.1754 0.0669
vt 0.1623 0.0679
vt 0.1752 0.0633
vt 0.1887 0.0669
vt 0.1884 0.0635
vt 0.1999 0.0664
vt 0.1995 0.0628
vt 0.2094 0.0666
vt 0.2093 0.0630
vt 0.2172 0.0629
vt 0.2161 0.0594
vt 0.2154 0.0544
vt 0.2092 0.0607
vt 0.2091 0.0038
vt 0.2120 0.0067
vt 0.2169 0.0039
vt 0.2139 0.0071
vt 0.2144 0.0090
vt 0.2172 0.0160
vt 0.2146 0.0158
vt 0.2133 0.0297
vt 0.2171 0.0300
vt 0.2141 0.0464
vt 0.2169 0.0465
vt 0.2170 0.0544
vt 0.2273 0.0546
vt 0.2276 0.0629
vt 0.2321 0.0629
vt 0.2276 0.0663
vt 0.2380 0.0562
vt 0.2266 0.0468
vt 0.2267 0.0306
vt 0.2272 0.0169
vt 0.2259 0.0052
vt 0.2169 0.0035
vt 0.2309 0.0053
vt 0.1685 0.0034
vt 0.1559 0.0040
vt 0.1557 0.0022
vt 0.1684 0.0020
vt 0.1859 0.0024
vt 0.1860 0.0008
vt 0.1980 0.0029
vt 0.1981 0.0011
vt 0.2092 0.0033
vt 0.2092 0.0017
vt 0.2168 0.0018
vt 0.2256 0.0027
vt 0.2315 0.0032
vt 0.2389 0.0052
vt 0.2379 0.0178
vt 0.2390 0.0033
vt 0.2172 0.0664
vt 0.2095 0.0691
vt 0.2002 0.0689
vt 0.1889 0.0693
vt 0.1755 0.0695
vt 0.1623 0.0705
vt 0.1756 0.0845
vt 0.1611 0.0840
vt 0.1604 0.0898
vt 0.1752 0.0906
vt 0.1606 0.0922
vt 0.1751 0.0930
vt 0.2243 0.0688
vt 0.2172 0.0690
vt 0.1880 0.0900
vt 0.1888 0.0844
vt 0.1995 0.0828
vt 0.2043 0.0825
vt 0.2091 0.0822
vt 0.2170 0.0826
vt 0.2226 0.0827
vt 0.2168 0.0882
vt 0.2209 0.0883
vt 0.2172 0.0907
vt 0.2210 0.0908
vt 0.2090 0.0883
vt 0.2041 0.0886
vt 0.1993 0.0888
vt 0.2086 0.0909
vt 0.2038 0.0910
vt 0.1990 0.0912
vt 0.1880 0.0924
vt 0.2169 0.1029
vt 0.2146 0.1019
vt 0.2170 0.1007
vt 0.2208 0.1035
vt 0.2212 0.1004
vt 0.2216 0.0956
vt 0.2179 0.0955
vt 0.2215 0.0908
vt 0.2079 0.0956
vt 0.2033 0.0957
vt 0.1986 0.0958
vt 0.1879 0.0970
vt 0.1748 0.0975
vt 0.1866 0.1031
vt 0.1843 0.1039
vt 0.1846 0.1019
vt 0.1883 0.1019
vt 0.1992 0.1014
vt 0.2037 0.1010
vt 0.2083 0.1006
vt 0.2120 0.1019
vt 0.2083 0.1022
vt 0.2037 0.1025
vt 0.1954 0.1028
vt 0.1905 0.1030
vt 0.1744 0.1045
vt 0.1824 0.1048
vt 0.1820 0.1063
vt 0.1816 0.1081
vt 0.1773 0.1134
vt 0.1822 0.1111
vt 0.1824 0.1151
vt 0.1818 0.1199
vt 0.1610 0.0969
vt 0.1624 0.1043
vt 0.1684 0.1132
vt 0.1715 0.1243
vt 0.1813 0.1238
vt 0.1809 0.1281
vt 0.1805 0.1323
vt 0.1764 0.1343
vt 0.1799 0.1374
vt 0.1790 0.1431
vt 0.1769 0.1432
vt 0.1771 0.1478
vt 0.1692 0.1510
vt 0.1764 0.1583
vt 0.1644 0.1235
vt 0.1602 0.1147
vt 0.1582 0.1212
vt 0.1631 0.1324
vt 0.1678 0.1383
vt 0.1574 0.1271
vt 0.1687 0.1596
vt 0.1675 0.1666
vt 0.1755 0.1664
vt 0.1746 0.1710
vt 0.1823 0.1715
vt 0.1737 0.1756
vt 0.1817 0.1769
vt 0.1807 0.1828
vt 0.1928 0.1837
vt 0.1797 0.1887
vt 0.1914 0.1904
vt 0.1896 0.1953
vt 0.1976 0.1910
vt 0.1954 0.1967
vt 0.2012 0.1981
vt 0.1937 0.2014
vt 0.1994 0.2030
vt 0.2025 0.2041
vt 0.1721 0.1809
vt 0.1879 0.1998
vt 0.1760 0.1972
vt 0.1777 0.1934
vt 0.1705 0.1862
vt 0.1617 0.1834
vt 0.1637 0.1791
vt 0.1656 0.1749
vt 0.1665 0.1707
vt 0.1690 0.1910
vt 0.1679 0.1944
vt 0.1595 0.1917
vt 0.1605 0.1879
vt 0.2046 0.1991
vt 0.2072 0.1991
vt 0.2083 0.1915
vt 0.2114 0.1915
vt 0.2141 0.1888
vt 0.2104 0.1869
vt 0.2200 0.1818
vt 0.2148 0.1791
vt 0.2215 0.1795
vt 0.2211 0.1782
vt 0.2208 0.1716
vt 0.2150 0.1721
vt 0.2204 0.1650
vt 0.2151 0.1652
vt 0.2206 0.1560
vt 0.2155 0.1560
vt 0.2205 0.1496
vt 0.2183 0.1491
vt 0.2044 0.2048
vt 0.2176 0.1434
vt 0.2130 0.1452
vt 0.2158 0.1486
vt 0.2079 0.1482
vt 0.2077 0.1558
vt 0.2022 0.1561
vt 0.2015 0.1650
vt 0.1954 0.1651
vt 0.2012 0.1713
vt 0.1948 0.1710
vt 0.2010 0.1776
vt 0.1943 0.1770
vt 0.1829 0.1661
vt 0.2026 0.1483
vt 0.1967 0.1563
vt 0.1973 0.1484
vt 0.2025 0.1442
vt 0.2052 0.1444
vt 0.2079 0.1446
vt 0.1839 0.1584
vt 0.1846 0.1487
vt 0.1903 0.1439
vt 0.1966 0.1439
vt 0.1786 0.1464
vt 0.1819 0.1435
vt 0.1849 0.1439
vt 0.1275 0.2206
vt 0.1275 0.2119
vt 0.1334 0.2111
vt 0.1337 0.2208
vt 0.1395 0.2102
vt 0.1401 0.2200
vt 0.1454 0.2099
vt 0.1455 0.2144
vt 0.1467 0.2101
vt 0.1476 0.2135
vt 0.1459 0.2191
vt 0.1494 0.2199
vt 0.1472 0.2276
vt 0.1508 0.2270
vt 0.1487 0.2389
vt 0.1534 0.2381
vt 0.1484 0.2502
vt 0.1546 0.2499
vt 0.1488 0.2581
vt 0.1546 0.2579
vt 0.1486 0.3045
vt 0.1476 0.3169
vt 0.1410 0.3133
vt 0.1419 0.3010
vt 0.1486 0.2946
vt 0.1414 0.2923
vt 0.1484 0.2867
vt 0.1410 0.2858
vt 0.1494 0.2779
vt 0.1418 0.2777
vt 0.1487 0.2675
vt 0.1421 0.2682
vt 0.1421 0.2595
vt 0.1418 0.2515
vt 0.1415 0.2401
vt 0.1415 0.2289
vt 0.1359 0.2688
vt 0.1361 0.2597
vt 0.1352 0.2518
vt 0.1351 0.2407
vt 0.1343 0.2302
vt 0.1356 0.2782
vt 0.1355 0.2864
vt 0.1311 0.2870
vt 0.1306 0.2786
vt 0.1300 0.2693
vt 0.1297 0.2597
vt 0.1294 0.2512
vt 0.1291 0.2401
vt 0.1286 0.2295
vt 0.1543 0.3332
vt 0.1524 0.3407
vt 0.1451 0.3357
vt 0.1467 0.3282
vt 0.1384 0.3313
vt 0.1395 0.3239
vt 0.1289 0.3289
vt 0.1304 0.3214
vt 0.1336 0.3122
vt 0.1340 0.3000
vt 0.1348 0.2925
vt 0.1491 0.3430
vt 0.1442 0.3398
vt 0.1371 0.3363
vt 0.1270 0.3342
vt 0.1192 0.3343
vt 0.1208 0.3290
vt 0.1232 0.3215
vt 0.1269 0.3117
vt 0.1265 0.3014
vt 0.1294 0.2936
vt 0.1615 0.3478
vt 0.1615 0.3513
vt 0.1588 0.3508
vt 0.1654 0.3537
vt 0.1636 0.3546
vt 0.1693 0.3560
vt 0.1692 0.3590
vt 0.1739 0.3588
vt 0.1735 0.3611
vt 0.1783 0.3613
vt 0.1783 0.3636
vt 0.1817 0.3651
vt 0.1820 0.3629
vt 0.1860 0.3645
vt 0.1864 0.3607
vt 0.1949 0.3634
vt 0.1949 0.3598
vt 0.1984 0.3618
vt 0.1985 0.3651
vt 0.1949 0.3670
vt 0.1903 0.3670
vt 0.1858 0.3670
vt 0.2019 0.3601
vt 0.2020 0.3633
vt 0.2073 0.3590
vt 0.2073 0.3564
vt 0.2128 0.3524
vt 0.2073 0.3538
vt 0.2128 0.3473
vt 0.2116 0.3391
vt 0.2174 0.3309
vt 0.2172 0.3254
vt 0.2238 0.3253
vt 0.2171 0.3199
vt 0.2248 0.3143
vt 0.2168 0.3103
vt 0.2256 0.3043
vt 0.2178 0.3013
vt 0.2251 0.2955
vt 0.2018 0.3570
vt 0.2086 0.3257
vt 0.2091 0.3144
vt 0.2101 0.3324
vt 0.2034 0.3470
vt 0.1951 0.3498
vt 0.1853 0.3511
vt 0.1826 0.3593
vt 0.1782 0.3577
vt 0.1749 0.3563
vt 0.2006 0.3308
vt 0.2020 0.3389
vt 0.1943 0.3417
vt 0.1935 0.3337
vt 0.1753 0.3489
vt 0.1693 0.3539
vt 0.1654 0.3509
vt 0.1811 0.3502
vt 0.1851 0.3419
vt 0.1849 0.3327
vt 0.1920 0.3164
vt 0.1997 0.3152
vt 0.2008 0.3082
vt 0.2017 0.3035
vt 0.1933 0.3009
vt 0.2022 0.2983
vt 0.1678 0.3439
vt 0.1930 0.3043
vt 0.1838 0.3160
vt 0.1734 0.3309
vt 0.1773 0.3406
vt 0.1744 0.3399
vt 0.1706 0.3374
vt 0.1623 0.3252
vt 0.1726 0.3138
vt 0.1632 0.3114
vt 0.1723 0.3066
vt 0.1722 0.3020
vt 0.1812 0.3046
vt 0.1546 0.2673
vt 0.1549 0.2799
vt 0.1553 0.2899
vt 0.1552 0.2969
vt 0.1549 0.3082
vt 0.1546 0.3209
vt 0.1545 0.3270
vt 0.1627 0.3329
vt 0.1630 0.3407
vt 0.1632 0.3002
vt 0.1636 0.2901
vt 0.1932 0.2957
vt 0.1932 0.2903
vt 0.1840 0.2911
vt 0.1816 0.2862
vt 0.1791 0.2914
vt 0.1729 0.2896
vt 0.1733 0.2933
vt 0.1728 0.2979
vt 0.1805 0.3014
vt 0.1877 0.2999
vt 0.1789 0.2962
vt 0.1872 0.2960
vt 0.2150 0.2954
vt 0.2147 0.2908
vt 0.2075 0.2892
vt 0.2142 0.2859
vt 0.2068 0.2851
vt 0.2063 0.2793
vt 0.1991 0.2783
vt 0.2063 0.2678
vt 0.1992 0.2677
vt 0.2063 0.2589
vt 0.1988 0.2589
vt 0.2061 0.2506
vt 0.1988 0.2510
vt 0.2065 0.2393
vt 0.1990 0.2396
vt 0.2056 0.2281
vt 0.1983 0.2290
vt 0.2050 0.2183
vt 0.1914 0.2772
vt 0.2079 0.2960
vt 0.2021 0.2890
vt 0.2005 0.2842
vt 0.1915 0.2829
vt 0.1916 0.2860
vt 0.2028 0.2945
vt 0.2095 0.3009
vt 0.2104 0.3049
vt 0.1973 0.2192
vt 0.2006 0.2094
vt 0.1959 0.2091
vt 0.1906 0.2192
vt 0.1908 0.2090
vt 0.1829 0.2191
vt 0.1868 0.2093
vt 0.1831 0.2093
vt 0.1784 0.2097
vt 0.1745 0.2188
vt 0.1741 0.2101
vt 0.1681 0.2105
vt 0.1638 0.2185
vt 0.1631 0.2108
vt 0.1574 0.2190
vt 0.1558 0.2114
vt 0.1532 0.2190
vt 0.1522 0.2119
vt 0.1915 0.2502
vt 0.1915 0.2399
vt 0.1909 0.2291
vt 0.1835 0.2287
vt 0.1747 0.2277
vt 0.1634 0.2263
vt 0.1576 0.2270
vt 0.1827 0.2660
vt 0.1820 0.2777
vt 0.1733 0.2791
vt 0.1917 0.2666
vt 0.1917 0.2584
vt 0.1831 0.2576
vt 0.1837 0.2497
vt 0.1838 0.2391
vt 0.1749 0.2392
vt 0.1743 0.2496
vt 0.1736 0.2584
vt 0.1735 0.2663
vt 0.1643 0.2799
vt 0.1640 0.2665
vt 0.1637 0.2585
vt 0.1634 0.2496
vt 0.1628 0.2387
vt 0.1541 0.2270
vt 0.1060 0.3545
vt 0.1055 0.3523
vt 0.1085 0.3518
vt 0.1031 0.3551
vt 0.1027 0.3529
vt 0.0997 0.3560
vt 0.0995 0.3539
vt 0.0963 0.3573
vt 0.0964 0.3550
vt 0.0914 0.3595
vt 0.0908 0.3573
vt 0.0866 0.3625
vt 0.0857 0.3603
vt 0.0824 0.3657
vt 0.0813 0.3631
vt 0.0792 0.3685
vt 0.0782 0.3664
vt 0.0775 0.3702
vt 0.0760 0.3689
vt 0.0780 0.3658
vt 0.0857 0.3600
vt 0.0909 0.3570
vt 0.0964 0.3546
vt 0.0996 0.3536
vt 0.1027 0.3527
vt 0.1055 0.3521
vt 0.1085 0.3518
vt 0.0813 0.3629
vt 0.0809 0.3623
vt 0.0855 0.3595
vt 0.0911 0.3561
vt 0.0965 0.3539
vt 0.0997 0.3531
vt 0.1029 0.3523
vt 0.1057 0.3518
vt 0.1084 0.3517
vt 0.0804 0.3613
vt 0.0850 0.3585
vt 0.0763 0.3641
vt 0.0775 0.3652
vt 0.1114 0.3477
vt 0.1146 0.3474
vt 0.1147 0.3501
vt 0.1117 0.3503
vt 0.1146 0.3508
vt 0.1117 0.3511
vt 0.1082 0.3506
vt 0.1083 0.3513
vt 0.1056 0.3510
vt 0.1028 0.3514
vt 0.0995 0.3521
vt 0.0961 0.3529
vt 0.0906 0.3552
vt 0.1084 0.3517
vt 0.1116 0.3515
vt 0.1084 0.3517
vt 0.1146 0.3512
vt 0.1179 0.3511
vt 0.1178 0.3505
vt 0.1178 0.3498
vt 0.1180 0.3471
vt 0.1084 0.3517
vt 0.1116 0.3516
vt 0.1146 0.3512
vt 0.1180 0.3514
vt 0.1212 0.3514
vt 0.1212 0.3511
vt 0.1211 0.3503
vt 0.1212 0.3497
vt 0.1213 0.3471
vt 0.1088 0.3542
vt 0.1085 0.3518
vt 0.1119 0.3542
vt 0.1149 0.3540
vt 0.1180 0.3541
vt 0.1211 0.3542
vt 0.1242 0.3516
vt 0.1244 0.3511
vt 0.1243 0.3504
vt 0.1244 0.3497
vt 0.1249 0.3470
vt 0.1275 0.3498
vt 0.1275 0.3511
vt 0.1275 0.3511
vt 0.1274 0.3512
vt 0.1240 0.3541
vt 0.1269 0.3540
vt 0.1301 0.3516
vt 0.1301 0.3516
vt 0.1275 0.3511
vt 0.0755 0.3683
vt 0.0747 0.3675
vt 0.0735 0.3666
vt 0.0714 0.3649
vt 0.0741 0.3620
vt 0.0693 0.3632
vt 0.0724 0.3601
vt 0.0783 0.3586
vt 0.0770 0.3567
vt 0.0832 0.3560
vt 0.0818 0.3538
vt 0.0891 0.3528
vt 0.0881 0.3507
vt 0.0954 0.3501
vt 0.0946 0.3479
vt 0.0984 0.3494
vt 0.0682 0.3623
vt 0.0705 0.3584
vt 0.0760 0.3547
vt 0.0810 0.3518
vt 0.0843 0.3501
vt 0.0872 0.3486
vt 0.0907 0.3469
vt 0.0936 0.3460
vt 0.0976 0.3471
vt 0.0968 0.3450
vt 0.1011 0.3461
vt 0.1006 0.3441
vt 0.1043 0.3455
vt 0.1038 0.3436
vt 0.0674 0.3605
vt 0.0683 0.3597
vt 0.0674 0.3612
vt 0.0677 0.3617
vt 0.1020 0.3487
vt 0.1049 0.3483
vt 0.1077 0.3481
vt 0.1072 0.3451
vt 0.1110 0.3449
vt 0.1143 0.3448
vt 0.1180 0.3445
vt 0.1216 0.3446
vt 0.1253 0.3446
vt 0.1283 0.3471
vt 0.1069 0.3431
vt 0.1107 0.3428
vt 0.1142 0.3426
vt 0.1181 0.3424
vt 0.1217 0.3425
vt 0.1257 0.3425
vt 0.1289 0.3448
vt 0.1293 0.3426
vt 0.1320 0.3451
vt 0.1326 0.3428
vt 0.1354 0.3457
vt 0.1360 0.3434
vt 0.1314 0.3475
vt 0.1347 0.3479
vt 0.1380 0.3486
vt 0.1389 0.3464
vt 0.1420 0.3499
vt 0.1430 0.3475
vt 0.1467 0.3520
vt 0.1482 0.3498
vt 0.1502 0.3539
vt 0.1518 0.3519
vt 0.1531 0.3560
vt 0.1549 0.3540
vt 0.1560 0.3581
vt 0.1576 0.3562
vt 0.1594 0.3608
vt 0.1396 0.3441
vt 0.1417 0.3447
vt 0.1442 0.3455
vt 0.1467 0.3465
vt 0.1494 0.3478
vt 0.1532 0.3502
vt 0.1563 0.3524
vt 0.1591 0.3545
vt 0.1612 0.3591
vt 0.1627 0.3574
vt 0.1645 0.3617
vt 0.1661 0.3601
vt 0.1626 0.3633
vt 0.1666 0.3642
vt 0.1676 0.3636
vt 0.1681 0.3630
vt 0.1684 0.3624
vt 0.1684 0.3617
vt 0.1679 0.3613
vt 0.1570 0.3631
vt 0.1601 0.3654
vt 0.1645 0.3657
vt 0.1620 0.3674
vt 0.1510 0.3584
vt 0.1537 0.3605
vt 0.1530 0.3611
vt 0.1563 0.3636
vt 0.1592 0.3660
vt 0.1613 0.3679
vt 0.1607 0.3682
vt 0.1584 0.3662
vt 0.1593 0.3690
vt 0.1576 0.3671
vt 0.1557 0.3639
vt 0.1550 0.3645
vt 0.1526 0.3615
vt 0.1522 0.3617
vt 0.1500 0.3595
vt 0.1498 0.3595
vt 0.1473 0.3574
vt 0.1502 0.3591
vt 0.1474 0.3571
vt 0.1445 0.3550
vt 0.1444 0.3553
vt 0.1404 0.3533
vt 0.1400 0.3537
vt 0.1368 0.3521
vt 0.1367 0.3527
vt 0.1335 0.3512
vt 0.1334 0.3517
vt 0.1304 0.3508
vt 0.1302 0.3515
vt 0.1335 0.3519
vt 0.1472 0.3574
vt 0.1440 0.3554
vt 0.1400 0.3540
vt 0.1367 0.3531
vt 0.1335 0.3519
vt 0.1330 0.3544
vt 0.1335 0.3519
vt 0.1364 0.3553
vt 0.1395 0.3562
vt 0.1435 0.3575
vt 0.1466 0.3597
vt 0.1491 0.3617
vt 0.1513 0.3637
vt 0.1540 0.3664
vt 0.1565 0.3689
vt 0.1576 0.3702
vt 0.1335 0.3519
vt 0.1299 0.3542
vt 0.1301 0.3516
vt 0.1335 0.3519
vt 0.1301 0.3516
vt 0.2330 0.3758
vt 0.2384 0.3741
vt 0.2385 0.3797
vt 0.2333 0.3798
vt 0.2334 0.3841
vt 0.2253 0.3848
vt 0.2256 0.3884
vt 0.2196 0.3894
vt 0.2141 0.3862
vt 0.2138 0.3911
vt 0.2076 0.3916
vt 0.2105 0.3934
vt 0.2075 0.3934
vt 0.2075 0.3952
vt 0.2048 0.3934
vt 0.2009 0.3903
vt 0.2076 0.3859
vt 0.2080 0.3819
vt 0.2409 0.3723
vt 0.2408 0.3799
vt 0.2388 0.3841
vt 0.2337 0.3884
vt 0.2409 0.3865
vt 0.2390 0.3867
vt 0.2379 0.3890
vt 0.2404 0.3878
vt 0.2398 0.3887
vt 0.2141 0.3819
vt 0.2077 0.3778
vt 0.2138 0.3781
vt 0.2139 0.3744
vt 0.2241 0.3772
vt 0.2236 0.3731
vt 0.2330 0.3719
vt 0.2388 0.3711
vt 0.2413 0.3677
vt 0.2330 0.3691
vt 0.2240 0.3700
vt 0.2143 0.3706
vt 0.2247 0.3808
vt 0.2080 0.3746
vt 0.2087 0.3700
vt 0.2009 0.3740
vt 0.2015 0.3698
vt 0.1924 0.3730
vt 0.1925 0.3690
vt 0.1847 0.3718
vt 0.1843 0.3685
vt 0.1768 0.3707
vt 0.1746 0.3677
vt 0.1747 0.3722
vt 0.1773 0.3746
vt 0.1745 0.3790
vt 0.1771 0.3793
vt 0.1775 0.3833
vt 0.1839 0.3841
vt 0.1783 0.3878
vt 0.1831 0.3874
vt 0.1844 0.3760
vt 0.1843 0.3800
vt 0.1912 0.3847
vt 0.1917 0.3814
vt 0.2001 0.3863
vt 0.2003 0.3823
vt 0.1923 0.3769
vt 0.2006 0.3779
vt 0.1904 0.3879
vt 0.1965 0.3892
vt 0.0585 0.0589
vt 0.0578 0.0687
vt 0.0462 0.0683
vt 0.0744 0.0599
vt 0.0728 0.0696
vt 0.0862 0.0702
vt 0.0853 0.0749
vt 0.1024 0.0750
vt 0.1021 0.0783
vt 0.1152 0.0792
vt 0.1139 0.0940
vt 0.1265 0.0924
vt 0.1145 0.1018
vt 0.1269 0.0986
vt 0.1144 0.1044
vt 0.1276 0.1008
vt 0.1142 0.1093
vt 0.1290 0.1051
vt 0.1151 0.1170
vt 0.1309 0.1135
vt 0.0576 0.0729
vt 0.0462 0.0729
vt 0.0720 0.0737
vt 0.0847 0.0782
vt 0.1024 0.0944
vt 0.1025 0.1035
vt 0.1029 0.1063
vt 0.1039 0.1114
vt 0.1040 0.1196
vt 0.1044 0.1281
vt 0.1166 0.1254
vt 0.0941 0.0987
vt 0.0839 0.0916
vt 0.0714 0.0767
vt 0.0574 0.0760
vt 0.0463 0.0761
vt 0.0357 0.0757
vt 0.0572 0.0908
vt 0.0470 0.0922
vt 0.0705 0.0907
vt 0.0826 0.0980
vt 0.0825 0.1010
vt 0.0940 0.1013
vt 0.0824 0.1065
vt 0.0936 0.1062
vt 0.0831 0.1162
vt 0.0944 0.1155
vt 0.0828 0.1273
vt 0.0939 0.1274
vt 0.0943 0.1371
vt 0.1052 0.1367
vt 0.0944 0.1455
vt 0.1062 0.1459
vt 0.0469 0.1191
vt 0.0574 0.1175
vt 0.0574 0.1286
vt 0.0702 0.1286
vt 0.0698 0.1178
vt 0.0702 0.1067
vt 0.0705 0.1009
vt 0.0707 0.0979
vt 0.0558 0.0970
vt 0.0470 0.1032
vt 0.0351 0.0921
vt 0.0355 0.1004
vt 0.0469 0.1056
vt 0.0347 0.1026
vt 0.0467 0.1100
vt 0.0332 0.1068
vt 0.0577 0.1055
vt 0.0565 0.1000
vt 0.0826 0.1366
vt 0.0710 0.1371
vt 0.0582 0.1372
vt 0.0465 0.1280
vt 0.0346 0.1171
vt 0.0217 0.1029
vt 0.0241 0.0996
vt 0.0253 0.0978
vt 0.0269 0.0914
vt 0.0832 0.1454
vt 0.1218 0.1771
vt 0.1237 0.1850
vt 0.1109 0.1857
vt 0.1098 0.1798
vt 0.1095 0.1721
vt 0.1029 0.1792
vt 0.1025 0.1716
vt 0.0955 0.1712
vt 0.1020 0.1653
vt 0.0951 0.1650
vt 0.0996 0.1556
vt 0.0947 0.1555
vt 0.0835 0.1554
vt 0.0720 0.1464
vt 0.0593 0.1470
vt 0.0466 0.1372
vt 0.1043 0.1862
vt 0.0537 0.1805
vt 0.0532 0.1723
vt 0.0609 0.1724
vt 0.0603 0.1662
vt 0.0529 0.1659
vt 0.0601 0.1569
vt 0.0548 0.1568
vt 0.0724 0.1563
vt 0.0841 0.1650
vt 0.0849 0.1716
vt 0.0961 0.1787
vt 0.0976 0.1866
vt 0.0991 0.1920
vt 0.0867 0.1856
vt 0.0873 0.1906
vt 0.0811 0.1858
vt 0.0823 0.1908
vt 0.0750 0.1911
vt 0.0742 0.1861
vt 0.0684 0.1860
vt 0.0675 0.1799
vt 0.0627 0.1859
vt 0.0619 0.1801
vt 0.0526 0.1871
vt 0.0708 0.1722
vt 0.0725 0.1658
vt 0.0749 0.1722
vt 0.0859 0.1797
vt 0.0795 0.1797
vt 0.0730 0.1796
vt 0.0725 0.1721
vt 0.1282 0.1232
vt 0.1303 0.1318
vt 0.1380 0.1281
vt 0.1423 0.1329
vt 0.1502 0.1314
vt 0.1479 0.1259
vt 0.1375 0.1212
vt 0.1468 0.1193
vt 0.1446 0.1089
vt 0.1407 0.1027
vt 0.1385 0.0988
vt 0.1373 0.0968
vt 0.1364 0.0915
vt 0.1285 0.0782
vt 0.1155 0.0758
vt 0.1029 0.0703
vt 0.0877 0.0594
vt 0.0753 0.0511
vt 0.0595 0.0503
vt 0.0462 0.0582
vt 0.0466 0.0501
vt 0.0348 0.0590
vt 0.0346 0.0508
vt 0.0238 0.0598
vt 0.0223 0.0518
vt 0.0250 0.0690
vt 0.0352 0.0686
vt 0.0255 0.0730
vt 0.0137 0.0908
vt 0.0132 0.0761
vt 0.0258 0.0758
vt 0.0355 0.0727
vt 0.0127 0.0734
vt 0.0334 0.0349
vt 0.0207 0.0353
vt 0.0318 0.0187
vt 0.0185 0.0196
vt 0.0320 0.0052
vt 0.0153 0.0067
vt 0.0150 0.0053
vt 0.0015 0.0085
vt 0.0020 0.0101
vt 0.0320 0.0033
vt 0.0467 0.0033
vt 0.0470 0.0169
vt 0.0615 0.0029
vt 0.0613 0.0161
vt 0.0783 0.0023
vt 0.0783 0.0160
vt 0.0926 0.0157
vt 0.0911 0.0347
vt 0.1059 0.0347
vt 0.1046 0.0509
vt 0.1174 0.0514
vt 0.1168 0.0603
vt 0.1294 0.0612
vt 0.1288 0.0708
vt 0.1395 0.0716
vt 0.1386 0.0752
vt 0.1416 0.0629
vt 0.1300 0.0534
vt 0.1197 0.0353
vt 0.1062 0.0169
vt 0.0923 0.0022
vt 0.0783 0.0008
vt 0.0616 0.0014
vt 0.0466 0.0019
vt 0.0923 0.0008
vt 0.1066 0.0029
vt 0.1215 0.0189
vt 0.1333 0.0370
vt 0.1434 0.0548
vt 0.1353 0.0202
vt 0.1469 0.0375
vt 0.1501 0.0218
vt 0.1382 0.0068
vt 0.1207 0.0041
vt 0.1066 0.0014
vt 0.1207 0.0026
vt 0.1386 0.0050
vt 0.1523 0.0106
vt 0.1526 0.0088
vt 0.0340 0.1264
vt 0.0204 0.1121
vt 0.0122 0.1012
vt 0.0122 0.0972
vt 0.0122 0.0950
vt 0.0081 0.1088
vt 0.0464 0.1467
vt 0.0341 0.1373
vt 0.0226 0.1240
vt 0.0150 0.1217
vt 0.0071 0.1173
vt 0.0141 0.1280
vt 0.0068 0.1250
vt 0.0121 0.1339
vt 0.0061 0.1315
vt 0.0349 0.1462
vt 0.0463 0.1567
vt 0.0247 0.1468
vt 0.0258 0.1378
vt 0.0189 0.1385
vt 0.0209 0.1317
vt 0.0186 0.1480
vt 0.0172 0.1562
vt 0.0236 0.1568
vt 0.0341 0.1566
vt 0.0231 0.1654
vt 0.0338 0.1656
vt 0.0154 0.1641
vt 0.0139 0.1695
vt 0.0252 0.1939
vt 0.0267 0.1910
vt 0.0328 0.1928
vt 0.0415 0.1869
vt 0.0294 0.1858
vt 0.0323 0.1798
vt 0.0185 0.1832
vt 0.0202 0.1782
vt 0.0098 0.1817
vt 0.0119 0.1761
vt 0.0220 0.1710
vt 0.0333 0.1719
vt 0.0463 0.1723
vt 0.0464 0.1657
vt 0.0461 0.1808
vt 0.0499 0.1874
vt 0.0371 0.1977
vt 0.0358 0.2000
vt 0.0305 0.1969
vt 0.0312 0.1958
vt 0.0389 0.1946
vt 0.0509 0.1916
vt 0.0454 0.1952
vt 0.0430 0.1996
vt 0.0371 0.1977
vt 0.0412 0.2029
vt 0.1134 0.1944
vt 0.1062 0.1932
vt 0.1002 0.1958
vt 0.0878 0.1938
vt 0.0831 0.1943
vt 0.0757 0.1949
vt 0.0689 0.1909
vt 0.0678 0.1940
vt 0.0627 0.1908
vt 0.0627 0.1938
vt 0.0519 0.1958
vt 0.0628 0.1956
vt 0.0674 0.1951
vt 0.0628 0.1956
vt 0.0759 0.1961
vt 0.0833 0.1956
vt 0.0880 0.1955
vt 0.0931 0.1969
vt 0.0883 0.1976
vt 0.0937 0.1987
vt 0.0958 0.1977
vt 0.0969 0.2014
vt 0.0981 0.1994
vt 0.0989 0.2046
vt 0.1004 0.2032
vt 0.1030 0.2008
vt 0.1056 0.1952
vt 0.1087 0.1995
vt 0.1252 0.1896
vt 0.1336 0.1877
vt 0.1344 0.1905
vt 0.1264 0.1936
vt 0.1152 0.1981
vt 0.1110 0.2028
vt 0.1058 0.2057
vt 0.1030 0.2074
vt 0.1013 0.2085
vt 0.1162 0.1999
vt 0.1185 0.1366
vt 0.1267 0.1374
vt 0.1261 0.1460
vt 0.1334 0.1386
vt 0.1319 0.1465
vt 0.1277 0.1547
vt 0.1338 0.1549
vt 0.1287 0.1641
vt 0.1358 0.1644
vt 0.1295 0.1699
vt 0.1372 0.1704
vt 0.1306 0.1765
vt 0.1390 0.1775
vt 0.1324 0.1836
vt 0.1407 0.1821
vt 0.1426 0.1874
vt 0.1079 0.1558
vt 0.1091 0.1657
vt 0.1208 0.1647
vt 0.1213 0.1704
vt 0.1200 0.1549
vt 0.1190 0.1448
vt 0.3205 0.4913
vt 0.3181 0.4896
vt 0.3247 0.4828
vt 0.3193 0.4937
vt 0.3161 0.4915
vt 0.3163 0.4872
vt 0.3139 0.4885
vt 0.3154 0.4844
vt 0.3127 0.4849
vt 0.3154 0.4814
vt 0.3127 0.4811
vt 0.3162 0.4786
vt 0.3138 0.4774
vt 0.3159 0.4742
vt 0.3179 0.4762
vt 0.3202 0.4744
vt 0.3231 0.4734
vt 0.3261 0.4734
vt 0.3264 0.4708
vt 0.3314 0.4760
vt 0.3331 0.4783
vt 0.3289 0.4743
vt 0.3301 0.4718
vt 0.3333 0.4740
vt 0.3356 0.4771
vt 0.3340 0.4812
vt 0.3340 0.4841
vt 0.3332 0.4870
vt 0.3367 0.4845
vt 0.3356 0.4882
vt 0.3315 0.4894
vt 0.3335 0.4914
vt 0.3291 0.4912
vt 0.3304 0.4936
vt 0.3263 0.4921
vt 0.3268 0.4948
vt 0.3367 0.4807
vt 0.3233 0.4921
vt 0.3230 0.4948
vt 0.3163 0.4872
vt 0.3181 0.4896
vt 0.3161 0.4915
vt 0.3139 0.4885
vt 0.3154 0.4844
vt 0.3127 0.4849
vt 0.3154 0.4814
vt 0.3127 0.4811
vt 0.3162 0.4786
vt 0.3138 0.4774
vt 0.3159 0.4742
vt 0.3179 0.4762
vt 0.3202 0.4744
vt 0.3247 0.4828
vt 0.3231 0.4734
vt 0.3261 0.4734
vt 0.3264 0.4708
vt 0.3301 0.4718
vt 0.3289 0.4743
vt 0.3333 0.4740
vt 0.3314 0.4760
vt 0.3331 0.4783
vt 0.3193 0.4937
vt 0.3205 0.4913
vt 0.3233 0.4921
vt 0.3356 0.4771
vt 0.3340 0.4812
vt 0.3340 0.4841
vt 0.3332 0.4870
vt 0.3367 0.4845
vt 0.3356 0.4882
vt 0.3315 0.4894
vt 0.3335 0.4914
vt 0.3291 0.4912
vt 0.3304 0.4936
vt 0.3263 0.4921
vt 0.3268 0.4948
vt 0.3230 0.4948
vt 0.2053 0.2100
vt 0.2085 0.2107
vt 0.2126 0.2191
vt 0.2132 0.2281
vt 0.2133 0.2387
vt 0.2141 0.2506
vt 0.2141 0.2589
vt 0.2151 0.2670
vt 0.2142 0.2799
vt 0.2222 0.2677
vt 0.2232 0.2774
vt 0.2297 0.2681
vt 0.2223 0.2848
vt 0.2305 0.2773
vt 0.2324 0.2853
vt 0.2234 0.2894
vt 0.2318 0.2923
vt 0.2304 0.3005
vt 0.2325 0.3107
vt 0.2322 0.3210
vt 0.2261 0.3327
vt 0.2194 0.3383
vt 0.2219 0.3428
vt 0.2330 0.3288
vt 0.2275 0.3380
vt 0.2339 0.3342
vt 0.2295 0.2587
vt 0.2220 0.2592
vt 0.2222 0.2501
vt 0.2214 0.2386
vt 0.2214 0.2277
vt 0.2200 0.2196
vt 0.2137 0.2107
vt 0.2111 0.2106
vt 0.2291 0.2502
vt 0.2283 0.2391
vt 0.2275 0.2284
vt 0.2261 0.2194
vt 0.2251 0.2109
vt 0.2193 0.2112
vt 0.1306 0.3502
vt 0.1337 0.3506
vt 0.1370 0.3516
vt 0.1408 0.3525
vt 0.1449 0.3543
vt 0.1481 0.3564
vt 0.1275 0.3504
vt 0.1275 0.3511
vt 0.1275 0.3511
vt 0.1335 0.3519
vt 0.1301 0.3516
vt 0.1275 0.3511
vt 0.1301 0.3516
vt 0.3316 0.2169
vt 0.3221 0.2179
vt 0.3232 0.2134
vt 0.3315 0.2121
vt 0.3241 0.2071
vt 0.3317 0.2070
vt 0.3329 0.2081
vt 0.3326 0.2123
vt 0.3325 0.2169
vt 0.3315 0.2224
vt 0.3327 0.2227
vt 0.3318 0.2281
vt 0.3329 0.2284
vt 0.3323 0.2341
vt 0.3333 0.2341
vt 0.3329 0.2402
vt 0.3339 0.2402
vt 0.3337 0.2472
vt 0.3345 0.2472
vt 0.3222 0.2227
vt 0.3225 0.2291
vt 0.3229 0.2352
vt 0.3237 0.2414
vt 0.3243 0.2480
vt 0.3339 0.2533
vt 0.3248 0.2542
vt 0.3298 0.2608
vt 0.3255 0.2613
vt 0.3204 0.2614
vt 0.3347 0.2603
vt 0.3346 0.2533
vt 0.3354 0.2595
vt 0.3193 0.2070
vt 0.3121 0.2127
vt 0.3116 0.2170
vt 0.3117 0.2227
vt 0.3117 0.2295
vt 0.3122 0.2366
vt 0.3128 0.2422
vt 0.3142 0.2483
vt 0.3152 0.2550
vt 0.3156 0.2619
vt 0.3162 0.2075
vt 0.3128 0.2099
vt 0.3138 0.2086
vt 0.2654 0.5239
vt 0.2676 0.5270
vt 0.2567 0.5324
vt 0.2686 0.5307
vt 0.2686 0.5345
vt 0.2675 0.5381
vt 0.2653 0.5412
vt 0.2621 0.5433
vt 0.2584 0.5444
vt 0.2546 0.5444
vt 0.2510 0.5433
vt 0.2479 0.5410
vt 0.2457 0.5378
vt 0.2447 0.5342
vt 0.2447 0.5303
vt 0.2458 0.5267
vt 0.2480 0.5236
vt 0.2512 0.5215
vt 0.2549 0.5204
vt 0.2588 0.5204
vt 0.2624 0.5216
vt 0.3068 0.2798
vt 0.3066 0.2789
vt 0.2981 0.2774
vt 0.2980 0.2784
vt 0.2917 0.2766
vt 0.2916 0.2775
vt 0.2837 0.2756
vt 0.2837 0.2765
vt 0.2780 0.2750
vt 0.2779 0.2758
vt 0.2711 0.2745
vt 0.2711 0.2762
vt 0.2639 0.2748
vt 0.2636 0.2759
vt 0.2573 0.2748
vt 0.2573 0.2761
vt 0.2508 0.2759
vt 0.2507 0.2771
vt 0.2360 0.2786
vt 0.2357 0.2798
vt 0.2430 0.2771
vt 0.3065 0.2076
vt 0.3058 0.2079
vt 0.3062 0.2106
vt 0.3068 0.2102
vt 0.3063 0.2151
vt 0.3071 0.2149
vt 0.3067 0.2227
vt 0.3075 0.2225
vt 0.3061 0.2335
vt 0.3069 0.2333
vt 0.3054 0.2455
vt 0.3063 0.2453
vt 0.3055 0.2536
vt 0.3063 0.2532
vt 0.3061 0.2610
vt 0.3069 0.2608
vt 0.3064 0.2728
vt 0.3072 0.2726
vt 0.3066 0.2789
vt 0.3074 0.2794
vt 0.2366 0.2077
vt 0.2367 0.2085
vt 0.2403 0.2079
vt 0.2403 0.2069
vt 0.2513 0.2084
vt 0.2512 0.2076
vt 0.2638 0.2093
vt 0.2636 0.2083
vt 0.2705 0.2094
vt 0.2647 0.2102
vt 0.2706 0.2105
vt 0.2781 0.2087
vt 0.2707 0.2080
vt 0.2781 0.2080
vt 0.2896 0.2083
vt 0.2893 0.2075
vt 0.3003 0.2078
vt 0.3002 0.2070
vt 0.3029 0.2076
vt 0.3029 0.2069
vt 0.3055 0.2072
vt 0.2348 0.2789
vt 0.2360 0.2786
vt 0.2360 0.2730
vt 0.2350 0.2729
vt 0.2359 0.2613
vt 0.2350 0.2610
vt 0.2365 0.2548
vt 0.2354 0.2546
vt 0.2350 0.2445
vt 0.2341 0.2442
vt 0.2343 0.2322
vt 0.2334 0.2319
vt 0.2349 0.2198
vt 0.2339 0.2193
vt 0.2357 0.2120
vt 0.2349 0.2115
vt 0.2361 0.2081
vt 0.0192 0.2449
vt 0.0125 0.2452
vt 0.0133 0.2360
vt 0.0196 0.2555
vt 0.0130 0.2548
vt 0.0208 0.2660
vt 0.0125 0.2651
vt 0.0213 0.2757
vt 0.0123 0.2732
vt 0.0196 0.2830
vt 0.0281 0.2760
vt 0.0258 0.2799
vt 0.0345 0.2809
vt 0.0329 0.2861
vt 0.0404 0.2860
vt 0.0339 0.2907
vt 0.0406 0.2905
vt 0.0332 0.2956
vt 0.0395 0.2956
vt 0.0334 0.2977
vt 0.0278 0.2651
vt 0.0346 0.2768
vt 0.0418 0.2809
vt 0.0473 0.2842
vt 0.0469 0.2879
vt 0.0461 0.2949
vt 0.0453 0.3021
vt 0.0391 0.3010
vt 0.0458 0.3163
vt 0.0390 0.3137
vt 0.0555 0.2883
vt 0.0547 0.3168
vt 0.0558 0.2997
vt 0.0554 0.2944
vt 0.0640 0.2955
vt 0.0333 0.3399
vt 0.0363 0.3297
vt 0.0436 0.3336
vt 0.0533 0.3345
vt 0.0659 0.3308
vt 0.0661 0.3155
vt 0.0662 0.3000
vt 0.0715 0.2974
vt 0.0644 0.2918
vt 0.0569 0.2845
vt 0.0497 0.2763
vt 0.0415 0.2767
vt 0.0425 0.3614
vt 0.0354 0.3578
vt 0.0351 0.3529
vt 0.0420 0.3571
vt 0.0433 0.3476
vt 0.0530 0.3480
vt 0.0646 0.3433
vt 0.0766 0.3260
vt 0.0773 0.3114
vt 0.0774 0.2974
vt 0.0774 0.2913
vt 0.0654 0.2887
vt 0.0769 0.2866
vt 0.0681 0.3518
vt 0.0621 0.3560
vt 0.0524 0.3595
vt 0.0566 0.3579
vt 0.0616 0.3599
vt 0.0644 0.3579
vt 0.0693 0.3545
vt 0.0728 0.3487
vt 0.0776 0.3456
vt 0.0776 0.3379
vt 0.0857 0.3395
vt 0.0848 0.3323
vt 0.0929 0.3349
vt 0.0924 0.3282
vt 0.1012 0.3310
vt 0.1002 0.3238
vt 0.1097 0.3293
vt 0.0930 0.3396
vt 0.0884 0.3429
vt 0.0779 0.3485
vt 0.0736 0.3515
vt 0.0705 0.3572
vt 0.0652 0.3599
vt 0.0613 0.3619
vt 0.0563 0.3620
vt 0.0523 0.3636
vt 0.0564 0.3642
vt 0.0523 0.3661
vt 0.0478 0.3659
vt 0.0430 0.3657
vt 0.0356 0.3627
vt 0.0332 0.2995
vt 0.0310 0.3099
vt 0.0281 0.3228
vt 0.0255 0.3316
vt 0.0299 0.3493
vt 0.0221 0.3406
vt 0.0260 0.3498
vt 0.0207 0.3458
vt 0.0248 0.3505
vt 0.0300 0.3566
vt 0.0300 0.3529
vt 0.0663 0.2848
vt 0.0659 0.2769
vt 0.0569 0.2766
vt 0.0574 0.2672
vt 0.0491 0.2679
vt 0.0484 0.2563
vt 0.0425 0.2670
vt 0.0419 0.2566
vt 0.0344 0.2561
vt 0.0341 0.2461
vt 0.0259 0.2457
vt 0.0262 0.2370
vt 0.0190 0.2364
vt 0.0192 0.2276
vt 0.0134 0.2274
vt 0.0148 0.2182
vt 0.0211 0.2188
vt 0.0165 0.2085
vt 0.0341 0.2373
vt 0.0424 0.2462
vt 0.0486 0.2453
vt 0.0574 0.2562
vt 0.0678 0.2668
vt 0.0272 0.2279
vt 0.0350 0.2290
vt 0.0419 0.2376
vt 0.0772 0.2779
vt 0.0770 0.2687
vt 0.0682 0.2558
vt 0.0585 0.2453
vt 0.0495 0.2368
vt 0.0424 0.2291
vt 0.0354 0.2197
vt 0.0290 0.2189
vt 0.0691 0.2453
vt 0.0791 0.2445
vt 0.0778 0.2560
vt 0.0498 0.2194
vt 0.0595 0.2187
vt 0.0595 0.2271
vt 0.0700 0.2261
vt 0.0710 0.2182
vt 0.0784 0.2179
vt 0.0790 0.2250
vt 0.0867 0.2174
vt 0.0864 0.2255
vt 0.0908 0.2258
vt 0.0894 0.2360
vt 0.0800 0.2351
vt 0.0693 0.2356
vt 0.0591 0.2363
vt 0.0508 0.2281
vt 0.0415 0.2194
vt 0.0246 0.2102
vt 0.0307 0.2110
vt 0.0369 0.2114
vt 0.0418 0.2105
vt 0.0460 0.2097
vt 0.0504 0.2094
vt 0.0553 0.2095
vt 0.0602 0.2096
vt 0.0656 0.2094
vt 0.0716 0.2097
vt 0.0787 0.2101
vt 0.0872 0.2096
vt 0.0907 0.2172
vt 0.0928 0.2269
vt 0.0969 0.2286
vt 0.0949 0.2375
vt 0.1010 0.2392
vt 0.1000 0.2486
vt 0.1065 0.2498
vt 0.1064 0.2589
vt 0.1135 0.2597
vt 0.1131 0.2700
vt 0.1058 0.2691
vt 0.1134 0.2781
vt 0.1058 0.2773
vt 0.1134 0.2855
vt 0.0941 0.2174
vt 0.0908 0.2097
vt 0.0960 0.2085
vt 0.0998 0.2091
vt 0.0979 0.2185
vt 0.1023 0.2301
vt 0.1074 0.2401
vt 0.1128 0.2500
vt 0.1101 0.2107
vt 0.1152 0.2123
vt 0.1148 0.2224
vt 0.1091 0.2214
vt 0.1051 0.2100
vt 0.1037 0.2201
vt 0.1078 0.2318
vt 0.1135 0.2406
vt 0.1138 0.2319
vt 0.1062 0.2850
vt 0.1137 0.2932
vt 0.1061 0.2922
vt 0.1146 0.2997
vt 0.1074 0.3034
vt 0.1113 0.3045
vt 0.1074 0.3143
vt 0.1148 0.3150
vt 0.1151 0.3216
vt 0.1094 0.3220
vt 0.1158 0.3288
vt 0.1163 0.3345
vt 0.1098 0.3350
vt 0.1018 0.3363
vt 0.1149 0.3043
vt 0.0996 0.3161
vt 0.0992 0.3050
vt 0.0997 0.2931
vt 0.0999 0.2845
vt 0.0999 0.2769
vt 0.0999 0.2690
vt 0.0998 0.2587
vt 0.0926 0.2464
vt 0.0921 0.2849
vt 0.0927 0.2763
vt 0.0916 0.2938
vt 0.0909 0.3060
vt 0.0915 0.3190
vt 0.0850 0.3216
vt 0.0854 0.3082
vt 0.0855 0.2961
vt 0.0858 0.2871
vt 0.0861 0.2783
vt 0.0865 0.2692
vt 0.0933 0.2670
vt 0.0874 0.2575
vt 0.0930 0.2574
vt 0.0884 0.2457
vt 0.0259 0.2853
vt 0.0271 0.2899
vt 0.0289 0.2967
vt 0.0251 0.3002
vt 0.0247 0.3059
vt 0.0223 0.3170
vt 0.0202 0.3258
vt 0.0162 0.3335
vt 0.0210 0.2892
vt 0.0205 0.2928
vt 0.0182 0.3022
vt 0.0158 0.3114
vt 0.0129 0.3206
vt 0.0100 0.3280
vt 0.0059 0.3158
vt 0.0037 0.3225
vt 0.0099 0.2992
vt 0.0079 0.3096
vt 0.0104 0.2947
vt 0.0152 0.2888
vt 0.0104 0.2881
vt 0.0116 0.2806
vt 0.0136 0.3375
vt 0.0078 0.3320
vt 0.0015 0.3278
vt 0.0628 0.1956
vt 0.0590 0.1968
vt 0.0564 0.1979
vt 0.0595 0.1969
vt 0.0577 0.1986
vt 0.0581 0.1987
vt 0.0542 0.1997
vt 0.0551 0.2014
vt 0.0529 0.2051
vt 0.0513 0.2036
vt 0.0487 0.2071
vt 0.0490 0.2014
vt 0.0466 0.2058
vt 0.0627 0.1974
vt 0.0627 0.1966
vt 0.0627 0.1974
vt 0.0628 0.1956
vt 0.2413 0.3879
vt 0.2408 0.3890
vt 0.2398 0.3887
vt 0.2404 0.3878
vt 0.2417 0.3863
vt 0.2409 0.3865
vt 0.2417 0.3796
vt 0.2408 0.3799
vt 0.2418 0.3720
vt 0.2409 0.3723
vt 0.2423 0.3676
vt 0.2413 0.3677
vt 0.2080 0.3961
vt 0.2075 0.3952
vt 0.2105 0.3934
vt 0.2108 0.3940
vt 0.2138 0.3911
vt 0.2143 0.3919
vt 0.2196 0.3894
vt 0.2198 0.3903
vt 0.2256 0.3884
vt 0.2257 0.3893
vt 0.2337 0.3884
vt 0.2337 0.3894
vt 0.2379 0.3890
vt 0.2379 0.3898
vt 0.2401 0.3897
vt 0.2330 0.3683
vt 0.2411 0.3667
vt 0.2241 0.3692
vt 0.2144 0.3697
vt 0.2087 0.3693
vt 0.2014 0.3688
vt 0.1924 0.3683
vt 0.1841 0.3678
vt 0.1743 0.3667
vt 0.1737 0.3720
vt 0.1737 0.3673
vt 0.1746 0.3677
vt 0.1747 0.3722
vt 0.1737 0.3788
vt 0.1745 0.3790
vt 0.1735 0.3849
vt 0.1743 0.3850
vt 0.1735 0.3861
vt 0.1743 0.3861
vt 0.1741 0.3873
vt 0.1749 0.3872
vt 0.1740 0.3875
vt 0.1758 0.3879
vt 0.1751 0.3886
vt 0.1768 0.3880
vt 0.1767 0.3890
vt 0.1783 0.3878
vt 0.1787 0.3887
vt 0.1831 0.3874
vt 0.1833 0.3883
vt 0.1904 0.3879
vt 0.1903 0.3887
vt 0.1965 0.3892
vt 0.1962 0.3899
vt 0.2009 0.3903
vt 0.2008 0.3912
vt 0.2048 0.3934
vt 0.2043 0.3938
vt 0.2075 0.3952
vt 0.2070 0.3960
vt 0.2974 0.2839
vt 0.2993 0.2839
vt 0.2980 0.2880
vt 0.2961 0.2878
vt 0.2941 0.2877
vt 0.2984 0.2922
vt 0.2964 0.2923
vt 0.2858 0.2869
vt 0.2873 0.2902
vt 0.2778 0.2864
vt 0.2783 0.2896
vt 0.2718 0.2862
vt 0.2718 0.2893
vt 0.2657 0.2863
vt 0.2651 0.2898
vt 0.2564 0.2869
vt 0.2548 0.2906
vt 0.2472 0.2876
vt 0.2449 0.2914
vt 0.2441 0.2879
vt 0.2418 0.2919
vt 0.3004 0.2927
vt 0.3044 0.2619
vt 0.3054 0.2682
vt 0.3039 0.2686
vt 0.3036 0.2630
vt 0.3036 0.2514
vt 0.3019 0.2532
vt 0.3031 0.2458
vt 0.3011 0.2472
vt 0.3031 0.2403
vt 0.3005 0.2412
vt 0.3031 0.2319
vt 0.3001 0.2320
vt 0.3030 0.2244
vt 0.2994 0.2237
vt 0.3027 0.2187
vt 0.2987 0.2175
vt 0.3026 0.2147
vt 0.2981 0.2136
vt 0.3027 0.2126
vt 0.2983 0.2114
vt 0.2424 0.2839
vt 0.2455 0.2839
vt 0.2652 0.2836
vt 0.2780 0.2836
vt 0.2935 0.2838
vt 0.2368 0.2152
vt 0.2368 0.2123
vt 0.2405 0.2134
vt 0.2406 0.2163
vt 0.2405 0.2227
vt 0.2367 0.2182
vt 0.2360 0.2350
vt 0.2406 0.2316
vt 0.2407 0.2404
vt 0.2371 0.2498
vt 0.3026 0.2147
vt 0.3027 0.2126
vt 0.3060 0.2113
vt 0.3060 0.2135
vt 0.3027 0.2187
vt 0.3059 0.2207
vt 0.3030 0.2244
vt 0.3058 0.2352
vt 0.3031 0.2319
vt 0.3031 0.2403
vt 0.3031 0.2458
vt 0.3060 0.2526
vt 0.3036 0.2514
vt 0.3044 0.2619
vt 0.3057 0.2616
vt 0.3054 0.2682
vt 0.2382 0.2645
vt 0.2368 0.2692
vt 0.2370 0.2641
vt 0.2406 0.2551
vt 0.2410 0.2496
vt 0.2419 0.2499
vt 0.2431 0.2412
vt 0.2407 0.2404
vt 0.2436 0.2315
vt 0.2406 0.2316
vt 0.2439 0.2215
vt 0.2405 0.2227
vt 0.2450 0.2148
vt 0.2406 0.2163
vt 0.2450 0.2117
vt 0.2405 0.2134
vt 0.2712 0.2738
vt 0.2653 0.2738
vt 0.2770 0.2738
vt 0.2650 0.2700
vt 0.2653 0.2738
vt 0.2712 0.2738
vt 0.2712 0.2696
vt 0.2770 0.2738
vt 0.2773 0.2702
vt 0.2711 0.2587
vt 0.2784 0.2589
vt 0.2707 0.2512
vt 0.2783 0.2523
vt 0.2711 0.2432
vt 0.2784 0.2436
vt 0.2710 0.2334
vt 0.2782 0.2331
vt 0.2708 0.2228
vt 0.2781 0.2224
vt 0.2707 0.2162
vt 0.2774 0.2153
vt 0.2706 0.2105
vt 0.2769 0.2099
vt 0.2640 0.2589
vt 0.2644 0.2520
vt 0.2641 0.2435
vt 0.2641 0.2329
vt 0.2640 0.2225
vt 0.2642 0.2156
vt 0.2647 0.2102
vt 0.2781 0.2087
vt 0.2785 0.2152
vt 0.2896 0.2083
vt 0.2909 0.2145
vt 0.3003 0.2078
vt 0.3063 0.2151
vt 0.3029 0.2076
vt 0.3062 0.2106
vt 0.3058 0.2079
vt 0.2917 0.2604
vt 0.2917 0.2711
vt 0.3064 0.2728
vt 0.3061 0.2610
vt 0.2916 0.2531
vt 0.3055 0.2536
vt 0.2920 0.2445
vt 0.3054 0.2455
vt 0.2914 0.2332
vt 0.3061 0.2335
vt 0.2910 0.2221
vt 0.3067 0.2227
vt 0.2794 0.2587
vt 0.2790 0.2524
vt 0.2792 0.2434
vt 0.2791 0.2328
vt 0.2789 0.2223
vt 0.2782 0.2701
vt 0.2837 0.2756
vt 0.2917 0.2766
vt 0.2981 0.2774
vt 0.3066 0.2789
vt 0.2780 0.2750
vt 0.1746 0.3677
vt 0.1737 0.3673
vt 0.1737 0.3720
vt 0.1747 0.3722
vt 0.1737 0.3788
vt 0.1745 0.3790
vt 0.1735 0.3849
vt 0.1743 0.3850
vt 0.1735 0.3861
vt 0.1743 0.3861
vt 0.1741 0.3873
vt 0.1749 0.3872
vt 0.1758 0.3879
vt 0.1740 0.3875
vt 0.1751 0.3886
vt 0.1768 0.3880
vt 0.1767 0.3890
vt 0.1783 0.3878
vt 0.1787 0.3887
vt 0.1831 0.3874
vt 0.2141 0.3862
vt 0.2076 0.3859
vt 0.2076 0.3916
vt 0.2009 0.3903
vt 0.2001 0.3863
vt 0.1965 0.3892
vt 0.1904 0.3879
vt 0.1912 0.3847
vt 0.1839 0.3841
vt 0.1775 0.3833
vt 0.1771 0.3793
vt 0.1773 0.3746
vt 0.1843 0.3800
vt 0.1844 0.3760
vt 0.1917 0.3814
vt 0.1923 0.3769
vt 0.2003 0.3823
vt 0.2080 0.3819
vt 0.2141 0.3819
vt 0.2247 0.3808
vt 0.2253 0.3848
vt 0.2333 0.3798
vt 0.2334 0.3841
vt 0.2385 0.3797
vt 0.2388 0.3841
vt 0.2408 0.3799
vt 0.2006 0.3779
vt 0.2077 0.3778
vt 0.2138 0.3781
vt 0.2241 0.3772
vt 0.2330 0.3758
vt 0.2384 0.3741
vt 0.2409 0.3723
vt 0.2388 0.3711
vt 0.2413 0.3677
vt 0.2330 0.3719
vt 0.2330 0.3691
vt 0.2236 0.3731
vt 0.2139 0.3744
vt 0.2080 0.3746
vt 0.2009 0.3740
vt 0.1924 0.3730
vt 0.1847 0.3718
vt 0.1768 0.3707
vt 0.2240 0.3700
vt 0.2143 0.3706
vt 0.2087 0.3700
vt 0.2015 0.3698
vt 0.1925 0.3690
vt 0.1843 0.3685
vt 0.1743 0.3667
vt 0.1841 0.3678
vt 0.1924 0.3683
vt 0.2014 0.3688
vt 0.2087 0.3693
vt 0.2144 0.3697
vt 0.2241 0.3692
vt 0.2330 0.3683
vt 0.2411 0.3667
vt 0.1833 0.3883
vt 0.1903 0.3887
vt 0.1962 0.3899
vt 0.2008 0.3912
vt 0.2048 0.3934
vt 0.2043 0.3938
vt 0.2075 0.3952
vt 0.2075 0.3934
vt 0.2105 0.3934
vt 0.2138 0.3911
vt 0.2196 0.3894
vt 0.2256 0.3884
vt 0.2337 0.3884
vt 0.2390 0.3867
vt 0.2409 0.3865
vt 0.2404 0.3878
vt 0.2379 0.3890
vt 0.2398 0.3887
vt 0.3189 0.4719
vt 0.3226 0.4708
vt 0.2567 0.5324
vt 0.2512 0.5215
vt 0.2549 0.5204
vt 0.2588 0.5204
vt 0.2624 0.5216
vt 0.2654 0.5239
vt 0.2676 0.5270
vt 0.2686 0.5307
vt 0.2686 0.5345
vt 0.2675 0.5381
vt 0.2653 0.5412
vt 0.2621 0.5433
vt 0.2584 0.5444
vt 0.2546 0.5444
vt 0.2510 0.5433
vt 0.2479 0.5410
vt 0.2457 0.5378
vt 0.2447 0.5342
vt 0.2447 0.5303
vt 0.2458 0.5267
vt 0.2480 0.5236
vt 0.1286 0.0751
vt 0.1379 0.0778
vt 0.1159 0.0710
vt 0.1038 0.0598
vt 0.0881 0.0497
vt 0.0775 0.0344
vt 0.0620 0.0351
vt 0.0474 0.0347
vt 0.3137 0.0022
vt 0.3264 0.0023
vt 0.3263 0.0039
vt 0.3136 0.0034
vt 0.2966 0.0008
vt 0.2965 0.0022
vt 0.2825 0.0022
vt 0.2824 0.0013
vt 0.2676 0.0029
vt 0.2675 0.0018
vt 0.2585 0.0033
vt 0.2584 0.0023
vt 0.2504 0.0041
vt 0.2504 0.0028
vt 0.2437 0.0028
vt 0.2437 0.0045
vt 0.2499 0.0160
vt 0.2439 0.0169
vt 0.2497 0.0293
vt 0.2436 0.0298
vt 0.2595 0.0150
vt 0.2584 0.0291
vt 0.2496 0.0446
vt 0.2586 0.0446
vt 0.2628 0.0289
vt 0.2634 0.0446
vt 0.2671 0.0287
vt 0.2682 0.0447
vt 0.2621 0.0524
vt 0.2663 0.0523
vt 0.2617 0.0593
vt 0.2651 0.0578
vt 0.2434 0.0454
vt 0.2492 0.0527
vt 0.2579 0.0524
vt 0.2583 0.0607
vt 0.2625 0.0607
vt 0.2692 0.0588
vt 0.2693 0.0606
vt 0.2824 0.0612
vt 0.2716 0.0643
vt 0.2823 0.0645
vt 0.2941 0.0612
vt 0.2940 0.0647
vt 0.3060 0.0618
vt 0.3058 0.0655
vt 0.3186 0.0623
vt 0.3184 0.0660
vt 0.2633 0.0641
vt 0.2584 0.0641
vt 0.2430 0.0533
vt 0.2486 0.0611
vt 0.2484 0.0644
vt 0.2482 0.0669
vt 0.2572 0.0666
vt 0.2482 0.0788
vt 0.2582 0.0797
vt 0.2584 0.0833
vt 0.2645 0.0798
vt 0.2647 0.0836
vt 0.2707 0.0799
vt 0.2715 0.0839
vt 0.2771 0.0844
vt 0.2770 0.0874
vt 0.2827 0.0849
vt 0.2478 0.0829
vt 0.2426 0.0830
vt 0.2426 0.0614
vt 0.2425 0.0647
vt 0.2425 0.0670
vt 0.2430 0.0786
vt 0.2417 0.0830
vt 0.2416 0.0863
vt 0.2426 0.0863
vt 0.2479 0.0862
vt 0.2584 0.0863
vt 0.2649 0.0866
vt 0.2419 0.0786
vt 0.2826 0.0879
vt 0.2888 0.0883
vt 0.2885 0.0933
vt 0.2949 0.0887
vt 0.2944 0.0932
vt 0.3063 0.0939
vt 0.2976 0.0983
vt 0.3068 0.1015
vt 0.2997 0.1033
vt 0.3003 0.1044
vt 0.3009 0.1068
vt 0.3046 0.1112
vt 0.3008 0.1114
vt 0.3004 0.1191
vt 0.3099 0.1230
vt 0.3013 0.1241
vt 0.3068 0.1315
vt 0.3020 0.1284
vt 0.3140 0.1099
vt 0.3191 0.1213
vt 0.3216 0.0925
vt 0.3201 0.1010
vt 0.3222 0.1094
vt 0.3252 0.1166
vt 0.3214 0.1272
vt 0.3157 0.1330
vt 0.3068 0.1377
vt 0.3133 0.1432
vt 0.3067 0.1418
vt 0.3067 0.1460
vt 0.3139 0.1494
vt 0.3067 0.1552
vt 0.3146 0.1572
vt 0.3082 0.1646
vt 0.3278 0.1227
vt 0.3025 0.1315
vt 0.3027 0.1372
vt 0.3028 0.1418
vt 0.3040 0.1457
vt 0.2965 0.1456
vt 0.2988 0.1537
vt 0.2915 0.1528
vt 0.2931 0.1621
vt 0.2843 0.1519
vt 0.2863 0.1612
vt 0.2801 0.1616
vt 0.2828 0.1733
vt 0.2740 0.1620
vt 0.2764 0.1736
vt 0.2902 0.1460
vt 0.2914 0.1436
vt 0.2985 0.1425
vt 0.2837 0.1463
vt 0.2858 0.1432
vt 0.2781 0.1464
vt 0.2802 0.1429
vt 0.2726 0.1465
vt 0.2763 0.1426
vt 0.2730 0.1424
vt 0.2657 0.1461
vt 0.2643 0.1418
vt 0.2601 0.1458
vt 0.2602 0.1393
vt 0.2533 0.1499
vt 0.2601 0.1517
vt 0.2493 0.1523
vt 0.2495 0.1552
vt 0.2467 0.1549
vt 0.2660 0.1518
vt 0.2605 0.1614
vt 0.2672 0.1617
vt 0.2732 0.1520
vt 0.2788 0.1519
vt 0.2499 0.1618
vt 0.2618 0.1731
vt 0.2691 0.1734
vt 0.2468 0.1526
vt 0.2670 0.1820
vt 0.2618 0.1791
vt 0.2547 0.1764
vt 0.2514 0.1775
vt 0.2512 0.1738
vt 0.2476 0.1737
vt 0.2512 0.1722
vt 0.2445 0.1721
vt 0.2436 0.1624
vt 0.2430 0.1531
vt 0.2467 0.1501
vt 0.2492 0.1501
vt 0.2488 0.1404
vt 0.2489 0.1294
vt 0.2592 0.1289
vt 0.2545 0.1266
vt 0.2588 0.1188
vt 0.2485 0.1234
vt 0.2481 0.1188
vt 0.2422 0.1185
vt 0.2485 0.1118
vt 0.2424 0.1119
vt 0.2484 0.1002
vt 0.2424 0.1019
vt 0.2416 0.1119
vt 0.2414 0.1019
vt 0.2424 0.0979
vt 0.2414 0.0978
vt 0.2585 0.1118
vt 0.2584 0.1005
vt 0.2645 0.1358
vt 0.2646 0.1293
vt 0.2643 0.1234
vt 0.2642 0.1192
vt 0.2641 0.1148
vt 0.2641 0.1099
vt 0.2643 0.1060
vt 0.2644 0.1037
vt 0.2646 0.0984
vt 0.2584 0.0984
vt 0.2648 0.0923
vt 0.2585 0.0921
vt 0.2714 0.0869
vt 0.2712 0.0925
vt 0.2768 0.0930
vt 0.2981 0.1020
vt 0.2941 0.1010
vt 0.2940 0.0981
vt 0.2912 0.1008
vt 0.2860 0.1006
vt 0.2882 0.0984
vt 0.2823 0.0986
vt 0.2825 0.0935
vt 0.2765 0.0985
vt 0.2707 0.0983
vt 0.2675 0.0996
vt 0.2662 0.1004
vt 0.2652 0.1018
vt 0.2696 0.0998
vt 0.2732 0.1000
vt 0.2781 0.1003
vt 0.2425 0.0924
vt 0.2415 0.0924
vt 0.2427 0.0863
vt 0.2455 0.0983
vt 0.2470 0.0998
vt 0.2485 0.1012
vt 0.2482 0.0925
vt 0.2468 0.0957
vt 0.2469 0.0982
vt 0.2484 0.1000
vt 0.2521 0.0994
vt 0.2559 0.0981
vt 0.2522 0.0965
vt 0.2483 0.0952
vt 0.2522 0.0981
vt 0.2484 0.0981
vt 0.0355 0.2655
vt 0.0269 0.2556
vt 0.0803 0.3496
vt 0.0758 0.3530
vt 0.2992 0.1887
vt 0.3019 0.1947
vt 0.2960 0.1963
vt 0.2933 0.1902
vt 0.2981 0.1842
vt 0.2922 0.1854
vt 0.2970 0.1798
vt 0.2910 0.1807
vt 0.2953 0.1728
vt 0.2891 0.1730
vt 0.2848 0.1814
vt 0.2860 0.1864
vt 0.2872 0.1913
vt 0.2960 0.1964
vt 0.2898 0.1974
vt 0.2798 0.1873
vt 0.2786 0.1822
vt 0.2811 0.1923
vt 0.2836 0.1984
vt 0.2722 0.1871
vt 0.2775 0.1923
vt 0.2808 0.1989
vt 0.2974 0.1996
vt 0.2917 0.2017
vt 0.2859 0.2037
vt 0.2837 0.2046
vt 0.2775 0.1995
vt 0.2756 0.1966
vt 0.2729 0.1922
vt 0.2690 0.1897
vt 0.2660 0.1876
vt 0.2628 0.1856
vt 0.2617 0.1843
vt 0.2617 0.1848
vt 0.2813 0.2057
vt 0.2515 0.1817
vt 0.2515 0.1821
vt 0.2442 0.1817
vt 0.2446 0.1824
vt 0.2413 0.1825
vt 0.2428 0.1798
vt 0.2421 0.1788
vt 0.2428 0.1791
vt 0.2425 0.1769
vt 0.2433 0.1770
vt 0.2436 0.1721
vt 0.2428 0.1625
vt 0.2421 0.1532
vt 0.2418 0.1407
vt 0.2426 0.1407
vt 0.2423 0.1816
vt 0.2485 0.1792
vt 0.2481 0.1773
vt 0.2463 0.1772
vt 0.2424 0.1294
vt 0.2469 0.1285
vt 0.2488 0.1285
vt 0.2466 0.1265
vt 0.2487 0.1265
vt 0.2461 0.1237
vt 0.2451 0.1265
vt 0.2697 0.0640
vt 0.2700 0.0665
vt 0.2823 0.0645
vt 0.2822 0.0669
vt 0.2940 0.0647
vt 0.2940 0.0671
vt 0.3058 0.0655
vt 0.3056 0.0681
vt 0.3184 0.0660
vt 0.3183 0.0687
vt 0.3055 0.0833
vt 0.3187 0.0828
vt 0.3187 0.0870
vt 0.3052 0.0869
vt 0.3197 0.0889
vt 0.3056 0.0893
vt 0.2767 0.0804
vt 0.2826 0.0810
vt 0.2955 0.0824
vt 0.2951 0.0864
vt 0.3152 0.1658
vt 0.3107 0.1720
vt 0.2998 0.1631
vt 0.3014 0.1725
vt 0.3030 0.1788
vt 0.3040 0.1830
vt 0.3050 0.1873
vt 0.3078 0.1932
vt 0.3093 0.1964
vt 0.3034 0.1980
vt 0.3122 0.1770
vt 0.3210 0.1778
vt 0.3187 0.1733
vt 0.3230 0.1819
vt 0.3144 0.1845
vt 0.3078 0.1931
vt 0.3167 0.1897
vt 0.3182 0.1929
vt 0.3273 0.1912
vt 0.3250 0.1861
vt 0.3189 0.4719
vt 0.3226 0.4708
vt 0.9552 0.3790
vt 0.9562 0.3774
vt 0.9567 0.3790
vt 0.9552 0.3819
vt 0.9573 0.3813
vt 0.9554 0.3841
vt 0.9567 0.3841
vt 0.9562 0.3774
vt 0.9562 0.3774
vt 0.9552 0.3790
vt 0.9552 0.3790
vt 0.9552 0.3819
vt 0.9552 0.3819
vt 0.9554 0.3841
vt 0.9554 0.3841
vt 0.2075 0.1650
vt 0.2076 0.1717
vt 0.2077 0.1783
vt 0.2057 0.1850
vt 0.2037 0.1916
vt 0.1993 0.1843
vt 0.2360 0.2786
vt 0.2430 0.2771
vt 0.2508 0.2759
vt 0.2507 0.2771
vt 0.2573 0.2761
vt 0.2573 0.2748
vt 0.2636 0.2759
vt 0.2639 0.2748
vt 0.2711 0.2762
vt 0.2711 0.2745
vt 0.2779 0.2758
vt 0.2780 0.2750
vt 0.2837 0.2765
vt 0.2837 0.2756
vt 0.2916 0.2775
vt 0.2917 0.2766
vt 0.2980 0.2784
vt 0.2981 0.2774
vt 0.3068 0.2798
vt 0.3066 0.2789
vt 0.2770 0.2738
vt 0.2712 0.2738
vt 0.2653 0.2738
vt 0.9554 0.3841
vt 0.9554 0.3841
vt 0.9567 0.3841
vt 0.9567 0.3841
vt 0.9567 0.3841
vt 0.9567 0.3841
vt 0.9573 0.3813
vt 0.9573 0.3813
vt 0.9567 0.3790
vt 0.9567 0.3790
vt 0.9562 0.3774
vt 0.9562 0.3774
vt 0.3247 0.4828
vt 0.3291 0.4912
vt 0.3263 0.4921
vt 0.3233 0.4921
vt 0.3205 0.4913
vt 0.3193 0.4937
vt 0.3181 0.4896
vt 0.3161 0.4915
vt 0.3163 0.4872
vt 0.3139 0.4885
vt 0.3154 0.4844
vt 0.3127 0.4849
vt 0.3154 0.4814
vt 0.3127 0.4811
vt 0.3162 0.4786
vt 0.3138 0.4774
vt 0.3159 0.4742
vt 0.3179 0.4762
vt 0.3202 0.4744
vt 0.3314 0.4760
vt 0.3331 0.4783
vt 0.3289 0.4743
vt 0.3261 0.4734
vt 0.3231 0.4734
vt 0.3264 0.4708
vt 0.3301 0.4718
vt 0.3333 0.4740
vt 0.3356 0.4771
vt 0.3340 0.4812
vt 0.3340 0.4841
vt 0.3332 0.4870
vt 0.3367 0.4845
vt 0.3356 0.4882
vt 0.3315 0.4894
vt 0.3335 0.4914
vt 0.3304 0.4936
vt 0.3268 0.4948
vt 0.3230 0.4948
vt 0.2567 0.5324
vt 0.2479 0.5410
vt 0.2457 0.5378
vt 0.2447 0.5342
vt 0.2447 0.5303
vt 0.2458 0.5267
vt 0.2480 0.5236
vt 0.2512 0.5215
vt 0.2549 0.5204
vt 0.2588 0.5204
vt 0.2624 0.5216
vt 0.2654 0.5239
vt 0.2676 0.5270
vt 0.2686 0.5307
vt 0.2686 0.5345
vt 0.2675 0.5381
vt 0.2653 0.5412
vt 0.2621 0.5433
vt 0.2584 0.5444
vt 0.2546 0.5444
vt 0.2510 0.5433
vt 0.3367 0.4807
vt 0.3189 0.4719
vt 0.3226 0.4708
vt 0.9552 0.3790
vt 0.9562 0.3774
vt 0.9567 0.3790
vt 0.9552 0.3819
vt 0.9573 0.3813
vt 0.9554 0.3841
vt 0.9567 0.3841
vt 0.9562 0.3774
vt 0.9562 0.3774
vt 0.9552 0.3790
vt 0.9552 0.3790
vt 0.9552 0.3819
vt 0.9552 0.3819
vt 0.9554 0.3841
vt 0.9554 0.3841
vt 0.9554 0.3841
vt 0.9554 0.3841
vt 0.9567 0.3841
vt 0.9567 0.3841
vt 0.9567 0.3841
vt 0.9567 0.3841
vt 0.9573 0.3813
vt 0.9573 0.3813
vt 0.9567 0.3790
vt 0.9567 0.3790
vt 0.9562 0.3774
vt 0.9562 0.3774
vt 0.3247 0.4828
vt 0.3291 0.4912
vt 0.3263 0.4921
vt 0.3233 0.4921
vt 0.3205 0.4913
vt 0.3193 0.4937
vt 0.3181 0.4896
vt 0.3161 0.4915
vt 0.3163 0.4872
vt 0.3139 0.4885
vt 0.3154 0.4844
vt 0.3127 0.4849
vt 0.3154 0.4814
vt 0.3127 0.4811
vt 0.3162 0.4786
vt 0.3138 0.4774
vt 0.3159 0.4742
vt 0.3179 0.4762
vt 0.3202 0.4744
vt 0.3314 0.4760
vt 0.3331 0.4783
vt 0.3289 0.4743
vt 0.3261 0.4734
vt 0.3231 0.4734
vt 0.3264 0.4708
vt 0.3301 0.4718
vt 0.3333 0.4740
vt 0.3356 0.4771
vt 0.3340 0.4812
vt 0.3340 0.4841
vt 0.3332 0.4870
vt 0.3367 0.4845
vt 0.3356 0.4882
vt 0.3315 0.4894
vt 0.3335 0.4914
vt 0.3304 0.4936
vt 0.3268 0.4948
vt 0.3230 0.4948
vt 0.2567 0.5324
vt 0.2479 0.5410
vt 0.2457 0.5378
vt 0.2447 0.5342
vt 0.2447 0.5303
vt 0.2458 0.5267
vt 0.2480 0.5236
vt 0.2512 0.5215
vt 0.2549 0.5204
vt 0.2588 0.5204
vt 0.2624 0.5216
vt 0.2654 0.5239
vt 0.2676 0.5270
vt 0.2686 0.5307
vt 0.2686 0.5345
vt 0.2675 0.5381
vt 0.2653 0.5412
vt 0.2621 0.5433
vt 0.2584 0.5444
vt 0.2546 0.5444
vt 0.2510 0.5433
vt 0.3367 0.4807
vt 0.3189 0.4719
vt 0.3226 0.4708
vt 0.9552 0.3790
vt 0.9562 0.3774
vt 0.9567 0.3790
vt 0.9552 0.3819
vt 0.9573 0.3813
vt 0.9554 0.3841
vt 0.9567 0.3841
vt 0.9562 0.3774
vt 0.9562 0.3774
vt 0.9552 0.3790
vt 0.9552 0.3790
vt 0.9552 0.3819
vt 0.9552 0.3819
vt 0.9554 0.3841
vt 0.9554 0.3841
vt 0.9554 0.3841
vt 0.9554 0.3841
vt 0.9567 0.3841
vt 0.9567 0.3841
vt 0.9567 0.3841
vt 0.9567 0.3841
vt 0.9573 0.3813
vt 0.9573 0.3813
vt 0.9567 0.3790
vt 0.9567 0.3790
vt 0.9562 0.3774
vt 0.9562 0.3774
vt 0.3247 0.4828
vt 0.3291 0.4912
vt 0.3263 0.4921
vt 0.3233 0.4921
vt 0.3205 0.4913
vt 0.3193 0.4937
vt 0.3181 0.4896
vt 0.3161 0.4915
vt 0.3163 0.4872
vt 0.3139 0.4885
vt 0.3154 0.4844
vt 0.3127 0.4849
vt 0.3154 0.4814
vt 0.3127 0.4811
vt 0.3162 0.4786
vt 0.3138 0.4774
vt 0.3159 0.4742
vt 0.3179 0.4762
vt 0.3202 0.4744
vt 0.3314 0.4760
vt 0.3331 0.4783
vt 0.3289 0.4743
vt 0.3261 0.4734
vt 0.3231 0.4734
vt 0.3264 0.4708
vt 0.3301 0.4718
vt 0.3333 0.4740
vt 0.3356 0.4771
vt 0.3340 0.4812
vt 0.3340 0.4841
vt 0.3332 0.4870
vt 0.3367 0.4845
vt 0.3356 0.4882
vt 0.3315 0.4894
vt 0.3335 0.4914
vt 0.3304 0.4936
vt 0.3268 0.4948
vt 0.3230 0.4948
vt 0.2567 0.5324
vt 0.2479 0.5410
vt 0.2457 0.5378
vt 0.2447 0.5342
vt 0.2447 0.5303
vt 0.2458 0.5267
vt 0.2480 0.5236
vt 0.2512 0.5215
vt 0.2549 0.5204
vt 0.2588 0.5204
vt 0.2624 0.5216
vt 0.2654 0.5239
vt 0.2676 0.5270
vt 0.2686 0.5307
vt 0.2686 0.5345
vt 0.2675 0.5381
vt 0.2653 0.5412
vt 0.2621 0.5433
vt 0.2584 0.5444
vt 0.2546 0.5444
vt 0.2510 0.5433
vt 0.3367 0.4807
vt 0.3189 0.4719
vt 0.3226 0.4708
vt 0.3247 0.4828
vt 0.3291 0.4912
vt 0.3263 0.4921
vt 0.3233 0.4921
vt 0.3205 0.4913
vt 0.3193 0.4937
vt 0.3181 0.4896
vt 0.3161 0.4915
vt 0.3163 0.4872
vt 0.3139 0.4885
vt 0.3154 0.4844
vt 0.3127 0.4849
vt 0.3154 0.4814
vt 0.3127 0.4811
vt 0.3162 0.4786
vt 0.3138 0.4774
vt 0.3159 0.4742
vt 0.3179 0.4762
vt 0.3202 0.4744
vt 0.3314 0.4760
vt 0.3331 0.4783
vt 0.3289 0.4743
vt 0.3261 0.4734
vt 0.3231 0.4734
vt 0.3264 0.4708
vt 0.3301 0.4718
vt 0.3333 0.4740
vt 0.3356 0.4771
vt 0.3340 0.4812
vt 0.3340 0.4841
vt 0.3332 0.4870
vt 0.3367 0.4845
vt 0.3356 0.4882
vt 0.3315 0.4894
vt 0.3335 0.4914
vt 0.3304 0.4936
vt 0.3268 0.4948
vt 0.3230 0.4948
vt 0.2567 0.5324
vt 0.2479 0.5410
vt 0.2457 0.5378
vt 0.2447 0.5342
vt 0.2447 0.5303
vt 0.2458 0.5267
vt 0.2480 0.5236
vt 0.2512 0.5215
vt 0.2549 0.5204
vt 0.2588 0.5204
vt 0.2624 0.5216
vt 0.2654 0.5239
vt 0.2676 0.5270
vt 0.2686 0.5307
vt 0.2686 0.5345
vt 0.2675 0.5381
vt 0.2653 0.5412
vt 0.2621 0.5433
vt 0.2584 0.5444
vt 0.2546 0.5444
vt 0.2510 0.5433
vt 0.3367 0.4807
vt 0.3189 0.4719
vt 0.3226 0.4708
vt 0.3247 0.4828
vt 0.3291 0.4912
vt 0.3263 0.4921
vt 0.3233 0.4921
vt 0.3205 0.4913
vt 0.3193 0.4937
vt 0.3181 0.4896
vt 0.3161 0.4915
vt 0.3163 0.4872
vt 0.3139 0.4885
vt 0.3154 0.4844
vt 0.3127 0.4849
vt 0.3154 0.4814
vt 0.3127 0.4811
vt 0.3162 0.4786
vt 0.3138 0.4774
vt 0.3159 0.4742
vt 0.3179 0.4762
vt 0.3202 0.4744
vt 0.3314 0.4760
vt 0.3331 0.4783
vt 0.3289 0.4743
vt 0.3261 0.4734
vt 0.3231 0.4734
vt 0.3264 0.4708
vt 0.3301 0.4718
vt 0.3333 0.4740
vt 0.3356 0.4771
vt 0.3340 0.4812
vt 0.3340 0.4841
vt 0.3332 0.4870
vt 0.3367 0.4845
vt 0.3356 0.4882
vt 0.3315 0.4894
vt 0.3335 0.4914
vt 0.3304 0.4936
vt 0.3268 0.4948
vt 0.3230 0.4948
vt 0.2567 0.5324
vt 0.2479 0.5410
vt 0.2457 0.5378
vt 0.2447 0.5342
vt 0.2447 0.5303
vt 0.2458 0.5267
vt 0.2480 0.5236
vt 0.2512 0.5215
vt 0.2549 0.5204
vt 0.2588 0.5204
vt 0.2624 0.5216
vt 0.2654 0.5239
vt 0.2676 0.5270
vt 0.2686 0.5307
vt 0.2686 0.5345
vt 0.2675 0.5381
vt 0.2653 0.5412
vt 0.2621 0.5433
vt 0.2584 0.5444
vt 0.2546 0.5444
vt 0.2510 0.5433
vt 0.3367 0.4807
vt 0.3189 0.4719
vt 0.3226 0.4708
vt 0.9552 0.3790
vt 0.9562 0.3774
vt 0.9567 0.3790
vt 0.9552 0.3819
vt 0.9573 0.3813
vt 0.9554 0.3841
vt 0.9560 0.3841
vt 0.9567 0.3841
vt 0.9562 0.3774
vt 0.9562 0.3774
vt 0.9552 0.3790
vt 0.9552 0.3790
vt 0.9552 0.3819
vt 0.9552 0.3819
vt 0.9554 0.3841
vt 0.9554 0.3841
vt 0.9560 0.3841
vt 0.2706 0.3911
vt 0.2662 0.3911
vt 0.2587 0.3841
vt 0.2653 0.3862
vt 0.2677 0.3853
vt 0.2651 0.3848
vt 0.2673 0.3840
vt 0.2610 0.3660
vt 0.2706 0.3809
vt 0.2732 0.3756
vt 0.2739 0.3763
vt 0.2746 0.3706
vt 0.2738 0.3704
vt 0.2741 0.3647
vt 0.2733 0.3650
vt 0.2729 0.3554
vt 0.2723 0.3564
vt 0.2689 0.3490
vt 0.2684 0.3504
vt 0.2613 0.3490
vt 0.2712 0.3820
vt 0.2612 0.3503
vt 0.2558 0.3513
vt 0.2560 0.3525
vt 0.2517 0.3539
vt 0.2522 0.3548
vt 0.2477 0.3572
vt 0.2485 0.3578
vt 0.2449 0.3622
vt 0.2460 0.3625
vt 0.2448 0.3680
vt 0.2458 0.3680
vt 0.2470 0.3739
vt 0.2479 0.3734
vt 0.2521 0.3786
vt 0.2526 0.3778
vt 0.2588 0.3829
vt 0.1534 0.2381
vt 0.1508 0.2270
vt 0.1541 0.2270
vt 0.1532 0.2190
vt 0.1494 0.2199
vt 0.1522 0.2119
vt 0.1476 0.2135
vt 0.1538 0.1549
vt 0.1532 0.1599
vt 0.1462 0.1631
vt 0.1505 0.1568
vt 0.2919 0.3534
vt 0.2965 0.3548
vt 0.2909 0.3689
vt 0.2916 0.3520
vt 0.2859 0.3516
vt 0.2867 0.3530
vt 0.2821 0.3527
vt 0.2832 0.3541
vt 0.2795 0.3543
vt 0.2808 0.3557
vt 0.2779 0.3570
vt 0.2791 0.3582
vt 0.2770 0.3636
vt 0.2782 0.3642
vt 0.2774 0.3704
vt 0.2786 0.3703
vt 0.2787 0.3771
vt 0.2797 0.3762
vt 0.2824 0.3833
vt 0.2830 0.3818
vt 0.2884 0.3849
vt 0.2899 0.3851
vt 0.2974 0.3819
vt 0.3011 0.3781
vt 0.3054 0.3734
vt 0.3068 0.3689
vt 0.3060 0.3640
vt 0.3044 0.3603
vt 0.3013 0.3573
vt 0.2884 0.3868
vt 0.2900 0.3870
vt 0.2980 0.3836
vt 0.3021 0.3793
vt 0.3068 0.3742
vt 0.3084 0.3693
vt 0.3075 0.3638
vt 0.3057 0.3598
vt 0.3022 0.3565
vt 0.2969 0.3536
vt 0.1472 0.3225
vt 0.0627 0.1974
vt 0.0627 0.1966
vt 0.0628 0.1956
vt 0.0627 0.1974
vt 0.0628 0.1956
vt 0.0690 0.1975
vt 0.0666 0.1974
vt 0.0627 0.1974
vt 0.0840 0.1975
vt 0.0824 0.1975
vt 0.0761 0.1977
vt 0.0164 0.1903
vt 0.0083 0.1858
vt 0.0172 0.1877
vt 0.2417 0.1294
vt 0.2413 0.1185
vt 0.0508 0.2085
vt 0.2218 0.1828
vt 0.2234 0.1825
vt 0.2222 0.1814
vt 0.3422 0.0168
vt 0.3408 0.0127
vt 0.3423 0.0118
vt 0.3440 0.0159
vt 0.3452 0.0224
vt 0.3509 0.0203
vt 0.3528 0.0281
vt 0.3568 0.0269
vt 0.3582 0.0331
vt 0.3622 0.0321
vt 0.3637 0.0389
vt 0.3595 0.0398
vt 0.3607 0.0474
vt 0.3554 0.0411
vt 0.3565 0.0485
vt 0.3495 0.0431
vt 0.3512 0.0506
vt 0.3471 0.0440
vt 0.3489 0.0512
vt 0.3453 0.0441
vt 0.3607 0.0257
vt 0.3491 0.0133
vt 0.3549 0.0188
vt 0.3587 0.0174
vt 0.3531 0.0113
vt 0.3568 0.0097
vt 0.3556 0.0047
vt 0.3560 0.0059
vt 0.3544 0.0044
vt 0.3534 0.0047
vt 0.3522 0.0052
vt 0.3504 0.0061
vt 0.3465 0.0086
vt 0.3472 0.0513
vt 0.3439 0.0446
vt 0.3456 0.0523
vt 0.3397 0.0525
vt 0.3411 0.0608
vt 0.3465 0.0605
vt 0.3419 0.0667
vt 0.3467 0.0672
vt 0.3411 0.0739
vt 0.3480 0.0736
vt 0.3413 0.0801
vt 0.3484 0.0801
vt 0.3420 0.0862
vt 0.3485 0.0853
vt 0.3432 0.0918
vt 0.3480 0.0911
vt 0.3430 0.0967
vt 0.3483 0.0967
vt 0.3503 0.0598
vt 0.3482 0.0605
vt 0.3489 0.0671
vt 0.3499 0.0737
vt 0.3498 0.0800
vt 0.3503 0.0852
vt 0.3501 0.0909
vt 0.3500 0.0967
vt 0.3498 0.1026
vt 0.3480 0.1024
vt 0.3498 0.1086
vt 0.3511 0.0670
vt 0.3519 0.0735
vt 0.3523 0.0797
vt 0.3527 0.0853
vt 0.3525 0.0911
vt 0.3526 0.0968
vt 0.3521 0.1027
vt 0.3517 0.1087
vt 0.3512 0.1142
vt 0.3491 0.1143
vt 0.3545 0.0968
vt 0.3546 0.0910
vt 0.3547 0.0853
vt 0.3543 0.0795
vt 0.3539 0.0733
vt 0.3530 0.0667
vt 0.3527 0.0594
vt 0.3587 0.1145
vt 0.3536 0.1141
vt 0.3539 0.1085
vt 0.3590 0.1087
vt 0.3542 0.1028
vt 0.3596 0.1025
vt 0.3595 0.0968
vt 0.3597 0.0904
vt 0.3598 0.0842
vt 0.3594 0.0785
vt 0.3593 0.0722
vt 0.3589 0.0661
vt 0.3580 0.0583
vt 0.3633 0.0781
vt 0.3630 0.0719
vt 0.3626 0.0655
vt 0.3622 0.0577
vt 0.3669 0.0833
vt 0.3635 0.0837
vt 0.3669 0.0776
vt 0.3668 0.0715
vt 0.3665 0.0651
vt 0.3662 0.0612
vt 0.3659 0.0566
vt 0.3652 0.0519
vt 0.3646 0.0467
vt 0.3424 0.1022
vt 0.3420 0.1083
vt 0.3483 0.1085
vt 0.3423 0.1138
vt 0.3478 0.1143
vt 0.3417 0.1198
vt 0.3475 0.1203
vt 0.3413 0.1255
vt 0.3469 0.1260
vt 0.3409 0.1314
vt 0.3463 0.1317
vt 0.3403 0.1385
vt 0.3456 0.1382
vt 0.3401 0.1457
vt 0.3450 0.1444
vt 0.3383 0.1562
vt 0.3436 0.1561
vt 0.3492 0.1204
vt 0.3485 0.1260
vt 0.3481 0.1317
vt 0.3473 0.1380
vt 0.3470 0.1445
vt 0.3455 0.1559
vt 0.3434 0.1674
vt 0.3415 0.1673
vt 0.3418 0.1774
vt 0.3401 0.1772
vt 0.3397 0.1852
vt 0.3376 0.1851
vt 0.3514 0.1205
vt 0.3505 0.1257
vt 0.3501 0.1314
vt 0.3497 0.1376
vt 0.3494 0.1442
vt 0.3481 0.1552
vt 0.3506 0.1557
vt 0.3522 0.1443
vt 0.3524 0.1377
vt 0.3528 0.1312
vt 0.3530 0.1258
vt 0.3536 0.1207
vt 0.3457 0.1675
vt 0.3484 0.1679
vt 0.3538 0.1692
vt 0.3558 0.1569
vt 0.3574 0.1443
vt 0.3578 0.1386
vt 0.3581 0.1319
vt 0.3582 0.1264
vt 0.3583 0.1212
vt 0.3417 0.1856
vt 0.3440 0.1778
vt 0.3466 0.1778
vt 0.3525 0.1792
vt 0.3563 0.1799
vt 0.3578 0.1701
vt 0.3594 0.1575
vt 0.3611 0.1446
vt 0.3614 0.1390
vt 0.3622 0.1324
vt 0.3449 0.1866
vt 0.3501 0.1885
vt 0.3542 0.1899
vt 0.3583 0.1919
vt 0.3600 0.1801
vt 0.3615 0.1702
vt 0.3624 0.1636
vt 0.3633 0.1576
vt 0.3640 0.1508
vt 0.3645 0.1453
vt 0.3649 0.1394
vt 0.3535 0.1980
vt 0.3513 0.1971
vt 0.3549 0.1983
vt 0.3557 0.1984
vt 0.3569 0.1981
vt 0.3576 0.1962
vt 0.3360 0.1671
vt 0.3336 0.1772
vt 0.3328 0.1856
vt 0.3329 0.1901
vt 0.3364 0.1905
vt 0.3383 0.1906
vt 0.3404 0.1912
vt 0.3430 0.1925
vt 0.3472 0.1950
vt 0.3653 0.1327
vt 0.3627 0.1267
vt 0.3658 0.1271
vt 0.3631 0.1215
vt 0.3662 0.1217
vt 0.3633 0.1149
vt 0.3666 0.1152
vt 0.3634 0.1092
vt 0.3668 0.1093
vt 0.3639 0.1026
vt 0.3675 0.1026
vt 0.3638 0.0965
vt 0.3673 0.0962
vt 0.3637 0.0899
vt 0.3672 0.0894
vt 0.3482 0.0363
vt 0.3541 0.0345
vt 0.3468 0.0298
vt 0.3433 0.0232
vt 0.3404 0.0178
vt 0.3396 0.0136
vt 0.3366 0.0146
vt 0.3373 0.0185
vt 0.3333 0.0181
vt 0.3342 0.0245
vt 0.3388 0.0248
vt 0.3353 0.0315
vt 0.3405 0.0318
vt 0.3368 0.0374
vt 0.3422 0.0380
vt 0.3382 0.0439
vt 0.3328 0.0150
vt 0.3459 0.0372
vt 0.3446 0.0305
vt 0.3415 0.0239
vt 0.3426 0.0309
vt 0.3440 0.0375
vt 0.3556 0.0047
vt 0.3570 0.0042
vt 0.3575 0.0055
vt 0.3560 0.0059
vt 0.3583 0.0093
vt 0.3568 0.0097
vt 0.3601 0.0170
vt 0.3587 0.0174
vt 0.3620 0.0252
vt 0.3607 0.0257
vt 0.3634 0.0319
vt 0.3622 0.0321
vt 0.3648 0.0388
vt 0.3637 0.0389
vt 0.3646 0.0467
vt 0.3661 0.0464
vt 0.3668 0.0517
vt 0.3652 0.0519
vt 0.3674 0.0564
vt 0.3659 0.0566
vt 0.3678 0.0611
vt 0.3662 0.0612
vt 0.3681 0.0651
vt 0.3665 0.0651
vt 0.3684 0.0716
vt 0.3668 0.0715
vt 0.3684 0.0777
vt 0.3669 0.0776
vt 0.3684 0.0833
vt 0.3669 0.0833
vt 0.3686 0.0894
vt 0.3672 0.0894
vt 0.3688 0.0962
vt 0.3673 0.0962
vt 0.3690 0.1026
vt 0.3675 0.1026
vt 0.3683 0.1093
vt 0.3668 0.1093
vt 0.3681 0.1152
vt 0.3666 0.1152
vt 0.3676 0.1217
vt 0.3662 0.1217
vt 0.3673 0.1271
vt 0.3658 0.1271
vt 0.3668 0.1328
vt 0.3653 0.1327
vt 0.3664 0.1395
vt 0.3649 0.1394
vt 0.3660 0.1454
vt 0.3645 0.1453
vt 0.3656 0.1509
vt 0.3640 0.1508
vt 0.3648 0.1579
vt 0.3633 0.1576
vt 0.3639 0.1638
vt 0.3624 0.1636
vt 0.3630 0.1704
vt 0.3615 0.1702
vt 0.3615 0.1804
vt 0.3600 0.1801
vt 0.3598 0.1921
vt 0.3583 0.1919
vt 0.3591 0.1965
vt 0.3576 0.1962
vt 0.3583 0.1986
vt 0.3569 0.1981
vt 0.3332 0.1915
vt 0.3329 0.1901
vt 0.3364 0.1905
vt 0.3365 0.1919
vt 0.3383 0.1906
vt 0.3379 0.1919
vt 0.3404 0.1912
vt 0.3398 0.1925
vt 0.3430 0.1925
vt 0.3422 0.1938
vt 0.3472 0.1950
vt 0.3464 0.1962
vt 0.3513 0.1971
vt 0.3506 0.1985
vt 0.3535 0.1980
vt 0.3531 0.1994
vt 0.3549 0.1983
vt 0.3546 0.1998
vt 0.3557 0.1984
vt 0.3557 0.1999
vt 0.3570 0.1998
vt 0.1084 0.3517
vt 0.1085 0.3518
vt 0.1085 0.3518
vt 0.1085 0.3518
vt 0.1084 0.3517
vt 0.3556 0.0030
vt 0.3544 0.0044
vt 0.3542 0.0030
vt 0.3534 0.0047
vt 0.3530 0.0033
vt 0.3522 0.0052
vt 0.3516 0.0038
vt 0.3504 0.0061
vt 0.3496 0.0049
vt 0.3465 0.0086
vt 0.3456 0.0074
vt 0.3423 0.0118
vt 0.3414 0.0106
vt 0.3408 0.0127
vt 0.3400 0.0116
vt 0.3396 0.0136
vt 0.3389 0.0124
vt 0.3366 0.0146
vt 0.3362 0.0134
vt 0.3328 0.0150
vt 0.3327 0.0136
vt 0.2179 0.1041
vt 0.2185 0.1052
vt 0.2205 0.1130
vt 0.2182 0.1113
vt 0.2180 0.1162
vt 0.2202 0.1215
vt 0.2180 0.1203
vt 0.2179 0.1253
vt 0.2209 0.1332
vt 0.2178 0.1316
vt 0.2177 0.1376
vt 0.2204 0.1457
vt 0.2587 0.1830
vt 0.2667 0.1865
vt 0.2676 0.1843
vt 0.2592 0.1806
vt 0.2527 0.1815
vt 0.2532 0.1792
vt 0.2495 0.1808
vt 0.2501 0.1785
vt 0.2297 0.3336
vt 0.2297 0.3353
vt 0.2242 0.3356
vt 0.2241 0.3338
vt 0.2295 0.3299
vt 0.2239 0.3302
vt 0.2293 0.3253
vt 0.2237 0.3256
vt 0.2289 0.3191
vt 0.2234 0.3194
vt 0.2231 0.3149
vt 0.2230 0.3122
vt 0.2286 0.3120
vt 0.2281 0.3033
vt 0.2226 0.3036
vt 0.2277 0.2953
vt 0.2222 0.2956
vt 0.2274 0.2894
vt 0.2219 0.2896
vt 0.2271 0.2828
vt 0.2215 0.2831
vt 0.2270 0.2805
vt 0.2214 0.2809
vt 0.2268 0.2774
vt 0.2213 0.2776
vt 0.2265 0.2709
vt 0.2209 0.2712
vt 0.2421 0.1788
vt 0.2413 0.1825
vt 0.2222 0.1814
vt 0.2215 0.1795
vt 0.2442 0.1817
vt 0.2423 0.1816
vt 0.2428 0.1798
vt 0.2795 0.3639
vt 0.2827 0.3579
vt 0.2896 0.3658
vt 0.2805 0.3736
vt 0.2783 0.3720
vt 0.2801 0.3763
vt 0.2816 0.3789
vt 0.2846 0.3791
vt 0.2837 0.3806
vt 0.2860 0.3816
vt 0.2883 0.3823
vt 0.2908 0.3808
vt 0.2907 0.3823
vt 0.2932 0.3824
vt 0.2955 0.3820
vt 0.2970 0.3795
vt 0.2977 0.3811
vt 0.2999 0.3797
vt 0.3020 0.3780
vt 0.3025 0.3750
vt 0.2826 0.3559
vt 0.2854 0.3541
vt 0.2860 0.3556
vt 0.2896 0.3552
vt 0.2960 0.3562
vt 0.3010 0.3597
vt 0.3037 0.3640
vt 0.3038 0.3691
vt 0.3040 0.3759
vt 0.3055 0.3738
vt 0.3053 0.3707
vt 0.3055 0.3676
vt 0.3053 0.3635
vt 0.3033 0.3600
vt 0.3010 0.3575
vt 0.2985 0.3553
vt 0.2944 0.3543
vt 0.2906 0.3539
vt 0.2889 0.3535
vt 0.2775 0.3660
vt 0.2788 0.3611
vt 0.2808 0.3579
vt 0.2820 0.3561
vt 0.2827 0.3579
vt 0.2820 0.3561
vt 0.2826 0.3559
vt 0.2515 0.1817
vt 0.2442 0.1817
vt 0.2428 0.1798
vt 0.3329 0.2081
vt 0.3405 0.2076
vt 0.3414 0.2117
vt 0.3326 0.2123
vt 0.3419 0.2161
vt 0.3325 0.2169
vt 0.3425 0.2214
vt 0.3327 0.2227
vt 0.3429 0.2273
vt 0.3329 0.2284
vt 0.3430 0.2330
vt 0.3333 0.2341
vt 0.3435 0.2385
vt 0.3339 0.2402
vt 0.3345 0.2472
vt 0.3436 0.2460
vt 0.3346 0.2533
vt 0.3439 0.2533
vt 0.3354 0.2595
vt 0.3433 0.2600
vt 0.3443 0.2609
vt 0.3433 0.2600
vt 0.3439 0.2533
vt 0.3451 0.2534
vt 0.3436 0.2460
vt 0.3446 0.2460
vt 0.3435 0.2385
vt 0.3443 0.2384
vt 0.3430 0.2330
vt 0.3441 0.2327
vt 0.3429 0.2273
vt 0.3442 0.2270
vt 0.3425 0.2214
vt 0.3437 0.2214
vt 0.3419 0.2161
vt 0.3430 0.2160
vt 0.3424 0.2114
vt 0.3414 0.2117
vt 0.3416 0.2057
vt 0.3405 0.2076
vt 0.3573 0.2034
vt 0.3600 0.2046
vt 0.3597 0.2055
vt 0.3573 0.2043
vt 0.3540 0.2032
vt 0.3539 0.2044
vt 0.3484 0.2039
vt 0.3483 0.2049
vt 0.3414 0.2048
vt 0.3416 0.2057
vt 0.3315 0.2062
vt 0.3317 0.2070
vt 0.3405 0.2076
vt 0.3329 0.2081
vt 0.3243 0.2061
vt 0.3241 0.2071
vt 0.3192 0.2061
vt 0.3193 0.2070
vt 0.3158 0.2068
vt 0.3162 0.2075
vt 0.3132 0.2080
vt 0.3138 0.2086
vt 0.3120 0.2097
vt 0.3129 0.2083
vt 0.3128 0.2099
vt 0.3112 0.2126
vt 0.3121 0.2127
vt 0.3108 0.2172
vt 0.3116 0.2170
vt 0.3108 0.2227
vt 0.3117 0.2227
vt 0.3108 0.2294
vt 0.3117 0.2295
vt 0.3113 0.2364
vt 0.3122 0.2366
vt 0.3120 0.2421
vt 0.3128 0.2422
vt 0.3132 0.2481
vt 0.3142 0.2483
vt 0.3141 0.2549
vt 0.3152 0.2550
vt 0.3147 0.2621
vt 0.3156 0.2619
vt 0.3204 0.2623
vt 0.3153 0.2627
vt 0.3156 0.2619
vt 0.3204 0.2614
vt 0.3255 0.2613
vt 0.3253 0.2621
vt 0.3297 0.2617
vt 0.3298 0.2608
vt 0.3347 0.2603
vt 0.3347 0.2611
vt 0.3444 0.2615
vt 0.3443 0.2609
vt 0.3354 0.2595
vt 0.3433 0.2600
vt 0.3488 0.2620
vt 0.3490 0.2611
vt 0.3529 0.2614
vt 0.3534 0.2622
vt 0.3587 0.2625
vt 0.3587 0.2617
vt 0.3649 0.2622
vt 0.3650 0.2630
vt 0.3587 0.2617
vt 0.3646 0.2537
vt 0.3649 0.2622
vt 0.3529 0.2614
vt 0.3532 0.2536
vt 0.3490 0.2611
vt 0.3443 0.2609
vt 0.3451 0.2534
vt 0.3533 0.2459
vt 0.3446 0.2460
vt 0.3533 0.2373
vt 0.3443 0.2384
vt 0.3529 0.2319
vt 0.3441 0.2327
vt 0.3531 0.2257
vt 0.3442 0.2270
vt 0.3523 0.2200
vt 0.3437 0.2214
vt 0.3515 0.2146
vt 0.3430 0.2160
vt 0.3649 0.2456
vt 0.3651 0.2370
vt 0.3650 0.2300
vt 0.3645 0.2244
vt 0.3639 0.2177
vt 0.3632 0.2124
vt 0.3623 0.2093
vt 0.3500 0.2100
vt 0.3539 0.2044
vt 0.3483 0.2049
vt 0.3424 0.2114
vt 0.3416 0.2057
vt 0.3614 0.2075
vt 0.3573 0.2043
vt 0.3597 0.2055
vt 0.3657 0.2539
vt 0.3657 0.2623
vt 0.3649 0.2622
vt 0.3646 0.2537
vt 0.3661 0.2457
vt 0.3649 0.2456
vt 0.3663 0.2370
vt 0.3651 0.2370
vt 0.3662 0.2298
vt 0.3650 0.2300
vt 0.3657 0.2243
vt 0.3645 0.2244
vt 0.3647 0.2177
vt 0.3639 0.2177
vt 0.3633 0.2090
vt 0.3632 0.2124
vt 0.3623 0.2093
vt 0.3622 0.2070
vt 0.3614 0.2075
vt 0.3604 0.2049
vt 0.3354 0.2595
vt 0.3433 0.2600
vt 0.3439 0.2533
vt 0.3346 0.2533
vt 0.3436 0.2460
vt 0.3345 0.2472
vt 0.3435 0.2385
vt 0.3339 0.2402
vt 0.3333 0.2341
vt 0.3430 0.2330
vt 0.3329 0.2284
vt 0.3429 0.2273
vt 0.3327 0.2227
vt 0.3425 0.2214
vt 0.3325 0.2169
vt 0.3419 0.2161
vt 0.3326 0.2123
vt 0.3414 0.2117
vt 0.3329 0.2081
vt 0.3405 0.2076
vt 0.3416 0.2057
vt 0.3405 0.2076
vt 0.3414 0.2117
vt 0.3424 0.2114
vt 0.3419 0.2161
vt 0.3430 0.2160
vt 0.3437 0.2214
vt 0.3425 0.2214
vt 0.3442 0.2270
vt 0.3429 0.2273
vt 0.3441 0.2327
vt 0.3430 0.2330
vt 0.3443 0.2384
vt 0.3435 0.2385
vt 0.3446 0.2460
vt 0.3436 0.2460
vt 0.3451 0.2534
vt 0.3439 0.2533
vt 0.3443 0.2609
vt 0.3433 0.2600
vt 0.3347 0.2603
vt 0.3354 0.2595
vt 0.3346 0.2533
vt 0.3339 0.2533
vt 0.3345 0.2472
vt 0.3337 0.2472
vt 0.3339 0.2402
vt 0.3329 0.2402
vt 0.3333 0.2341
vt 0.3323 0.2341
vt 0.3329 0.2284
vt 0.3318 0.2281
vt 0.3327 0.2227
vt 0.3315 0.2224
vt 0.3325 0.2169
vt 0.3316 0.2169
vt 0.3326 0.2123
vt 0.3315 0.2121
vt 0.3329 0.2081
vt 0.3317 0.2070
vt 0.3243 0.2480
vt 0.3237 0.2414
vt 0.3229 0.2352
vt 0.3225 0.2291
vt 0.3222 0.2227
vt 0.3221 0.2179
vt 0.3232 0.2134
vt 0.3241 0.2071
vt 0.3243 0.2061
vt 0.3315 0.2062
vt 0.3142 0.2483
vt 0.3152 0.2550
vt 0.3248 0.2542
vt 0.3128 0.2422
vt 0.3122 0.2366
vt 0.3117 0.2295
vt 0.3117 0.2227
vt 0.3116 0.2170
vt 0.3121 0.2127
vt 0.3193 0.2070
vt 0.3192 0.2061
vt 0.3158 0.2068
vt 0.3128 0.2099
vt 0.3162 0.2075
vt 0.3132 0.2080
vt 0.3138 0.2086
vt 0.3120 0.2097
vt 0.3112 0.2126
vt 0.3108 0.2172
vt 0.3108 0.2294
vt 0.3129 0.2083
vt 0.3405 0.2076
vt 0.3416 0.2057
vt 0.3414 0.2048
vt 0.3483 0.2049
vt 0.3484 0.2039
vt 0.3539 0.2044
vt 0.3540 0.2032
vt 0.3573 0.2043
vt 0.3573 0.2034
vt 0.3597 0.2055
vt 0.3600 0.2046
vt 0.3604 0.2049
vt 0.3614 0.2075
vt 0.3622 0.2070
vt 0.3623 0.2093
vt 0.3633 0.2090
vt 0.3632 0.2124
vt 0.3640 0.2122
vt 0.3639 0.2177
vt 0.3647 0.2177
vt 0.3645 0.2244
vt 0.3657 0.2243
vt 0.3650 0.2300
vt 0.3662 0.2298
vt 0.3651 0.2370
vt 0.3663 0.2370
vt 0.3649 0.2456
vt 0.3661 0.2457
vt 0.3646 0.2537
vt 0.3657 0.2539
vt 0.3649 0.2622
vt 0.3657 0.2623
vt 0.3113 0.2364
vt 0.3120 0.2421
vt 0.3132 0.2481
vt 0.3141 0.2549
vt 0.3147 0.2621
vt 0.3156 0.2619
vt 0.3204 0.2614
vt 0.3255 0.2613
vt 0.3298 0.2608
vt 0.3443 0.2609
vt 0.3433 0.2600
vt 0.3354 0.2595
vt 0.3347 0.2603
vt 0.3444 0.2615
vt 0.3347 0.2611
vt 0.3297 0.2617
vt 0.3298 0.2608
vt 0.3255 0.2613
vt 0.3253 0.2621
vt 0.3204 0.2623
vt 0.3204 0.2614
vt 0.3156 0.2619
vt 0.3153 0.2627
vt 0.3534 0.2622
vt 0.3650 0.2630
vt 0.3649 0.2622
vt 0.3587 0.2617
vt 0.3529 0.2614
vt 0.3488 0.2620
vt 0.3490 0.2611
vt 0.3483 0.2049
vt 0.3416 0.2057
vt 0.3424 0.2114
vt 0.3500 0.2100
vt 0.3430 0.2160
vt 0.3515 0.2146
vt 0.3437 0.2214
vt 0.3523 0.2200
vt 0.3442 0.2270
vt 0.3531 0.2257
vt 0.3441 0.2327
vt 0.3529 0.2319
vt 0.3443 0.2384
vt 0.3533 0.2373
vt 0.3446 0.2460
vt 0.3533 0.2459
vt 0.3451 0.2534
vt 0.3532 0.2536
vt 0.3443 0.2609
vt 0.3490 0.2611
vt 0.3539 0.2044
vt 0.3623 0.2093
vt 0.3632 0.2124
vt 0.3639 0.2177
vt 0.3645 0.2244
vt 0.3650 0.2300
vt 0.3651 0.2370
vt 0.3649 0.2456
vt 0.3646 0.2537
vt 0.3529 0.2614
vt 0.3587 0.2617
vt 0.3649 0.2622
vt 0.3573 0.2043
vt 0.3614 0.2075
vt 0.3597 0.2055
vt 0.2676 0.0037
vt 0.2684 0.0059
vt 0.2585 0.0042
vt 0.2692 0.0084
vt 0.2691 0.0145
vt 0.2384 0.0308
vt 0.2390 0.0478
vt 0.2384 0.0551
vt 0.2417 0.0830
vt 0.2416 0.0863
vt 0.2210 0.0908
vt 0.2209 0.0883
vt 0.2419 0.0786
vt 0.2226 0.0827
vt 0.2425 0.0670
vt 0.2243 0.0688
vt 0.2425 0.0647
vt 0.2276 0.0663
vt 0.2426 0.0614
vt 0.2321 0.0629
vt 0.2430 0.0533
vt 0.2380 0.0562
vt 0.2430 0.0533
vt 0.2384 0.0551
vt 0.2389 0.0551
vt 0.2430 0.0533
vt 0.0150 0.0053
vt 0.0015 0.0085
vt 0.0053 0.0222
vt 0.0185 0.0196
vt 0.0320 0.0033
vt 0.0318 0.0187
vt 0.0466 0.0019
vt 0.0470 0.0169
vt 0.0616 0.0014
vt 0.0613 0.0161
vt 0.0783 0.0008
vt 0.0783 0.0160
vt 0.0926 0.0157
vt 0.0911 0.0347
vt 0.1059 0.0347
vt 0.1046 0.0509
vt 0.1174 0.0514
vt 0.1168 0.0603
vt 0.1294 0.0612
vt 0.1159 0.0710
vt 0.1300 0.0534
vt 0.1062 0.0169
vt 0.1197 0.0353
vt 0.1333 0.0370
vt 0.1215 0.0189
vt 0.1353 0.0202
vt 0.0923 0.0008
vt 0.1066 0.0014
vt 0.1207 0.0026
vt 0.1386 0.0050
vt 0.1501 0.0218
vt 0.1469 0.0375
vt 0.1434 0.0548
vt 0.1416 0.0629
vt 0.1288 0.0708
vt 0.1526 0.0088
vt 0.2434 0.0454
vt 0.2430 0.0533
vt 0.2492 0.0527
vt 0.2496 0.0446
vt 0.2436 0.0298
vt 0.2497 0.0293
vt 0.2439 0.0169
vt 0.2499 0.0160
vt 0.2437 0.0028
vt 0.2504 0.0028
vt 0.2584 0.0023
vt 0.2595 0.0150
vt 0.2675 0.0018
vt 0.2681 0.0145
vt 0.2824 0.0013
vt 0.2832 0.0148
vt 0.2966 0.0008
vt 0.2959 0.0145
vt 0.3137 0.0022
vt 0.3121 0.0148
vt 0.2941 0.0612
vt 0.3064 0.0531
vt 0.2943 0.0529
vt 0.3067 0.0452
vt 0.2944 0.0450
vt 0.3094 0.0291
vt 0.2955 0.0286
vt 0.2827 0.0283
vt 0.2671 0.0287
vt 0.2584 0.0291
vt 0.2827 0.0530
vt 0.2824 0.0612
vt 0.2829 0.0452
vt 0.2682 0.0447
vt 0.2586 0.0446
vt 0.2686 0.0523
vt 0.2693 0.0606
vt 0.2579 0.0524
vt 0.2486 0.0611
vt 0.2583 0.0607
vt 0.3264 0.0023
vt 0.3256 0.0164
vt 0.3210 0.0302
vt 0.3193 0.0460
vt 0.3190 0.0536
vt 0.3060 0.0618
vt 0.0056 0.0368
vt 0.0207 0.0353
vt 0.0086 0.0528
vt 0.0223 0.0518
vt 0.0334 0.0349
vt 0.0346 0.0508
vt 0.0474 0.0347
vt 0.0466 0.0501
vt 0.0620 0.0351
vt 0.0595 0.0503
vt 0.0775 0.0344
vt 0.0753 0.0511
vt 0.0881 0.0497
vt 0.0877 0.0594
vt 0.1038 0.0598
vt 0.0862 0.0702
vt 0.0103 0.0605
vt 0.0238 0.0598
vt 0.0348 0.0590
vt 0.0462 0.0582
vt 0.0585 0.0589
vt 0.0744 0.0599
vt 0.0728 0.0696
vt 0.0121 0.0695
vt 0.0250 0.0690
vt 0.0352 0.0686
vt 0.0462 0.0683
vt 0.0578 0.0687
vt 0.1029 0.0703
vt 0.1624 0.0643
vt 0.1748 0.0546
vt 0.1623 0.0557
vt 0.1617 0.0477
vt 0.1743 0.0466
vt 0.1593 0.0308
vt 0.1729 0.0305
vt 0.1573 0.0152
vt 0.1688 0.0146
vt 0.1557 0.0022
vt 0.1684 0.0020
vt 0.1856 0.0142
vt 0.1860 0.0008
vt 0.1974 0.0148
vt 0.1981 0.0011
vt 0.2085 0.0154
vt 0.2092 0.0017
vt 0.2168 0.0018
vt 0.2172 0.0160
vt 0.2256 0.0027
vt 0.2172 0.0629
vt 0.2273 0.0546
vt 0.2170 0.0544
vt 0.2266 0.0468
vt 0.2169 0.0465
vt 0.2267 0.0306
vt 0.2171 0.0300
vt 0.2272 0.0169
vt 0.2078 0.0293
vt 0.1972 0.0297
vt 0.1867 0.0300
vt 0.1880 0.0469
vt 0.1880 0.0551
vt 0.1752 0.0633
vt 0.2093 0.0630
vt 0.2090 0.0544
vt 0.2086 0.0461
vt 0.1976 0.0465
vt 0.1985 0.0543
vt 0.1884 0.0635
vt 0.1995 0.0628
vt 0.2315 0.0032
vt 0.2390 0.0033
vt 0.2379 0.0178
vt 0.2384 0.0308
vt 0.2390 0.0478
vt 0.2389 0.0551
vt 0.2276 0.0629
vt 0.2321 0.0629
vt 0.2430 0.0533
vt 0.2434 0.0454
vt 0.2434 0.0454
vt 0.2436 0.0298
vt 0.2436 0.0298
vt 0.2439 0.0169
vt 0.2439 0.0169
vt 0.2437 0.0045
vt 0.2437 0.0028
vt 0.2437 0.0028
vt 0.2504 0.0028
vt 0.2437 0.0028
vt 0.2437 0.0028
vt 0.2504 0.0028
vt 0.2584 0.0023
vt 0.2584 0.0023
vt 0.2675 0.0018
vt 0.2675 0.0018
vt 0.2824 0.0013
vt 0.2824 0.0013
vt 0.2966 0.0008
vt 0.2966 0.0008
vt 0.3137 0.0022
vt 0.3137 0.0022
vt 0.3264 0.0023
vt 0.3264 0.0023
vt 0.0150 0.0053
vt 0.0015 0.0085
vt 0.0015 0.0085
vt 0.0150 0.0053
vt 0.0320 0.0033
vt 0.0320 0.0033
vt 0.0466 0.0019
vt 0.0466 0.0019
vt 0.0616 0.0014
vt 0.0616 0.0014
vt 0.0783 0.0008
vt 0.0783 0.0008
vt 0.0923 0.0008
vt 0.0923 0.0008
vt 0.1066 0.0014
vt 0.1066 0.0014
vt 0.1207 0.0026
vt 0.1207 0.0026
vt 0.1386 0.0050
vt 0.1386 0.0050
vt 0.1526 0.0088
vt 0.1526 0.0088
vt 0.1684 0.0020
vt 0.1557 0.0022
vt 0.1557 0.0022
vt 0.1684 0.0020
vt 0.1860 0.0008
vt 0.1860 0.0008
vt 0.1981 0.0011
vt 0.1981 0.0011
vt 0.2092 0.0017
vt 0.2092 0.0017
vt 0.2168 0.0018
vt 0.2168 0.0018
vt 0.2256 0.0027
vt 0.2256 0.0027
vt 0.2315 0.0032
vt 0.2315 0.0032
vt 0.2390 0.0033
vt 0.2390 0.0033
vt 0.2384 0.0551
vt 0.2390 0.0478
vt 0.2390 0.0478
vt 0.2384 0.0308
vt 0.2384 0.0308
vt 0.2379 0.0178
vt 0.2379 0.0178
vt 0.2389 0.0052
vt 0.2390 0.0033
vt 0.2390 0.0033
vt 0.2390 0.0478
vt 0.2389 0.0551
vt 0.2384 0.0551
vt 0.2434 0.0454
vt 0.2430 0.0533
vt 0.2430 0.0533
vt 0.2697 0.0064
vt 0.2692 0.0084
vt 0.2684 0.0059
vt 0.2676 0.0037
vt 0.2717 0.0057
vt 0.2697 0.0064
vt 0.2735 0.0035
vt 0.2825 0.0033
vt 0.2827 0.0071
vt 0.2965 0.0029
vt 0.2963 0.0066
vt 0.3132 0.0065
vt 0.3135 0.0041
vt 0.3163 0.0075
vt 0.3263 0.0044
vt 0.3167 0.0110
vt 0.3256 0.0164
vt 0.3162 0.0153
vt 0.3147 0.0296
vt 0.3210 0.0302
vt 0.3144 0.0457
vt 0.3193 0.0460
vt 0.3146 0.0534
vt 0.3190 0.0536
vt 0.3159 0.0602
vt 0.3054 0.2682
vt 0.3039 0.2686
vt 0.2980 0.2784
vt 0.2382 0.2645
vt 0.2370 0.2641
vt 0.2368 0.2692
vt 0.2406 0.2551
vt 0.2371 0.2498
vt 0.2410 0.2496
vt 0.2419 0.2499
vt 0.2431 0.2412
vt 0.2407 0.2404
vt 0.2436 0.2315
vt 0.2406 0.2316
vt 0.2439 0.2215
vt 0.2405 0.2227
vt 0.2450 0.2148
vt 0.2406 0.2163
vt 0.2450 0.2117
vt 0.2405 0.2134
vt 0.2368 0.2152
vt 0.2366 0.2201
vt 0.2368 0.2123
vt 0.2360 0.2350
vt 0.2639 0.2748
vt 0.2653 0.2738
vt 0.2650 0.2700
vt 0.2641 0.2698
vt 0.2573 0.2748
vt 0.2509 0.2711
vt 0.2508 0.2759
vt 0.2430 0.2771
vt 0.2360 0.2786
vt 0.2360 0.2730
vt 0.2501 0.2603
vt 0.2359 0.2613
vt 0.2500 0.2533
vt 0.2365 0.2548
vt 0.2495 0.2437
vt 0.2350 0.2445
vt 0.2493 0.2323
vt 0.2343 0.2322
vt 0.2495 0.2212
vt 0.2349 0.2198
vt 0.2633 0.2435
vt 0.2631 0.2329
vt 0.2631 0.2224
vt 0.2633 0.2155
vt 0.2633 0.2155
vt 0.2496 0.2137
vt 0.2357 0.2120
vt 0.2513 0.2084
vt 0.2403 0.2079
vt 0.2367 0.2085
vt 0.2638 0.2093
vt 0.2633 0.2155
vt 0.2638 0.2093
vt 0.2640 0.2589
vt 0.2632 0.2588
vt 0.2632 0.2521
vt 0.2641 0.2435
vt 0.2641 0.2329
vt 0.2640 0.2225
vt 0.2644 0.2520
vt 0.2642 0.2156
vt 0.2647 0.2102
vt 0.2638 0.2093
vt 0.2638 0.2093
vt 0.2633 0.2155
vt 0.2642 0.2156
vt 0.2769 0.2099
vt 0.2782 0.2701
vt 0.2773 0.2702
vt 0.2770 0.2738
vt 0.2780 0.2750
vt 0.2640 0.2225
vt 0.2642 0.2156
vt 0.2633 0.2155
vt 0.2633 0.2155
vt 0.2640 0.2225
vt 0.2423 0.3676
vt 0.2413 0.3677
vt 0.2409 0.3723
vt 0.2418 0.3720
vt 0.2408 0.3799
vt 0.2417 0.3796
vt 0.2409 0.3865
vt 0.2417 0.3863
vt 0.2404 0.3878
vt 0.2413 0.3879
vt 0.2398 0.3887
vt 0.2408 0.3890
vt 0.2379 0.3898
vt 0.2401 0.3897
vt 0.2379 0.3890
vt 0.2337 0.3894
vt 0.2337 0.3884
vt 0.2257 0.3893
vt 0.2256 0.3884
vt 0.2198 0.3903
vt 0.2196 0.3894
vt 0.2143 0.3919
vt 0.2138 0.3911
vt 0.2108 0.3940
vt 0.2105 0.3934
vt 0.2080 0.3961
vt 0.2075 0.3952
vt 0.2070 0.3960
vt 0.2441 0.2879
vt 0.2418 0.2919
vt 0.2449 0.2914
vt 0.2472 0.2876
vt 0.2548 0.2906
vt 0.2564 0.2869
vt 0.2651 0.2898
vt 0.2657 0.2863
vt 0.2718 0.2893
vt 0.2718 0.2862
vt 0.2783 0.2896
vt 0.2778 0.2864
vt 0.2873 0.2902
vt 0.2858 0.2869
vt 0.2964 0.2923
vt 0.2941 0.2877
vt 0.2984 0.2922
vt 0.2961 0.2878
vt 0.3004 0.2927
vt 0.2980 0.2880
vt 0.2974 0.2839
vt 0.2993 0.2839
vt 0.2780 0.2836
vt 0.2652 0.2836
vt 0.2455 0.2839
vt 0.2424 0.2839
vt 0.3027 0.2126
vt 0.2983 0.2114
vt 0.2981 0.2136
vt 0.3026 0.2147
vt 0.2987 0.2175
vt 0.3027 0.2187
vt 0.2994 0.2237
vt 0.3030 0.2244
vt 0.3001 0.2320
vt 0.3031 0.2319
vt 0.3005 0.2412
vt 0.3031 0.2403
vt 0.3058 0.2352
vt 0.3031 0.2458
vt 0.3060 0.2526
vt 0.3036 0.2514
vt 0.3044 0.2619
vt 0.3036 0.2630
vt 0.3039 0.2686
vt 0.3054 0.2682
vt 0.3057 0.2616
vt 0.3054 0.2682
vt 0.3059 0.2207
vt 0.3060 0.2135
vt 0.3060 0.2113
vt 0.3011 0.2472
vt 0.3019 0.2532
vt 0.1752 0.0633
vt 0.1624 0.0643
vt 0.1655 0.0621
vt 0.2641 0.2435
vt 0.2711 0.2432
vt 0.2707 0.2512
vt 0.2644 0.2520
vt 0.2632 0.2521
vt 0.2632 0.2588
vt 0.2501 0.2603
vt 0.2509 0.2711
vt 0.2360 0.2730
vt 0.2360 0.2786
vt 0.2430 0.2771
vt 0.2508 0.2759
vt 0.2573 0.2748
vt 0.2641 0.2698
vt 0.2639 0.2748
vt 0.2650 0.2700
vt 0.2653 0.2738
vt 0.2712 0.2738
vt 0.2712 0.2696
vt 0.2770 0.2738
vt 0.2711 0.2587
vt 0.2640 0.2589
vt 0.2773 0.2702
vt 0.2784 0.2589
vt 0.2783 0.2523
vt 0.2784 0.2436
vt 0.2710 0.2334
vt 0.2782 0.2331
vt 0.2708 0.2228
vt 0.2781 0.2224
vt 0.2707 0.2162
vt 0.2774 0.2153
vt 0.2706 0.2105
vt 0.2769 0.2099
vt 0.2781 0.2087
vt 0.2785 0.2152
vt 0.2896 0.2083
vt 0.2642 0.2156
vt 0.2640 0.2225
vt 0.2641 0.2329
vt 0.2640 0.2225
vt 0.2631 0.2224
vt 0.2640 0.2225
vt 0.2631 0.2329
vt 0.2633 0.2435
vt 0.2500 0.2533
vt 0.2359 0.2613
vt 0.2633 0.2155
vt 0.2495 0.2212
vt 0.2493 0.2323
vt 0.2495 0.2437
vt 0.2365 0.2548
vt 0.2640 0.2225
vt 0.2633 0.2155
vt 0.2909 0.2145
vt 0.3003 0.2078
vt 0.3063 0.2151
vt 0.3029 0.2076
vt 0.3062 0.2106
vt 0.3058 0.2079
vt 0.2910 0.2221
vt 0.2789 0.2223
vt 0.2914 0.2332
vt 0.2791 0.2328
vt 0.2920 0.2445
vt 0.2792 0.2434
vt 0.2916 0.2531
vt 0.2790 0.2524
vt 0.2917 0.2604
vt 0.2794 0.2587
vt 0.2917 0.2711
vt 0.3067 0.2227
vt 0.3061 0.2335
vt 0.3054 0.2455
vt 0.3055 0.2536
vt 0.3061 0.2610
vt 0.3064 0.2728
vt 0.3066 0.2789
vt 0.2981 0.2774
vt 0.2917 0.2766
vt 0.2837 0.2756
vt 0.2782 0.2701
vt 0.2780 0.2750
vt 0.2647 0.2102
vt 0.2642 0.2156
vt 0.2638 0.2093
vt 0.2642 0.2156
vt 0.2403 0.2079
vt 0.2357 0.2120
vt 0.2367 0.2085
vt 0.2513 0.2084
vt 0.2496 0.2137
vt 0.2349 0.2198
vt 0.2343 0.2322
vt 0.2350 0.2445
vt 0.2633 0.2155
vt 0.2638 0.2093
vt 0.2638 0.2093
vt 0.2633 0.2155
vt 0.2642 0.2156
vt 0.2633 0.2155
vt 0.2638 0.2093
vt 0.2781 0.2087
vt 0.2769 0.2099
vt 0.2706 0.2105
vt 0.2705 0.2094
vt 0.2647 0.2102
vt 0.2638 0.2093
vt 0.2636 0.2083
vt 0.2512 0.2076
vt 0.2513 0.2084
vt 0.2403 0.2069
vt 0.2403 0.2079
vt 0.2366 0.2077
vt 0.2367 0.2085
vt 0.3029 0.2069
vt 0.3055 0.2072
vt 0.3058 0.2079
vt 0.3029 0.2076
vt 0.3002 0.2070
vt 0.3003 0.2078
vt 0.2893 0.2075
vt 0.2896 0.2083
vt 0.2781 0.2080
vt 0.2707 0.2080
vt 0.2770 0.2738
vt 0.2773 0.2702
vt 0.2782 0.2701
vt 0.2782 0.2701
vt 0.2780 0.2750
vt 0.2770 0.2738
vt 0.2633 0.2155
vt 0.2642 0.2156
vt 0.2640 0.2225
vt 0.2640 0.2225
vt 0.2642 0.2156
vt 0.3072 0.2726
vt 0.3074 0.2794
vt 0.3066 0.2789
vt 0.3064 0.2728
vt 0.3069 0.2608
vt 0.3061 0.2610
vt 0.3063 0.2532
vt 0.3055 0.2536
vt 0.3063 0.2453
vt 0.3054 0.2455
vt 0.3069 0.2333
vt 0.3061 0.2335
vt 0.3075 0.2225
vt 0.3067 0.2227
vt 0.3071 0.2149
vt 0.3063 0.2151
vt 0.3068 0.2102
vt 0.3062 0.2106
vt 0.3065 0.2076
vt 0.3058 0.2079
vt 0.2349 0.2115
vt 0.2361 0.2081
vt 0.2367 0.2085
vt 0.2357 0.2120
vt 0.2339 0.2193
vt 0.2349 0.2198
vt 0.2334 0.2319
vt 0.2343 0.2322
vt 0.2341 0.2442
vt 0.2350 0.2445
vt 0.2354 0.2546
vt 0.2365 0.2548
vt 0.2350 0.2610
vt 0.2359 0.2613
vt 0.2350 0.2729
vt 0.2360 0.2730
vt 0.2348 0.2789
vt 0.2360 0.2786
vt 0.1758 0.3879
vt 0.1749 0.3872
vt 0.1743 0.3861
vt 0.1768 0.3880
vt 0.1743 0.3850
vt 0.2357 0.2798
vt 0.0938 0.3677
vt 0.0935 0.3629
vt 0.0987 0.3632
vt 0.0983 0.3683
vt 0.0939 0.3720
vt 0.0981 0.3724
vt 0.0940 0.3755
vt 0.0969 0.3768
vt 0.1036 0.3730
vt 0.0999 0.3765
vt 0.1031 0.3774
vt 0.1080 0.3787
vt 0.1127 0.3743
vt 0.1124 0.3802
vt 0.1198 0.3745
vt 0.1198 0.3697
vt 0.1274 0.3739
vt 0.1274 0.3693
vt 0.1343 0.3686
vt 0.1342 0.3641
vt 0.1043 0.3634
vt 0.1040 0.3687
vt 0.1126 0.3695
vt 0.1197 0.3643
vt 0.1271 0.3644
vt 0.1128 0.3640
vt 0.1399 0.3635
vt 0.1404 0.3675
vt 0.1455 0.3641
vt 0.1453 0.3670
vt 0.1412 0.3715
vt 0.1455 0.3707
vt 0.1467 0.3754
vt 0.1427 0.3771
vt 0.1466 0.3764
vt 0.1457 0.3770
vt 0.1447 0.3626
vt 0.0940 0.3762
vt 0.0956 0.3771
vt 0.0944 0.3770
vt 0.1164 0.3822
vt 0.1201 0.3835
vt 0.1187 0.3836
vt 0.1202 0.3845
vt 0.1218 0.3835
vt 0.1235 0.3821
vt 0.1275 0.3800
vt 0.1345 0.3728
vt 0.1319 0.3788
vt 0.1365 0.3778
vt 0.1400 0.3625
vt 0.1448 0.3619
vt 0.1447 0.3626
vt 0.1399 0.3635
vt 0.1344 0.3632
vt 0.1342 0.3641
vt 0.1273 0.3633
vt 0.1271 0.3644
vt 0.1197 0.3643
vt 0.1196 0.3633
vt 0.1129 0.3630
vt 0.1128 0.3640
vt 0.1043 0.3623
vt 0.1043 0.3634
vt 0.0988 0.3623
vt 0.0987 0.3632
vt 0.0933 0.3619
vt 0.0935 0.3629
vt 0.0927 0.3677
vt 0.0926 0.3626
vt 0.0935 0.3629
vt 0.0938 0.3677
vt 0.0931 0.3719
vt 0.0939 0.3720
vt 0.0931 0.3755
vt 0.0940 0.3755
vt 0.0932 0.3766
vt 0.0940 0.3762
vt 0.0938 0.3775
vt 0.0944 0.3770
vt 0.0956 0.3778
vt 0.0942 0.3778
vt 0.0944 0.3770
vt 0.0956 0.3771
vt 0.0970 0.3776
vt 0.0969 0.3768
vt 0.0999 0.3772
vt 0.0999 0.3765
vt 0.1029 0.3782
vt 0.1031 0.3774
vt 0.1077 0.3796
vt 0.1080 0.3787
vt 0.1120 0.3810
vt 0.1124 0.3802
vt 0.1158 0.3827
vt 0.1164 0.3822
vt 0.1183 0.3843
vt 0.1187 0.3836
vt 0.1199 0.3852
vt 0.1202 0.3845
vt 0.1223 0.3842
vt 0.1204 0.3853
vt 0.1202 0.3845
vt 0.1218 0.3835
vt 0.1240 0.3828
vt 0.1235 0.3821
vt 0.1278 0.3809
vt 0.1275 0.3800
vt 0.1322 0.3799
vt 0.1319 0.3788
vt 0.1368 0.3789
vt 0.1365 0.3778
vt 0.1429 0.3779
vt 0.1427 0.3771
vt 0.1461 0.3778
vt 0.1457 0.3770
vt 0.1473 0.3770
vt 0.1466 0.3764
vt 0.1476 0.3755
vt 0.1476 0.3765
vt 0.1466 0.3764
vt 0.1467 0.3754
vt 0.1465 0.3706
vt 0.1455 0.3707
vt 0.1461 0.3671
vt 0.1453 0.3670
vt 0.1462 0.3639
vt 0.1455 0.3641
vt 0.1447 0.3626
vt 0.1453 0.3623
vt 0.1274 0.3739
vt 0.1274 0.3693
vt 0.1198 0.3697
vt 0.1343 0.3686
vt 0.1342 0.3641
vt 0.1399 0.3635
vt 0.1404 0.3675
vt 0.1455 0.3641
vt 0.1453 0.3670
vt 0.1412 0.3715
vt 0.1455 0.3707
vt 0.1467 0.3754
vt 0.1427 0.3771
vt 0.1345 0.3728
vt 0.1365 0.3778
vt 0.1319 0.3788
vt 0.1275 0.3800
vt 0.1235 0.3821
vt 0.1198 0.3745
vt 0.1043 0.3634
vt 0.0987 0.3632
vt 0.0983 0.3683
vt 0.1040 0.3687
vt 0.0981 0.3724
vt 0.1036 0.3730
vt 0.1126 0.3695
vt 0.1127 0.3743
vt 0.1218 0.3835
vt 0.1201 0.3835
vt 0.1202 0.3845
vt 0.1187 0.3836
vt 0.1164 0.3822
vt 0.1124 0.3802
vt 0.1080 0.3787
vt 0.1031 0.3774
vt 0.0999 0.3765
vt 0.0969 0.3768
vt 0.0940 0.3755
vt 0.0939 0.3720
vt 0.0938 0.3677
vt 0.0935 0.3629
vt 0.0956 0.3771
vt 0.0940 0.3762
vt 0.0944 0.3770
vt 0.0933 0.3619
vt 0.0935 0.3629
vt 0.0987 0.3632
vt 0.0988 0.3623
vt 0.1043 0.3634
vt 0.1043 0.3623
vt 0.1128 0.3640
vt 0.1129 0.3630
vt 0.1197 0.3643
vt 0.1196 0.3633
vt 0.1273 0.3633
vt 0.1271 0.3644
vt 0.1342 0.3641
vt 0.1344 0.3632
vt 0.1399 0.3635
vt 0.1400 0.3625
vt 0.1447 0.3626
vt 0.1448 0.3619
vt 0.1466 0.3764
vt 0.1467 0.3754
vt 0.1427 0.3771
vt 0.1457 0.3770
vt 0.1271 0.3644
vt 0.1197 0.3643
vt 0.1128 0.3640
vt 0.0938 0.3775
vt 0.0944 0.3770
vt 0.0940 0.3762
vt 0.0932 0.3766
vt 0.0940 0.3755
vt 0.0931 0.3755
vt 0.0939 0.3720
vt 0.0931 0.3719
vt 0.0938 0.3677
vt 0.0927 0.3677
vt 0.0935 0.3629
vt 0.0926 0.3626
vt 0.1199 0.3852
vt 0.1202 0.3845
vt 0.1187 0.3836
vt 0.1183 0.3843
vt 0.1164 0.3822
vt 0.1158 0.3827
vt 0.1124 0.3802
vt 0.1120 0.3810
vt 0.1080 0.3787
vt 0.1077 0.3796
vt 0.1031 0.3774
vt 0.1029 0.3782
vt 0.0999 0.3765
vt 0.0999 0.3772
vt 0.0969 0.3768
vt 0.0970 0.3776
vt 0.0956 0.3771
vt 0.0956 0.3778
vt 0.0944 0.3770
vt 0.0942 0.3778
vt 0.1461 0.3778
vt 0.1457 0.3770
vt 0.1427 0.3771
vt 0.1429 0.3779
vt 0.1365 0.3778
vt 0.1368 0.3789
vt 0.1319 0.3788
vt 0.1322 0.3799
vt 0.1275 0.3800
vt 0.1278 0.3809
vt 0.1235 0.3821
vt 0.1240 0.3828
vt 0.1218 0.3835
vt 0.1223 0.3842
vt 0.1202 0.3845
vt 0.1204 0.3853
vt 0.1473 0.3770
vt 0.1466 0.3764
vt 0.1457 0.3770
vt 0.1461 0.3778
vt 0.1462 0.3639
vt 0.1453 0.3623
vt 0.1447 0.3626
vt 0.1455 0.3641
vt 0.1453 0.3670
vt 0.1461 0.3671
vt 0.1455 0.3707
vt 0.1465 0.3706
vt 0.1467 0.3754
vt 0.1476 0.3755
vt 0.1476 0.3765
vt 0.1447 0.3626
vt 0.3247 0.4828
vt 0.3291 0.4912
vt 0.3263 0.4921
vt 0.3233 0.4921
vt 0.3205 0.4913
vt 0.3193 0.4937
vt 0.3181 0.4896
vt 0.3161 0.4915
vt 0.3163 0.4872
vt 0.3139 0.4885
vt 0.3154 0.4844
vt 0.3127 0.4849
vt 0.3154 0.4814
vt 0.3127 0.4811
vt 0.3162 0.4786
vt 0.3138 0.4774
vt 0.3159 0.4742
vt 0.3179 0.4762
vt 0.3202 0.4744
vt 0.3314 0.4760
vt 0.3331 0.4783
vt 0.3289 0.4743
vt 0.3261 0.4734
vt 0.3231 0.4734
vt 0.3264 0.4708
vt 0.3301 0.4718
vt 0.3333 0.4740
vt 0.3356 0.4771
vt 0.3340 0.4812
vt 0.3340 0.4841
vt 0.3332 0.4870
vt 0.3367 0.4845
vt 0.3356 0.4882
vt 0.3315 0.4894
vt 0.3335 0.4914
vt 0.3304 0.4936
vt 0.3268 0.4948
vt 0.3230 0.4948
vt 0.2567 0.5324
vt 0.2479 0.5410
vt 0.2457 0.5378
vt 0.2447 0.5342
vt 0.2447 0.5303
vt 0.2458 0.5267
vt 0.2480 0.5236
vt 0.2512 0.5215
vt 0.2549 0.5204
vt 0.2588 0.5204
vt 0.2624 0.5216
vt 0.2654 0.5239
vt 0.2676 0.5270
vt 0.2686 0.5307
vt 0.2686 0.5345
vt 0.2675 0.5381
vt 0.2653 0.5412
vt 0.2621 0.5433
vt 0.2584 0.5444
vt 0.2546 0.5444
vt 0.2510 0.5433
vt 0.3367 0.4807
vt 0.3189 0.4719
vt 0.3226 0.4708
vt 0.9552 0.3790
vt 0.9562 0.3774
vt 0.9567 0.3790
vt 0.9552 0.3819
vt 0.9573 0.3813
vt 0.9554 0.3841
vt 0.9567 0.3841
vt 0.9562 0.3774
vt 0.9562 0.3774
vt 0.9552 0.3790
vt 0.9552 0.3790
vt 0.9552 0.3819
vt 0.9552 0.3819
vt 0.9554 0.3841
vt 0.9554 0.3841
vt 0.9554 0.3841
vt 0.9554 0.3841
vt 0.9567 0.3841
vt 0.9567 0.3841
vt 0.9567 0.3841
vt 0.9567 0.3841
vt 0.9573 0.3813
vt 0.9573 0.3813
vt 0.9567 0.3790
vt 0.9567 0.3790
vt 0.9562 0.3774
vt 0.9562 0.3774
vt 0.9559 0.3841
vt 0.9560 0.3841
vt 0.9567 0.3841
vt 0.9562 0.3774
vt 0.9562 0.3774
vt 0.9567 0.3790
vt 0.9567 0.3790
vt 0.9573 0.3813
vt 0.9573 0.3813
vt 0.9567 0.3841
vt 0.9567 0.3841
vt 0.9559 0.3841
vt 0.3247 0.4828
vt 0.3291 0.4912
vt 0.3263 0.4921
vt 0.3233 0.4921
vt 0.3205 0.4913
vt 0.3193 0.4937
vt 0.3181 0.4896
vt 0.3161 0.4915
vt 0.3163 0.4872
vt 0.3139 0.4885
vt 0.3154 0.4844
vt 0.3127 0.4849
vt 0.3154 0.4814
vt 0.3127 0.4811
vt 0.3162 0.4786
vt 0.3138 0.4774
vt 0.3159 0.4742
vt 0.3179 0.4762
vt 0.3202 0.4744
vt 0.3314 0.4760
vt 0.3331 0.4783
vt 0.3289 0.4743
vt 0.3261 0.4734
vt 0.3231 0.4734
vt 0.3264 0.4708
vt 0.3301 0.4718
vt 0.3333 0.4740
vt 0.3356 0.4771
vt 0.3340 0.4812
vt 0.3340 0.4841
vt 0.3332 0.4870
vt 0.3367 0.4845
vt 0.3356 0.4882
vt 0.3315 0.4894
vt 0.3335 0.4914
vt 0.3304 0.4936
vt 0.3268 0.4948
vt 0.3230 0.4948
vt 0.2567 0.5324
vt 0.2479 0.5410
vt 0.2457 0.5378
vt 0.2447 0.5342
vt 0.2447 0.5303
vt 0.2458 0.5267
vt 0.2480 0.5236
vt 0.2512 0.5215
vt 0.2549 0.5204
vt 0.2588 0.5204
vt 0.2624 0.5216
vt 0.2654 0.5239
vt 0.2676 0.5270
vt 0.2686 0.5307
vt 0.2686 0.5345
vt 0.2675 0.5381
vt 0.2653 0.5412
vt 0.2621 0.5433
vt 0.2584 0.5444
vt 0.2546 0.5444
vt 0.2510 0.5433
vt 0.3367 0.4807
vt 0.3189 0.4719
vt 0.3226 0.4708
vt 0.3367 0.4807
vt 0.9560 0.3841
vt 0.9559 0.3841
vt 0.9554 0.3841
vt 0.4651 0.2142
vt 0.4595 0.2160
vt 0.4634 0.2071
vt 0.4582 0.2063
vt 0.4633 0.2060
vt 0.4583 0.2058
vt 0.4632 0.2033
vt 0.4585 0.2045
vt 0.4631 0.2015
vt 0.4586 0.2037
vt 0.4556 0.1976
vt 0.4608 0.1950
vt 0.4690 0.1943
vt 0.4700 0.2010
vt 0.4700 0.2030
vt 0.4699 0.2061
vt 0.4698 0.2073
vt 0.4709 0.2147
vt 0.4544 0.2119
vt 0.6169 0.2611
vt 0.6243 0.2623
vt 0.6250 0.2632
vt 0.6171 0.2634
vt 0.6108 0.2581
vt 0.6106 0.2594
vt 0.6108 0.2581
vt 0.6108 0.2581
vt 0.6098 0.2579
vt 0.5974 0.1563
vt 0.5968 0.1567
vt 0.5974 0.1548
vt 0.5981 0.1559
vt 0.6028 0.1493
vt 0.6035 0.1509
vt 0.6104 0.1472
vt 0.6108 0.1461
vt 0.6133 0.1523
vt 0.6104 0.1472
vt 0.6108 0.1461
vt 0.6035 0.1509
vt 0.6073 0.1571
vt 0.6029 0.1608
vt 0.6075 0.1680
vt 0.6068 0.1684
vt 0.6112 0.1734
vt 0.6103 0.1736
vt 0.6144 0.1837
vt 0.6153 0.1834
vt 0.6166 0.1922
vt 0.6174 0.1920
vt 0.6181 0.1989
vt 0.6189 0.1989
vt 0.6192 0.2061
vt 0.6199 0.2061
vt 0.6197 0.2122
vt 0.6205 0.2122
vt 0.6022 0.1613
vt 0.5981 0.1559
vt 0.5974 0.1563
vt 0.6196 0.2219
vt 0.6203 0.2220
vt 0.6190 0.2291
vt 0.6199 0.2291
vt 0.6180 0.2363
vt 0.6188 0.2365
vt 0.6163 0.2441
vt 0.6174 0.2443
vt 0.6150 0.2509
vt 0.6199 0.2540
vt 0.6169 0.2611
vt 0.6243 0.2623
vt 0.6265 0.2558
vt 0.6250 0.2632
vt 0.6276 0.2563
vt 0.6282 0.2471
vt 0.6296 0.2477
vt 0.6292 0.2390
vt 0.6108 0.2581
vt 0.6103 0.2580
vt 0.6141 0.2503
vt 0.6304 0.2391
vt 0.6295 0.2306
vt 0.6306 0.2308
vt 0.6294 0.2216
vt 0.6308 0.2216
vt 0.6313 0.2119
vt 0.6293 0.2119
vt 0.6308 0.2052
vt 0.6288 0.2051
vt 0.6298 0.1976
vt 0.6280 0.1979
vt 0.6278 0.1895
vt 0.6260 0.1895
vt 0.6253 0.1801
vt 0.6239 0.1802
vt 0.6220 0.1697
vt 0.6204 0.1698
vt 0.6170 0.1613
vt 0.6143 0.1517
vt 0.6182 0.1605
vt 0.6119 0.1648
vt 0.6152 0.1726
vt 0.6195 0.1819
vt 0.6216 0.1906
vt 0.6236 0.1986
vt 0.6246 0.2056
vt 0.6251 0.2119
vt 0.6251 0.2220
vt 0.6250 0.2298
vt 0.6241 0.2373
vt 0.6227 0.2464
vt 0.6098 0.2579
vt 0.6103 0.2580
vt 0.6108 0.2581
vt 0.6015 0.1619
vt 0.5968 0.1567
vt 0.5974 0.1563
vt 0.6022 0.1613
vt 0.6062 0.1689
vt 0.6068 0.1684
vt 0.6103 0.1736
vt 0.6093 0.1738
vt 0.6135 0.1839
vt 0.6144 0.1837
vt 0.6158 0.1924
vt 0.6166 0.1922
vt 0.6173 0.1990
vt 0.6181 0.1989
vt 0.6185 0.2061
vt 0.6192 0.2061
vt 0.6190 0.2122
vt 0.6197 0.2122
vt 0.6189 0.2217
vt 0.6196 0.2219
vt 0.6182 0.2290
vt 0.6190 0.2291
vt 0.6172 0.2361
vt 0.6180 0.2363
vt 0.6153 0.2439
vt 0.6163 0.2441
vt 0.6141 0.2503
vt 0.6131 0.2497
vt 0.6098 0.2579
vt 0.6103 0.2580
vt 0.5898 0.1671
vt 0.5936 0.1665
vt 0.5947 0.1754
vt 0.5916 0.1762
vt 0.5863 0.1674
vt 0.5876 0.1772
vt 0.5832 0.1678
vt 0.5838 0.1768
vt 0.5780 0.1677
vt 0.5794 0.1771
vt 0.5731 0.1679
vt 0.5727 0.1777
vt 0.5682 0.1684
vt 0.5677 0.1782
vt 0.5630 0.1690
vt 0.5628 0.1781
vt 0.5600 0.1693
vt 0.5592 0.1779
vt 0.5566 0.1692
vt 0.5558 0.1778
vt 0.5535 0.1690
vt 0.5517 0.1773
vt 0.5498 0.1687
vt 0.5485 0.1770
vt 0.6425 0.2665
vt 0.6444 0.2744
vt 0.6412 0.2750
vt 0.6399 0.2668
vt 0.6371 0.2759
vt 0.6370 0.2669
vt 0.6333 0.2764
vt 0.6339 0.2669
vt 0.6302 0.2770
vt 0.6292 0.2670
vt 0.6255 0.2768
vt 0.6246 0.2668
vt 0.6206 0.2761
vt 0.6199 0.2665
vt 0.6139 0.2763
vt 0.6151 0.2667
vt 0.6099 0.2763
vt 0.6102 0.2670
vt 0.6063 0.2766
vt 0.6067 0.2670
vt 0.6029 0.2762
vt 0.6032 0.2670
vt 0.5994 0.2750
vt 0.5993 0.2666
vt 0.6099 0.2763
vt 0.6151 0.2667
vt 0.6102 0.2670
vt 0.6333 0.2764
vt 0.6370 0.2669
vt 0.6339 0.2669
vt 0.6029 0.2762
vt 0.6067 0.2670
vt 0.6032 0.2670
vt 0.5994 0.2750
vt 0.6032 0.2670
vt 0.5993 0.2666
vt 0.6139 0.2763
vt 0.6199 0.2665
vt 0.6151 0.2667
vt 0.6302 0.2770
vt 0.6339 0.2669
vt 0.6292 0.2670
vt 0.6063 0.2766
vt 0.6102 0.2670
vt 0.6067 0.2670
vt 0.6206 0.2761
vt 0.6246 0.2668
vt 0.6199 0.2665
vt 0.6255 0.2768
vt 0.6292 0.2670
vt 0.6246 0.2668
vt 0.6371 0.2759
vt 0.6399 0.2668
vt 0.6370 0.2669
vt 0.6412 0.2750
vt 0.6425 0.2665
vt 0.6399 0.2668
vt 0.5993 0.2666
vt 0.5993 0.2666
vt 0.6032 0.2670
vt 0.6032 0.2670
vt 0.6067 0.2670
vt 0.6067 0.2670
vt 0.6102 0.2670
vt 0.6102 0.2670
vt 0.6151 0.2667
vt 0.6151 0.2667
vt 0.6199 0.2665
vt 0.6199 0.2665
vt 0.6246 0.2668
vt 0.6246 0.2668
vt 0.6292 0.2670
vt 0.6292 0.2670
vt 0.6339 0.2669
vt 0.6339 0.2669
vt 0.6370 0.2669
vt 0.6370 0.2669
vt 0.6399 0.2668
vt 0.6399 0.2668
vt 0.6425 0.2665
vt 0.6425 0.2665
vt 0.5794 0.1771
vt 0.5832 0.1678
vt 0.5780 0.1677
vt 0.5558 0.1778
vt 0.5600 0.1693
vt 0.5566 0.1692
vt 0.5876 0.1772
vt 0.5898 0.1671
vt 0.5863 0.1674
vt 0.5916 0.1762
vt 0.5936 0.1665
vt 0.5898 0.1671
vt 0.5727 0.1777
vt 0.5780 0.1677
vt 0.5731 0.1679
vt 0.5592 0.1779
vt 0.5630 0.1690
vt 0.5600 0.1693
vt 0.5838 0.1768
vt 0.5863 0.1674
vt 0.5832 0.1678
vt 0.5677 0.1782
vt 0.5731 0.1679
vt 0.5682 0.1684
vt 0.5628 0.1781
vt 0.5682 0.1684
vt 0.5630 0.1690
vt 0.5517 0.1773
vt 0.5566 0.1692
vt 0.5535 0.1690
vt 0.5485 0.1770
vt 0.5535 0.1690
vt 0.5498 0.1687
vt 0.5498 0.1687
vt 0.5498 0.1687
vt 0.5535 0.1690
vt 0.5535 0.1690
vt 0.5566 0.1692
vt 0.5566 0.1692
vt 0.5600 0.1693
vt 0.5600 0.1693
vt 0.5630 0.1690
vt 0.5630 0.1690
vt 0.5682 0.1684
vt 0.5682 0.1684
vt 0.5731 0.1679
vt 0.5731 0.1679
vt 0.5780 0.1677
vt 0.5780 0.1677
vt 0.5832 0.1678
vt 0.5832 0.1678
vt 0.5863 0.1674
vt 0.5863 0.1674
vt 0.5898 0.1671
vt 0.5898 0.1671
vt 0.5936 0.1665
vt 0.5936 0.1665
vn 0.8032 0.0132 0.5956
vn 0.8974 -0.0478 0.4386
vn 0.9366 -0.0961 0.3371
vn 0.9893 -0.0303 0.1423
vn 0.9398 -0.0745 -0.3333
vn 0.9828 -0.0018 -0.1844
vn 0.9536 0.2211 -0.2042
vn 0.9204 -0.0319 0.3897
vn 0.1886 -0.2019 -0.9611
vn 0.1418 0.7523 -0.6434
vn 0.4638 0.5075 -0.7261
vn 0.2651 0.5589 -0.7857
vn 0.3460 0.1511 -0.9260
vn -0.7668 -0.0656 -0.6385
vn -0.7473 -0.5307 -0.3998
vn -0.9922 0.0224 -0.1224
vn -0.9252 -0.3672 0.0953
vn -0.2551 -0.8397 0.4793
vn -0.1138 -0.9593 -0.2586
vn 0.7308 -0.5615 0.3880
vn 0.6946 -0.7004 -0.1642
vn 0.9735 -0.1375 0.1828
vn 0.9054 -0.2744 -0.3241
vn 0.5365 0.8208 -0.1961
vn -0.4839 0.4951 -0.7216
vn -0.7538 0.3290 -0.5687
vn 0.1009 0.5599 -0.8224
vn 0.0130 0.4074 -0.9131
vn 0.0931 0.6356 -0.7663
vn -0.6869 0.1030 -0.7194
vn -0.9847 -0.0160 -0.1736
vn -0.9544 -0.0481 -0.2946
vn -0.6458 0.3225 -0.6920
vn -0.9375 0.0299 -0.3468
vn -0.8934 0.1862 -0.4089
vn -0.5360 0.4901 -0.6873
vn -0.0238 0.6959 -0.7178
vn 0.4508 0.6791 -0.5793
vn 0.4226 0.6998 -0.5759
vn 0.7985 0.5885 -0.1265
vn 0.8288 0.5521 -0.0908
vn 0.6516 0.3389 0.6786
vn -0.0172 0.6019 0.7983
vn 0.3557 0.6296 0.6907
vn 0.3442 0.6906 0.6361
vn 0.6780 0.6805 0.2777
vn 0.7021 0.6043 0.3766
vn 0.8283 0.5589 -0.0391
vn 0.9435 0.2118 0.2548
vn 0.8934 0.4467 0.0469
vn 0.4565 0.1088 0.8830
vn 0.3728 0.3038 0.8767
vn -0.0248 -0.0123 0.9996
vn -0.1623 0.2213 0.9616
vn 0.3676 0.4026 0.8383
vn -0.0894 0.3459 0.9340
vn 0.1010 0.1046 0.9893
vn 0.5678 0.2177 0.7938
vn 0.4510 -0.4080 0.7938
vn 0.7240 -0.1697 0.6685
vn 0.5908 -0.7902 0.1626
vn 0.9228 -0.3819 0.0508
vn 0.9912 0.1238 -0.0471
vn 0.9763 0.2162 -0.0038
vn 0.9310 0.3406 0.1311
vn 0.5848 -0.1170 -0.8027
vn 0.6213 -0.2718 -0.7349
vn 0.7388 -0.4390 -0.5113
vn 0.4916 -0.7238 -0.4841
vn 0.2396 -0.4594 -0.8553
vn 0.1638 -0.2747 -0.9474
vn 0.7356 -0.0457 -0.6759
vn 0.6779 0.0625 -0.7324
vn 0.7241 0.4299 -0.5392
vn 0.7394 0.6290 0.2399
vn 0.3044 0.7045 0.6411
vn -0.1367 0.6525 0.7454
vn -0.2165 0.6081 0.7637
vn 0.4254 0.0855 -0.9009
vn 0.4309 0.0851 -0.8984
vn 0.2815 -0.2627 -0.9229
vn 0.3804 -0.2526 -0.8896
vn 0.7256 0.3627 -0.5847
vn 0.7990 0.5587 0.2222
vn 0.3146 0.6848 0.6573
vn -0.2153 0.5181 0.8278
vn -0.7626 0.3164 0.5642
vn -0.8015 0.1738 0.5721
vn -0.7285 0.3969 0.5582
vn -0.9494 0.1709 0.2635
vn -0.9718 0.1086 0.2093
vn -0.9800 0.0312 0.1965
vn -0.8332 0.1143 0.5410
vn -0.2327 0.5145 0.8253
vn 0.3286 0.6836 0.6517
vn 0.8423 0.5082 0.1793
vn 0.7389 0.3344 -0.5849
vn 0.4218 0.0584 -0.9048
vn -0.6223 0.3981 0.6740
vn -0.9192 0.1505 0.3639
vn -0.8923 0.0926 0.4419
vn -0.9298 0.0744 0.3605
vn -0.5730 0.4065 0.7116
vn -0.8151 0.2221 0.5349
vn -0.9538 -0.0822 0.2888
vn -0.7142 0.2203 0.6643
vn -0.9596 -0.1588 0.2322
vn -0.7340 -0.0033 0.6792
vn -0.9861 -0.1238 0.1112
vn -0.9946 -0.0837 0.0614
vn -0.7912 -0.1748 0.5860
vn -0.7101 -0.6228 0.3284
vn 0.1531 -0.2306 0.9609
vn -0.0286 -0.9778 0.2077
vn 0.7527 -0.6345 0.1755
vn 0.8060 -0.4647 -0.3666
vn 0.9913 -0.0295 -0.1279
vn 0.9088 -0.1981 0.3671
vn -0.8753 -0.4531 -0.1690
vn -0.1391 -0.8356 -0.5314
vn 0.6590 0.3058 0.6871
vn 0.3107 0.0804 0.9471
vn 0.3272 0.1271 0.9363
vn 0.7045 0.3577 0.6129
vn 0.3498 0.0955 0.9319
vn 0.6339 -0.0408 0.7723
vn 0.1957 -0.3314 0.9229
vn 0.6838 -0.1517 0.7137
vn 0.2971 -0.3302 0.8959
vn 0.0762 -0.3323 0.9401
vn 0.5190 -0.2127 0.8278
vn 0.5440 -0.3673 0.7544
vn 0.9937 0.0184 0.1100
vn 0.8811 -0.4726 -0.0173
vn 0.7435 -0.2136 -0.6337
vn 0.5173 -0.8390 -0.1685
vn 0.4562 -0.4165 -0.7864
vn 0.6350 0.1932 -0.7479
vn 0.1386 -0.5195 0.8431
vn 0.6577 -0.5355 0.5297
vn 0.3852 -0.7917 0.4740
vn 0.1724 0.1378 -0.9753
vn 0.4576 0.3995 -0.7943
vn 0.0041 0.3948 -0.9187
vn -0.0791 0.2798 -0.9568
vn 0.4552 0.3026 -0.8374
vn 0.0362 0.0351 -0.9987
vn 0.5192 0.1005 -0.8487
vn 0.6261 -0.7796 -0.0137
vn 0.9740 0.1243 -0.1893
vn 0.6842 -0.4297 0.5893
vn 0.9797 0.0373 0.1967
vn 0.7553 -0.2529 0.6046
vn 0.9147 0.0803 0.3959
vn 0.6954 -0.2198 0.6841
vn 0.9362 0.0382 0.3492
vn 0.9549 -0.0364 0.2947
vn 0.7203 0.1349 -0.6804
vn 0.6810 -0.1161 -0.7230
vn 0.7424 0.5058 -0.4393
vn 0.7814 0.5447 -0.3045
vn 0.7815 0.5773 -0.2364
vn -0.7732 -0.1386 -0.6188
vn -0.7142 0.0199 -0.6996
vn -0.2855 -0.0079 -0.9583
vn -0.2306 0.1569 -0.9603
vn 0.7328 0.4353 -0.5228
vn 0.5849 0.4044 -0.7031
vn 0.4443 0.5210 -0.7288
vn 0.4594 0.6197 -0.6363
vn 0.7590 0.6185 -0.2034
vn 0.8762 0.4679 0.1149
vn 0.9350 0.3536 0.0271
vn 0.9669 0.2481 -0.0601
vn -0.6894 0.1012 -0.7173
vn -0.2150 0.3212 -0.9223
vn -0.7201 0.0555 -0.6916
vn -0.7107 0.2636 -0.6522
vn -0.7412 0.3650 -0.5633
vn -0.3274 -0.2730 -0.9045
vn -0.3382 -0.7267 -0.5979
vn -0.6128 -0.7324 -0.2967
vn 0.3179 -0.9164 -0.2430
vn 0.0504 -0.9751 0.2159
vn 0.8286 -0.5595 -0.0182
vn 0.7128 -0.5554 0.4283
vn 0.9784 -0.1354 -0.1561
vn 0.8818 -0.0262 0.4709
vn 0.7125 -0.0934 0.6954
vn 0.9397 -0.1739 0.2946
vn 0.6048 -0.1930 0.7727
vn 0.5457 -0.3557 -0.7587
vn 0.9763 -0.1110 0.1860
vn 0.9220 0.0372 -0.3853
vn 0.8837 0.0252 -0.4674
vn 0.9420 -0.2746 0.1929
vn 0.2862 -0.5365 0.7939
vn 0.8164 -0.5727 -0.0739
vn 0.2230 -0.9623 0.1557
vn 0.7793 -0.4102 -0.4736
vn 0.0692 -0.9176 -0.3913
vn -0.6761 -0.7147 0.1790
vn -0.4539 -0.7412 0.4945
vn -0.8703 -0.2317 0.4345
vn -0.5598 -0.4108 0.7196
vn -0.6496 -0.1851 0.7374
vn 0.3074 -0.2736 0.9114
vn 0.2817 0.1397 0.9492
vn 0.9818 0.1023 0.1600
vn 0.2330 0.4115 0.8811
vn 0.9685 0.0992 0.2281
vn 0.3236 0.2145 0.9215
vn 0.9205 -0.1610 -0.3561
vn 0.3882 -0.6404 0.6627
vn -0.7817 -0.0770 0.6189
vn -0.4220 0.1515 0.8938
vn -0.5083 -0.0121 0.8611
vn 0.4221 0.3960 0.8155
vn 0.4896 0.1448 0.8598
vn 0.9958 0.0828 0.0376
vn 0.9973 0.0726 -0.0105
vn 0.8597 0.0020 -0.5108
vn 0.9847 -0.1082 0.1366
vn 0.9122 0.0890 -0.3999
vn 0.9617 -0.0171 -0.2734
vn 0.9181 -0.2819 0.2786
vn 0.8464 -0.5303 0.0484
vn 0.2307 -0.9468 0.2242
vn 0.0976 -0.9250 -0.3672
vn -0.7295 -0.6821 0.0501
vn -0.5298 -0.7370 0.4196
vn 0.2792 -0.5047 0.8169
vn -0.6099 -0.3815 0.6946
vn 0.4091 -0.2557 0.8759
vn -0.9161 -0.2020 0.3462
vn -0.5517 -0.2183 0.8049
vn -0.9210 -0.0918 0.3784
vn -0.8875 -0.1248 0.4435
vn 0.7032 -0.5094 0.4960
vn 0.7485 -0.6568 0.0913
vn 0.9198 -0.3616 -0.1524
vn 0.1344 -0.9722 -0.1915
vn -0.0479 -0.9365 0.3474
vn -0.7320 -0.6323 -0.2536
vn -0.4945 -0.6673 -0.5568
vn -0.8605 -0.1208 -0.4949
vn -0.5524 -0.3180 -0.7704
vn 0.2796 -0.5271 -0.8025
vn 0.3344 -0.2629 -0.9050
vn 0.9698 -0.2029 -0.1352
vn 0.9951 0.0073 -0.0981
vn 0.8509 -0.0873 0.5179
vn 0.9859 0.0086 -0.1670
vn 0.8757 -0.2711 0.3996
vn 0.3623 -0.6467 -0.6711
vn 0.4002 0.2210 -0.8894
vn -0.7455 0.0320 -0.6657
vn -0.3483 0.2342 -0.9076
vn 0.8954 -0.0757 0.4389
vn 0.9178 -0.1075 0.3821
vn -0.4524 0.0791 -0.8883
vn 0.5096 0.3864 -0.7687
vn 0.5542 0.1318 -0.8218
vn 0.9995 -0.0190 0.0237
vn 0.9969 -0.0314 0.0713
vn 0.8221 -0.1097 0.5586
vn 0.9754 -0.2032 -0.0853
vn 0.8899 -0.0238 0.4555
vn 0.9363 -0.1286 0.3268
vn 0.9006 -0.3625 -0.2396
vn 0.7902 -0.6123 -0.0267
vn 0.1479 -0.9546 -0.2585
vn -0.0189 -0.9456 0.3246
vn -0.7898 -0.6001 -0.1264
vn -0.5741 -0.6587 -0.4862
vn -0.6007 -0.2849 -0.7469
vn 0.2773 -0.4938 -0.8242
vn 0.4349 -0.2571 -0.8629
vn -0.8073 0.0328 -0.5892
vn -0.4988 0.2598 -0.8268
vn -0.8373 0.0419 -0.5451
vn -0.5835 0.0689 -0.8092
vn -0.9116 -0.0437 -0.4088
vn -0.9408 0.1204 -0.3169
vn -0.6178 -0.0837 -0.7819
vn 0.3528 0.1522 -0.9232
vn 0.3276 0.4243 -0.8442
vn 0.2365 0.5076 -0.8285
vn -0.1654 0.4901 -0.8558
vn -0.1560 0.4489 -0.8798
vn 0.9910 0.1137 0.0707
vn -0.8389 -0.3355 -0.4285
vn -0.7871 -0.4602 -0.4107
vn -0.7928 -0.5848 -0.1714
vn -0.8492 -0.4933 -0.1882
vn -0.7378 -0.6653 0.1139
vn -0.8205 -0.5561 0.1324
vn -0.9589 -0.2298 -0.1666
vn -0.8845 -0.3474 0.3114
vn -0.9313 -0.3642 -0.0063
vn -0.7067 -0.4973 0.5032
vn -0.5718 -0.8127 0.1115
vn -0.5753 -0.6455 0.5023
vn -0.4104 -0.5981 0.6883
vn -0.4054 -0.8928 0.1962
vn -0.4021 -0.8169 0.4134
vn -0.3475 -0.9157 0.2017
vn -0.3261 -0.8565 0.4001
vn -0.3170 -0.8351 0.4496
vn -0.6282 -0.6918 0.3561
vn -0.5330 -0.7946 0.2905
vn -0.4502 -0.5888 0.6713
vn -0.5872 -0.6278 0.5108
vn -0.5837 -0.6348 0.5063
vn -0.4550 -0.4421 0.7729
vn -0.4303 -0.4250 0.7963
vn -0.4296 -0.4241 0.7972
vn -0.4318 -0.4274 0.7942
vn -0.5392 -0.6320 0.5565
vn -0.6517 -0.6729 0.3500
vn -0.6623 -0.6705 0.3343
vn -0.7654 -0.5191 0.3802
vn -0.8740 -0.4697 0.1244
vn -0.8025 -0.5805 0.1379
vn -0.5210 -0.7898 0.3237
vn -0.7833 -0.5755 0.2347
vn -0.5832 -0.7253 0.3658
vn -0.8022 -0.5432 0.2478
vn -0.7464 -0.5329 0.3984
vn -0.2865 -0.6101 0.7387
vn -0.1877 -0.1946 0.9627
vn 0.3162 -0.1955 0.9283
vn 0.3248 0.0551 0.9442
vn -0.1549 0.0945 0.9834
vn 0.1673 0.0943 0.9814
vn -0.2257 0.1114 0.9678
vn -0.5741 0.1090 0.8115
vn -0.5699 0.1348 0.8106
vn -0.6792 -0.1873 0.7096
vn 0.1998 0.0809 0.9765
vn 0.2416 0.2589 0.9351
vn -0.2205 0.2973 0.9290
vn -0.2595 0.0689 0.9633
vn -0.6579 0.2553 0.7085
vn -0.3857 0.2506 0.8879
vn -0.7835 0.2312 0.5767
vn -0.8397 -0.1312 0.5270
vn -0.4393 -0.1805 0.8800
vn -0.7338 -0.6539 0.1845
vn -0.4197 -0.6473 0.6362
vn -0.0122 -0.6733 0.7392
vn -0.2659 -0.8925 0.3642
vn -0.1581 -0.9673 0.1984
vn -0.3301 -0.8139 0.4780
vn -0.1670 -0.8502 0.4993
vn -0.1296 -0.7590 0.6380
vn 0.0039 -0.7664 0.6423
vn -0.2658 -0.9616 -0.0673
vn -0.5364 0.1448 0.8314
vn -0.5594 -0.6084 -0.5628
vn -0.8147 -0.1702 -0.5543
vn -0.8840 -0.0680 -0.4624
vn -0.3442 -0.8165 0.4635
vn 0.2546 -0.5607 0.7879
vn -0.2753 -0.9127 0.3018
vn -0.3225 -0.8881 0.3275
vn -0.2980 -0.9399 0.1664
vn -0.6983 0.2533 0.6695
vn -0.6849 0.1129 0.7198
vn -0.4127 0.1334 0.9010
vn -0.3485 0.2753 0.8959
vn -0.7687 0.2081 0.6047
vn -0.3878 0.2644 0.8830
vn -0.8315 -0.1751 0.5271
vn -0.4553 -0.1826 0.8714
vn -0.7574 -0.6328 0.1608
vn -0.4498 -0.6765 0.5830
vn -0.0333 -0.6913 0.7218
vn -0.1250 0.2332 0.9644
vn 0.0495 0.2576 0.9650
vn 0.0790 0.1667 0.9828
vn 0.0254 -0.2085 0.9777
vn -0.1802 0.1373 -0.9740
vn -0.5334 0.1180 -0.8376
vn -0.5349 0.0919 -0.8399
vn -0.1072 0.1284 -0.9859
vn 0.2126 0.1605 -0.9639
vn 0.3709 0.1355 -0.9187
vn -0.1111 -0.1632 -0.9803
vn 0.3873 -0.1152 -0.9147
vn -0.1791 -0.5974 -0.7817
vn -0.6633 -0.5843 -0.4675
vn -0.4832 -0.7607 -0.4335
vn -0.7262 -0.6077 -0.3213
vn -0.7049 -0.6386 -0.3085
vn -0.4171 -0.8206 -0.3905
vn -0.7290 -0.6504 -0.2134
vn -0.4305 -0.8283 -0.3584
vn -0.2026 -0.8387 -0.5054
vn -0.5318 -0.7324 -0.4251
vn -0.2123 -0.8634 -0.4575
vn -0.5019 -0.6352 -0.5870
vn -0.6145 -0.2182 -0.7581
vn -0.2912 -0.8311 -0.4738
vn -0.3489 -0.5999 -0.7200
vn -0.3048 -0.5986 -0.7408
vn -0.3540 -0.4597 -0.8144
vn -0.3305 -0.4427 -0.8335
vn -0.3312 -0.4450 -0.8320
vn -0.3298 -0.4418 -0.8343
vn -0.5020 -0.6267 -0.5959
vn -0.5989 -0.6562 -0.4590
vn -0.6974 -0.5381 -0.4732
vn -0.8122 -0.5482 -0.1994
vn -0.5851 -0.6598 -0.4715
vn -0.4351 -0.6291 -0.6441
vn -0.4810 0.0445 -0.8756
vn -0.8615 0.0847 -0.5006
vn -0.9340 0.0231 -0.3566
vn -0.7417 -0.1565 -0.6522
vn -0.3112 -0.1323 -0.9411
vn 0.0644 -0.0330 -0.9974
vn -0.0023 0.0283 -0.9996
vn -0.6491 -0.0155 -0.7605
vn -0.1304 -0.0409 -0.9906
vn -0.1720 -0.2509 -0.9526
vn -0.6829 -0.2857 -0.6723
vn -0.5929 -0.5574 -0.5811
vn -0.7749 -0.6016 -0.1938
vn -0.0493 -0.8361 -0.5463
vn -0.0457 -0.9669 -0.2510
vn -0.2163 -0.8176 -0.5336
vn -0.0137 -0.7347 -0.6782
vn -0.2389 -0.9345 -0.2637
vn -0.9411 -0.2350 -0.2431
vn -0.2991 -0.9179 -0.2609
vn -0.4774 -0.8594 -0.1831
vn -0.4758 -0.6736 -0.5655
vn -0.6215 -0.5395 -0.5679
vn -0.8874 -0.4558 -0.0680
vn -0.8245 -0.4183 -0.3810
vn -0.9379 -0.3333 0.0962
vn -0.7497 -0.6283 -0.2079
vn -0.8031 -0.5851 0.1128
vn -0.6573 -0.7295 -0.1892
vn -0.7367 -0.6695 0.0954
vn -0.8229 -0.4395 0.3601
vn -0.7575 -0.5573 0.3400
vn 0.0024 -0.5505 -0.8348
vn 0.1701 -0.6984 -0.6952
vn 0.1199 -0.7284 -0.6745
vn -0.1684 -0.9857 0.0074
vn -0.5248 -0.6894 0.4992
vn -0.8231 -0.2792 0.4944
vn -0.8973 -0.1800 0.4031
vn -0.3721 0.1369 -0.9180
vn -0.6506 0.0800 -0.7552
vn -0.6813 0.2156 -0.6995
vn -0.3232 0.2841 -0.9026
vn -0.7502 0.1603 -0.6414
vn -0.3619 0.2687 -0.8926
vn -0.7774 -0.2307 -0.5851
vn -0.3833 -0.1828 -0.9053
vn -0.6774 -0.6967 -0.2358
vn -0.3433 -0.6878 -0.6395
vn -0.1617 -0.9192 -0.3590
vn -0.2096 -0.8982 -0.3864
vn -0.2308 -0.8223 -0.5201
vn -0.1509 -0.8950 -0.4197
vn 0.0998 -0.6326 -0.7680
vn -0.3134 -0.6530 -0.6894
vn -0.6504 -0.7141 -0.2588
vn -0.1892 -0.9554 -0.2266
vn 0.0797 -0.6535 -0.7527
vn 0.1027 -0.1549 -0.9826
vn 0.1175 0.2237 -0.9675
vn 0.0777 0.3101 -0.9475
vn -0.0930 0.2682 -0.9588
vn -0.3672 -0.1788 -0.9128
vn -0.7901 -0.1879 -0.5835
vn -0.3581 0.2554 -0.8981
vn -0.7689 0.1804 -0.6133
vn -0.6391 0.2235 -0.7359
vn -0.1964 0.3205 -0.9266
vn -0.2096 0.0914 -0.9735
vn 0.2459 0.1502 -0.9575
vn 0.2667 0.3292 -0.9058
vn 0.1208 0.1771 -0.9767
vn 0.1829 -0.1138 -0.9765
vn -0.5000 0.1323 -0.8559
vn -0.3375 -0.0853 0.9374
vn -0.7513 -0.0876 0.6541
vn -0.7889 -0.2470 0.5627
vn -0.3487 -0.3503 0.8693
vn 0.6469 -0.0837 0.7580
vn 0.5352 -0.3372 0.7745
vn 0.9679 -0.0633 -0.2431
vn 0.9766 -0.0441 0.2104
vn 0.7570 0.0142 -0.6533
vn 0.9053 0.0866 -0.4159
vn 0.7897 -0.4584 -0.4076
vn 0.8796 -0.4735 0.0446
vn 0.1632 -0.9528 -0.2558
vn 0.3965 -0.8910 0.2210
vn -0.5497 -0.8045 0.2249
vn -0.2949 -0.7865 0.5425
vn 0.6647 -0.0916 -0.7414
vn 0.9688 0.0747 -0.2362
vn 0.7524 -0.1136 -0.6488
vn 0.7016 -0.7124 0.0177
vn 0.7575 -0.3282 -0.5643
vn 0.9803 0.1455 -0.1335
vn 0.8108 -0.1446 -0.5672
vn 0.9227 0.1919 -0.3343
vn 0.9457 0.1498 -0.2882
vn 0.6623 0.1718 0.7292
vn -0.3002 0.0838 0.9502
vn -0.7361 -0.0052 0.6768
vn -0.2995 0.2506 0.9206
vn -0.7703 0.1573 0.6179
vn -0.8060 0.2595 0.5320
vn 0.4987 0.4248 0.7555
vn -0.7604 -0.0525 0.6473
vn 0.6597 0.5548 0.5069
vn 0.7028 0.6402 0.3102
vn 0.6528 0.4796 0.5864
vn 0.3456 0.5252 0.7776
vn -0.0047 0.5246 0.8513
vn -0.0815 0.3596 0.9295
vn 0.1349 0.4859 0.8635
vn -0.2517 0.3856 0.8877
vn -0.2639 0.4268 0.8650
vn -0.5695 0.1659 0.8050
vn -0.8670 -0.0703 0.4934
vn -0.8388 -0.0785 0.5388
vn -0.8725 -0.0697 0.4836
vn 0.9080 -0.2168 -0.3584
vn 0.4275 0.6185 0.6593
vn -0.6329 -0.0314 0.7736
vn -0.9241 -0.1559 0.3489
vn -0.9648 0.0089 0.2629
vn -0.4943 -0.7833 -0.3769
vn -0.4904 -0.7855 -0.3773
vn -0.1529 -0.8498 -0.5044
vn -0.2341 -0.8388 -0.4915
vn -0.4979 -0.7809 -0.3771
vn -0.3249 -0.8173 -0.4758
vn -0.1173 -0.7305 -0.6728
vn -0.1727 -0.7126 -0.6799
vn 0.1467 -0.4498 -0.8809
vn 0.2018 -0.4332 -0.8784
vn 0.8104 0.0432 -0.5843
vn 0.8577 0.1053 -0.5032
vn 0.7968 0.5831 0.1582
vn 0.7886 0.5895 0.1749
vn 0.2669 0.7345 0.6239
vn 0.2898 0.7439 0.6022
vn -0.3637 0.5629 0.7422
vn -0.3289 0.6010 0.7284
vn -0.8857 0.1257 0.4469
vn -0.8567 0.2204 0.4663
vn -0.9789 -0.1256 0.1611
vn -0.9821 -0.0670 0.1759
vn -0.9719 -0.1775 0.1547
vn -0.8960 0.0664 0.4391
vn -0.3571 0.5488 0.7559
vn 0.2625 0.7264 0.6352
vn 0.7779 0.5994 0.1889
vn 0.7918 0.0446 -0.6091
vn 0.2559 -0.2769 -0.9262
vn -0.8492 0.2041 -0.4870
vn -0.8750 0.2609 -0.4078
vn -0.6489 0.4947 -0.5781
vn -0.9004 0.2226 -0.3739
vn -0.6609 0.3558 -0.6608
vn -0.0919 0.6417 -0.7614
vn -0.0907 0.5151 -0.8523
vn 0.4173 0.6846 -0.5976
vn 0.4085 0.6829 -0.6056
vn 0.8533 0.5170 -0.0676
vn -0.6743 0.1416 -0.7247
vn -0.9179 0.1013 -0.3835
vn -0.9272 0.0205 -0.3741
vn -0.7113 0.0720 -0.6992
vn -0.1228 0.5011 -0.8566
vn 0.4367 0.8595 0.2656
vn 0.0262 0.7289 0.6840
vn 0.1604 0.5420 0.8249
vn 0.2749 0.1377 0.9515
vn 0.9656 0.0876 0.2449
vn 0.9219 0.0035 0.3874
vn 0.9592 0.0158 -0.2822
vn 0.9937 0.0766 -0.0817
vn 0.9211 0.0651 -0.3837
vn 0.9124 0.3052 0.2727
vn 0.3665 0.5139 0.7755
vn 0.9395 0.0807 -0.3328
vn 0.8303 0.1242 -0.5433
vn -0.9085 -0.0905 -0.4079
vn -0.5198 -0.1238 -0.8453
vn -0.9003 0.0210 -0.4347
vn -0.8663 -0.0123 -0.4993
vn 0.5277 0.5999 -0.6014
vn 0.8576 -0.3254 0.3983
vn 0.8238 -0.4688 0.3186
vn 0.8093 -0.3113 0.4980
vn 0.0771 0.1197 0.9898
vn 0.1095 -0.1757 0.9783
vn -0.0013 -0.0841 0.9964
vn -0.0616 -0.0164 0.9980
vn -0.5275 0.0547 0.8477
vn -0.3808 -0.1415 0.9138
vn -0.7927 -0.1081 0.5999
vn -0.8781 0.1508 0.4541
vn -0.9473 0.1035 0.3032
vn -0.6934 0.0176 0.7203
vn -0.9732 -0.1471 0.1765
vn -0.7486 -0.2434 0.6166
vn -0.8420 -0.5263 0.1182
vn -0.6810 -0.5185 0.5171
vn 0.0555 -0.7427 0.6673
vn 0.3559 -0.4914 -0.7949
vn 0.8194 -0.4352 -0.3730
vn 0.8644 -0.2026 -0.4602
vn 0.8848 -0.3668 -0.2874
vn 0.9444 0.0049 -0.3287
vn -0.2145 0.6667 -0.7137
vn -0.7895 0.3134 -0.5276
vn -0.8306 0.2170 -0.5129
vn -0.9654 -0.0496 -0.2560
vn -0.9627 -0.1005 -0.2510
vn -0.8473 0.1565 -0.5075
vn -0.2572 0.6298 -0.7329
vn -0.2576 0.6125 -0.7472
vn 0.3709 0.7415 -0.5590
vn 0.3630 0.7345 -0.5734
vn 0.8499 0.5227 -0.0659
vn 0.8352 0.5416 -0.0949
vn 0.7642 -0.0566 0.6424
vn 0.7399 -0.0617 0.6699
vn -0.0098 -0.5742 0.8186
vn -0.0369 -0.6275 0.7778
vn -0.2318 -0.7556 0.6127
vn -0.3415 -0.8389 0.4237
vn -0.4189 -0.8130 0.4043
vn -0.5864 -0.7566 0.2893
vn -0.5836 -0.7587 0.2894
vn -0.2741 -0.8550 0.4403
vn -0.5807 -0.7607 0.2899
vn 0.3960 0.7476 -0.5330
vn 0.8432 0.5309 -0.0844
vn 0.8253 0.0104 0.5646
vn 0.1176 -0.5079 0.8534
vn -0.2727 -0.7395 0.6154
vn -0.0052 -0.7684 -0.6399
vn 0.7467 -0.5339 0.3966
vn -0.1952 -0.0715 0.9781
vn -0.2552 -0.2741 0.9272
vn -0.1048 -0.5846 0.8045
vn -0.8433 0.0426 -0.5356
vn -0.9633 0.0080 -0.2683
vn -0.9297 -0.2737 0.2466
vn -0.6698 0.2335 0.7049
vn -0.4075 0.3968 0.8224
vn -0.2854 0.3916 0.8748
vn -0.6702 0.2376 0.7031
vn -0.3699 0.2780 0.8864
vn -0.3267 0.3289 0.8860
vn -0.2092 0.2033 0.9565
vn -0.2103 0.2017 0.9566
vn -0.3080 0.1820 0.9338
vn -0.2931 0.1694 0.9409
vn -0.3280 0.1446 0.9335
vn -0.1809 0.2013 0.9627
vn 0.0402 0.1172 0.9923
vn 0.1571 0.0957 0.9829
vn 0.4022 0.0927 0.9108
vn 0.5232 -0.0509 0.8507
vn 0.5781 -0.3422 0.7407
vn 0.5246 -0.4148 0.7434
vn 0.5406 -0.4986 0.6776
vn 0.5477 -0.4436 0.7094
vn 0.1710 0.5455 0.8204
vn 0.0107 0.5177 0.8555
vn 0.1760 0.4893 0.8541
vn 0.5299 0.4892 0.6927
vn 0.5433 0.4086 0.7334
vn 0.6810 0.5339 0.5011
vn 0.7083 0.4864 0.5116
vn 0.8830 0.3562 0.3055
vn 0.8845 0.3442 0.3149
vn 0.9570 0.2462 0.1531
vn 0.9381 0.2684 0.2187
vn 0.9910 0.0702 -0.1139
vn 0.8140 0.3922 0.4285
vn 0.5767 -0.3296 0.7475
vn 0.6696 -0.1234 0.7324
vn 0.8132 0.0183 0.5817
vn 0.7631 0.1371 0.6316
vn 0.9694 0.1269 -0.2102
vn 0.9804 0.1740 -0.0920
vn 0.8689 -0.0246 -0.4944
vn 0.9897 0.0355 -0.1386
vn 0.9885 0.1150 0.0980
vn 0.9977 0.0410 -0.0537
vn 0.9868 0.1352 0.0891
vn 0.9884 0.1465 0.0385
vn 0.9741 0.2137 0.0742
vn 0.9762 0.2128 0.0420
vn 0.9846 0.1700 -0.0387
vn 0.9669 0.2335 0.1027
vn 0.9888 0.1454 -0.0321
vn 0.9748 0.1899 0.1171
vn 0.9834 0.1238 0.1327
vn 0.9683 0.2197 0.1184
vn 0.9555 0.1446 0.2570
vn 0.8553 -0.0533 0.5154
vn 0.9977 0.0265 0.0617
vn 0.3669 -0.5517 0.7489
vn 0.2611 -0.4180 0.8701
vn 0.2624 -0.4297 0.8640
vn 0.4147 -0.5432 0.7300
vn 0.5728 -0.4748 0.6681
vn 0.5890 -0.4646 0.6612
vn 0.4958 -0.4079 0.7666
vn 0.5517 -0.3948 0.7346
vn 0.5332 -0.3807 0.7555
vn 0.4375 -0.3609 0.8236
vn 0.7274 -0.2391 0.6431
vn 0.9351 -0.0679 0.3478
vn 0.9751 -0.1905 0.1131
vn 0.9993 -0.0371 -0.0084
vn 0.9922 0.1243 -0.0124
vn 0.9617 -0.2678 0.0577
vn 0.9589 0.2188 0.1805
vn 0.9323 0.1147 0.3428
vn 0.7671 0.3179 0.5571
vn 0.6087 0.3283 0.7223
vn 0.1983 0.3460 0.9170
vn -0.0004 0.3562 0.9344
vn 0.2110 -0.2751 0.9380
vn 0.0418 -0.2646 0.9634
vn 0.0230 -0.3156 0.9486
vn 0.1753 -0.3893 0.9043
vn -0.0009 -0.1458 0.9893
vn 0.1610 -0.2151 0.9632
vn 0.9828 0.1744 0.0594
vn 0.9863 0.0810 0.1435
vn 0.4926 -0.5230 0.6956
vn 0.6081 -0.2474 0.7543
vn 0.7393 -0.2718 0.6160
vn 0.7780 -0.2557 0.5738
vn 0.9231 -0.2090 0.3227
vn 0.9794 -0.2003 0.0249
vn 0.9851 -0.1140 -0.1287
vn 0.9672 -0.2538 0.0102
vn 0.9532 -0.2604 -0.1535
vn 0.9986 -0.0488 0.0201
vn 0.9871 -0.1138 -0.1124
vn 0.8947 -0.3106 0.3207
vn 0.7830 -0.3941 0.4812
vn 0.6251 -0.5781 0.5245
vn 0.9375 -0.1544 0.3119
vn 0.8799 -0.2069 0.4277
vn 0.7753 -0.3371 0.5340
vn 0.5373 -0.2918 0.7912
vn 0.9148 0.3106 0.2581
vn 0.7811 0.5748 0.2440
vn 0.9623 0.2436 0.1208
vn 0.9996 0.0084 -0.0277
vn 0.9924 0.0907 -0.0833
vn 0.9953 0.0146 -0.0956
vn 0.9995 0.0197 0.0262
vn 0.9919 -0.0648 -0.1087
vn 0.9548 0.0259 0.2960
vn 0.8859 0.0175 0.4635
vn 0.8198 0.0608 0.5693
vn 0.5889 0.1014 0.8018
vn 0.1615 -0.0566 0.9852
vn 0.4719 0.4786 0.7404
vn 0.6124 0.1720 0.7716
vn 0.5034 0.2551 0.8255
vn 0.5534 0.4379 0.7085
vn 0.7448 0.4024 0.5322
vn 0.8240 0.3225 0.4658
vn 0.8961 0.3474 0.2763
vn 0.6387 0.7508 0.1681
vn 0.8003 0.5530 0.2316
vn 0.7557 0.4673 0.4589
vn 0.6689 0.4862 0.5623
vn 0.5667 0.6142 0.5491
vn 0.2747 -0.0207 0.9613
vn 0.4492 0.0167 0.8932
vn 0.4229 0.0663 0.9037
vn 0.4706 0.1303 0.8726
vn 0.5891 0.0056 0.8080
vn 0.5958 0.2054 0.7764
vn 0.6095 0.1273 0.7824
vn 0.7478 -0.0605 0.6611
vn -0.0224 -0.0758 0.9969
vn -0.0248 -0.1437 0.9893
vn 0.1898 -0.1581 0.9690
vn 0.5513 -0.2159 0.8059
vn 0.7627 -0.2143 0.6102
vn 0.7595 -0.3359 0.5571
vn 0.6718 -0.2300 0.7041
vn 0.6629 -0.2171 0.7165
vn 0.5777 -0.1191 0.8075
vn 0.8215 -0.2646 0.5051
vn 0.8721 -0.2489 0.4212
vn 0.8523 -0.1104 0.5112
vn 0.8723 -0.0888 0.4807
vn 0.8662 0.2429 0.4366
vn 0.1679 -0.2261 0.9595
vn 0.0124 -0.2451 0.9694
vn 0.1931 -0.3193 0.9277
vn 0.3230 -0.3307 0.8867
vn 0.5642 -0.3218 0.7603
vn 0.1020 -0.2860 0.9528
vn 0.9064 0.2782 0.3179
vn 0.8169 0.4819 0.3169
vn 0.7822 0.4389 0.4421
vn 0.7389 0.5277 0.4190
vn 0.6468 0.6714 0.3616
vn 0.5056 0.8000 0.3229
vn 0.4493 0.8635 0.2292
vn 0.2637 0.9344 0.2393
vn 0.3583 0.9214 0.1505
vn 0.0917 0.9637 0.2505
vn 0.1398 0.9801 0.1407
vn 0.0740 0.9723 0.2215
vn 0.2542 0.9642 0.0755
vn 0.1820 0.9622 0.2026
vn 0.3344 0.8231 0.4589
vn 0.2518 0.9329 0.2573
vn 0.3934 0.7707 0.5011
vn 0.3075 0.6487 0.6961
vn 0.2501 0.9322 0.2614
vn 0.1713 0.9336 0.3146
vn -0.0534 0.9800 0.1914
vn -0.0568 0.9744 0.2177
vn 0.1114 0.9674 0.2274
vn 0.1234 0.9497 0.2876
vn 0.3097 0.8878 0.3403
vn 0.5168 0.7814 0.3497
vn 0.7530 0.5610 0.3438
vn -0.0156 0.9752 0.2207
vn -0.0417 0.9644 0.2611
vn -0.0848 0.9522 0.2935
vn -0.0760 0.9577 0.2775
vn 0.3900 0.5944 0.7032
vn 0.3468 0.5783 0.7384
vn 0.5299 0.5241 0.6667
vn 0.5378 0.2736 0.7974
vn 0.6947 0.4103 0.5908
vn 0.5588 0.6968 0.4497
vn 0.8056 0.4647 0.3674
vn 0.7079 0.6561 0.2615
vn 0.9060 0.3147 0.2829
vn 0.8226 0.5153 0.2403
vn 0.7161 0.6774 0.1683
vn 0.7086 0.7003 0.0862
vn 0.7848 0.6020 0.1474
vn 0.7691 0.6330 0.0877
vn 0.8843 0.4510 0.1205
vn 0.9025 0.4165 0.1090
vn 0.8973 0.2804 0.3409
vn 0.9130 0.2576 0.3162
vn 0.2077 0.7159 0.6666
vn 0.8827 0.2891 0.3705
vn 0.9409 0.3116 0.1323
vn 0.9084 0.3424 0.2396
vn 0.9546 0.2159 0.2051
vn 0.9049 0.4011 0.1421
vn 0.9005 0.3507 0.2571
vn 0.7881 0.6010 0.1327
vn 0.8204 0.5289 0.2171
vn 0.7112 0.6993 0.0715
vn 0.6845 0.7075 0.1757
vn 0.5502 0.8339 0.0430
vn 0.5176 0.8376 0.1744
vn 0.7675 0.4243 0.4804
vn 0.9392 0.1250 0.3198
vn 0.8988 0.2683 0.3467
vn 0.9191 0.0125 0.3939
vn 0.9214 -0.0369 0.3868
vn 0.9399 0.1045 0.3249
vn 0.9473 0.1749 0.2685
vn 0.8492 0.1873 0.4938
vn 0.8646 -0.0337 0.5013
vn 0.9039 -0.1563 0.3981
vn 0.9024 -0.1856 0.3887
vn 0.7018 -0.3891 0.5967
vn 0.7363 -0.1077 0.6680
vn 0.8914 -0.1525 0.4266
vn 0.1491 -0.6120 -0.7767
vn 0.2106 -0.6170 -0.7582
vn -0.0266 -0.6584 -0.7522
vn -0.0751 -0.6626 -0.7452
vn -0.5369 -0.6347 -0.5557
vn -0.5425 -0.6561 -0.5245
vn -0.8164 -0.5448 -0.1915
vn -0.8030 -0.5555 -0.2157
vn -0.8993 -0.4371 -0.0158
vn -0.9233 -0.3839 -0.0039
vn -0.8542 -0.4914 -0.1695
vn -0.9304 -0.3643 0.0386
vn -0.8547 -0.5104 -0.0948
vn -0.9084 -0.4107 0.0778
vn -0.7986 -0.5779 -0.1679
vn -0.9475 -0.2756 0.1618
vn -0.8827 -0.4390 -0.1675
vn -0.9658 -0.1484 0.2123
vn -0.8952 -0.4104 -0.1736
vn -0.9691 -0.1774 0.1712
vn -0.7908 -0.5350 -0.2973
vn -0.8594 -0.4314 -0.2742
vn -0.6162 -0.6579 -0.4328
vn -0.6340 -0.6244 -0.4563
vn -0.7739 -0.5453 -0.3221
vn -0.7402 -0.4967 -0.4532
vn -0.8232 -0.4260 -0.3752
vn -0.7547 -0.4443 -0.4827
vn -0.8694 -0.3763 -0.3203
vn -0.6974 -0.5015 -0.5119
vn -0.8870 -0.4064 -0.2191
vn -0.6774 -0.5346 -0.5053
vn -0.6660 -0.5716 -0.4793
vn -0.6060 -0.6516 -0.4562
vn -0.5636 -0.7031 -0.4336
vn -0.5835 -0.6857 -0.4351
vn -0.2322 -0.6393 -0.7330
vn -0.1874 -0.6526 -0.7342
vn -0.1323 -0.6951 -0.7066
vn -0.1309 -0.7215 -0.6799
vn -0.1157 -0.7050 -0.6996
vn -0.2969 -0.6350 -0.7132
vn -0.3081 -0.6471 -0.6973
vn 0.0424 -0.6797 -0.7322
vn -0.1232 -0.6261 -0.7699
vn 0.0308 -0.6561 -0.7540
vn 0.0786 -0.6268 -0.7752
vn 0.1120 -0.6461 -0.7549
vn 0.1635 -0.6460 -0.7456
vn 0.1243 -0.6214 -0.7736
vn -0.9970 -0.0431 0.0636
vn -0.9882 -0.1332 0.0755
vn -0.9115 -0.3721 -0.1752
vn -0.9167 -0.3446 -0.2020
vn -0.6529 -0.5671 -0.5020
vn -0.6547 -0.6138 -0.4411
vn -0.2376 -0.6427 -0.7283
vn -0.2404 -0.7476 -0.6190
vn -0.3528 -0.7309 -0.5841
vn -0.4106 -0.6398 -0.6496
vn -0.4007 -0.6097 -0.6838
vn -0.9875 -0.1562 0.0208
vn -0.9341 -0.3556 -0.0309
vn -0.6731 -0.5868 -0.4501
vn -0.1505 -0.6366 -0.7563
vn -0.0193 -0.5264 -0.8500
vn -0.0763 -0.5515 -0.8307
vn -0.1358 -0.6801 -0.7204
vn -0.2371 -0.6930 -0.6808
vn -0.1672 -0.7118 -0.6822
vn -0.0074 -0.7357 -0.6772
vn -0.9174 0.0629 0.3928
vn -0.9568 0.2812 -0.0734
vn -0.9987 -0.0349 0.0360
vn -0.8622 0.3173 0.3947
vn -0.9163 0.2276 0.3295
vn -0.6649 0.3942 0.6344
vn -0.6642 0.4946 0.5606
vn -0.4155 0.6012 0.6825
vn -0.4171 0.7165 0.5592
vn -0.1517 0.6683 0.7283
vn -0.1632 0.8301 0.5332
vn -0.0024 0.6858 0.7277
vn 0.0459 0.4812 0.8754
vn 0.1558 0.3729 0.9147
vn 0.1798 0.2943 0.9386
vn 0.3501 0.2781 0.8945
vn 0.3471 0.3030 0.8875
vn 0.4333 0.2348 0.8701
vn 0.5271 0.3121 0.7904
vn 0.3677 0.3658 0.8549
vn 0.3192 0.4581 0.8296
vn 0.1838 0.5318 0.8266
vn 0.4761 0.2078 0.8545
vn 0.5650 0.3022 0.7677
vn 0.5959 0.1421 0.7903
vn 0.5527 0.0453 0.8321
vn 0.8172 -0.0197 0.5760
vn 0.6933 0.1134 0.7116
vn 0.9293 -0.0685 0.3629
vn 0.9883 0.0716 0.1343
vn 0.9433 -0.1223 -0.3085
vn 0.9041 -0.1619 -0.3954
vn 0.6223 -0.3667 -0.6915
vn 0.8868 -0.2520 -0.3873
vn 0.5335 -0.5937 -0.6024
vn 0.7867 -0.4478 -0.4249
vn 0.6690 -0.5662 -0.4815
vn 0.6930 -0.4974 -0.5218
vn 0.5188 -0.5373 -0.6649
vn 0.5268 0.2448 0.8139
vn 0.9805 0.1281 0.1491
vn 0.9966 0.0601 -0.0566
vn 0.9890 0.1474 -0.0093
vn 0.7930 0.3046 0.5276
vn 0.4383 0.5067 0.7424
vn 0.0859 0.5420 0.8360
vn 0.0801 0.3426 0.9360
vn -0.0750 0.4121 0.9080
vn -0.3552 0.4328 0.8286
vn 0.7927 0.3695 0.4847
vn 0.7976 0.3383 0.4994
vn 0.4695 0.5274 0.7081
vn 0.4903 0.5286 0.6930
vn -0.3121 0.4224 0.8509
vn -0.5750 0.2825 0.7678
vn -0.7031 0.2410 0.6690
vn -0.0941 0.5279 0.8441
vn 0.0644 0.6067 0.7923
vn 0.0533 0.6090 0.7913
vn 0.4556 0.4994 0.7369
vn 0.7991 0.4318 0.4183
vn 0.8263 0.4133 0.3826
vn 0.9017 0.0775 0.4252
vn 0.5828 0.5921 0.5566
vn 0.7748 0.5413 0.3266
vn -0.6088 0.3522 0.7108
vn 0.3601 0.8102 0.4624
vn 0.0842 0.5869 0.8053
vn -0.3808 0.5443 0.7474
vn -0.1177 0.5782 0.8073
vn -0.3865 0.5129 0.7665
vn -0.6250 0.4292 0.6520
vn -0.8025 0.2947 0.5187
vn -0.4114 0.5473 0.7288
vn -0.8000 0.2863 0.5272
vn -0.4695 0.3759 0.7989
vn -0.5024 0.4999 0.7055
vn -0.0010 0.7225 0.6914
vn -0.9718 -0.1912 0.1381
vn -0.9763 -0.2137 0.0329
vn -0.9712 -0.2361 0.0323
vn -0.9702 -0.2355 0.0571
vn -0.9890 -0.1303 0.0703
vn -0.9937 -0.0995 0.0510
vn -0.9959 -0.0669 0.0601
vn -0.8259 0.3074 0.4726
vn -0.8361 0.2137 0.5053
vn -0.8093 0.2864 0.5128
vn -0.8025 0.2252 0.5526
vn 0.7152 0.4303 0.5507
vn 0.3350 0.9285 0.1601
vn 0.3735 0.6538 0.6580
vn 0.0013 0.7051 0.7091
vn -0.1912 0.7974 0.5723
vn -0.5160 0.4193 0.7469
vn -0.4557 0.6122 0.6462
vn -0.4189 0.6432 0.6410
vn -0.1359 0.6182 0.7742
vn 0.2819 0.7857 0.5506
vn -0.1541 0.7280 0.6680
vn 0.4024 0.5524 0.7300
vn 0.8107 -0.4377 -0.3888
vn 0.9049 -0.3421 -0.2531
vn 0.9546 -0.2974 -0.0174
vn 0.8729 -0.0101 -0.4878
vn 0.8858 0.2424 -0.3956
vn 0.8719 0.3249 -0.3663
vn 0.8209 0.5693 0.0450
vn 0.9639 0.0728 -0.2561
vn 0.8733 0.4285 0.2315
vn 0.9806 0.0941 -0.1718
vn 0.8561 0.4522 0.2501
vn 0.9741 0.1293 -0.1852
vn 0.8640 0.4440 0.2372
vn 0.9752 0.1669 -0.1448
vn 0.8956 0.4072 0.1791
vn 0.9740 0.1885 -0.1258
vn 0.8431 0.4491 0.2955
vn 0.9718 0.2076 -0.1115
vn 0.5347 0.6315 0.5616
vn 0.9768 -0.2129 -0.0215
vn 0.9903 0.0548 0.1276
vn 0.8793 0.4558 -0.1383
vn 0.6254 0.6320 0.4576
vn 0.4729 0.8540 0.2170
vn 0.8157 0.5407 0.2053
vn 0.9680 -0.1453 -0.2044
vn 0.9667 -0.1570 -0.2021
vn 0.8327 0.3992 0.3837
vn 0.9053 0.3579 0.2288
vn 0.7895 0.3989 0.4663
vn 0.5806 0.5272 0.6204
vn 0.6579 0.5304 0.5346
vn 0.1599 0.5929 0.7892
vn 0.4824 0.6111 0.6276
vn 0.1929 0.5328 0.8239
vn -0.1682 0.5298 0.8313
vn -0.4985 0.3919 0.7732
vn -0.5976 0.3339 0.7290
vn -0.7431 0.1074 0.6604
vn -0.7803 0.1219 0.6133
vn -0.7754 -0.0541 0.6291
vn -0.8943 -0.0549 0.4440
vn -0.8914 -0.0689 0.4479
vn -0.9468 -0.1617 0.2781
vn -0.9487 -0.1135 0.2951
vn 0.5043 0.6542 0.5636
vn 0.5512 0.5934 0.5865
vn 0.5475 0.5912 0.5922
vn 0.1418 0.6539 0.7431
vn -0.4767 0.4271 0.7683
vn -0.8025 0.2076 0.5593
vn -0.9130 0.0598 0.4035
vn 0.0339 0.6703 0.7413
vn -0.0148 0.6050 0.7960
vn -0.4465 0.4986 0.7429
vn 0.4676 0.6412 0.6084
vn 0.4839 0.6574 0.5775
vn 0.0501 0.6872 0.7248
vn 0.1014 0.6706 0.7349
vn 0.1278 0.6308 0.7653
vn -0.4501 0.4466 0.7732
vn -0.5156 0.4324 0.7397
vn -0.5106 0.4568 0.7284
vn -0.4655 0.5057 0.7263
vn -0.7894 0.2427 0.5639
vn -0.8415 0.1383 0.5223
vn -0.8466 0.1101 0.5207
vn -0.8353 0.1148 0.5376
vn -0.8435 0.1368 0.5193
vn -0.9496 -0.0454 0.3101
vn -0.6576 0.2379 0.7148
vn -0.5837 -0.5832 0.5648
vn -0.6523 0.2636 0.7107
vn -0.5535 0.1816 0.8128
vn -0.5606 0.1314 0.8176
vn -0.2145 0.1872 0.9586
vn -0.3336 0.0415 0.9418
vn -0.1129 0.0148 0.9935
vn -0.2967 -0.5225 0.7993
vn 0.0870 -0.0786 0.9931
vn 0.0031 -0.3919 0.9200
vn 0.4369 -0.0379 0.8987
vn 0.1208 -0.5697 0.8129
vn 0.7072 -0.1218 0.6964
vn 0.0875 -0.7208 0.6876
vn 0.7270 -0.3890 0.5658
vn 0.0395 -0.7328 0.6792
vn 0.2549 -0.6409 0.7240
vn -0.0790 -0.6961 0.7135
vn -0.4922 -0.8099 0.3191
vn -0.3550 -0.9249 0.1361
vn -0.3323 -0.9357 0.1183
vn -0.2882 -0.9568 0.0369
vn -0.4022 -0.7856 0.4701
vn -0.4850 -0.7677 0.4188
vn -0.0512 -0.9976 -0.0466
vn -0.0920 -0.9956 0.0171
vn -0.5512 -0.8342 0.0161
vn -0.6970 -0.5892 -0.4086
vn -0.5165 -0.6891 -0.5083
vn -0.2553 -0.6831 -0.6842
vn -0.0298 -0.7352 -0.6772
vn 0.0790 -0.8304 -0.5515
vn 0.2279 -0.8578 -0.4606
vn 0.2962 -0.8721 -0.3895
vn -0.0018 -0.9926 -0.1214
vn -0.6649 -0.3917 -0.6359
vn -0.4561 -0.3184 -0.8310
vn -0.7656 -0.5165 -0.3835
vn -0.6970 -0.7167 -0.0226
vn 0.8984 -0.0741 -0.4328
vn 0.9728 -0.0663 -0.2218
vn 0.8752 -0.4401 -0.2008
vn 0.8485 -0.3639 -0.3842
vn 0.5607 -0.8194 -0.1192
vn 0.4194 -0.8815 -0.2167
vn 0.8052 -0.2419 -0.5413
vn 0.5498 -0.7320 -0.4023
vn 0.6569 -0.3652 -0.6596
vn 0.5633 -0.3732 -0.7371
vn 0.3358 -0.4370 -0.8344
vn 0.1020 -0.4117 -0.9056
vn -0.1608 -0.3267 -0.9313
vn 0.1941 -0.9457 -0.2608
vn -0.8405 -0.4519 0.2988
vn 0.2590 -0.9541 -0.1502
vn -0.5844 -0.7930 0.1721
vn -0.4824 -0.8740 -0.0588
vn 0.4666 -0.8844 0.0078
vn 0.8698 -0.4930 0.0174
vn 0.9976 -0.0688 0.0065
vn -0.7222 0.6094 0.3272
vn -0.8482 0.3847 0.3640
vn -0.9507 0.2629 0.1643
vn -0.9815 0.1413 -0.1289
vn -0.9192 -0.3440 -0.1915
vn -0.0645 -0.9975 -0.0282
vn 0.4849 -0.8716 0.0714
vn 0.8658 -0.4698 0.1723
vn 0.9778 -0.1138 0.1760
vn -0.8401 0.1568 0.5192
vn -0.8991 0.1771 0.4002
vn -0.9078 0.1478 0.3924
vn -0.9295 0.2666 0.2549
vn -0.9043 0.4268 0.0064
vn -0.8569 0.4962 -0.1396
vn -0.9595 -0.1716 -0.2234
vn -0.2254 -0.9712 -0.0772
vn 0.5524 -0.8210 0.1437
vn 0.8851 -0.3761 0.2739
vn 0.9443 -0.1189 0.3068
vn 0.8419 -0.3755 0.3876
vn 0.2052 -0.9764 0.0666
vn -0.8142 -0.5341 -0.2276
vn -0.9124 -0.1773 -0.3688
vn -0.8712 0.4278 -0.2409
vn -0.8817 0.2795 -0.3801
vn -0.8298 0.2403 -0.5036
vn -0.6543 -0.6503 -0.3858
vn -0.3307 -0.7857 0.5228
vn -0.6825 -0.7235 0.1033
vn -0.8087 -0.5148 -0.2845
vn -0.8070 -0.3830 -0.4494
vn -0.7291 -0.3947 -0.5591
vn -0.7891 -0.3611 -0.4969
vn -0.7147 -0.3826 -0.5854
vn -0.6136 -0.4233 -0.6665
vn -0.6120 -0.5483 -0.5699
vn -0.3958 -0.2989 -0.8683
vn -0.4326 -0.5844 -0.6865
vn -0.1664 -0.3362 -0.9270
vn -0.2144 -0.5570 -0.8023
vn 0.1954 -0.4249 -0.8838
vn 0.2183 -0.6221 -0.7519
vn 0.5279 -0.3267 -0.7839
vn -0.7771 -0.3649 -0.5127
vn -0.7323 -0.3854 -0.5614
vn -0.5942 -0.6288 -0.5014
vn -0.4356 -0.7252 -0.5332
vn -0.3318 -0.6575 -0.6765
vn -0.2430 -0.7075 -0.6636
vn -0.2164 -0.8090 -0.5464
vn 0.1990 -0.7239 -0.6606
vn 0.4833 -0.5971 -0.6402
vn 0.3644 -0.7706 -0.5228
vn 0.6358 -0.4857 -0.5998
vn 0.5985 -0.6476 -0.4716
vn 0.7667 -0.3202 -0.5565
vn 0.7579 -0.4636 -0.4590
vn -0.7779 -0.3598 -0.5152
vn -0.6663 0.0124 -0.7456
vn -0.7784 -0.3030 -0.5497
vn -0.7756 -0.3243 -0.5416
vn 0.6546 -0.1915 -0.7313
vn 0.7398 -0.1265 -0.6608
vn 0.8300 -0.0577 -0.5547
vn 0.8316 -0.2067 -0.5155
vn 0.8972 -0.1090 -0.4279
vn 0.9688 -0.0670 -0.2386
vn 0.9999 -0.0086 0.0045
vn 0.9843 -0.0451 0.1704
vn 0.9477 -0.1415 0.2860
vn 0.8881 -0.1239 0.4427
vn 0.8225 -0.3313 -0.4622
vn 0.9006 -0.1761 -0.3973
vn 0.9725 -0.0952 -0.2125
vn 0.9998 -0.0074 0.0203
vn 0.9822 -0.1387 0.1265
vn 0.9268 -0.2785 0.2520
vn 0.8813 -0.2241 0.4160
vn 0.8478 -0.3738 0.3761
vn 0.7556 -0.3070 0.5786
vn 0.7103 -0.4639 0.5294
vn 0.5734 -0.4409 0.6905
vn 0.5279 -0.6353 0.5636
vn 0.7657 -0.1722 0.6197
vn 0.5687 -0.2385 0.7871
vn 0.3978 -0.3728 0.8383
vn 0.3962 -0.6104 0.6859
vn 0.1573 -0.5100 0.8456
vn 0.1244 -0.6616 0.7394
vn -0.1681 -0.4703 0.8663
vn -0.2351 -0.6273 0.7424
vn -0.3722 -0.4155 0.8300
vn -0.4154 -0.6136 0.6714
vn -0.4561 -0.4220 0.7834
vn -0.4676 -0.5947 0.6539
vn -0.5864 -0.4659 0.6626
vn -0.5840 -0.5753 0.5727
vn -0.6992 -0.4690 0.5396
vn 0.3668 -0.7584 0.5387
vn 0.2397 -0.7553 0.6099
vn 0.0969 -0.6951 0.7123
vn -0.1171 -0.7687 0.6287
vn -0.2760 -0.7234 0.6329
vn -0.4352 -0.7013 0.5647
vn -0.4722 -0.6687 0.5744
vn -0.6077 -0.6110 0.5073
vn -0.7004 -0.5038 0.5056
vn -0.7090 -0.5304 0.4647
vn -0.7157 -0.4666 0.5197
vn -0.7279 -0.4617 0.5069
vn -0.7166 -0.4788 0.5071
vn -0.7263 -0.4635 0.5075
vn -0.7307 -0.4408 0.5212
vn -0.7661 -0.3160 0.5596
vn -0.7758 -0.2715 0.5695
vn -0.7678 -0.3741 0.5200
vn -0.6780 0.0147 0.7349
vn -0.7395 -0.4854 0.4664
vn -0.7106 -0.5870 0.3880
vn -0.7403 -0.4910 0.4591
vn -0.7071 -0.6075 0.3618
vn -0.4779 -0.4230 0.7698
vn -0.6319 -0.4252 0.6479
vn -0.6372 -0.5967 0.4877
vn -0.7334 -0.6226 0.2729
vn -0.6562 -0.7335 0.1771
vn -0.6391 -0.7472 0.1825
vn -0.4230 -0.8933 -0.1515
vn -0.4729 -0.8536 -0.2185
vn 0.2456 -0.6149 -0.7494
vn 0.2597 -0.6476 -0.7163
vn -0.5429 -0.8296 -0.1304
vn 0.3478 -0.5699 -0.7444
vn -0.4870 -0.8730 -0.0245
vn 0.2149 -0.5142 -0.8302
vn -0.3681 -0.9286 -0.0467
vn 0.1651 -0.4257 -0.8897
vn -0.3085 -0.9453 -0.1058
vn -0.4903 -0.6869 0.5364
vn -0.3670 -0.7837 0.5011
vn -0.2053 -0.8496 0.4858
vn -0.2651 -0.9634 0.0388
vn -0.0745 -0.8568 0.5102
vn -0.2226 -0.9746 -0.0232
vn 0.0356 -0.8563 0.5151
vn -0.2596 -0.9595 -0.1093
vn 0.2097 -0.8600 0.4651
vn -0.0572 -0.9905 0.1248
vn 0.2986 -0.9204 0.2523
vn 0.6130 -0.5842 0.5318
vn -0.1191 -0.9922 -0.0356
vn 0.0417 -0.4230 -0.9052
vn -0.1965 -0.6236 -0.7566
vn -0.3187 -0.5875 -0.7438
vn -0.3733 -0.3999 -0.8371
vn -0.1878 -0.9570 0.2209
vn -0.4943 0.2877 -0.8203
vn -0.2947 0.3164 -0.9017
vn -0.2835 0.0354 -0.9583
vn -0.2261 0.0819 -0.9706
vn 0.0584 0.2665 -0.9620
vn 0.3454 0.2703 -0.8987
vn 0.4626 0.2645 -0.8462
vn 0.6952 0.2263 -0.6823
vn 0.8008 0.0186 -0.5987
vn 0.6753 -0.1808 -0.7150
vn 0.5971 -0.1317 -0.7913
vn -0.7038 0.3450 -0.6209
vn -0.7672 0.2947 -0.5697
vn -0.6871 0.2877 -0.6672
vn -0.8361 0.2727 -0.4759
vn -0.0660 0.5570 0.8278
vn -0.2319 0.5727 0.7862
vn -0.1908 0.4191 0.8876
vn 0.0184 0.3936 0.9191
vn 0.0316 0.4199 0.9070
vn 0.1699 0.3651 0.9153
vn 0.2115 0.4487 0.8683
vn 0.2132 0.3359 0.9174
vn 0.2074 0.3079 0.9285
vn 0.1790 0.4475 0.8762
vn 0.3220 0.4943 0.8074
vn 0.2351 0.7363 0.6345
vn 0.2914 0.7574 0.5843
vn 0.2151 0.8668 0.4498
vn 0.1309 0.8827 0.4512
vn 0.5564 0.4943 0.6679
vn 0.3820 0.3895 0.8380
vn 0.4335 0.3233 0.8412
vn -0.3794 0.5883 0.7141
vn -0.3166 0.4032 0.8586
vn -0.1870 0.3582 0.9147
vn -0.0037 0.3720 0.9282
vn -0.0710 0.4679 0.8809
vn -0.0232 0.3362 0.9415
vn 0.0261 0.1039 0.9942
vn 0.1225 0.3879 0.9135
vn 0.2622 0.3229 0.9094
vn 0.2519 0.2366 0.9384
vn 0.4584 0.5030 0.7327
vn 0.2569 0.4623 0.8487
vn 0.1460 0.8843 0.4435
vn 0.0463 0.5303 0.8466
vn -0.0148 0.8358 0.5488
vn -0.0815 0.7406 0.6670
vn -0.1828 0.7422 0.6448
vn -0.1331 0.9910 -0.0090
vn -0.0742 0.9939 0.0815
vn -0.0272 0.9976 -0.0634
vn -0.0109 0.9803 -0.1970
vn 0.1362 0.2683 0.9536
vn 0.2853 0.8737 0.3939
vn -0.0451 0.9606 -0.2741
vn 0.4272 0.8148 0.3918
vn 0.0009 0.9750 -0.2223
vn 0.5400 0.7867 0.2992
vn 0.0529 0.9831 -0.1754
vn 0.6291 0.7194 0.2944
vn 0.2185 0.9726 -0.0787
vn 0.7987 0.5464 0.2519
vn 0.4055 0.9137 -0.0271
vn 0.9423 0.2965 0.1552
vn 0.8842 0.3477 0.3117
vn 0.9639 0.1871 0.1894
vn 0.8887 0.2930 0.3526
vn 0.8885 0.2293 0.3975
vn 0.7299 0.3441 0.5906
vn 0.8445 0.2615 0.4673
vn 0.7457 0.2851 0.6022
vn 0.7670 0.3926 0.5075
vn 0.7416 0.3643 0.5632
vn 0.6979 0.3517 0.6238
vn 0.7015 0.3285 0.6323
vn 0.6312 0.4501 0.6316
vn 0.6334 0.3548 0.6877
vn 0.7091 0.3536 0.6100
vn 0.6207 0.3673 0.6926
vn 0.7020 0.3297 0.6313
vn 0.7226 0.3957 0.5667
vn -0.9357 0.2750 -0.2207
vn -0.8820 0.3982 -0.2520
vn -0.7718 0.4928 -0.4018
vn -0.9476 0.3191 -0.0144
vn -0.8760 0.4821 0.0141
vn -0.8202 0.5532 0.1453
vn -0.6525 0.7448 0.1395
vn -0.5665 0.7982 0.2049
vn -0.8451 0.4340 0.3121
vn -0.7377 0.3495 0.5776
vn -0.6283 -0.6438 0.4366
vn -0.4600 -0.4495 0.7657
vn -0.5461 -0.7084 0.4470
vn -0.3901 -0.4014 0.8287
vn -0.6736 -0.3628 0.6439
vn -0.3727 -0.0422 0.9270
vn -0.6809 -0.1805 0.7097
vn -0.3637 -0.1023 0.9259
vn -0.7009 -0.2265 0.6763
vn -0.3416 -0.4219 0.8398
vn -0.6638 0.7170 -0.2127
vn -0.6176 0.7039 -0.3508
vn -0.6455 0.7638 -0.0005
vn -0.9103 0.3681 0.1894
vn -0.7255 -0.5856 0.3614
vn -0.6485 -0.6918 0.3174
vn -0.8316 -0.4355 0.3447
vn -0.9079 -0.1879 0.3746
vn -0.9193 -0.1390 0.3681
vn -0.9453 -0.1539 0.2875
vn -0.7699 -0.3770 0.5149
vn -0.7632 -0.6355 0.1165
vn -0.8984 -0.4340 0.0667
vn -0.8541 0.5183 -0.0428
vn -0.8053 0.5651 -0.1790
vn -0.7839 0.4533 -0.4243
vn -0.6862 0.4801 -0.5464
vn -0.7841 -0.5894 -0.1943
vn -0.7416 -0.5622 -0.3660
vn -0.9375 -0.3442 -0.0509
vn -0.9513 -0.3079 -0.0172
vn -0.9834 -0.1794 -0.0280
vn -0.9374 -0.3296 0.1119
vn -0.9509 -0.2940 -0.0964
vn -0.9627 -0.2544 0.0914
vn -0.9777 -0.1982 -0.0695
vn -0.9752 -0.1229 0.1838
vn -0.9947 -0.0983 -0.0294
vn -0.9790 -0.1192 0.1650
vn -0.9814 -0.0707 0.1784
vn -0.9709 -0.0908 0.2214
vn -0.9972 -0.0031 0.0745
vn -0.9742 -0.1288 0.1850
vn -0.9090 -0.2107 -0.3596
vn -0.9715 -0.2368 0.0086
vn -0.9870 -0.1527 -0.0498
vn -0.9825 -0.1863 -0.0073
vn -0.9698 -0.2400 -0.0439
vn -0.9903 -0.1231 -0.0637
vn -0.9973 -0.0722 -0.0098
vn -0.9259 -0.3774 0.0169
vn -0.7331 -0.6693 -0.1209
vn -0.6742 -0.6555 -0.3403
vn -0.6201 -0.4669 -0.6304
vn -0.5608 -0.5815 -0.5893
vn -0.8777 -0.3076 -0.3674
vn -0.6451 -0.2596 -0.7186
vn -0.8914 -0.2648 -0.3678
vn -0.6160 -0.2602 -0.7435
vn -0.9899 -0.1414 -0.0067
vn -0.9755 -0.2035 -0.0835
vn -0.9998 0.0137 -0.0136
vn -0.9988 -0.0366 0.0328
vn -0.9920 -0.0977 -0.0795
vn -0.9348 -0.1256 -0.3323
vn -0.6435 -0.3105 -0.6996
vn -0.4183 -0.2039 -0.8851
vn -0.3867 -0.1535 -0.9093
vn -0.3775 -0.4904 -0.7855
vn -0.4353 -0.4475 -0.7812
vn -0.9943 0.0949 -0.0481
vn -0.8644 0.4551 0.2139
vn -0.5266 0.8184 0.2299
vn -0.6265 0.7655 0.1466
vn -0.8792 0.4716 0.0668
vn -0.9661 0.2491 0.0669
vn -0.8913 0.4314 0.1396
vn -0.9580 0.2750 0.0808
vn -0.9754 0.1912 0.1097
vn -0.9881 0.1456 0.0499
vn -0.9944 0.1024 0.0246
vn -0.9962 0.0435 0.0754
vn -0.9969 0.0753 -0.0239
vn -0.9979 0.0424 -0.0484
vn -0.9925 0.0925 0.0803
vn -0.9998 0.0175 -0.0001
vn -0.9608 -0.1436 -0.2369
vn -0.7134 0.6656 0.2190
vn -0.8867 0.4438 -0.1292
vn -0.9495 0.3127 -0.0250
vn -0.9745 0.2189 -0.0479
vn -0.9918 0.1220 0.0381
vn -0.9858 0.1648 0.0305
vn -0.9901 0.1166 0.0781
vn -0.9961 0.0847 -0.0258
vn -0.9967 0.0649 0.0486
vn -0.9991 0.0281 -0.0324
vn -0.9882 0.1530 -0.0103
vn -0.9113 0.3661 0.1881
vn -0.7423 0.6313 0.2246
vn -0.5795 0.7755 0.2504
vn -0.8435 0.5255 0.1108
vn -0.7480 0.6198 0.2371
vn -0.9125 0.4039 0.0636
vn -0.8590 0.4961 0.1265
vn -0.8944 0.4465 0.0243
vn -0.9179 0.3965 0.0101
vn -0.9095 0.4098 -0.0703
vn -0.9487 0.3147 -0.0315
vn -0.8520 0.4839 -0.1995
vn -0.9156 0.3739 -0.1480
vn -0.7826 0.5975 -0.1746
vn -0.9876 0.1533 0.0319
vn -0.9991 0.0379 0.0157
vn -0.9867 0.1610 -0.0237
vn -0.9268 0.3755 0.0025
vn -0.9478 0.3189 0.0009
vn -0.9534 0.3012 0.0187
vn -0.9894 0.1428 0.0255
vn -0.4740 -0.6477 0.5965
vn -0.4772 -0.5157 0.7115
vn -0.0567 -0.4810 0.8749
vn -0.0204 -0.2957 0.9550
vn 0.1492 -0.2726 0.9505
vn 0.1136 -0.3741 0.9204
vn -0.0927 -0.5719 0.8150
vn 0.0404 -0.2964 0.9542
vn -0.0905 -0.1784 0.9798
vn -0.2584 -0.0765 0.9630
vn -0.2837 -0.0897 0.9547
vn -0.2311 -0.2971 0.9265
vn -0.2827 -0.3026 0.9102
vn -0.4371 0.3412 0.8321
vn -0.5236 0.6909 0.4985
vn -0.7308 0.6085 0.3092
vn -0.9131 0.3841 0.1363
vn -0.9820 0.1849 -0.0380
vn -0.9591 0.1912 -0.2086
vn -0.8517 0.2792 -0.4434
vn -0.8719 0.2011 -0.4464
vn -0.6654 0.2603 -0.6996
vn -0.6712 0.2100 -0.7109
vn -0.5245 0.2259 -0.8209
vn -0.5263 0.2085 -0.8243
vn -0.5398 0.3327 -0.7732
vn -0.6505 0.4428 -0.6170
vn -0.4010 0.6680 -0.6268
vn -0.2422 -0.3554 -0.9028
vn -0.2255 0.4313 -0.8736
vn -0.4278 0.4955 -0.7559
vn -0.5540 0.6964 -0.4560
vn -0.1574 0.7094 -0.6869
vn -0.6676 0.1365 -0.7319
vn -0.5477 0.1657 -0.8201
vn -0.7079 0.1147 -0.6969
vn -0.6010 0.1614 -0.7828
vn -0.7217 -0.1847 -0.6670
vn -0.4318 -0.3671 -0.8239
vn -0.2887 -0.5948 -0.7502
vn -0.0832 -0.5335 -0.8417
vn -0.0836 -0.5316 -0.8428
vn -0.6287 -0.5209 -0.5775
vn -0.8346 -0.3074 -0.4571
vn -0.8718 0.0550 -0.4868
vn -0.9404 -0.2628 -0.2156
vn -0.9751 0.0984 -0.1988
vn -0.9697 -0.2421 0.0316
vn -0.9929 0.1051 0.0551
vn -0.9698 0.1075 0.2186
vn -0.9811 0.0889 0.1716
vn -0.9074 0.0965 0.4090
vn -0.8831 0.2474 0.3985
vn -0.6670 0.3183 0.6736
vn -0.6284 0.4253 0.6512
vn -0.3550 0.3944 0.8476
vn -0.3703 0.4866 0.7913
vn -0.2290 0.4345 0.8711
vn -0.2229 0.6253 0.7479
vn -0.2177 0.3879 0.8956
vn -0.3910 0.3545 0.8493
vn -0.6958 0.1248 0.7072
vn -0.8901 0.0774 0.4492
vn -0.9490 -0.2332 0.2122
vn -0.8112 -0.5846 0.0138
vn -0.7696 -0.6144 -0.1738
vn -0.6671 -0.6516 -0.3611
vn -0.7807 -0.6003 0.1737
vn -0.8706 -0.2253 0.4374
vn -0.7264 0.1101 0.6784
vn -0.3847 0.1871 0.9038
vn -0.2426 0.3621 0.9000
vn -0.4227 0.1669 0.8907
vn -0.1596 0.1820 0.9702
vn -0.1990 0.1991 0.9595
vn -0.3971 -0.1645 0.9029
vn -0.7281 -0.1898 0.6587
vn -0.7296 -0.5790 0.3639
vn -0.6210 -0.5480 0.5604
vn -0.3236 -0.5025 0.8017
vn -0.1763 -0.1499 0.9728
vn -0.1054 -0.4850 0.8681
vn -0.7681 -0.3170 -0.5563
vn -0.3780 -0.3442 -0.8594
vn -0.3591 -0.2525 -0.8985
vn -0.2878 -0.4420 -0.8495
vn -0.1922 -0.5627 -0.8040
vn -0.2001 -0.1364 -0.9702
vn -0.9818 -0.0847 -0.1699
vn -0.8803 -0.2956 -0.3710
vn -0.4869 -0.5675 -0.6640
vn -0.1777 -0.5046 -0.8449
vn -0.0362 -0.2651 -0.9635
vn -0.1572 -0.4706 -0.8682
vn 0.0347 -0.3417 -0.9391
vn -0.1081 -0.3651 -0.9246
vn 0.0795 -0.2729 -0.9587
vn -0.9432 -0.1437 -0.2994
vn -0.9919 0.0233 -0.1252
vn -0.8915 -0.2795 -0.3565
vn -0.7378 -0.3705 -0.5641
vn -0.5656 -0.4307 -0.7033
vn -0.4411 -0.4643 -0.7679
vn -0.9163 -0.3586 -0.1784
vn -0.9649 -0.1191 -0.2340
vn -0.9565 -0.0859 -0.2788
vn -0.9694 -0.0213 -0.2446
vn -0.9532 0.0806 -0.2915
vn -0.9742 0.0842 -0.2094
vn -0.9510 0.0640 -0.3024
vn -0.9039 0.2355 -0.3570
vn -0.0933 0.9674 -0.2354
vn -0.2315 0.9508 -0.2056
vn -0.3268 0.9174 -0.2271
vn -0.6605 0.7425 -0.1108
vn -0.5226 0.8316 -0.1880
vn -0.8566 0.4906 -0.1595
vn -0.4733 0.8004 -0.3679
vn -0.7804 0.5014 -0.3736
vn -0.4632 0.7676 -0.4430
vn -0.7712 0.4450 -0.4551
vn -0.9166 0.2355 -0.3232
vn -0.9541 0.2376 -0.1820
vn -0.9348 0.3445 -0.0855
vn -0.9833 0.1601 -0.0862
vn -0.8744 0.4820 -0.0550
vn -0.7729 0.6195 -0.1375
vn -0.1327 0.9529 -0.2726
vn 0.0197 0.9639 -0.2654
vn 0.0426 0.9674 -0.2495
vn -0.0648 0.9644 -0.2564
vn -0.3619 0.8943 -0.2631
vn -0.6153 0.7337 -0.2882
vn -0.3841 0.8575 -0.3422
vn -0.1054 0.9310 -0.3493
vn -0.0749 0.9500 -0.3032
vn -0.0035 0.9304 -0.3665
vn -0.3421 0.8823 0.3232
vn -0.5326 0.7876 0.3098
vn -0.4369 0.8209 0.3676
vn -0.7035 0.6095 0.3654
vn -0.8279 0.5042 0.2458
vn -0.8712 0.4880 0.0523
vn -0.8883 0.4548 -0.0643
vn -0.8251 0.5493 -0.1318
vn -0.7893 0.5573 -0.2575
vn -0.6800 0.6461 -0.3467
vn -0.4865 0.7386 -0.4665
vn -0.6813 0.6150 -0.3970
vn -0.8846 0.3895 -0.2563
vn -0.7006 0.6197 -0.3536
vn -0.9553 0.2909 0.0527
vn -0.8816 0.3397 0.3277
vn -0.8097 0.3405 0.4779
vn -0.7180 0.4073 0.5643
vn -0.8480 0.1425 0.5104
vn -0.6084 0.2740 0.7447
vn -0.4644 0.6640 0.5860
vn -0.4906 0.4284 0.7588
vn -0.5581 0.6141 0.5580
vn -0.3354 0.5710 0.7492
vn -0.2884 0.6167 0.7325
vn -0.1962 0.8485 0.4913
vn -0.3016 0.9125 0.2763
vn -0.0770 0.9580 0.2761
vn -0.2857 0.9317 0.2242
vn -0.2906 0.9364 0.1967
vn -0.2613 0.9514 0.1626
vn -0.2143 0.9397 0.2665
vn -0.0966 0.9434 0.3174
vn 0.0155 0.9617 0.2737
vn -0.0761 0.8661 0.4939
vn -0.1111 0.6752 0.7292
vn 0.1285 0.7159 0.6863
vn -0.0507 0.9570 0.2857
vn -0.8975 -0.2712 0.3476
vn -0.7275 -0.4183 0.5439
vn -0.9092 -0.2380 0.3416
vn -0.5673 -0.5051 0.6504
vn -0.8681 -0.3904 0.3064
vn -0.9795 -0.1023 0.1735
vn -0.9777 -0.1749 0.1160
vn -0.9889 -0.0123 0.1483
vn -0.9915 0.0191 0.1283
vn -0.9624 0.2037 0.1799
vn -0.9486 0.2597 0.1808
vn -0.8355 0.5156 0.1899
vn -0.7744 0.6085 0.1731
vn -0.4925 0.8434 0.2145
vn -0.4491 0.8685 0.2095
vn -0.2867 0.9252 0.2485
vn -0.9845 -0.0145 0.1745
vn -0.9857 0.1254 0.1121
vn -0.9879 0.0007 0.1552
vn -0.9707 0.1820 0.1568
vn -0.9752 -0.0606 0.2129
vn -0.9735 -0.1133 0.1984
vn 0.8883 0.2384 0.3925
vn 0.9341 0.1339 0.3308
vn 0.9255 0.3786 -0.0104
vn 0.7692 0.1209 0.6274
vn 0.8495 -0.0408 0.5259
vn 0.9715 0.0421 0.2332
vn 0.9072 -0.1920 0.3742
vn 0.9929 -0.0226 0.1171
vn 0.9342 -0.3012 0.1911
vn 0.9988 -0.0485 -0.0037
vn 0.9405 -0.3395 0.0018
vn 0.9922 -0.0291 -0.1207
vn 0.9340 -0.3073 -0.1820
vn 0.9050 -0.2072 -0.3716
vn 0.9701 0.0325 -0.2405
vn 0.9333 0.1195 -0.3385
vn 0.8845 0.2264 -0.4079
vn 0.8379 0.3328 -0.4325
vn 0.6855 0.2652 -0.6780
vn 0.7539 0.5580 -0.3468
vn 0.7177 0.6490 -0.2523
vn 0.7949 0.4468 -0.4104
vn 0.6197 0.4444 -0.6468
vn 0.5633 0.6233 -0.5423
vn 0.5051 0.7698 -0.3902
vn 0.6899 0.7110 -0.1361
vn 0.6783 0.7346 -0.0151
vn 0.6884 0.7177 0.1048
vn 0.4328 0.9013 -0.0173
vn 0.4583 0.8726 0.1688
vn 0.7172 0.6611 0.2201
vn 0.5096 0.7854 0.3513
vn 0.7559 0.5715 0.3194
vn 0.5665 0.6447 0.5133
vn 0.7973 0.4629 0.3872
vn 0.6236 0.4701 0.6245
vn 0.4513 0.8680 -0.2069
vn 0.8403 0.3518 0.4124
vn 0.6872 0.2938 0.6644
vn 0.1234 0.0121 0.9922
vn 0.0268 0.1122 0.9933
vn -0.1992 -0.0442 0.9789
vn -0.0498 -0.2082 0.9768
vn 0.2340 -0.0613 0.9703
vn 0.1215 -0.3311 0.9357
vn 0.3468 -0.0960 0.9330
vn 0.2975 -0.3829 0.8745
vn 0.4553 -0.0845 0.8863
vn 0.4695 -0.3632 0.8048
vn 0.6447 -0.2753 0.7131
vn 0.5646 -0.0305 0.8248
vn 0.6504 0.0512 0.7578
vn 0.3626 0.3326 0.8705
vn 0.7071 0.1552 0.6899
vn 0.7226 0.2617 0.6398
vn 0.8934 0.1844 0.4097
vn 0.8561 0.3682 0.3626
vn 0.6964 0.3788 0.6095
vn 0.7535 0.5565 0.3500
vn 0.6318 0.4960 0.5956
vn 0.5384 0.5950 0.5967
vn -0.3086 0.1278 0.9425
vn -0.0381 0.2228 0.9741
vn -0.0641 0.3394 0.9384
vn 0.6032 0.7158 0.3517
vn 0.4253 0.6661 0.6127
vn 0.3103 0.6987 0.6446
vn 0.2003 0.6898 0.6957
vn 0.2405 0.8764 0.4172
vn 0.0731 0.8596 0.5056
vn 0.0979 0.6401 0.7620
vn -0.0865 0.7829 0.6160
vn 0.0114 0.5559 0.8312
vn -0.2295 0.6514 0.7232
vn -0.0465 0.4505 0.8915
vn -0.3280 0.4825 0.8122
vn -0.3575 0.3066 0.8821
vn 0.9584 0.2761 -0.0725
vn 0.9292 0.1140 -0.3516
vn 0.8776 -0.0589 -0.4757
vn 0.8915 -0.1058 -0.4404
vn 0.8747 -0.1314 -0.4665
vn 0.7981 -0.2192 -0.5613
vn 0.8049 -0.2193 -0.5514
vn 0.7650 -0.2334 -0.6001
vn 0.7845 -0.0468 -0.6183
vn 0.4490 -0.4303 -0.7830
vn 0.4355 -0.5306 -0.7272
vn 0.3447 -0.5085 -0.7890
vn 0.5398 -0.6141 -0.5757
vn 0.5397 -0.4031 -0.7390
vn 0.2914 -0.6476 -0.7040
vn 0.5352 -0.5406 -0.6490
vn 0.2619 -0.7342 -0.6264
vn 0.5042 -0.6015 -0.6196
vn 0.2743 -0.6764 -0.6835
vn 0.4299 -0.5681 -0.7017
vn 0.6055 -0.2980 -0.7379
vn 0.8627 -0.2688 -0.4283
vn 0.8808 -0.3599 -0.3076
vn 0.5874 -0.4463 -0.6750
vn 0.5232 -0.3075 -0.7948
vn 0.5549 -0.3470 -0.7561
vn 0.2480 -0.5635 -0.7880
vn 0.4494 -0.4755 -0.7562
vn 0.4706 -0.5088 -0.7208
vn 0.4965 -0.4668 -0.7318
vn 0.5261 -0.4242 -0.7371
vn 0.5846 -0.3745 -0.7197
vn 0.7722 -0.1757 -0.6105
vn 0.8745 -0.0204 -0.4846
vn 0.2891 -0.5971 -0.7482
vn 0.2959 -0.5817 -0.7576
vn 0.3099 -0.5346 -0.7862
vn 0.3639 -0.5252 -0.7692
vn 0.3197 -0.5319 -0.7841
vn 0.4929 -0.4291 -0.7569
vn 0.6890 -0.4760 0.5465
vn 0.4759 -0.4613 0.7488
vn 0.2626 -0.4930 0.8294
vn 0.0937 -0.5377 0.8379
vn -0.1483 -0.5778 0.8025
vn -0.3627 -0.4740 0.8023
vn 0.5571 -0.7791 0.2872
vn 0.2973 -0.9475 0.1176
vn 0.2394 -0.9303 0.2779
vn 0.7043 0.3455 0.6201
vn 0.7594 0.4437 0.4758
vn 0.2386 0.0454 0.9700
vn 0.5325 0.1434 0.8341
vn 0.6027 0.0099 0.7979
vn 0.2527 -0.0390 0.9667
vn 0.6635 -0.1778 0.7267
vn 0.2608 -0.1703 0.9502
vn -0.3656 -0.0251 0.9304
vn -0.1986 0.0200 0.9799
vn -0.2501 0.0147 0.9681
vn 0.2434 0.0378 0.9692
vn -0.2120 0.0107 0.9772
vn 0.1757 -0.0091 0.9844
vn -0.2891 -0.0372 0.9565
vn 0.2710 -0.0767 0.9595
vn -0.0811 -0.0628 0.9947
vn 0.3229 -0.0381 0.9456
vn -0.0147 -0.0454 0.9988
vn 0.4518 0.1627 0.8771
vn 0.1305 0.1254 0.9835
vn 0.5103 0.1151 0.8522
vn 0.4967 0.0265 0.8675
vn 0.5169 -0.1532 0.8422
vn 0.5824 -0.1570 0.7976
vn 0.6990 -0.0222 0.7147
vn 0.4216 0.1213 0.8986
vn 0.8063 0.0262 0.5910
vn 0.8712 0.1589 0.4645
vn 0.8845 0.0942 0.4569
vn 0.7586 -0.0385 0.6504
vn 0.5381 0.1096 0.8357
vn -0.0536 0.0175 0.9984
vn 0.0063 -0.0708 0.9975
vn 0.5524 -0.0400 0.8325
vn 0.4676 0.1550 0.8702
vn 0.3879 0.2208 0.8949
vn 0.3843 0.1419 0.9122
vn 0.3923 0.0099 0.9198
vn 0.4294 -0.2376 0.8713
vn 0.5037 -0.3229 0.8013
vn 0.6711 -0.2672 0.6915
vn 0.7201 -0.1301 0.6816
vn 0.6241 -0.0634 0.7787
vn 0.5854 0.1260 0.8009
vn 0.5980 0.1621 0.7849
vn 0.5816 0.1198 0.8046
vn -0.9753 -0.1335 0.1757
vn -0.9917 -0.0923 0.0894
vn -0.9252 -0.3793 0.0073
vn -0.9968 -0.0798 0.0049
vn -0.9924 -0.0939 -0.0797
vn -0.9765 -0.1372 -0.1659
vn -0.9487 -0.2065 -0.2392
vn -0.9148 -0.2872 -0.2841
vn -0.8816 -0.3664 -0.2973
vn -0.8498 -0.4457 -0.2815
vn -0.8178 -0.5259 -0.2338
vn -0.7898 -0.5927 -0.1578
vn -0.7717 -0.6322 -0.0698
vn -0.7660 -0.6427 0.0155
vn -0.7723 -0.6273 0.0999
vn -0.7909 -0.5833 0.1848
vn -0.8189 -0.5137 0.2560
vn -0.8504 -0.4330 0.2989
vn -0.8816 -0.3548 0.3111
vn -0.9140 -0.2778 0.2955
vn -0.9475 -0.2000 0.2494
vn 0.1864 0.9813 -0.0473
vn 0.1927 0.9799 -0.0509
vn 0.0996 0.9945 -0.0308
vn 0.1177 0.9928 -0.0201
vn -0.0768 0.9924 0.0955
vn -0.0912 0.9901 0.1067
vn -0.1740 0.9593 0.2223
vn -0.1789 0.9578 0.2250
vn -0.2240 0.9247 0.3078
vn -0.1745 0.9511 0.2549
vn -0.1074 0.9871 0.1186
vn -0.2277 0.8919 0.3906
vn -0.1724 0.8612 0.4781
vn -0.1687 0.8832 0.4376
vn -0.1130 0.9273 0.3568
vn -0.1098 0.9314 0.3469
vn -0.1089 0.9580 0.2652
vn -0.1100 0.9591 0.2607
vn -0.1188 0.9715 0.2050
vn -0.1183 0.9711 0.2072
vn -0.1447 0.9890 0.0286
vn 0.5863 -0.2885 0.7570
vn 0.5813 -0.6169 0.5306
vn 0.8784 -0.0450 0.4757
vn 0.9291 -0.0989 0.3563
vn 0.8839 0.0518 0.4646
vn 0.8772 0.0499 0.4774
vn 0.5592 -0.1069 0.8221
vn 0.5618 -0.1261 0.8176
vn 0.7164 -0.0284 0.6971
vn 0.7184 -0.0178 0.6954
vn 0.8133 0.0224 0.5814
vn 0.8187 0.0123 0.5741
vn 0.8059 -0.0157 0.5918
vn 0.7919 0.0032 0.6106
vn 0.8114 -0.0842 0.5784
vn 0.8097 -0.0773 0.5817
vn 0.9528 -0.0480 0.2996
vn 0.9421 -0.0356 0.3333
vn 0.8141 -0.1698 0.5553
vn 0.8097 -0.1722 0.5609
vn -0.0309 -0.7467 -0.6644
vn -0.5134 -0.5491 -0.6594
vn 0.1354 -0.7967 -0.5889
vn 0.1421 -0.7986 -0.5849
vn 0.2916 -0.7471 -0.5973
vn 0.2950 -0.7462 -0.5968
vn 0.1617 -0.8639 -0.4768
vn 0.2310 -0.7779 -0.5843
vn 0.2497 -0.9134 -0.3213
vn -0.0041 -0.9977 -0.0674
vn 0.3744 -0.7374 -0.5622
vn 0.2356 -0.9205 -0.3117
vn 0.0583 -0.9980 0.0250
vn 0.2760 -0.8829 -0.3798
vn 0.3604 -0.7922 -0.4924
vn 0.3598 -0.7889 -0.4981
vn 0.3521 -0.7810 -0.5158
vn 0.3493 -0.7765 -0.5244
vn 0.4443 -0.7408 -0.5037
vn 0.4353 -0.7491 -0.4993
vn 0.4541 -0.8678 -0.2017
vn -0.9567 -0.0498 -0.2868
vn -0.9548 -0.0395 -0.2944
vn -0.9611 -0.0919 -0.2606
vn -0.9614 -0.1023 -0.2555
vn -0.9727 -0.2265 -0.0506
vn -0.9736 -0.2192 -0.0632
vn -0.9125 0.0477 -0.4061
vn -0.9065 0.0655 -0.4171
vn -0.9789 -0.0396 -0.2003
vn -0.9778 -0.0501 -0.2035
vn -0.9369 -0.0073 -0.3494
vn -0.9369 -0.0107 -0.3495
vn -0.9815 -0.1180 -0.1506
vn -0.9802 -0.1150 -0.1613
vn -0.8668 0.0012 -0.4986
vn -0.8426 -0.0395 -0.5370
vn -0.8318 -0.2828 -0.4777
vn 0.4550 -0.3944 0.7984
vn 0.3898 -0.4451 0.8062
vn 0.3436 -0.4946 0.7983
vn 0.4563 -0.4277 0.7803
vn 0.3977 -0.4651 0.7909
vn 0.5337 -0.4475 0.7175
vn 0.4101 -0.5007 0.7622
vn 0.6006 -0.4377 0.6691
vn 0.3433 -0.5056 0.7915
vn 0.5714 -0.4382 0.6938
vn 0.8263 -0.1773 0.5345
vn 0.7611 -0.1432 0.6326
vn 0.8769 0.2862 0.3861
vn 0.9749 -0.2222 0.0137
vn 0.9328 0.3044 -0.1930
vn 0.9759 -0.1581 -0.1503
vn 0.8006 0.5042 -0.3238
vn 0.9836 0.1721 -0.0548
vn 0.7512 0.5295 -0.3940
vn 0.9657 0.1221 -0.2292
vn 0.6996 -0.2567 0.6668
vn 0.9093 0.1906 0.3699
vn 0.8277 0.5557 -0.0779
vn 0.6336 0.5877 -0.5030
vn 0.5181 0.8097 -0.2753
vn 0.5691 0.6642 -0.4847
vn 0.6403 0.3888 -0.6624
vn 0.8366 0.2606 -0.4819
vn 0.5940 0.5434 -0.5932
vn 0.8213 0.4208 -0.3852
vn 0.1917 0.8773 -0.4400
vn 0.2192 0.6314 -0.7438
vn 0.2383 0.4504 -0.8604
vn 0.3737 0.6794 -0.6314
vn -0.2471 0.7851 -0.5679
vn 0.8039 0.1699 -0.5699
vn 0.8152 0.2930 -0.4995
vn 0.5573 0.4343 -0.7077
vn 0.1975 0.5835 -0.7877
vn -0.3246 0.5842 -0.7439
vn -0.3527 0.5449 -0.7607
vn -0.2965 0.6927 -0.6574
vn -0.6536 0.1394 -0.7438
vn -0.3377 0.3542 -0.8720
vn 0.0423 0.6262 -0.7784
vn 0.5207 0.5987 -0.6085
vn 0.8421 0.4776 -0.2506
vn 0.4415 0.4170 -0.7945
vn 0.6213 0.2629 -0.7381
vn 0.6532 0.2150 -0.7260
vn 0.4780 0.3806 -0.7916
vn 0.4462 0.3570 -0.8206
vn 0.0847 0.4510 -0.8885
vn -0.3248 0.4656 -0.8232
vn -0.7960 0.3311 -0.5066
vn -0.8468 0.2616 -0.4631
vn -0.8749 0.1869 -0.4467
vn -0.8272 0.2828 -0.4855
vn -0.4232 0.1502 -0.8935
vn -0.7870 0.3338 -0.5189
vn -0.5219 0.3696 -0.7687
vn -0.1487 0.4232 -0.8937
vn 0.1166 0.4039 -0.9073
vn 0.0263 0.4196 -0.9073
vn -0.1614 0.7328 -0.6610
vn -0.4245 0.5881 -0.6883
vn -0.5786 0.4149 -0.7022
vn -0.6479 0.2388 -0.7233
vn -0.8213 0.1919 -0.5372
vn -0.7968 0.3185 -0.5135
vn -0.9959 0.0557 -0.0706
vn -0.9848 -0.0010 -0.1737
vn -0.9178 -0.3057 0.2532
vn -0.9228 -0.3362 0.1881
vn -0.6072 -0.4610 0.6471
vn -0.6587 -0.5341 0.5298
vn -0.1925 -0.5448 0.8161
vn -0.9365 -0.2087 0.2818
vn -0.9957 0.0729 0.0567
vn -0.9053 0.1881 -0.3808
vn -0.7762 0.2965 -0.5563
vn -0.6241 0.4375 -0.6474
vn -0.4892 0.6929 -0.5297
vn -0.1826 0.8981 -0.4000
vn -0.0522 0.6834 -0.7281
vn 0.1233 0.6378 -0.7602
vn -0.1144 0.8750 -0.4703
vn 0.1546 0.7920 -0.5905
vn 0.3280 0.7244 -0.6063
vn 0.4158 0.4581 -0.7856
vn 0.6088 0.3186 -0.7265
vn 0.9860 0.1665 -0.0029
vn 0.9935 0.1112 -0.0253
vn 0.9992 0.0039 -0.0385
vn 0.9912 -0.0306 -0.1284
vn 0.7792 0.0715 -0.6226
vn 0.9357 -0.1898 -0.2972
vn 0.8286 -0.0191 -0.5594
vn 0.8613 -0.1907 -0.4709
vn 0.8670 -0.0337 -0.4971
vn 0.7550 0.1745 -0.6320
vn 0.7406 0.1277 -0.6597
vn -0.4077 0.5469 -0.7312
vn -0.3511 0.6034 -0.7159
vn 0.1011 0.6257 -0.7735
vn 0.1175 0.6576 -0.7441
vn 0.5038 0.6795 -0.5333
vn 0.5553 0.6389 -0.5324
vn 0.8145 0.5197 -0.2577
vn 0.8875 0.4461 -0.1150
vn 0.9556 0.0540 0.2896
vn 0.9313 0.0176 0.3639
vn 0.6812 -0.2731 0.6792
vn 0.7003 -0.2243 0.6776
vn 0.4381 -0.4013 0.8043
vn 0.3842 -0.4650 0.7975
vn 0.2123 -0.5898 0.7791
vn 0.1004 -0.6211 0.7772
vn 0.3846 -0.4723 0.7931
vn 0.1105 -0.6200 0.7768
vn 0.9166 0.0150 0.3995
vn 0.9102 0.3959 -0.1216
vn 0.6033 0.6118 -0.5115
vn 0.1277 0.6755 -0.7262
vn -0.4213 0.5188 -0.7438
vn 0.7241 -0.2127 0.6560
vn 0.9312 0.0442 0.3619
vn 0.9281 0.3604 -0.0935
vn -0.7982 0.1949 -0.5700
vn -0.8271 0.1338 -0.5459
vn -0.4684 0.4439 -0.7639
vn 0.1108 0.6447 -0.7564
vn 0.6145 0.5967 -0.5161
vn 0.9306 0.3359 -0.1452
vn 0.9208 0.0445 0.3874
vn 0.7278 -0.1685 0.6647
vn -0.5069 0.3816 -0.7729
vn -0.8589 0.0541 -0.5091
vn -0.8602 0.0696 -0.5051
vn 0.7228 0.4929 -0.4843
vn 0.1554 0.6295 -0.7613
vn 0.0977 0.6127 -0.7843
vn -0.4951 0.3592 -0.7911
vn -0.5397 0.3461 -0.7674
vn -0.7758 0.0923 -0.6241
vn -0.7847 0.1141 -0.6093
vn -0.9434 -0.1257 -0.3067
vn -0.9377 -0.1990 -0.2849
vn -0.7642 -0.5465 0.3424
vn -0.9404 -0.3266 -0.0944
vn -0.8423 0.0840 -0.5323
vn -0.4837 0.3757 -0.7905
vn 0.1247 0.6416 -0.7568
vn 0.6360 0.5632 -0.5276
vn 0.9552 0.2927 -0.0446
vn 0.4046 -0.4352 0.8043
vn 0.7240 -0.1499 0.6733
vn 0.9630 0.0656 0.2612
vn 0.9593 0.2554 -0.1205
vn 0.8938 0.3592 -0.2684
vn 0.7631 0.4763 -0.4368
vn 0.5910 0.6935 -0.4120
vn 0.2446 0.5878 -0.7711
vn -0.2736 0.5107 -0.8150
vn -0.5945 0.2180 -0.7740
vn -0.7566 0.0840 -0.6484
vn -0.9424 -0.0900 -0.3222
vn -0.6840 -0.5587 0.4690
vn -0.6919 -0.6442 0.3258
vn -0.7504 -0.6418 0.1580
vn -0.8021 -0.5600 0.2070
vn -0.6347 -0.6705 0.3842
vn -0.6973 -0.6198 0.3599
vn -0.3177 -0.7072 0.6316
vn -0.2534 -0.6962 0.6715
vn 0.0562 -0.6276 0.7765
vn 0.0720 -0.6076 0.7909
vn -0.2774 -0.6606 0.6975
vn 0.0693 -0.5568 0.8277
vn -0.2759 -0.6319 0.7243
vn 0.2084 -0.5950 0.7762
vn -0.4400 -0.7286 0.5249
vn -0.4843 -0.6650 0.5685
vn -0.2814 -0.7840 0.5533
vn -0.7338 -0.6519 0.1910
vn -0.7484 -0.6435 0.1602
vn -0.5654 -0.7191 0.4039
vn -0.2883 -0.7389 0.6090
vn -0.0982 -0.6504 0.7532
vn -0.3154 -0.7209 0.6171
vn -0.1207 -0.6733 0.7295
vn -0.0588 -0.6921 0.7194
vn -0.2978 -0.7201 0.6266
vn -0.6147 -0.7077 0.3482
vn -0.5980 -0.7053 0.3807
vn -0.3289 -0.7247 0.6055
vn -0.1488 -0.7020 0.6964
vn -0.1793 -0.6958 0.6955
vn -0.2120 -0.6476 0.7318
vn 0.1867 -0.6834 0.7057
vn -0.3386 -0.6190 0.7087
vn 0.1185 -0.6773 0.7261
vn -0.3035 -0.6522 0.6946
vn 0.0845 -0.6276 0.7739
vn -0.2018 -0.6265 0.7528
vn 0.2012 -0.6290 0.7509
vn 0.1433 -0.7125 0.6869
vn -0.1243 -0.6523 0.7477
vn 0.0293 -0.6103 0.7916
vn -0.0678 -0.4978 0.8646
vn -0.2416 -0.4361 0.8668
vn -0.6407 -0.4074 0.6507
vn 0.2743 -0.5205 0.8086
vn -0.6779 -0.5495 0.4882
vn -0.6963 -0.5551 0.4549
vn -0.7679 -0.4749 0.4298
vn -0.7645 -0.4764 0.4342
vn -0.7556 -0.5100 0.4110
vn -0.7493 -0.5412 0.3815
vn -0.7216 -0.5906 0.3611
vn -0.8684 -0.4651 0.1719
vn -0.8589 -0.4178 0.2960
vn -0.8825 -0.4209 0.2098
vn -0.8429 -0.4414 0.3077
vn -0.8860 -0.3807 0.2648
vn -0.9167 -0.3361 0.2159
vn -0.9943 -0.0668 -0.0830
vn -0.9942 -0.0983 -0.0423
vn -0.9877 -0.1546 -0.0234
vn -0.9747 -0.2228 -0.0178
vn -0.9557 -0.2803 -0.0898
vn -0.9574 -0.2523 -0.1407
vn -0.8936 -0.4176 0.1643
vn -0.9634 -0.2385 -0.1222
vn -0.8834 -0.4401 0.1608
vn -0.9633 -0.2313 -0.1362
vn 0.9390 -0.2723 0.2102
vn 0.8594 -0.4812 0.1729
vn 0.9232 -0.1697 0.3448
vn 0.7741 -0.3507 0.5270
vn 0.8652 -0.3084 0.3953
vn 0.8485 -0.4134 0.3302
vn 0.8565 -0.3737 0.3561
vn 0.7902 -0.4263 0.4401
vn 0.5996 -0.2577 0.7577
vn 0.6234 -0.3124 0.7168
vn 0.6090 -0.5332 0.5871
vn 0.4985 -0.6249 0.6008
vn 0.4441 -0.6383 0.6287
vn 0.3923 -0.5520 0.7358
vn 0.2718 -0.7035 0.6567
vn 0.2400 -0.6179 0.7487
vn 0.4591 -0.5118 0.7261
vn 0.2699 -0.6240 0.7334
vn 0.4132 -0.5301 0.7404
vn 0.4252 -0.5954 0.6816
vn 0.2309 -0.7136 0.6613
vn 0.2487 -0.5315 0.8097
vn 0.7960 -0.4444 0.4110
vn 0.3209 -0.4871 0.8123
vn 0.1910 -0.5349 0.8230
vn -0.7339 0.5540 -0.3928
vn -0.9017 0.2107 -0.3775
vn -0.8228 0.3578 -0.4415
vn -0.8918 0.0995 -0.4412
vn -0.8604 0.1932 -0.4715
vn -0.8368 0.1849 -0.5153
vn -0.4805 0.5774 -0.6601
vn -0.4756 0.4403 -0.7615
vn -0.1596 0.6239 -0.7650
vn -0.2830 0.6736 -0.6827
vn -0.2206 0.7179 -0.6603
vn -0.2492 0.8089 -0.5325
vn -0.2455 0.7826 -0.5721
vn -0.8616 0.1147 -0.4945
vn -0.8498 0.1349 -0.5094
vn -0.7975 -0.4712 0.3767
vn -0.5047 -0.8054 0.3108
vn -0.2365 -0.9154 0.3258
vn -0.7421 -0.5542 0.3770
vn -0.9703 -0.1228 0.2082
vn -0.9548 -0.2214 0.1981
vn -0.9974 -0.0026 0.0721
vn -0.9968 -0.0278 0.0748
vn -0.9946 -0.0145 0.1031
vn -0.9962 0.0064 0.0861
vn -0.9706 -0.2406 0.0009
vn -0.9641 -0.2652 -0.0151
vn -0.3322 -0.4587 0.8242
vn -0.3359 -0.4640 0.8197
vn -0.3153 -0.4465 0.8373
vn -0.3139 -0.4484 0.8368
vn -0.2543 -0.5168 0.8174
vn -0.2546 -0.5402 0.8021
vn -0.1127 -0.8444 0.5238
vn -0.1419 -0.8451 0.5153
vn 0.2737 -0.7635 0.5849
vn 0.2575 -0.7646 0.5908
vn 0.3556 -0.8206 0.4474
vn 0.3506 -0.8233 0.4463
vn 0.2926 -0.8140 0.5018
vn 0.2410 -0.8569 0.4555
vn -0.0363 -0.9811 0.1900
vn -0.0311 0.8666 -0.4979
vn -0.0197 0.8180 -0.5748
vn -0.0700 0.8763 -0.4766
vn -0.0871 0.8764 -0.4736
vn -0.1994 0.7491 -0.6317
vn -0.2164 0.8737 -0.4356
vn -0.1771 0.9167 -0.3583
vn -0.1040 0.9379 -0.3310
vn 0.0609 0.9729 -0.2231
vn 0.7942 -0.2595 -0.5495
vn 0.8783 -0.1816 -0.4423
vn 0.8688 -0.1894 -0.4574
vn 0.7819 -0.2744 -0.5598
vn 0.6582 -0.3634 -0.6593
vn 0.6499 -0.3703 -0.6637
vn 0.6335 -0.4094 -0.6565
vn 0.6214 -0.4096 -0.6678
vn 0.5624 -0.5155 -0.6464
vn 0.5784 -0.5669 -0.5866
vn 0.6348 -0.6548 -0.4100
vn 0.6388 -0.7359 -0.2245
vn 0.5711 -0.8045 -0.1628
vn 0.2685 -0.9384 0.2174
vn 0.4289 -0.9010 0.0653
vn 0.2104 -0.7899 0.5760
vn 0.2891 -0.7744 0.5628
vn 0.2185 -0.6582 0.7204
vn 0.2333 -0.6652 0.7092
vn 0.2057 -0.7341 0.6471
vn 0.2128 -0.7500 0.6262
vn 0.3204 -0.8023 0.5036
vn 0.3304 -0.8055 0.4918
vn 0.4709 -0.8224 0.3191
vn 0.4758 -0.8120 0.3379
vn 0.7391 -0.5249 0.4221
vn 0.7338 -0.5048 0.4546
vn 0.7375 -0.4775 0.4776
vn 0.7222 -0.4969 0.4810
vn 0.7129 -0.5705 0.4076
vn 0.7060 -0.5842 0.4003
vn 0.6189 -0.6615 0.4234
vn 0.6278 -0.6734 0.3903
vn 0.3762 -0.9243 0.0640
vn 0.1826 -0.9663 0.1811
vn 0.2201 -0.9438 0.2467
vn -0.0697 -0.9799 -0.1871
vn -0.1203 -0.9883 -0.0934
vn 0.2661 -0.9184 0.2929
vn -0.0188 -0.9987 -0.0462
vn 0.2677 -0.8895 0.3702
vn 0.0439 -0.9984 -0.0358
vn 0.2282 -0.8450 0.4837
vn -0.0001 -0.9975 0.0699
vn 0.1646 -0.8696 0.4654
vn -0.0285 -0.9989 -0.0378
vn 0.2117 -0.8332 0.5108
vn 0.0472 -0.9988 0.0049
vn 0.0396 -0.8655 0.4993
vn -0.1962 -0.9777 -0.0743
vn -0.2676 -0.8778 0.3972
vn -0.3229 -0.9403 -0.1075
vn -0.0249 -0.9633 -0.2673
vn 0.2012 -0.5393 -0.8177
vn 0.2093 -0.4827 -0.8504
vn 0.2026 -0.4827 -0.8520
vn 0.1066 -0.5028 -0.8578
vn -0.3298 -0.4901 -0.8068
vn -0.3275 -0.4988 -0.8024
vn -0.3737 -0.3703 -0.8504
vn -0.2962 -0.4382 -0.8487
vn -0.1394 -0.3676 -0.9195
vn -0.0925 -0.3809 -0.9199
vn 0.0074 -0.4127 -0.9108
vn 0.0239 -0.4168 -0.9087
vn 0.0519 -0.4016 -0.9143
vn 0.1021 -0.4082 -0.9071
vn 0.2136 -0.3365 -0.9171
vn 0.2792 -0.3332 -0.9005
vn 0.2954 -0.3160 -0.9016
vn 0.3089 -0.4166 -0.8550
vn 0.2972 -0.4158 -0.8595
vn 0.3002 -0.5089 -0.8067
vn -0.1425 -0.3952 0.9074
vn 0.0778 -0.4075 0.9099
vn 0.3409 -0.4442 0.8285
vn 0.4497 -0.5508 0.7031
vn 0.5816 -0.5906 0.5594
vn -0.8189 0.0016 0.5738
vn -0.7893 0.0160 0.6137
vn -0.7941 -0.0645 0.6043
vn -0.8484 -0.0172 0.5289
vn -0.8299 0.0799 0.5521
vn -0.8059 0.0597 0.5890
vn -0.6849 0.0832 0.7239
vn -0.2998 0.3028 0.9046
vn -0.7678 0.0711 0.6366
vn -0.7732 0.0714 0.6300
vn 0.9986 -0.0507 -0.0154
vn 0.9645 -0.2303 0.1289
vn 0.9861 -0.1615 0.0392
vn 0.9982 -0.0427 -0.0425
vn 0.9912 0.0869 -0.1000
vn 0.9886 0.1072 -0.1055
vn 0.9853 0.1309 -0.1096
vn 0.9847 0.0401 -0.1697
vn 0.9855 0.1292 -0.1100
vn 0.9595 0.0225 -0.2807
vn 0.9953 0.0569 -0.0776
vn 0.9983 0.0482 0.0321
vn 0.9788 0.1757 0.1051
vn 0.8849 -0.1218 -0.4495
vn 0.8702 -0.0665 -0.4882
vn 0.8739 -0.0054 -0.4861
vn -0.7036 -0.2092 -0.6790
vn -0.6517 -0.2017 -0.7311
vn -0.9306 -0.2365 -0.2794
vn -0.6701 -0.4388 -0.5986
vn -0.8376 -0.3321 -0.4337
vn -0.8477 -0.3519 -0.3968
vn -0.7560 -0.2893 -0.5871
vn -0.7562 -0.2467 -0.6059
vn -0.8845 -0.1812 -0.4298
vn -0.8872 -0.1798 -0.4249
vn -0.8045 -0.3639 -0.4694
vn -0.8408 -0.2975 -0.4523
vn -0.8545 -0.4002 -0.3310
vn -0.9060 -0.2931 -0.3052
vn -0.8634 -0.4115 -0.2918
vn -0.9073 -0.3305 -0.2598
vn -0.0013 0.9978 -0.0657
vn -0.1721 0.7777 0.6046
vn -0.3453 0.8381 0.4223
vn 0.3063 0.2842 -0.9085
vn 0.3663 0.2283 -0.9020
vn 0.4465 0.3605 -0.8189
vn 0.4527 0.3399 -0.8243
vn 0.6109 0.3545 -0.7079
vn 0.7610 0.3268 -0.5604
vn 0.3844 0.3570 -0.8513
vn 0.6865 0.3321 -0.6469
vn 0.4058 0.3305 -0.8521
vn 0.8412 0.2406 -0.4843
vn 0.4888 0.2930 -0.8216
vn 0.8718 0.2304 -0.4322
vn 0.4895 0.2921 -0.8216
vn 0.9073 0.2456 -0.3414
vn 0.4806 0.2897 -0.8277
vn 0.8646 0.2535 -0.4337
vn 0.4401 0.2869 -0.8509
vn 0.8708 0.2668 -0.4129
vn 0.4662 0.2100 -0.8594
vn 0.8783 0.2553 -0.4043
vn 0.2376 0.3421 -0.9091
vn 0.2431 0.3555 -0.9025
vn 0.3370 0.3104 -0.8888
vn 0.3831 0.2879 -0.8777
vn 0.3995 0.2467 -0.8829
vn 0.2978 0.2759 -0.9139
vn 0.3152 0.2214 -0.9228
vn 0.8845 0.2088 -0.4172
vn 0.8758 0.2535 -0.4107
vn 0.6203 0.1299 -0.7735
vn 0.6390 0.2773 -0.7174
vn 0.6919 0.2667 -0.6709
vn 0.6926 0.3885 -0.6077
vn 0.5452 0.4128 -0.7296
vn 0.5645 0.4040 -0.7198
vn 0.6198 0.3503 -0.7023
vn 0.7618 0.2478 -0.5984
vn 0.6915 0.4455 -0.5685
vn 0.8326 0.2743 -0.4812
vn 0.7866 0.3228 -0.5264
vn 0.7433 0.2284 -0.6287
vn 0.7257 0.3517 -0.5913
vn 0.6836 0.3354 -0.6482
vn 0.7254 0.3383 -0.5994
vn 0.6673 0.3580 -0.6531
vn 0.7845 0.2947 -0.5455
vn 0.6503 0.3610 -0.6683
vn 0.7332 0.3999 -0.5500
vn 0.7494 0.2968 -0.5918
vn 0.8845 0.2058 -0.4187
vn 0.8910 0.2301 -0.3912
vn 0.9200 0.2489 -0.3025
vn 0.8503 0.2671 -0.4534
vn 0.7832 0.4209 -0.4577
vn 0.5412 0.6026 -0.5864
vn 0.5514 0.6513 -0.5212
vn 0.7120 0.5108 -0.4818
vn 0.8227 0.3119 -0.4752
vn 0.5871 0.5508 -0.5932
vn 0.5664 0.7495 0.3427
vn 0.8471 0.1826 0.4991
vn 0.7853 -0.0369 0.6180
vn 0.9398 0.1874 0.2857
vn 0.6744 -0.2583 0.6917
vn 0.9575 -0.0039 0.2885
vn 0.6656 -0.3053 0.6810
vn 0.9644 -0.0754 0.2533
vn 0.6093 -0.4299 0.6663
vn 0.9273 -0.2264 0.2979
vn 0.7000 -0.5722 0.4272
vn 0.9015 -0.4102 0.1379
vn 0.8683 -0.3244 -0.3751
vn 0.6555 -0.7367 0.1659
vn 0.5253 -0.8484 -0.0653
vn 0.7390 -0.2364 -0.6309
vn 0.3705 -0.7459 -0.5535
vn 0.6877 -0.1918 -0.7002
vn 0.3022 -0.6467 -0.7002
vn 0.6365 -0.2039 -0.7438
vn 0.1808 0.3372 -0.9239
vn 0.3501 0.4344 -0.8299
vn 0.2798 0.5325 -0.7988
vn 0.7629 0.0887 -0.6404
vn 0.5920 0.5158 -0.6192
vn 0.8079 -0.1706 -0.5641
vn 0.6883 -0.2008 -0.6971
vn 0.6747 0.4066 -0.6159
vn 0.7152 0.3713 -0.5920
vn 0.8781 0.2650 -0.3984
vn 0.8692 0.3378 -0.3609
vn 0.8553 0.4046 -0.3235
vn 0.7134 0.4044 -0.5723
vn 0.7232 0.4476 -0.5259
vn 0.6688 0.3967 -0.6287
vn 0.6683 0.4225 -0.6122
vn 0.6019 0.4225 -0.6776
vn 0.4078 0.3736 -0.8331
vn 0.2325 0.2700 -0.9344
vn 0.1136 0.2866 -0.9513
vn 0.1315 0.3901 -0.9113
vn -0.0058 0.3949 -0.9187
vn 0.0034 0.4295 -0.9030
vn -0.1825 0.3822 -0.9059
vn -0.1592 0.3623 -0.9183
vn -0.2958 0.3568 -0.8861
vn 0.6106 0.4127 -0.6759
vn 0.4539 0.4158 -0.7880
vn 0.2468 0.3325 -0.9102
vn 0.0479 0.3814 -0.9231
vn -0.1054 0.5192 -0.8481
vn -0.2353 0.5248 -0.8180
vn -0.3954 0.5247 -0.7538
vn -0.2374 0.7214 -0.6505
vn -0.1900 0.9807 0.0469
vn -0.1901 0.7118 -0.6761
vn -0.2248 0.9707 -0.0850
vn -0.0851 0.7909 -0.6059
vn 0.1312 0.8333 -0.5370
vn 0.2852 0.8613 -0.4205
vn 0.3690 0.8715 -0.3230
vn 0.4442 0.8378 -0.3174
vn 0.5585 0.7518 -0.3506
vn 0.7356 0.6688 -0.1075
vn -0.1626 0.9789 0.1240
vn -0.0823 0.9632 0.2560
vn -0.1681 0.9184 0.3580
vn -0.1258 0.9579 0.2582
vn -0.0537 0.9867 0.1534
vn 0.1463 0.9890 0.0226
vn -0.0242 0.9720 0.2339
vn -0.2048 0.9279 0.3114
vn -0.2685 0.8947 0.3568
vn -0.3084 0.8428 0.4410
vn -0.3412 0.7185 0.6061
vn -0.1516 0.8551 0.4957
vn -0.1746 0.8613 0.4772
vn -0.1248 0.8574 0.4992
vn -0.0669 0.8162 0.5739
vn 0.2913 -0.7258 -0.6232
vn 0.4117 -0.7659 -0.4938
vn 0.5561 -0.7580 -0.3406
vn 0.7844 -0.4255 -0.4512
vn 0.6164 0.3877 -0.6853
vn 0.7720 -0.4185 -0.4783
vn 0.6457 0.4023 -0.6490
vn 0.2215 0.7888 -0.5733
vn 0.1679 0.7628 -0.6243
vn 0.1418 0.4723 -0.8699
vn 0.1740 0.3653 -0.9144
vn 0.1617 0.4779 -0.8634
vn -0.0224 0.3920 -0.9197
vn -0.0312 0.3464 -0.9375
vn -0.0909 0.4733 -0.8762
vn 0.0799 0.4158 -0.9059
vn 0.0244 0.1226 -0.9921
vn 0.2219 0.3486 -0.9106
vn 0.7829 -0.1438 0.6053
vn 0.8703 0.0184 0.4921
vn -0.3596 -0.3335 -0.8715
vn -0.6103 -0.3702 -0.7003
vn -0.6262 -0.2900 -0.7237
vn -0.6166 -0.2128 -0.7579
vn -0.5788 -0.1369 -0.8039
vn -0.5141 -0.0745 -0.8544
vn -0.4359 -0.0387 -0.8991
vn -0.3577 -0.0319 -0.9333
vn -0.2783 -0.0521 -0.9591
vn -0.1959 -0.1020 -0.9753
vn -0.1234 -0.1775 -0.9763
vn -0.0763 -0.2626 -0.9619
vn -0.0589 -0.3440 -0.9371
vn -0.0691 -0.4235 -0.9033
vn -0.1091 -0.5016 -0.8582
vn -0.1758 -0.5641 -0.8067
vn -0.2550 -0.5981 -0.7597
vn -0.3335 -0.6030 -0.7247
vn -0.4134 -0.5814 -0.7008
vn -0.4955 -0.5308 -0.6875
vn -0.5660 -0.4551 -0.6874
vn -0.3332 0.6429 0.6896
vn -0.2972 0.3795 0.8761
vn -0.5954 0.5354 0.5990
vn -0.8304 0.4063 0.3812
vn -0.9677 0.2051 0.1463
vn -0.9937 0.1110 0.0147
vn -0.9761 0.1517 -0.1556
vn -0.8789 0.1321 -0.4583
vn 0.3775 -0.6075 -0.6988
vn 0.2331 -0.4592 -0.8572
vn 0.2308 -0.4761 -0.8485
vn 0.3279 -0.6252 -0.7082
vn 0.5478 -0.5643 -0.6177
vn 0.5388 -0.5617 -0.6278
vn 0.6138 -0.6446 -0.4558
vn 0.5999 -0.6455 -0.4727
vn 0.7130 -0.5243 -0.4655
vn 0.6947 -0.5209 -0.4959
vn 0.9023 -0.2824 -0.3255
vn 0.7736 -0.5228 -0.3579
vn 0.9748 -0.0493 -0.2175
vn 0.8818 -0.3587 -0.3062
vn 0.9362 -0.2611 -0.2353
vn 0.9861 0.0197 -0.1646
vn 0.9782 0.1783 -0.1062
vn 0.9773 0.1689 -0.1274
vn 0.9886 0.1069 -0.1060
vn 0.9909 0.1092 -0.0784
vn 0.9842 0.1474 -0.0980
vn 0.9783 0.1225 -0.1670
vn 0.9926 0.1033 -0.0636
vn 0.9739 0.1374 -0.1804
vn 0.9628 0.1592 -0.2181
vn 0.9379 0.1801 -0.2965
vn 0.9514 0.1927 -0.2403
vn 0.9400 0.1817 -0.2886
vn 0.9409 0.2166 -0.2605
vn 0.9667 0.1367 -0.2163
vn 0.8831 0.3912 -0.2589
vn 0.8820 0.4242 -0.2051
vn 0.9939 0.1057 -0.0323
vn 0.9922 0.1128 -0.0526
vn 0.9723 0.1681 -0.1621
vn 0.9306 0.3081 -0.1975
vn 0.9110 0.3023 -0.2806
vn 0.6881 0.6204 -0.3762
vn 0.7524 0.4843 -0.4465
vn 0.5831 0.4734 -0.6601
vn 0.7679 0.3429 -0.5411
vn 0.5615 0.5090 -0.6524
vn 0.2404 0.6948 -0.6778
vn 0.1727 0.7033 -0.6895
vn -0.0256 0.6546 -0.7555
vn -0.1482 0.5682 -0.8094
vn -0.2838 0.3993 -0.8717
vn -0.2109 0.4085 -0.8881
vn 0.9596 0.0572 -0.2755
vn 0.8304 0.5322 -0.1649
vn 0.9944 0.0998 -0.0359
vn 0.9789 0.1934 -0.0651
vn 0.9152 0.4001 -0.0478
vn 0.9493 0.2936 -0.1122
vn 0.9387 0.3216 -0.1242
vn 0.9762 -0.2065 -0.0663
vn 0.9417 -0.3356 -0.0210
vn 0.9529 -0.3033 0.0016
vn 0.9246 -0.3777 -0.0505
vn 0.9361 -0.3507 -0.0264
vn 0.8665 -0.4591 -0.1961
vn 0.8855 -0.3991 -0.2380
vn 0.7426 -0.4331 -0.5107
vn 0.8561 -0.0849 -0.5098
vn 0.6335 -0.5604 -0.5335
vn 0.9713 -0.2356 -0.0337
vn 0.9773 -0.2058 0.0506
vn 0.9803 0.1865 -0.0641
vn 0.9296 0.3650 -0.0507
vn 0.9757 0.1878 -0.1123
vn 0.9800 -0.1840 0.0758
vn 0.9492 -0.2264 0.2187
vn 0.9940 -0.0676 0.0855
vn 0.9995 -0.0170 -0.0240
vn 0.9972 -0.0684 -0.0299
vn 0.9974 -0.0700 0.0183
vn 0.9976 -0.0628 -0.0280
vn 0.9395 -0.2075 0.2726
vn 0.7748 -0.2985 -0.5572
vn 0.7149 -0.2693 -0.6453
vn 0.7303 0.0683 -0.6797
vn 0.5208 -0.1946 -0.8312
vn 0.5955 0.0398 -0.8024
vn 0.2594 -0.0398 -0.9649
vn 0.4416 0.1389 -0.8864
vn 0.3099 0.0940 -0.9461
vn 0.4543 0.0324 -0.8902
vn 0.4053 0.0697 -0.9115
vn 0.3930 0.1640 -0.9048
vn 0.4499 0.0525 -0.8915
vn 0.4496 0.1958 -0.8715
vn 0.7087 -0.1024 -0.6980
vn 0.5627 -0.2235 -0.7958
vn 0.7149 -0.1922 -0.6722
vn 0.6632 -0.3178 -0.6775
vn 0.6232 -0.2614 -0.7370
vn 0.2772 -0.0543 -0.9593
vn 0.3353 -0.2280 -0.9141
vn 0.0592 -0.2072 -0.9765
vn 0.1258 -0.0528 -0.9906
vn 0.1912 -0.1932 -0.9623
vn 0.2428 -0.2222 -0.9443
vn 0.3330 -0.3132 -0.8894
vn 0.6297 -0.3514 -0.6928
vn 0.8195 -0.2931 -0.4924
vn 0.9345 -0.2007 -0.2938
vn 0.9460 -0.0359 -0.3221
vn 0.9333 -0.0649 -0.3532
vn 0.9763 -0.0055 -0.2160
vn 0.8979 0.0952 -0.4297
vn 0.9073 0.1761 -0.3817
vn 0.7714 0.3934 -0.5001
vn 0.2165 -0.2227 -0.9505
vn 0.6070 -0.3684 -0.7041
vn 0.8650 -0.1409 -0.4816
vn 0.8576 -0.0931 -0.5057
vn 0.8150 -0.1561 -0.5580
vn 0.8311 -0.0792 -0.5504
vn 0.8525 0.0713 -0.5177
vn 0.8545 0.0998 -0.5098
vn 0.8586 0.4005 -0.3200
vn 0.9108 0.0805 -0.4049
vn 0.8305 0.4835 -0.2765
vn 0.8237 0.5087 -0.2503
vn 0.6685 0.7409 -0.0648
vn 0.8336 0.5286 -0.1600
vn 0.6426 0.7617 -0.0819
vn 0.8969 -0.0939 -0.4321
vn 0.8928 -0.1832 -0.4114
vn 0.7449 -0.0248 -0.6667
vn 0.9185 -0.1356 -0.3714
vn 0.9160 -0.1283 -0.3800
vn 0.9605 -0.0316 -0.2764
vn 0.9400 0.1568 -0.3030
vn 0.9636 0.1411 -0.2271
vn 0.8282 0.4607 -0.3191
vn 0.8606 0.4603 -0.2178
vn 0.9653 0.1713 -0.1970
vn 0.9337 0.2914 -0.2079
vn 0.9590 0.2198 -0.1786
vn 0.9619 0.2148 -0.1693
vn 0.9608 0.2497 -0.1199
vn 0.9538 0.2766 -0.1171
vn 0.9379 0.3468 -0.0071
vn 0.9202 0.3910 0.0190
vn 0.8821 0.4641 0.0798
vn 0.9774 0.1728 -0.1212
vn 0.8564 0.5047 -0.1090
vn 0.8361 0.5425 -0.0820
vn 0.9760 0.0936 -0.1964
vn 0.9561 0.1353 -0.2598
vn 0.8576 0.5140 0.0170
vn 0.7627 0.6240 -0.1703
vn 0.6871 0.7153 -0.1274
vn 0.9101 0.4112 0.0512
vn 0.6902 0.6391 -0.3393
vn 0.7424 0.6278 -0.2337
vn 0.8100 0.5766 -0.1062
vn 0.7962 0.6049 0.0115
vn 0.8107 0.5849 0.0248
vn 0.7957 0.5847 0.1581
vn 0.7931 0.6088 0.0145
vn 0.7480 0.6220 0.2313
vn 0.7885 0.5735 0.2218
vn 0.8864 0.4370 0.1524
vn 0.9314 0.3588 0.0608
vn 0.9457 0.3215 -0.0468
vn 0.9633 0.2485 -0.1015
vn 0.9829 0.1406 -0.1189
vn 0.9754 0.1652 -0.1459
vn 0.9468 0.1858 -0.2625
vn 0.9765 0.1418 -0.1619
vn 0.9883 0.1512 -0.0224
vn 0.9991 0.0326 0.0266
vn 0.9572 0.0625 0.2827
vn 0.9990 -0.0318 0.0306
vn 0.9868 0.0156 0.1608
vn 0.9961 -0.0861 0.0162
vn 0.9992 0.0058 0.0401
vn 0.9430 0.0269 0.3318
vn 0.9896 0.0095 0.1432
vn 0.9978 0.0648 0.0117
vn 0.9929 0.0665 0.0986
vn 0.9933 0.0378 -0.1093
vn 0.9996 -0.0151 -0.0247
vn 0.9779 0.2042 -0.0447
vn 0.9873 0.1527 0.0439
vn 0.9819 0.1629 -0.0964
vn 0.9716 0.0297 -0.2347
vn 0.9514 0.0841 -0.2963
vn 0.9481 0.0410 -0.3154
vn 0.9798 -0.0554 -0.1921
vn 0.9884 0.0443 -0.1454
vn 0.9832 0.1259 -0.1322
vn 0.9991 0.0430 -0.0002
vn 0.9988 -0.0078 -0.0480
vn 0.9996 -0.0247 0.0103
vn 0.9684 -0.0413 -0.2458
vn 0.9668 0.0264 -0.2541
vn 0.8957 -0.0090 -0.4446
vn 0.5587 0.1374 -0.8179
vn 0.6222 0.3684 -0.6908
vn 0.5961 0.2538 -0.7617
vn 0.6750 0.2882 -0.6792
vn 0.7496 0.1897 -0.6341
vn 0.7245 0.2139 -0.6552
vn 0.7509 0.2820 -0.5972
vn 0.8104 0.0548 -0.5832
vn 0.8354 0.3326 -0.4375
vn 0.9007 0.3887 -0.1942
vn 0.8044 0.5655 -0.1816
vn 0.9221 0.1483 -0.3573
vn 0.8839 0.0887 -0.4592
vn 0.6584 0.7367 -0.1539
vn 0.7962 0.5510 -0.2498
vn 0.7296 0.4530 -0.5122
vn 0.9988 -0.0325 -0.0349
vn 0.9982 -0.0222 0.0546
vn 0.9935 -0.1102 -0.0276
vn 0.9942 0.0487 -0.0959
vn 0.9943 0.0449 -0.0968
vn 0.9985 0.0371 -0.0390
vn 0.9981 -0.0354 -0.0496
vn 0.9906 0.0245 -0.1342
vn 0.9926 0.0268 -0.1178
vn 0.9986 0.0264 -0.0463
vn 0.9991 0.0316 0.0262
vn 0.9987 0.0390 0.0321
vn 0.9991 0.0321 0.0270
vn 0.9980 0.0244 -0.0582
vn 0.9991 0.0314 0.0266
vn 0.9983 0.0264 -0.0519
vn 0.9620 0.1123 0.2488
vn 0.7063 -0.2856 0.6477
vn -0.9612 0.0719 -0.2662
vn -0.8804 0.2322 -0.4134
vn 0.1634 0.9541 -0.2509
vn 0.0548 0.9648 -0.2572
vn 0.0648 0.9654 -0.2525
vn 0.1982 0.9581 -0.2066
vn 0.3208 0.9183 -0.2321
vn 0.3606 0.9149 -0.1817
vn 0.4056 0.8857 -0.2257
vn 0.4534 0.8776 -0.1556
vn 0.6200 0.7541 -0.2168
vn 0.6771 0.7215 -0.1448
vn 0.5217 0.8502 -0.0709
vn 0.4201 0.8974 -0.1347
vn 0.2760 0.9306 -0.2405
vn 0.0700 0.9705 -0.2308
vn 0.1273 0.9209 -0.3683
vn 0.5145 0.8390 -0.1769
vn 0.5572 0.8263 -0.0822
vn 0.3955 0.8612 -0.3192
vn 0.2522 0.8485 -0.4652
vn 0.7092 0.5145 -0.4819
vn 0.4801 0.6290 -0.6113
vn 0.2785 0.6910 -0.6670
vn 0.0489 0.9654 -0.2559
vn 0.0872 0.9053 -0.4157
vn 0.1836 0.8048 -0.5644
vn 0.1509 0.7085 -0.6894
vn 0.1600 0.6120 -0.7745
vn 0.3410 0.5595 -0.7554
vn 0.5178 0.5567 -0.6496
vn 0.7022 0.4425 -0.5578
vn 0.7734 0.5134 -0.3719
vn 0.7180 0.6960 -0.0039
vn 0.7009 0.7111 -0.0563
vn 0.6800 0.7300 -0.0686
vn -0.0335 0.7436 -0.6677
vn 0.7210 0.6902 -0.0613
vn 0.6253 0.7764 -0.0778
vn 0.7513 0.6201 0.2257
vn 0.9027 0.4251 0.0659
vn 0.8318 0.4832 0.2732
vn 0.8659 0.3973 0.3038
vn 0.7090 0.5146 0.4822
vn 0.7745 0.5164 0.3654
vn 0.7201 0.5282 0.4499
vn 0.7669 0.5651 0.3041
vn 0.7234 0.6061 0.3306
vn 0.7380 0.6010 0.3068
vn 0.8503 0.4647 0.2468
vn 0.9110 0.3103 0.2716
vn 0.9511 0.2687 0.1522
vn -0.9203 -0.3538 -0.1667
vn 0.7959 0.5822 0.1659
vn 0.7974 0.5803 0.1655
vn 0.7971 0.5807 0.1657
vn 0.9677 0.1131 0.2253
vn 0.9964 0.0615 0.0586
vn 0.9873 0.1142 -0.1103
vn 0.9923 0.0823 0.0926
vn 0.9894 0.1153 -0.0876
vn 0.9860 0.1002 0.1335
vn 0.9965 0.0569 0.0606
vn 0.8231 0.4842 -0.2966
vn 0.9622 0.1439 -0.2311
vn 0.7441 0.4164 -0.5224
vn 0.8220 0.1902 -0.5367
vn 0.4927 0.5286 -0.6912
vn 0.5668 0.2893 -0.7714
vn 0.1903 0.6396 -0.7447
vn 0.2244 0.3482 -0.9102
vn 0.0386 0.6943 -0.7186
vn 0.0408 0.4126 -0.9099
vn 0.1625 -0.3944 -0.9044
vn 0.0265 -0.3290 -0.9439
vn 0.0245 -0.5476 -0.8364
vn 0.1551 -0.5400 -0.8272
vn 0.0270 -0.4086 -0.9123
vn 0.1964 -0.2993 -0.9337
vn 0.7725 -0.4464 -0.4515
vn 0.6914 -0.3912 -0.6073
vn 0.5108 -0.3693 -0.7763
vn 0.4945 -0.4785 -0.7256
vn 0.7280 0.4418 -0.5242
vn 0.5000 0.7769 -0.3826
vn 0.8437 0.3500 -0.4069
vn 0.5472 0.8032 -0.2355
vn 0.3548 0.9075 -0.2246
vn 0.2940 0.9229 -0.2485
vn 0.1335 0.9671 -0.2165
vn 0.0526 0.9663 -0.2520
vn 0.0417 0.9684 -0.2456
vn 0.0323 0.9673 -0.2514
vn 0.2790 0.9227 -0.2659
vn 0.3319 0.8837 -0.3299
vn 0.4582 0.7609 -0.4594
vn 0.0856 0.9579 -0.2741
vn 0.1451 0.9548 -0.2592
vn 0.0336 0.9750 -0.2196
vn -0.0078 0.9588 -0.2839
vn 0.0108 0.9469 -0.3213
vn -0.0871 0.9366 -0.3394
vn -0.0975 0.9506 -0.2946
vn 0.8458 -0.0670 -0.5292
vn 0.7625 0.0996 -0.6392
vn 0.9326 0.3609 -0.0018
vn 0.9312 0.3607 0.0526
vn 0.9326 0.3610 0.0000
vn 0.9319 0.3605 -0.0406
vn 0.9318 0.3606 -0.0403
vn 0.9318 0.3606 -0.0410
vn 0.9318 0.3607 -0.0409
vn 0.3283 -0.8342 -0.4431
vn 0.3540 -0.9081 -0.2238
vn 0.3538 -0.9076 -0.2258
vn 0.3608 -0.9320 0.0328
vn 0.3609 -0.9321 0.0311
vn 0.3601 -0.9311 0.0583
vn 0.7814 0.6201 0.0695
vn 0.6883 0.7255 0.0004
vn 0.5878 0.8090 0.0107
vn 0.4372 0.8968 0.0676
vn 0.4144 0.8700 0.2671
vn 0.3715 0.9277 0.0356
vn 0.0157 0.5512 -0.8342
vn 0.1673 -0.7415 -0.6497
vn -0.0570 0.4718 -0.8798
vn -0.1637 0.2560 -0.9527
vn -0.1570 0.6525 -0.7413
vn -0.0541 0.9122 -0.4062
vn -0.1064 0.8683 -0.4844
vn -0.1101 0.8438 -0.5252
vn -0.1661 0.8821 -0.4407
vn -0.0427 0.9840 -0.1730
vn -0.1126 0.9451 -0.3067
vn -0.1633 0.9190 -0.3587
vn -0.1049 0.9514 -0.2896
vn -0.1017 0.9527 -0.2863
vn 0.0008 0.9779 -0.2088
vn 0.0068 0.9789 -0.2044
vn 0.0434 0.9862 -0.1594
vn 0.0532 0.9864 -0.1556
vn 0.2270 0.9731 -0.0377
vn 0.2460 0.9689 -0.0262
vn -0.2887 0.8342 -0.4697
vn 0.0616 0.9980 0.0117
vn -0.1124 0.7547 -0.6463
vn -0.0030 -0.0223 0.9997
vn -0.3578 0.9196 0.1623
vn -0.3609 0.9325 -0.0115
vn -0.3608 0.9323 -0.0232
vn -0.3509 0.9117 -0.2134
vn -0.3509 0.9117 -0.2135
vn -0.3492 0.9082 -0.2305
vn -0.3492 0.9083 -0.2305
vn 0.9915 0.1299 -0.0090
vn 0.8765 0.3578 0.3220
vn 0.8888 0.2419 0.3893
vn 0.9020 0.1233 0.4138
vn 0.9194 0.0016 0.3932
vn 0.7741 -0.0829 0.6275
vn 0.9371 -0.1108 0.3309
vn 0.8106 -0.2592 0.5251
vn 0.9499 -0.2085 0.2327
vn 0.8279 -0.4193 0.3724
vn 0.9541 -0.2758 0.1162
vn 0.8263 -0.5307 0.1888
vn 0.9533 -0.3018 -0.0047
vn 0.8227 -0.5683 -0.0008
vn 0.9520 -0.2807 -0.1216
vn 0.8249 -0.5344 -0.1844
vn 0.8224 -0.4292 -0.3734
vn 0.9464 -0.2148 -0.2410
vn 0.9332 -0.1207 -0.3385
vn 0.8716 0.3490 -0.3442
vn 0.8598 0.4457 -0.2491
vn 0.8829 0.2314 -0.4085
vn 0.8954 0.1104 -0.4312
vn 0.9133 -0.0045 -0.4073
vn 0.7310 0.0854 -0.6770
vn 0.7131 0.2752 -0.6447
vn 0.7041 0.4620 -0.5392
vn 0.6851 0.6176 -0.3862
vn 0.8486 0.5121 -0.1326
vn 0.8433 0.5372 -0.0115
vn 0.8487 0.5177 0.1084
vn 0.6484 0.7611 -0.0125
vn 0.6656 0.7259 0.1735
vn 0.8620 0.4549 0.2235
vn 0.6929 0.6273 0.3554
vn 0.7119 0.4759 0.5164
vn 0.7225 0.2918 0.6268
vn 0.7389 0.1050 0.6655
vn -0.9914 -0.1306 0.0058
vn -0.9148 -0.3706 -0.1606
vn -0.9074 -0.4139 -0.0728
vn -0.9046 -0.4260 0.0124
vn -0.9069 -0.4100 0.0970
vn -0.9137 -0.3632 0.1821
vn -0.9230 -0.2891 0.2537
vn -0.9330 -0.2033 0.2970
vn -0.9432 -0.1199 0.3097
vn -0.9549 -0.0370 0.2946
vn -0.9673 0.0470 0.2490
vn -0.9772 0.1188 0.1756
vn -0.9825 0.1633 0.0896
vn -0.9841 0.1772 0.0051
vn -0.9834 0.1628 -0.0795
vn -0.9791 0.1175 -0.1659
vn -0.9698 0.0438 -0.2397
vn -0.9575 -0.0426 -0.2850
vn -0.9457 -0.1276 -0.2987
vn -0.9351 -0.2125 -0.2834
vn -0.9247 -0.2984 -0.2362
vn 0.6581 0.7252 -0.2023
vn 0.8011 -0.2776 -0.5302
vn 0.7631 -0.0946 -0.6392
vn 0.9579 0.0139 -0.2869
vn 0.9503 0.0088 -0.3110
vn 0.9567 0.0148 -0.2905
vn 0.9709 0.0387 -0.2363
vn 0.9686 0.0425 -0.2447
vn 0.9772 0.0920 -0.1913
vn 0.9771 0.1134 -0.1798
vn -0.0957 -0.9462 -0.3090
vn -0.0956 -0.9462 -0.3090
vn -0.0409 -0.9840 -0.1733
vn -0.0319 -0.9868 -0.1585
vn 0.1084 -0.9941 -0.0014
vn 0.1114 -0.9936 -0.0167
vn 0.1108 -0.9933 0.0331
vn -0.0096 -0.0284 0.9995
vn -0.1114 0.9769 0.1820
vn -0.1115 0.9925 0.0494
vn -0.1102 0.9939 -0.0006
vn -0.1193 0.9669 -0.2253
vn -0.1153 0.9693 -0.2173
vn -0.1485 0.9419 -0.3013
vn -0.1486 0.9419 -0.3012
vn 0.9969 0.0410 0.0673
vn 0.8777 0.2801 0.3888
vn 0.8744 0.1639 0.4566
vn 0.8751 0.0448 0.4819
vn 0.8831 -0.0781 0.4626
vn 0.7133 -0.1480 0.6850
vn 0.8954 -0.1920 0.4017
vn 0.7416 -0.3274 0.5854
vn 0.9069 -0.2910 0.3046
vn 0.7562 -0.4893 0.4344
vn 0.9140 -0.3591 0.1887
vn 0.7587 -0.6012 0.2509
vn 0.9202 -0.3856 0.0680
vn 0.7664 -0.6394 0.0616
vn 0.9297 -0.3651 -0.0485
vn 0.7856 -0.6067 -0.1212
vn 0.8070 -0.5028 -0.3097
vn 0.9391 -0.2996 -0.1679
vn 0.9419 -0.2053 -0.2660
vn 0.9231 0.2680 -0.2758
vn 0.9127 0.3659 -0.1818
vn 0.9287 0.1496 -0.3392
vn 0.9321 0.0278 -0.3611
vn 0.9377 -0.0881 -0.3360
vn 0.7854 0.0161 -0.6188
vn 0.7821 0.2069 -0.5878
vn 0.7817 0.3944 -0.4830
vn 0.7650 0.5519 -0.3317
vn 0.8986 0.4337 -0.0664
vn 0.8863 0.4599 0.0539
vn 0.8807 0.4406 0.1739
vn 0.7129 0.7002 0.0382
vn 0.7125 0.6646 0.2250
vn 0.8795 0.3776 0.2895
vn 0.7169 0.5651 0.4083
vn 0.7099 0.4134 0.5701
vn 0.6955 0.2298 0.6807
vn 0.6922 0.0425 0.7204
vn -0.9966 -0.0417 -0.0704
vn -0.9292 -0.2885 -0.2308
vn -0.9325 -0.3318 -0.1428
vn -0.9373 -0.3436 -0.0575
vn -0.9446 -0.3270 0.0266
vn -0.9537 -0.2794 0.1110
vn -0.9619 -0.2043 0.1817
vn -0.9674 -0.1177 0.2243
vn -0.9711 -0.0336 0.2363
vn -0.9741 0.0498 0.2204
vn -0.9755 0.1344 0.1741
vn -0.9733 0.2064 0.1003
vn -0.9680 0.2506 0.0142
vn -0.9619 0.2642 -0.0702
vn -0.9560 0.2494 -0.1545
vn -0.9491 0.2033 -0.2404
vn -0.9409 0.1287 -0.3133
vn -0.9329 0.0412 -0.3577
vn -0.9277 -0.0445 -0.3706
vn -0.9260 -0.1299 -0.3545
vn -0.9269 -0.2162 -0.3068
vn 0.7338 0.6625 -0.1502
vn 0.8114 -0.3508 -0.4675
vn 0.7983 -0.1658 -0.5789
vn 0.9977 -0.0666 0.0134
vn 0.9940 -0.0513 0.0963
vn 0.9983 -0.0477 0.0341
vn 0.9999 0.0080 0.0035
vn 0.9998 0.0176 0.0051
vn 0.9997 0.0214 0.0128
vn 0.9997 0.0221 0.0132
vn -0.0131 -0.9401 -0.3406
vn -0.0120 -0.9400 -0.3408
vn -0.0328 -0.9828 -0.1815
vn -0.0295 -0.9805 -0.1940
vn 0.0105 -0.9999 0.0084
vn 0.0132 -0.9999 0.0040
vn 0.0106 -0.9988 0.0479
vn 0.0107 -0.9988 0.0479
vn -0.0753 -0.0186 0.9970
vn -0.0741 -0.0190 0.9970
vn -0.0776 -0.0176 0.9968
vn -0.0789 -0.0171 0.9967
vn -0.0281 0.9856 0.1668
vn -0.0282 0.9856 0.1668
vn -0.0155 0.9998 0.0152
vn -0.0116 0.9999 0.0014
vn 0.0472 0.9702 -0.2378
vn 0.0485 0.9692 -0.2415
vn 0.0438 0.9411 -0.3353
vn 0.0415 0.9409 -0.3361
vn 0.9075 0.1868 -0.3761
vn 0.9031 0.4280 -0.0348
vn 0.9478 0.3175 0.0276
vn 0.9781 0.2016 0.0500
vn 0.9963 0.0801 0.0290
vn 0.9529 0.0022 0.3032
vn 0.9989 -0.0347 -0.0312
vn 0.9633 -0.1778 0.2012
vn 0.9827 -0.1376 -0.1235
vn 0.9364 -0.3459 0.0590
vn 0.9496 -0.2117 -0.2308
vn 0.8769 -0.4685 -0.1071
vn 0.9071 -0.2452 -0.3421
vn 0.8079 -0.5182 -0.2806
vn 0.8619 -0.2317 -0.4511
vn 0.7406 -0.4959 -0.4534
vn 0.6616 -0.4031 -0.6322
vn 0.8083 -0.1739 -0.5625
vn 0.7533 -0.0870 -0.6518
vn 0.6577 0.3770 -0.6521
vn 0.6738 0.4786 -0.5629
vn 0.6540 0.2564 -0.7117
vn 0.6668 0.1352 -0.7328
vn 0.7009 0.0232 -0.7128
vn 0.4269 0.0851 -0.9002
vn 0.4073 0.2752 -0.8708
vn 0.4227 0.4674 -0.7764
vn 0.4485 0.6310 -0.6329
vn 0.7005 0.5514 -0.4530
vn 0.7375 0.5838 -0.3395
vn 0.7874 0.5722 -0.2292
vn 0.5387 0.7955 -0.2774
vn 0.6248 0.7730 -0.1093
vn 0.8464 0.5177 -0.1247
vn 0.7238 0.6879 0.0535
vn 0.8115 0.5483 0.2018
vn 0.8756 0.3725 0.3074
vn 0.9194 0.1897 0.3445
vn -0.9086 -0.1877 0.3731
vn -0.8791 -0.4328 0.1993
vn -0.8371 -0.4700 0.2799
vn -0.8027 -0.4765 0.3586
vn -0.7754 -0.4553 0.4375
vn -0.7545 -0.4038 0.5173
vn -0.7430 -0.3260 0.5845
vn -0.7431 -0.2383 0.6253
vn -0.7544 -0.1550 0.6377
vn -0.7772 -0.0741 0.6248
vn -0.8118 0.0060 0.5838
vn -0.8532 0.0723 0.5166
vn -0.8926 0.1109 0.4369
vn -0.9259 0.1194 0.3584
vn -0.9548 0.0998 0.2799
vn -0.9786 0.0493 0.1997
vn -0.9910 -0.0281 0.1304
vn -0.9894 -0.1164 0.0870
vn -0.9768 -0.2012 0.0731
vn -0.9548 -0.2842 0.0867
vn -0.9214 -0.3663 0.1300
vn 0.4818 0.7482 -0.4561
vn 0.5734 -0.2632 -0.7759
vn 0.4844 -0.0900 -0.8702
vn 0.9395 0.1801 0.2913
vn 0.7217 0.4448 0.5303
vn 0.7120 0.3401 0.6143
vn 0.7172 0.2269 0.6589
vn 0.7411 0.1046 0.6632
vn 0.5278 0.0454 0.8481
vn 0.7787 -0.0142 0.6272
vn 0.5967 -0.1410 0.7900
vn 0.8234 -0.1237 0.5538
vn 0.6637 -0.3194 0.6764
vn 0.8657 -0.2060 0.4562
vn 0.7226 -0.4549 0.5204
vn 0.9045 -0.2484 0.3466
vn 0.7813 -0.5184 0.3475
vn 0.9413 -0.2437 0.2337
vn 0.8429 -0.5100 0.1714
vn 0.9016 -0.4320 -0.0216
vn 0.9745 -0.1952 0.1105
vn 0.9932 -0.1162 0.0013
vn 0.9342 0.3444 -0.0931
vn 0.8915 0.4524 -0.0221
vn 0.9665 0.2198 -0.1323
vn 0.9864 0.0977 -0.1316
vn 0.9962 -0.0117 -0.0866
vn 0.9112 0.0303 -0.4107
vn 0.8827 0.2215 -0.4143
vn 0.8388 0.4204 -0.3460
vn 0.7701 0.5943 -0.2319
vn 0.8426 0.5335 0.0734
vn 0.7980 0.5747 0.1812
vn 0.7641 0.5721 0.2980
vn 0.6128 0.7857 0.0847
vn 0.5686 0.7772 0.2694
vn 0.7396 0.5266 0.4191
vn 0.5357 0.7062 0.4628
vn 0.5020 0.5796 0.6419
vn 0.4771 0.4133 0.7756
vn 0.4810 0.2347 0.8447
vn -0.9384 -0.1812 -0.2941
vn -0.8104 -0.4374 -0.3898
vn -0.8318 -0.4677 -0.2990
vn -0.8569 -0.4678 -0.2165
vn -0.8867 -0.4404 -0.1405
vn -0.9211 -0.3829 -0.0699
vn -0.9537 -0.3003 -0.0169
vn -0.9777 -0.2100 0.0078
vn -0.9920 -0.1262 0.0040
vn -0.9985 -0.0469 -0.0260
vn -0.9959 0.0292 -0.0851
vn -0.9818 0.0896 -0.1675
vn -0.9590 0.1215 -0.2561
vn -0.9331 0.1235 -0.3377
vn -0.9047 0.0978 -0.4146
vn -0.8722 0.0412 -0.4874
vn -0.8390 -0.0413 -0.5426
vn -0.8121 -0.1324 -0.5683
vn -0.7960 -0.2176 -0.5648
vn -0.7906 -0.2989 -0.5344
vn -0.7956 -0.3769 -0.4743
vn 0.6840 0.7245 -0.0843
vn 0.9317 -0.3048 -0.1974
vn 0.9303 -0.1408 -0.3385
vn 0.9850 0.1656 0.0494
vn 0.8316 0.4826 0.2746
vn 0.8377 0.3953 0.3768
vn 0.8493 0.2917 0.4399
vn 0.8703 0.1708 0.4620
vn 0.7009 0.1599 0.6951
vn 0.8959 0.0453 0.4418
vn 0.7504 -0.0381 0.6599
vn 0.9205 -0.0782 0.3827
vn 0.7861 -0.2380 0.5705
vn 0.9383 -0.1793 0.2956
vn 0.8059 -0.4027 0.4339
vn 0.9512 -0.2429 0.1903
vn 0.8238 -0.4996 0.2676
vn 0.9626 -0.2608 0.0734
vn 0.8459 -0.5266 0.0842
vn 0.8632 -0.4884 -0.1280
vn 0.9695 -0.2373 -0.0609
vn 0.9661 -0.1804 -0.1845
vn 0.9005 0.2589 -0.3492
vn 0.8772 0.3805 -0.2926
vn 0.9201 0.1275 -0.3702
vn 0.9364 0.0064 -0.3508
vn 0.9527 -0.0937 -0.2890
vn 0.8004 -0.1042 -0.5903
vn 0.7770 0.0847 -0.6237
vn 0.7545 0.2951 -0.5862
vn 0.7169 0.4906 -0.4952
vn 0.8526 0.4803 -0.2058
vn 0.8336 0.5430 -0.1007
vn 0.8259 0.5634 0.0189
vn 0.6376 0.7454 -0.1943
vn 0.6346 0.7728 -0.0063
vn 0.8271 0.5419 0.1488
vn 0.6427 0.7397 0.1995
vn 0.6453 0.6494 0.4022
vn 0.6456 0.5116 0.5669
vn 0.6597 0.3482 0.6660
vn -0.9845 -0.1672 -0.0521
vn -0.8874 -0.4443 -0.1226
vn -0.8893 -0.4566 -0.0252
vn -0.8959 -0.4403 0.0592
vn -0.9077 -0.3980 0.1332
vn -0.9243 -0.3266 0.1973
vn -0.9423 -0.2339 0.2394
vn -0.9579 -0.1393 0.2512
vn -0.9703 -0.0567 0.2349
vn -0.9811 0.0162 0.1925
vn -0.9894 0.0803 0.1209
vn -0.9919 0.1240 0.0276
vn -0.9881 0.1380 -0.0682
vn -0.9805 0.1238 -0.1524
vn -0.9703 0.0830 -0.2272
vn -0.9560 0.0124 -0.2932
vn -0.9378 -0.0806 -0.3376
vn -0.9196 -0.1765 -0.3508
vn -0.9055 -0.2606 -0.3348
vn -0.8958 -0.3354 -0.2916
vn -0.8897 -0.4010 -0.2182
vn 0.6687 0.6505 -0.3600
vn 0.8578 -0.3967 -0.3269
vn 0.8301 -0.2608 -0.4929
vn 0.9940 0.0570 -0.0935
vn 0.9991 0.0414 -0.0117
vn 0.9953 0.0675 -0.0688
vn 0.9885 0.1303 -0.0771
vn 0.9879 0.1377 -0.0707
vn 0.9832 0.1816 -0.0143
vn 0.9890 0.1420 -0.0421
vn 0.9920 0.0488 -0.1160
vn 0.0011 -0.7602 -0.6496
vn 0.0012 -0.7602 -0.6496
vn 0.0094 -0.8580 -0.5135
vn 0.0114 -0.8525 -0.5226
vn 0.0643 -0.9369 -0.3436
vn 0.0667 -0.9346 -0.3493
vn 0.0739 -0.9973 -0.0040
vn 0.0731 -0.9937 -0.0852
vn 0.0728 -0.9533 0.2930
vn 0.0327 -0.8195 -0.5720
vn 0.4226 -0.7822 -0.4578
vn 0.2635 -0.7403 -0.6185
vn 0.0212 -0.7479 -0.6634
vn 0.2721 -0.7917 -0.5470
vn 0.5822 -0.5861 -0.5635
vn 0.6200 -0.5405 -0.5687
vn 0.2475 -0.7794 -0.5755
vn 0.6325 -0.5111 -0.5819
vn 0.5071 -0.5353 -0.6755
vn 0.3404 -0.7483 -0.5694
vn 0.3554 -0.7281 -0.5861
vn 0.4361 -0.5257 -0.7303
vn 0.3229 -0.7708 -0.5492
vn 0.3231 -0.5529 -0.7680
vn 0.3715 -0.7593 -0.5341
vn 0.2136 -0.6572 -0.7227
vn 0.5278 -0.7482 -0.4020
vn 0.2328 -0.7104 -0.6641
vn 0.4738 -0.7154 -0.5135
vn 0.4460 -0.7082 -0.5472
vn 0.0955 -0.7670 -0.6344
vn 0.3805 -0.7350 -0.5612
vn 0.0150 -0.8440 -0.5362
vn 0.3554 -0.7972 -0.4881
vn -0.0056 -0.9279 -0.3726
vn 0.3032 -0.8047 -0.5104
vn 0.0220 -0.9354 -0.3528
vn 0.2679 -0.7975 -0.5405
vn 0.0797 -0.9360 -0.3427
vn 0.3016 -0.7932 -0.5290
vn 0.2226 -0.9248 -0.3085
vn 0.3125 -0.7913 -0.5255
vn 0.3609 -0.8745 -0.3239
vn 0.2911 -0.7996 -0.5253
vn 0.4441 -0.8422 -0.3056
vn 0.5111 -0.7287 -0.4558
vn 0.0504 -0.6435 -0.7637
vn 0.0729 -0.5847 -0.8079
vn 0.0350 -0.5908 -0.8060
vn 0.1989 -0.4319 -0.8797
vn 0.2234 -0.4419 -0.8688
vn 0.1275 -0.3278 -0.9361
vn 0.0981 -0.3231 -0.9412
vn 0.4657 -0.8007 0.3767
vn 0.4615 -0.8016 0.3799
vn 0.4671 -0.8004 0.3757
vn 0.4812 -0.7971 0.3648
vn -0.1011 -0.8722 0.4785
vn -0.1090 -0.9210 0.3739
vn 0.2046 -0.7866 0.5826
vn 0.1996 -0.7933 0.5752
vn 0.2878 -0.8197 0.4952
vn -0.0292 -0.8531 0.5210
vn 0.3638 -0.8251 0.4322
vn -0.0244 -0.8249 0.5647
vn 0.4046 -0.8103 0.4240
vn 0.0118 -0.7822 0.6229
vn 0.3514 -0.8521 0.3878
vn 0.0120 -0.7732 0.6341
vn 0.2419 -0.8793 0.4102
vn 0.0442 -0.7291 0.6830
vn 0.3477 -0.8013 0.4868
vn 0.2178 -0.5733 0.7898
vn 0.4136 -0.7396 0.5309
vn 0.4205 -0.5265 0.7389
vn 0.3655 -0.7140 0.5971
vn 0.4758 -0.5470 0.6887
vn 0.5274 -0.4988 0.6878
vn 0.5530 -0.5126 0.6568
vn 0.5330 -0.6864 0.4947
vn 0.4909 -0.8042 0.3352
vn 0.3673 -0.8812 0.2976
vn 0.1988 -0.9475 0.2504
vn 0.1058 -0.9673 0.2304
vn 0.0230 -0.9609 0.2758
vn -0.0616 -0.9486 0.3103
vn 0.3491 -0.6365 0.6877
vn 0.3464 -0.6286 0.6963
vn 0.3031 -0.7319 0.6102
vn 0.2712 -0.8072 0.5243
vn 0.2441 -0.8391 0.4860
vn 0.1807 -0.8686 0.4614
vn 0.1568 -0.8744 0.4591
vn 0.1578 -0.8638 0.4785
vn 0.1334 -0.8608 0.4912
vn 0.1626 -0.8315 0.5311
vn -0.8984 -0.4096 -0.1585
vn -0.6666 0.3333 0.6666
vn -0.8528 0.1332 -0.5050
vn -0.9872 0.0743 -0.1409
vn -0.9257 0.2283 -0.3017
vn -0.9263 0.2280 -0.2999
vn -0.8958 0.1860 0.4037
vn -0.9626 0.0650 0.2628
vn -0.9994 -0.0126 0.0311
vn -0.0346 0.9485 -0.3149
vn -0.2133 0.8819 -0.4205
vn -0.1915 0.9226 -0.3347
vn 0.9079 0.1128 0.4036
vn 0.8881 0.0703 0.4543
vn -0.0980 0.7374 -0.6683
vn 0.8537 0.4901 0.1758
vn 0.8450 0.5091 0.1634
vn 0.7987 0.5601 0.2198
vn 0.6549 0.7364 -0.1698
vn 0.6341 0.7546 -0.1685
vn 0.7093 0.6051 -0.3616
vn 0.7121 0.5839 -0.3897
vn 0.7393 0.4926 -0.4591
vn 0.6996 0.4695 -0.5385
vn 0.5874 0.4678 -0.6604
vn 0.5854 0.5749 -0.5717
vn 0.4682 0.5964 -0.6520
vn 0.4725 0.6726 -0.5695
vn 0.4336 0.7085 -0.5567
vn 0.4140 0.6155 -0.6706
vn 0.2356 0.6260 -0.7433
vn 0.3698 0.4142 -0.8317
vn 0.1664 0.4669 -0.8685
vn 0.3640 0.4880 -0.7933
vn 0.1493 0.5845 -0.7975
vn 0.3719 0.7898 -0.4877
vn 0.2105 0.8514 -0.4804
vn 0.2969 0.9458 0.1313
vn 0.6106 0.6101 -0.5048
vn 0.7174 0.4779 -0.5068
vn 0.7015 0.5025 -0.5054
vn 0.7102 0.5292 -0.4642
vn 0.7170 0.4651 -0.5191
vn 0.7290 0.4605 -0.5064
vn 0.7684 0.3757 -0.5181
vn 0.7016 0.0732 -0.7088
vn 0.7738 0.2757 -0.5702
vn 0.7656 0.3136 -0.5617
vn 0.7328 0.4369 -0.5215
vn 0.7278 0.4617 -0.5070
vn 0.7415 0.4903 -0.4578
vn 0.2515 0.9631 0.0958
vn -0.0470 0.4334 0.9000
vn 0.1697 0.4845 0.8581
vn -0.0376 -0.1969 0.9797
vn 0.2377 -0.0473 0.9702
vn 0.3099 0.4933 0.8127
vn 0.2797 -0.0062 0.9601
vn 0.3709 0.3947 0.8406
vn 0.5033 -0.2169 0.8364
vn 0.5962 0.4428 0.6696
vn 0.7800 -0.2405 0.5777
vn 0.7636 0.3539 0.5400
vn 0.8904 -0.2264 0.3948
vn 0.8689 0.3350 0.3642
vn 0.8990 -0.3588 0.2509
vn 0.9488 0.2363 0.2098
vn 0.8872 -0.4433 0.1279
vn 0.9345 0.3050 0.1837
vn 0.0804 0.8640 -0.4970
vn 0.2426 0.9609 0.1332
vn 0.2658 0.9528 0.1463
vn 0.1957 0.9801 0.0313
vn 0.2442 0.9605 0.1331
vn 0.1732 0.9848 0.0147
vn 0.2015 0.9769 0.0711
vn 0.1461 0.9883 0.0425
vn 0.2917 0.9552 0.0500
vn 0.9822 0.1484 0.1150
vn 0.2494 0.9665 -0.0598
vn -0.0200 0.8752 -0.4833
vn -0.1931 0.8708 -0.4521
vn -0.3289 0.9030 -0.2764
vn -0.5207 0.8100 -0.2695
vn -0.5301 0.8377 -0.1312
vn -0.4899 0.8692 -0.0664
vn -0.4657 0.8849 -0.0098
vn -0.5162 0.8512 0.0949
vn -0.4446 0.8697 0.2140
vn 0.3866 0.9156 -0.1106
vn -0.8714 0.4588 -0.1736
vn -0.8770 0.3994 -0.2669
vn -0.8347 0.3966 -0.3822
vn -0.6879 0.4757 -0.5481
vn -0.4662 0.4758 -0.7458
vn -0.2534 0.5159 -0.8183
vn -0.0850 0.5569 -0.8262
vn -0.9040 0.0629 0.4228
vn -0.8503 0.3757 0.3684
vn -0.8790 0.4382 0.1879
vn -0.9755 0.0643 0.2105
vn -0.8834 0.4679 -0.0240
vn -0.9973 0.0723 -0.0141
vn -0.9769 0.1146 -0.1802
vn -0.9442 0.1203 -0.3067
vn -0.8893 0.1239 -0.4402
vn -0.7641 0.1768 -0.6203
vn -0.5647 0.2450 -0.7881
vn -0.3948 0.3810 -0.8360
vn -0.1536 0.5128 -0.8446
vn -0.7573 0.3077 -0.5759
vn -0.5741 0.4440 -0.6879
vn -0.3938 0.6141 -0.6839
vn -0.1209 0.6614 -0.7402
vn -0.8486 0.3797 -0.3684
vn -0.8827 0.2255 -0.4123
vn -0.7124 0.4663 -0.5244
vn -0.5289 0.6376 -0.5601
vn -0.3658 0.7615 -0.5351
vn -0.2342 0.7611 -0.6048
vn -0.0912 0.6950 -0.7132
vn 0.1228 0.7781 -0.6160
vn 0.2752 0.7288 -0.6269
vn 0.9196 -0.3909 -0.0379
vn 0.9281 -0.2462 -0.2792
vn 0.9327 0.2973 -0.2041
vn 0.9089 -0.1329 -0.3953
vn 0.8937 0.2789 -0.3514
vn 0.8455 -0.1304 -0.5177
vn 0.8011 0.3204 -0.5055
vn 0.6620 -0.1950 -0.7237
vn 0.6608 0.3419 -0.6681
vn 0.5557 -0.1519 -0.8174
vn 0.6055 0.2458 -0.7569
vn 0.2287 -0.1454 -0.9626
vn 0.3879 0.2672 -0.8821
vn 0.1219 0.0152 -0.9924
vn 0.2891 0.4994 -0.8167
vn -0.0713 0.1159 -0.9907
vn 0.0802 0.5298 -0.8443
vn 0.2170 0.9728 -0.0800
vn 0.2391 0.9597 -0.1476
vn 0.3147 0.9257 -0.2098
vn 0.3298 0.9043 -0.2710
vn 0.2909 0.9518 -0.0967
vn 0.3080 0.9481 -0.0783
vn 0.3448 0.9265 -0.1502
vn -0.1303 0.5695 -0.8116
vn 0.4725 0.8688 -0.1476
vn -0.1760 0.6628 -0.7278
vn 0.4556 0.8109 -0.3671
vn -0.0938 0.7144 -0.6934
vn -0.5065 0.7799 0.3677
vn -0.3057 0.8676 0.3920
vn -0.2134 0.8654 0.4534
vn -0.0588 0.8437 0.5336
vn 0.0488 0.7603 0.6476
vn 0.2611 0.6991 0.6656
vn 0.1664 0.3471 0.9229
vn -0.0893 0.4382 0.8944
vn -0.3266 0.4524 0.8298
vn -0.5579 0.3860 0.7346
vn -0.6598 0.3711 0.6534
vn -0.8009 0.2788 0.5299
vn 0.5220 0.6947 0.4949
vn 0.4606 0.3311 0.8235
vn 0.3938 0.2887 0.8726
vn 0.1664 0.3292 0.9294
vn -0.1893 0.4205 0.8873
vn -0.5206 0.3264 0.7889
vn -0.6591 0.1855 0.7288
vn -0.7464 0.1157 0.6554
vn -0.8347 0.0455 0.5488
vn 0.7006 0.7131 0.0261
vn 0.6908 0.6218 0.3689
vn 0.6693 0.4053 0.6226
vn 0.6149 0.4241 0.6648
vn 0.6117 0.5510 0.5677
vn 0.4349 0.5838 0.6856
vn 0.2140 0.5528 0.8053
vn -0.2149 0.6219 0.7530
vn -0.4753 0.6034 0.6403
vn -0.6399 0.4865 0.5949
vn 0.7657 0.5159 0.3840
vn 0.7303 0.3949 0.5574
vn 0.7154 0.3828 0.5844
vn 0.7337 0.3848 0.5600
vn 0.5951 0.6310 0.4975
vn 0.4393 0.7354 0.5159
vn 0.3398 0.6606 0.6694
vn 0.2385 0.7110 0.6615
vn 0.2322 0.8327 0.5026
vn -0.1957 0.7271 0.6580
vn -0.3562 0.7834 0.5093
vn 0.7779 0.3659 0.5109
vn 0.7897 0.3620 0.4952
vn 0.7762 0.3256 0.5398
vn 0.7790 0.3051 0.5478
vn 0.7786 0.3552 0.5172
vn 0.6883 0.0475 0.7238
vn -0.4151 0.0842 -0.9059
vn -0.6639 0.1828 -0.7251
vn -0.6849 0.4269 -0.5905
vn -0.2821 0.6334 -0.7205
vn 0.0906 0.6978 -0.7105
vn 0.3571 0.7886 -0.5006
vn 0.6824 0.7238 -0.1020
vn 0.8090 0.5158 0.2818
vn 0.8074 0.3836 0.4482
vn -0.5886 0.6648 0.4600
vn -0.7722 0.3168 0.5507
vn -0.7543 0.4749 0.4533
vn -0.8372 0.1988 0.5094
vn -0.8246 0.3335 0.4569
vn -0.9026 0.0937 0.4200
vn -0.9068 0.1605 0.3899
vn -0.9723 0.0482 0.2285
vn -0.9768 0.0699 0.2024
vn -0.9999 -0.0048 -0.0099
vn -0.9997 -0.0089 -0.0207
vn -0.9843 0.0435 -0.1710
vn -0.9832 0.1345 -0.1235
vn -0.9475 0.1488 -0.2831
vn -0.9261 0.2864 -0.2456
vn 0.4837 0.4411 -0.7559
vn 0.4572 0.4222 -0.7827
vn 0.6337 0.4504 -0.6288
vn 0.7209 0.6515 -0.2362
vn 0.4356 0.8651 0.2488
vn 0.3975 0.8981 0.1878
vn -0.2050 0.6205 0.7569
vn -0.2683 0.6391 0.7208
vn -0.6446 0.2399 0.7259
vn -0.7796 0.0478 0.6244
vn -0.3741 0.5442 0.7509
vn -0.6644 -0.1644 0.7291
vn -0.2529 0.4631 0.8494
vn -0.4411 -0.2026 0.8743
vn -0.1650 0.4276 0.8888
vn -0.3255 -0.2007 0.9240
vn -0.5448 0.1507 0.8249
vn 0.4908 0.7248 -0.4834
vn 0.6281 0.6651 -0.4037
vn 0.4790 0.8524 0.2094
vn 0.4142 0.8975 0.1512
vn 0.3417 0.9315 0.1246
vn 0.2270 -0.9503 -0.2129
vn 0.0011 -0.8840 -0.4675
vn -0.0637 -0.8469 -0.5280
vn -0.0565 -0.8411 -0.5379
vn -0.0670 -0.7429 -0.6660
vn -0.0569 -0.7328 -0.6780
vn -0.0188 -0.6810 -0.7320
vn -0.0147 -0.6757 -0.7370
vn 0.0049 -0.6119 -0.7909
vn 0.0069 -0.6114 -0.7913
vn -0.0348 -0.6190 -0.7846
vn -0.0357 -0.6192 -0.7844
vn -0.0784 -0.5949 -0.7999
vn -0.0801 -0.5909 -0.8028
vn -0.1828 -0.6138 -0.7680
vn -0.1803 -0.6166 -0.7663
vn -0.2424 -0.6085 -0.7556
vn -0.2395 -0.6183 -0.7485
vn -0.2948 -0.6805 -0.6707
vn -0.2985 -0.6861 -0.6634
vn -0.3939 -0.6650 -0.6344
vn -0.3952 -0.6645 -0.6341
vn -0.4633 -0.6650 -0.5857
vn -0.4529 -0.6735 -0.5841
vn -0.4884 -0.7379 -0.4656
vn -0.4650 -0.7527 -0.4659
vn -0.4571 -0.8275 -0.3260
vn -0.4360 -0.8392 -0.3249
vn -0.3904 -0.8945 -0.2176
vn -0.3715 -0.9031 -0.2152
vn -0.2698 -0.9540 -0.1307
vn -0.2507 -0.9592 -0.1304
vn -0.1343 -0.9873 -0.0847
vn -0.1223 -0.9887 -0.0863
vn -0.0916 -0.9954 -0.0285
vn -0.0917 -0.9951 -0.0356
vn -0.1478 -0.9884 0.0328
vn -0.1592 -0.9865 0.0385
vn -0.2435 -0.9651 0.0959
vn -0.2570 -0.9607 0.1046
vn -0.3446 -0.9222 0.1755
vn -0.3597 -0.9136 0.1896
vn -0.4508 -0.8531 0.2628
vn -0.4671 -0.8385 0.2806
vn -0.5350 -0.7577 0.3736
vn -0.5444 -0.7434 0.3885
vn -0.5183 -0.6909 0.5039
vn -0.5195 -0.6845 0.5113
vn -0.4351 -0.6834 0.5862
vn -0.4327 -0.6692 0.6041
vn -0.2987 -0.5574 0.7747
vn -0.2914 -0.5455 0.7858
vn -0.2053 -0.5862 0.7837
vn -0.2046 -0.5829 0.7863
vn -0.1032 -0.5681 0.8164
vn -0.0970 -0.5630 0.8207
vn 0.0007 -0.5300 0.8480
vn 0.0053 -0.5329 0.8461
vn 0.0234 -0.6315 0.7750
vn 0.0172 -0.6374 0.7703
vn -0.0786 -0.7283 0.6807
vn -0.0926 -0.7325 0.6744
vn -0.1184 -0.7952 0.5947
vn -0.1294 -0.7952 0.5924
vn -0.0650 -0.8423 0.5350
vn 0.1798 -0.9412 0.2861
vn 0.1359 -0.5884 -0.7971
vn 0.1311 -0.5799 -0.8041
vn 0.2751 -0.5895 -0.7595
vn 0.3141 -0.6054 -0.7313
vn 0.4457 -0.6080 -0.6571
vn 0.4673 -0.6130 -0.6371
vn 0.4343 -0.5376 -0.7227
vn 0.4459 -0.5020 -0.7410
vn 0.4949 -0.4158 -0.7630
vn 0.5114 -0.3897 -0.7658
vn 0.5733 -0.3852 -0.7231
vn 0.5827 -0.3765 -0.7202
vn 0.6227 -0.3840 -0.6817
vn 0.6297 -0.3769 -0.6793
vn 0.6448 -0.4832 -0.5922
vn 0.6486 -0.4776 -0.5926
vn 0.6233 -0.6457 -0.4410
vn 0.6222 -0.6483 -0.4388
vn 0.5255 -0.8272 -0.1990
vn 0.5194 -0.8307 -0.2005
vn 0.4002 -0.9162 -0.0172
vn -0.7222 -0.0499 0.6898
vn -0.7400 0.1563 0.6541
vn -0.9145 0.0605 0.3999
vn 0.4327 -0.8967 0.0937
vn 0.5308 -0.8046 0.2662
vn 0.5347 -0.7962 0.2831
vn 0.6333 -0.5891 0.5019
vn 0.6413 -0.5898 0.4908
vn 0.6805 -0.3715 0.6316
vn 0.6887 -0.3636 0.6273
vn 0.6757 -0.2279 0.7010
vn 0.6735 -0.2311 0.7021
vn 0.6539 -0.2400 0.7175
vn 0.6487 -0.2399 0.7222
vn 0.6160 -0.2467 0.7481
vn 0.6045 -0.2504 0.7562
vn 0.5397 -0.2466 0.8049
vn 0.4960 -0.2762 0.8232
vn 0.4304 -0.3292 0.8404
vn 0.3306 -0.3789 0.8643
vn 0.3866 -0.5253 0.7580
vn 0.3706 -0.5712 0.7324
vn 0.3773 -0.6315 0.6774
vn 0.3878 -0.6498 0.6537
vn 0.9800 -0.1988 -0.0103
vn 0.9947 -0.0878 -0.0529
vn 0.9927 0.0552 0.1068
vn 0.9984 0.0248 0.0498
vn 0.9875 0.0566 0.1467
vn 0.9907 0.0464 0.1277
vn 0.9918 0.0292 0.1240
vn 0.9902 0.0770 0.1167
vn 0.9665 0.1579 0.2023
vn 0.9648 0.1497 0.2162
vn 0.9440 0.2130 0.2520
vn 0.8049 0.3131 0.5041
vn 0.1121 0.9923 -0.0521
vn 0.5082 0.8478 -0.1512
vn 0.4718 0.8718 -0.1316
vn 0.0760 0.9967 -0.0264
vn 0.0073 0.9934 0.1142
vn -0.0003 0.9935 0.1135
vn -0.0331 0.9400 0.3395
vn -0.0375 0.9391 0.3414
vn -0.4026 -0.2971 0.8658
vn -0.3596 -0.2487 0.8993
vn -0.3777 -0.3131 0.8713
vn -0.3965 -0.3256 0.8583
vn -0.2935 -0.2030 0.9341
vn -0.2850 -0.1855 0.9404
vn -0.2224 -0.1585 0.9619
vn -0.2180 -0.1630 0.9622
vn -0.2334 -0.1175 0.9652
vn -0.2369 -0.1273 0.9631
vn -0.2437 -0.0981 0.9649
vn -0.1300 -0.0413 0.9906
vn -0.1234 -0.0283 0.9919
vn -0.1884 -0.0064 0.9821
vn -0.1821 -0.0069 0.9832
vn 0.1687 0.0356 0.9850
vn 0.1570 0.0350 0.9870
vn -0.2339 -0.0283 0.9718
vn -0.2411 -0.0201 0.9703
vn 0.0669 0.0476 0.9966
vn 0.0821 0.0254 0.9963
vn 0.0048 -0.0066 0.9999
vn -0.0191 -0.0132 0.9997
vn -0.1922 -0.0088 0.9813
vn -0.2407 -0.0158 0.9705
vn -0.7680 0.0056 0.6404
vn -0.8364 0.0027 0.5481
vn -0.1453 0.1477 0.9783
vn 0.3142 0.5959 0.7390
vn 0.1144 0.4195 0.9005
vn -0.3989 -0.1667 0.9017
vn 0.9203 0.3538 0.1667
vn -0.0751 0.6832 -0.7263
vn -0.3045 0.8226 -0.4801
vn 0.2148 0.9752 -0.0519
vn 0.2383 0.6214 -0.7463
vn 0.1619 0.7434 -0.6490
vn 0.2289 0.5483 -0.8043
vn 0.3595 0.6917 -0.6263
vn 0.5055 0.6449 -0.5731
vn 0.5002 0.6326 -0.5912
vn 0.5668 0.6832 -0.4602
vn 0.6047 0.6985 -0.3826
vn 0.7070 0.6420 -0.2965
vn 0.7510 0.5560 -0.3561
vn 0.6369 0.7535 -0.1628
vn 0.6028 0.7973 -0.0295
vn 0.7219 0.6813 0.1214
vn 0.7065 0.6823 0.1876
vn 0.7814 0.5878 0.2093
vn 0.6520 0.7163 0.2486
vn 0.5765 0.6949 0.4298
vn -0.1838 0.9446 -0.2719
vn -0.3782 0.9254 0.0244
vn -0.3831 0.9235 0.0175
vn -0.2425 0.8274 0.5066
vn -0.0869 0.7466 0.6596
vn 0.0589 0.6920 0.7194
vn 0.2201 0.6543 0.7235
vn 0.3806 0.6461 0.6615
vn 0.6097 0.6709 0.4220
vn 0.3272 0.8243 0.4619
vn 0.3952 0.6854 0.6116
vn 0.2947 0.7127 0.6365
vn 0.2148 0.6593 0.7205
vn 0.1011 0.6964 0.7104
vn 0.0347 0.6892 0.7237
vn 0.0098 0.7421 0.6702
vn -0.0860 0.8421 0.5323
vn -0.2141 0.6862 0.6951
vn -0.1262 0.9178 0.3764
vn -0.0146 0.6665 -0.7453
vn -0.0784 0.7956 -0.6006
vn -0.3791 0.7490 -0.5433
vn -0.4826 0.7448 -0.4608
vn -0.0997 -0.6717 -0.7341
vn 0.9648 0.2458 0.0938
vn 0.7980 -0.1200 0.5906
vn 0.7934 -0.0988 0.6006
vn 0.8024 -0.0557 0.5941
vn 0.7992 -0.0410 0.5996
vn 0.7932 0.0600 0.6059
vn 0.7949 0.0590 0.6038
vn 0.8039 0.0475 0.5929
vn 0.8103 0.0291 0.5853
vn 0.8069 0.0170 0.5904
vn 0.8035 0.0248 0.5947
vn 0.8029 0.0570 0.5934
vn 0.8268 -0.0052 0.5624
vn 0.8445 0.1025 0.5256
vn 0.8698 0.0609 0.4896
vn 0.8473 0.2355 0.4761
vn 0.8450 0.2147 0.4897
vn 0.8372 0.2352 0.4937
vn 0.8375 0.2492 0.4863
vn 0.8459 0.2279 0.4822
vn 0.8480 0.2777 0.4513
vn 0.6153 0.1782 -0.7678
vn 0.5984 0.1685 -0.7833
vn 0.8270 0.2077 -0.5225
vn 0.8379 0.1955 -0.5097
vn 0.7900 0.0854 -0.6071
vn 0.7867 0.0825 -0.6117
vn 0.7795 0.0881 -0.6201
vn 0.7782 0.0881 -0.6218
vn 0.7657 0.0500 -0.6412
vn 0.7790 0.0506 -0.6250
vn 0.9242 0.0466 -0.3791
vn 0.9281 0.0384 -0.3704
vn 0.8772 0.0236 -0.4796
vn 0.8679 0.0144 -0.4964
vn 0.7942 0.0043 -0.6076
vn 0.7901 0.0005 -0.6129
vn 0.7526 -0.0281 -0.6579
vn 0.7351 -0.0162 -0.6778
vn 0.6093 0.0418 -0.7918
vn 0.5816 0.0562 -0.8115
vn 0.0969 -0.9495 -0.2983
vn 0.1609 -0.8678 -0.4701
vn 0.2178 -0.7670 -0.6035
vn 0.1129 -0.9682 -0.2232
vn 0.1175 -0.9910 0.0635
vn 0.1353 -0.9857 0.1000
vn 0.1035 -0.9910 0.0851
vn 0.0921 -0.9933 0.0687
vn 0.0219 -0.9997 0.0049
vn 0.0652 -0.9966 0.0503
vn 0.0768 -0.9915 0.1046
vn 0.0811 -0.9922 0.0941
vn 0.1429 -0.9809 0.1315
vn 0.0609 -0.9970 0.0469
vn 0.0989 -0.9846 0.1444
vn 0.0967 -0.9855 0.1389
vn -0.0123 -0.9805 0.1959
vn 0.0094 -0.9879 0.1550
vn -0.1900 -0.8814 0.4323
vn -0.1533 -0.9202 0.3601
vn -0.2593 -0.8332 0.4884
vn -0.3507 -0.7262 0.5913
vn -0.5116 -0.2958 0.8067
vn -0.4463 -0.4373 0.7807
vn -0.5000 -0.3569 0.7891
vn -0.5121 0.0506 0.8574
vn -0.5104 0.0212 0.8597
vn -0.5622 0.1529 0.8127
vn -0.5689 0.1469 0.8091
vn -0.5521 0.1214 0.8248
vn -0.5478 0.1265 0.8270
vn -0.5344 0.0202 0.8450
vn -0.5344 0.0154 0.8451
vn -0.5434 -0.1303 0.8293
vn -0.5506 -0.1532 0.8206
vn -0.5853 -0.2421 0.7738
vn -0.5809 -0.2517 0.7741
vn -0.5079 -0.2351 0.8287
vn -0.4962 -0.2191 0.8401
vn -0.4729 -0.1758 0.8634
vn -0.4744 -0.1761 0.8625
vn -0.5124 -0.1856 0.8385
vn -0.5230 -0.1892 0.8310
vn -0.0989 0.9745 0.2011
vn -0.0714 0.9586 0.2757
vn -0.0893 0.9593 0.2678
vn -0.1064 0.9749 0.1955
vn -0.0628 0.9910 0.1178
vn -0.0585 0.9913 0.1180
vn -0.0796 0.9929 0.0887
vn -0.0826 0.9925 0.0901
vn -0.1426 0.9887 0.0463
vn -0.0953 0.9927 0.0732
vn 0.0155 0.9990 0.0410
vn -0.1157 0.9933 0.0040
vn -0.2920 0.9556 -0.0399
vn -0.4350 0.8951 -0.0980
vn 0.0705 0.9974 -0.0146
vn 0.0566 0.9979 -0.0308
vn 0.1417 0.9897 0.0201
vn 0.1839 0.9826 0.0269
vn 0.0218 0.9992 -0.0328
vn 0.0082 0.9998 -0.0195
vn -0.0418 0.9940 -0.1007
vn -0.0569 0.9926 -0.1073
vn 0.9460 0.2518 0.2044
vn 0.9540 0.2574 0.1538
vn 0.9367 0.3474 0.0431
vn 0.9147 0.3280 0.2358
vn 0.9269 0.2542 0.2761
vn 0.8754 0.3061 0.3742
vn 0.8646 0.3088 0.3963
vn 0.8911 0.2730 0.3626
vn 0.9492 0.1652 0.2676
vn 0.9269 0.2008 0.3171
vn 0.9621 0.1222 0.2439
vn 0.9391 0.1331 0.3168
vn 0.9676 0.0793 0.2397
vn 0.9396 0.0642 0.3360
vn 0.9708 0.0938 0.2209
vn 0.9250 0.0373 0.3780
vn 0.9642 0.0923 0.2487
vn 0.9005 0.0565 0.4312
vn 0.9650 -0.0060 0.2622
vn 0.9128 0.0465 0.4057
vn 0.9692 0.1565 0.1899
vn 0.9782 0.0903 0.1866
vn 0.9855 0.0323 0.1666
vn 0.9897 0.0531 0.1328
vn 0.9933 0.0439 0.1068
vn 0.9962 0.0319 0.0806
vn 0.9926 -0.0698 0.0992
vn 0.9499 -0.1433 0.2777
vn 0.9753 -0.1528 0.1594
vn 0.9288 -0.2007 0.3115
vn 0.9168 -0.1025 0.3858
vn 0.8849 -0.2262 0.4071
vn 0.9798 -0.1886 0.0667
vn 0.9819 -0.1190 0.1472
vn 0.9814 -0.0540 0.1842
vn 0.4897 0.0698 -0.8691
vn 0.3583 0.0721 -0.9308
vn 0.3799 0.0743 -0.9220
vn 0.4990 0.0656 -0.8641
vn 0.4881 0.0535 -0.8712
vn 0.4870 0.0537 -0.8717
vn 0.4893 0.0490 -0.8707
vn 0.4928 0.0478 -0.8688
vn 0.5177 0.0337 -0.8549
vn 0.5199 0.0330 -0.8535
vn 0.5142 0.0437 -0.8565
vn 0.5061 0.0461 -0.8612
vn 0.4440 0.0337 -0.8954
vn 0.4292 0.0369 -0.9024
vn 0.3925 -0.2292 -0.8907
vn 0.3623 0.0088 -0.9320
vn 0.3877 -0.2337 -0.8916
vn 0.3166 -0.5246 -0.7903
vn 0.3065 -0.5207 -0.7968
vn 0.2768 -0.6193 -0.7347
vn 0.8459 0.2279 -0.4822
vn 0.8480 0.2777 -0.4513
vn 0.8375 0.2492 -0.4863
vn 0.8372 0.2352 -0.4937
vn 0.8450 0.2147 -0.4897
vn 0.8473 0.2355 -0.4761
vn 0.8445 0.1025 -0.5256
vn 0.8698 0.0609 -0.4896
vn 0.8268 -0.0052 -0.5624
vn 0.8029 0.0570 -0.5934
vn 0.8035 0.0248 -0.5947
vn 0.8069 0.0170 -0.5904
vn 0.8103 0.0291 -0.5853
vn 0.8039 0.0475 -0.5929
vn 0.7949 0.0590 -0.6038
vn 0.7932 0.0600 -0.6059
vn 0.7992 -0.0410 -0.5997
vn 0.8024 -0.0557 -0.5941
vn 0.7980 -0.1200 -0.5906
vn 0.7934 -0.0988 -0.6006
vn 0.6093 0.0418 0.7918
vn 0.5816 0.0562 0.8115
vn 0.7351 -0.0162 0.6778
vn 0.7526 -0.0281 0.6579
vn 0.7942 0.0043 0.6076
vn 0.7901 0.0005 0.6129
vn 0.8679 0.0144 0.4964
vn 0.8772 0.0236 0.4796
vn 0.9281 0.0384 0.3704
vn 0.9242 0.0466 0.3791
vn 0.7790 0.0506 0.6250
vn 0.7657 0.0500 0.6412
vn 0.7782 0.0881 0.6218
vn 0.7795 0.0881 0.6201
vn 0.7867 0.0825 0.6117
vn 0.7900 0.0854 0.6071
vn 0.8378 0.1955 0.5097
vn 0.8269 0.2077 0.5225
vn 0.6153 0.1782 0.7678
vn 0.5984 0.1685 0.7833
vn 0.5381 0.1096 -0.8357
vn 0.0063 -0.0708 -0.9975
vn -0.0536 0.0175 -0.9984
vn 0.4216 0.1213 -0.8986
vn 0.1305 0.1254 -0.9835
vn 0.4518 0.1627 -0.8771
vn -0.0147 -0.0454 -0.9988
vn 0.3229 -0.0381 -0.9456
vn -0.0811 -0.0628 -0.9947
vn 0.2710 -0.0767 -0.9595
vn -0.2891 -0.0372 -0.9565
vn 0.1757 -0.0091 -0.9844
vn -0.2120 0.0107 -0.9772
vn 0.2434 0.0378 -0.9692
vn -0.2501 0.0147 -0.9681
vn 0.2386 0.0454 -0.9700
vn -0.1986 0.0200 -0.9799
vn 0.2527 -0.0390 -0.9667
vn -0.2079 -0.7126 -0.6700
vn 0.1758 -0.8588 -0.4812
vn 0.6990 -0.0222 -0.7147
vn 0.5824 -0.1570 -0.7976
vn 0.5169 -0.1532 -0.8422
vn 0.4967 0.0265 -0.8675
vn 0.5103 0.1151 -0.8522
vn 0.5325 0.1434 -0.8341
vn 0.6027 0.0099 -0.7979
vn 0.4747 -0.6954 -0.5394
vn 0.0989 -0.9846 -0.1443
vn 0.0768 -0.9915 -0.1046
vn 0.1834 -0.2888 -0.9396
vn 0.1746 -0.1914 -0.9658
vn 0.8063 0.0262 -0.5910
vn 0.0805 -0.3490 -0.9336
vn 0.1492 -0.2273 -0.9623
vn -0.0754 -0.0210 -0.9969
vn 0.0168 0.1685 -0.9855
vn -0.1176 0.2005 -0.9726
vn -0.0451 0.0985 -0.9941
vn 0.3572 -0.6870 -0.6327
vn -0.0123 -0.9805 -0.1959
vn -0.1900 -0.8814 -0.4323
vn 0.0129 -0.1454 -0.9893
vn 0.2708 -0.5712 -0.7748
vn -0.2593 -0.8332 -0.4884
vn 0.1007 -0.4375 -0.8936
vn -0.5116 -0.2958 -0.8067
vn -0.5121 0.0506 -0.8574
vn -0.5647 0.1336 -0.8144
vn -0.5248 -0.0338 -0.8505
vn -0.4463 -0.4373 -0.7807
vn 0.1429 -0.9809 -0.1315
vn 0.0652 -0.9966 -0.0503
vn 0.0219 -0.9997 -0.0049
vn 0.0921 -0.9933 -0.0687
vn 0.1035 -0.9910 -0.0851
vn 0.1353 -0.9857 -0.1000
vn 0.1175 -0.9910 -0.0635
vn 0.1129 -0.9682 0.2232
vn 0.0969 -0.9495 0.2983
vn 0.2178 -0.7670 0.6035
vn 0.1609 -0.8678 0.4701
vn 0.2768 -0.6193 0.7347
vn 0.3065 -0.5207 0.7968
vn 0.3166 -0.5246 0.7903
vn 0.3877 -0.2337 0.8916
vn 0.3930 -0.2322 0.8897
vn 0.3938 0.0012 0.9192
vn 0.3952 0.0009 0.9186
vn 0.4301 0.0388 0.9019
vn 0.4440 0.0350 0.8954
vn 0.5061 0.0461 0.8612
vn 0.5142 0.0437 0.8565
vn 0.5199 0.0330 0.8535
vn 0.5177 0.0337 0.8549
vn 0.4928 0.0478 0.8688
vn 0.4893 0.0490 0.8707
vn 0.4870 0.0537 0.8717
vn 0.4881 0.0535 0.8712
vn 0.4990 0.0656 0.8641
vn 0.4897 0.0698 0.8691
vn 0.3799 0.0743 0.9220
vn 0.3583 0.0721 0.9308
vn -0.1638 -0.1802 -0.9699
vn -0.3078 -0.3036 -0.9017
vn -0.3632 -0.2747 -0.8903
vn -0.4624 -0.1735 -0.8695
vn -0.5124 -0.1856 -0.8385
vn 0.0623 -0.1547 -0.9860
vn 0.7586 -0.0385 -0.6504
vn 0.8845 0.0942 -0.4569
vn 0.8712 0.1589 -0.4645
vn -0.1157 0.9933 -0.0040
vn -0.4350 0.8951 0.0980
vn -0.2920 0.9556 0.0398
vn -0.1426 0.9887 -0.0463
vn 0.0155 0.9990 -0.0410
vn -0.0953 0.9927 -0.0732
vn -0.0796 0.9929 -0.0887
vn -0.0826 0.9925 -0.0902
vn -0.0628 0.9910 -0.1178
vn -0.0585 0.9913 -0.1180
vn -0.0989 0.9745 -0.2011
vn -0.1064 0.9749 -0.1955
vn -0.0893 0.9593 -0.2678
vn -0.0714 0.9586 -0.2757
vn 0.1309 0.9906 -0.0402
vn -0.0658 0.9942 0.0852
vn -0.0619 0.9945 0.0838
vn -0.0147 0.9982 0.0578
vn 0.1473 0.9882 -0.0417
vn 0.0705 0.9974 0.0146
vn 0.0566 0.9979 0.0308
vn 0.9288 -0.2007 -0.3115
vn 0.8849 -0.2262 -0.4071
vn 0.9168 -0.1025 -0.3858
vn 0.9499 -0.1433 -0.2777
vn 0.9128 0.0465 -0.4057
vn 0.9650 -0.0060 -0.2622
vn 0.9005 0.0565 -0.4312
vn 0.9642 0.0923 -0.2487
vn 0.9250 0.0373 -0.3780
vn 0.9708 0.0938 -0.2209
vn 0.9396 0.0642 -0.3360
vn 0.9676 0.0793 -0.2397
vn 0.9391 0.1331 -0.3167
vn 0.9621 0.1222 -0.2439
vn 0.9269 0.2008 -0.3171
vn 0.9492 0.1652 -0.2676
vn 0.8911 0.2730 -0.3626
vn 0.9269 0.2542 -0.2761
vn 0.8646 0.3088 -0.3963
vn 0.8754 0.3061 -0.3742
vn 0.9753 -0.1528 -0.1594
vn 0.9926 -0.0698 -0.0992
vn 0.9962 0.0319 -0.0806
vn 0.9933 0.0439 -0.1068
vn 0.9897 0.0531 -0.1328
vn 0.9855 0.0323 -0.1666
vn 0.9782 0.0903 -0.1866
vn 0.9692 0.1565 -0.1899
vn 0.9540 0.2574 -0.1538
vn 0.9147 0.3280 -0.2358
vn 0.9460 0.2518 -0.2044
vn 0.9367 0.3474 -0.0431
vn 0.9819 -0.1190 -0.1472
vn 0.9798 -0.1886 -0.0667
vn 0.9814 -0.0540 -0.1842
vn 0.6549 -0.6880 -0.3125
vn 0.8342 -0.2791 -0.4757
vn 0.9605 0.0262 -0.2770
vn 0.9561 -0.0124 -0.2929
vn 0.9836 0.1565 -0.0900
vn 0.9975 0.0595 -0.0375
vn 0.9940 0.1090 -0.0061
vn 0.9802 0.1943 -0.0371
vn -0.5673 0.2097 0.7963
vn -0.7502 0.1270 0.6488
vn -0.6847 0.1561 0.7119
vn -0.5680 0.2093 0.7960
vn -0.6032 0.0840 0.7931
vn -0.5730 -0.1097 0.8122
vn -0.7752 -0.3663 0.5146
vn -0.7762 -0.3561 0.5203
vn -0.6290 -0.4136 0.6582
vn -0.6059 -0.4036 0.6855
vn -0.6286 -0.4059 0.6634
vn -0.6504 -0.3656 0.6658
vn -0.6817 -0.3443 0.6455
vn -0.1987 -0.2946 0.9347
vn -0.1715 -0.2280 0.9584
vn 0.4219 -0.5378 0.7299
vn 0.2722 -0.5621 0.7810
vn 0.2699 -0.3852 0.8825
vn 0.4377 -0.3694 0.8197
vn 0.6785 -0.4690 0.5653
vn 0.6943 -0.2941 0.6568
vn 0.8109 -0.4073 0.4201
vn 0.8531 -0.2438 0.4612
vn 0.8916 -0.4150 0.1809
vn 0.9454 -0.2674 0.1860
vn 0.9065 -0.4202 -0.0419
vn 0.9639 -0.2603 -0.0561
vn 0.9416 -0.2676 -0.2044
vn 0.9735 -0.1571 -0.1661
vn 0.9002 -0.1636 -0.4035
vn 0.7961 -0.4913 -0.3532
vn 0.5826 -0.5472 -0.6009
vn 0.3087 -0.8850 -0.3484
vn 0.1733 -0.8915 -0.4185
vn 0.0738 -0.9766 -0.2020
vn 0.3247 -0.5830 -0.7447
vn 0.8724 -0.2473 -0.4215
vn 0.6898 -0.1887 -0.6989
vn 0.3735 -0.2390 -0.8963
vn 0.7111 -0.2721 -0.6483
vn 0.4054 -0.3455 -0.8463
vn 0.8788 -0.4427 -0.1780
vn 0.8130 -0.4374 -0.3842
vn 0.6776 -0.4739 -0.5624
vn 0.3917 -0.5256 -0.7551
vn 0.1948 -0.3905 -0.8997
vn 0.1511 -0.2214 -0.9634
vn 0.1766 -0.5300 -0.8294
vn 0.1104 -0.8842 -0.4539
vn 0.0551 -0.9759 -0.2112
vn 0.2522 -0.5891 -0.7677
vn -0.7919 -0.3745 0.4823
vn -0.6066 -0.3324 0.7222
vn -0.5250 -0.8208 0.2249
vn -0.8189 -0.4135 0.3981
vn -0.7880 -0.2510 0.5622
vn -0.8455 -0.2173 0.4877
vn -0.7808 -0.3041 0.5457
vn -0.8485 -0.3511 0.3959
vn -0.9131 -0.3769 0.1556
vn -0.9156 -0.3947 0.0770
vn -0.7641 -0.5486 0.3393
vn -0.8774 -0.3437 0.3346
vn -0.4177 -0.5561 0.7185
vn -0.7389 -0.3332 0.5856
vn -0.3989 -0.4863 0.7774
vn -0.5602 -0.3218 0.7633
vn -0.5606 -0.4654 0.6849
vn -0.5943 -0.3050 0.7441
vn -0.2945 -0.5806 0.7590
vn -0.3097 -0.4144 0.8558
vn -0.1234 -0.9677 0.2197
vn -0.1062 -0.8758 0.4708
vn -0.2809 -0.8656 0.4146
vn -0.2626 -0.5083 0.8202
vn -0.5720 -0.4599 0.6791
vn -0.3327 -0.2026 0.9210
vn -0.6234 -0.1426 0.7688
vn -0.7198 -0.1638 0.6745
vn -0.8488 -0.2059 0.4870
vn -0.9280 -0.1848 0.3233
vn -0.3308 -0.8417 0.4266
vn -0.1097 -0.9681 0.2253
vn -0.7095 -0.4090 0.5738
vn -0.7789 -0.4906 0.3908
vn -0.8177 -0.4966 0.2909
vn -0.4105 -0.8806 0.2364
vn 0.0822 -0.9293 0.3600
vn -0.4905 -0.8710 0.0276
vn -0.3161 -0.9444 -0.0905
vn -0.3240 -0.9395 -0.1108
vn -0.0817 -0.6051 0.7919
vn -0.1087 -0.4200 0.9010
vn -0.1609 -0.2061 0.9652
vn -0.0389 -0.5436 0.8384
vn 0.0196 -0.8720 0.4891
vn 0.0428 -0.9709 0.2357
vn 0.2343 -0.2511 0.9391
vn 0.3888 -0.2324 0.8915
vn 0.1901 -0.5028 0.8432
vn 0.3245 -0.5158 0.7929
vn 0.6607 -0.1937 0.7252
vn 0.6025 -0.4934 0.6273
vn 0.8694 -0.1921 0.4552
vn 0.7876 -0.4675 0.4013
vn 0.9652 -0.2109 0.1544
vn 0.8690 -0.4490 0.2076
vn 0.9848 -0.1730 -0.0165
vn 0.8983 -0.4368 0.0471
vn 0.8879 -0.4418 -0.1280
vn 0.5252 -0.8484 -0.0650
vn 0.4610 -0.8643 -0.2010
vn 0.2192 -0.9755 -0.0174
vn 0.0749 -0.8608 0.5033
vn 0.1899 -0.8631 0.4679
vn 0.3863 -0.8490 0.3604
vn 0.5049 -0.8259 0.2507
vn 0.5262 -0.8349 0.1610
vn 0.5320 -0.8455 0.0446
vn 0.2165 -0.9758 -0.0287
vn 0.0007 -0.9698 0.2437
vn 0.1281 -0.9758 0.1773
vn 0.2228 -0.9706 0.0910
vn 0.2124 -0.9713 0.1065
vn 0.2106 -0.9712 0.1114
vn 0.1444 -0.9797 -0.1390
vn -0.0274 -0.9735 -0.2271
vn -0.1539 -0.8653 -0.4771
vn -0.0478 -0.8766 -0.4787
vn -0.1202 -0.5204 -0.8454
vn -0.3068 -0.4886 -0.8167
vn -0.1366 -0.2307 -0.9634
vn -0.3362 -0.2126 -0.9174
vn -0.1205 -0.4257 -0.8968
vn -0.3001 -0.3965 -0.8676
vn -0.1214 -0.5968 -0.7931
vn -0.3088 -0.5647 -0.7653
vn -0.5557 -0.3160 -0.7689
vn -0.5190 -0.4646 -0.7174
vn -0.4042 -0.3117 -0.8599
vn -0.2326 -0.4534 -0.8604
vn -0.4905 -0.3418 -0.8016
vn -0.0513 -0.4504 -0.8913
vn -0.5675 -0.5909 -0.5734
vn -0.7843 -0.3811 -0.4895
vn -0.8409 -0.5116 -0.1762
vn -0.3379 -0.9375 0.0830
vn -0.5309 -0.8172 -0.2245
vn -0.5183 -0.8519 0.0750
vn -0.8158 -0.4664 -0.3419
vn -0.8304 -0.5219 -0.1950
vn -0.9048 -0.2484 -0.3458
vn -0.9012 -0.2429 -0.3589
vn -0.8909 -0.3569 -0.2807
vn -0.5317 -0.3230 -0.7829
vn -0.4991 -0.2023 -0.8426
vn -0.6204 -0.1685 -0.7660
vn -0.5478 -0.4754 -0.6883
vn -0.3016 -0.8573 -0.4172
vn -0.1035 -0.9700 -0.2200
vn -0.4241 -0.8684 0.2568
vn -0.3251 -0.9178 -0.2280
vn -0.5833 -0.6360 -0.5051
vn -0.4929 -0.4586 -0.7394
vn -0.2393 -0.8280 -0.5071
vn -0.1725 -0.9661 -0.1921
vn 0.2805 -0.8325 -0.4777
vn -0.9322 -0.3429 0.1158
vn -0.9579 -0.2850 0.0351
vn -0.9417 -0.2279 -0.2476
vn -0.9501 -0.1922 -0.2457
vn -0.8867 -0.3163 -0.3373
vn -0.6031 -0.6816 -0.4143
vn -0.2996 -0.9514 -0.0714
vn -0.3009 -0.9535 0.0173
vn 0.0977 -0.3351 0.9371
vn 0.1007 -0.3395 0.9352
vn 0.0974 -0.3415 0.9348
vn 0.2307 -0.3378 0.9125
vn 0.2371 -0.3322 0.9129
vn 0.3413 -0.3223 0.8830
vn 0.3491 -0.3208 0.8804
vn 0.4404 -0.2677 0.8569
vn 0.4422 -0.2640 0.8572
vn 0.4369 -0.2571 0.8620
vn -0.1677 -0.9515 -0.2578
vn -0.1545 -0.9398 -0.3048
vn -0.1621 -0.9385 -0.3047
vn -0.1845 -0.9438 -0.2742
vn -0.0338 -0.9986 -0.0393
vn -0.0974 -0.9897 -0.1046
vn 0.2312 -0.9523 0.1989
vn 0.2213 -0.9576 0.1842
vn 0.2559 -0.9499 0.1796
vn 0.2627 -0.9484 0.1776
vn 0.0204 -0.9997 0.0096
vn 0.0616 -0.9978 0.0253
vn 0.0503 -0.9987 0.0042
vn 0.0045 -1.0000 -0.0006
vn 0.1295 -0.9915 -0.0123
vn 0.1305 -0.9913 -0.0152
vn 0.1211 -0.9915 -0.0459
vn 0.1714 -0.9850 -0.0200
vn 0.1711 -0.9850 -0.0233
vn 0.1161 -0.9921 -0.0467
vn 0.0503 -0.9979 -0.0396
vn 0.0475 -0.9981 -0.0390
vn 0.0207 -0.9994 -0.0284
vn 0.0184 -0.9995 -0.0265
vn 0.0078 -0.9997 -0.0239
vn 0.0075 -0.9996 -0.0249
vn 0.0001 -0.9998 -0.0161
vn -0.0002 -0.9998 -0.0159
vn 0.0038 -0.9999 0.0122
vn 0.0037 -0.9999 0.0110
vn 0.0193 -0.9994 0.0277
vn 0.0187 -0.9995 0.0259
vn 0.0387 -0.9987 0.0327
vn 0.0388 -0.9987 0.0315
vn 0.0987 -0.9943 0.0407
vn 0.0967 -0.9946 0.0378
vn 0.1512 -0.9882 0.0231
vn 0.1522 -0.9881 0.0201
vn 0.0566 -0.9984 -0.0039
vn 0.1225 -0.9923 0.0161
vn 0.1223 -0.9924 0.0143
vn 0.0163 -0.9998 -0.0011
vn 0.0592 -0.9979 -0.0255
vn 0.0998 -0.9940 -0.0445
vn 0.3584 -0.9048 -0.2299
vn 0.3292 -0.9186 -0.2186
vn 0.3374 -0.9056 -0.2570
vn 0.3843 -0.8726 -0.3015
vn 0.0620 -0.9967 -0.0524
vn 0.0435 -0.9983 -0.0378
vn -0.1737 -0.9669 0.1869
vn -0.2115 -0.9486 0.2352
vn -0.2683 -0.8977 0.3494
vn -0.2898 -0.8745 0.3888
vn -0.2611 -0.8610 0.4364
vn -0.2557 -0.8620 0.4377
vn 0.0458 -0.2424 -0.9691
vn 0.0485 -0.3588 -0.9321
vn 0.0443 -0.3461 -0.9371
vn 0.2377 -0.4323 -0.8698
vn 0.2459 -0.4266 -0.8704
vn 0.3721 -0.3800 -0.8469
vn 0.3712 -0.3789 -0.8477
vn 0.4590 -0.3393 -0.8210
vn 0.4650 -0.3416 -0.8167
vn 0.4725 -0.3501 -0.8087
vn 0.7266 -0.1076 -0.6786
vn -0.1216 -0.3850 0.9149
vn -0.3207 -0.3400 0.8840
vn 0.6161 -0.7009 -0.3592
vn 0.5414 -0.7909 -0.2852
vn 0.6244 -0.4206 -0.6581
vn 0.6168 -0.2419 -0.7490
vn 0.6184 -0.2200 -0.7544
vn 0.3502 0.2819 -0.8932
vn 0.5427 0.0843 -0.8357
vn 0.0404 0.0172 -0.9990
vn -0.0457 -0.0250 -0.9986
vn -0.2364 0.0628 -0.9696
vn -0.3189 0.1782 -0.9308
vn -0.3393 0.1802 -0.9232
vn -0.3652 0.1979 -0.9096
vn -0.3748 0.1687 -0.9116
vn -0.3689 0.1641 -0.9149
vn -0.3840 0.1738 -0.9068
vn -0.4314 0.2143 -0.8763
vn -0.4472 0.2263 -0.8653
vn -0.4266 0.2597 -0.8663
vn -0.4329 0.2463 -0.8671
vn -0.2730 0.4666 -0.8413
vn -0.4648 0.7714 0.4347
vn -0.8940 -0.4060 0.1894
vn -0.8741 -0.3686 0.3163
vn -0.8991 -0.4114 0.1492
vn -0.9814 -0.1698 -0.0888
vn -0.9214 -0.1303 -0.3662
vn -0.9785 -0.2054 0.0180
vn -0.8082 -0.2899 0.5125
vn -0.7137 -0.2638 0.6488
vn -0.9879 -0.1543 -0.0131
vn -0.8614 -0.2566 0.4382
vn -0.9851 -0.1484 -0.0862
vn -0.7345 -0.4223 0.5311
vn -0.9790 -0.1290 -0.1579
vn -0.8380 -0.4764 0.2660
vn -0.9398 -0.1625 -0.3005
vn -0.8368 -0.5134 0.1901
vn -0.8909 -0.2863 -0.3525
vn -0.6839 0.0222 -0.7292
vn -0.6727 0.1472 -0.7251
vn -0.6382 -0.0044 -0.7698
vn -0.7804 0.0501 -0.6233
vn -0.2264 0.1221 -0.9663
vn -0.7165 -0.1130 -0.6884
vn -0.6388 0.0087 -0.7693
vn -0.2229 0.1510 -0.9630
vn 0.2061 0.1769 -0.9624
vn 0.0206 0.3474 -0.9375
vn -0.0937 0.4191 -0.9031
vn -0.1796 0.2760 -0.9442
vn -0.1391 0.4973 -0.8563
vn -0.1011 0.4521 -0.8862
vn 0.1124 0.3405 -0.9335
vn -0.0333 0.3982 -0.9167
vn 0.1157 0.2343 -0.9652
vn 0.0739 0.3516 -0.9332
vn 0.1092 0.2385 -0.9650
vn 0.1390 0.2938 -0.9457
vn 0.1329 0.3725 -0.9185
vn 0.0876 0.3444 -0.9347
vn 0.1439 0.4337 -0.8895
vn 0.0367 0.4278 -0.9031
vn -0.2058 0.2448 -0.9475
vn -0.1489 0.2459 -0.9578
vn -0.2162 0.2665 -0.9393
vn 0.2327 0.3489 -0.9078
vn 0.2715 0.5133 -0.8141
vn 0.2087 0.2352 -0.9492
vn 0.1125 0.4475 -0.8871
vn 0.2875 -0.0118 -0.9577
vn 0.2244 0.5136 -0.8282
vn 0.1858 0.4666 -0.8647
vn 0.3538 -0.0434 -0.9343
vn 0.3875 0.0739 -0.9189
vn -0.7199 0.1206 -0.6835
vn -0.2747 0.2616 -0.9252
vn -0.2318 0.3096 -0.9221
vn -0.5098 0.1816 -0.8409
vn -0.4032 0.1801 -0.8972
vn -0.6099 0.1378 -0.7804
vn -0.7064 0.1417 -0.6934
vn -0.7913 0.0461 -0.6097
vn 0.9899 0.0019 0.1420
vn 0.0996 -0.9871 -0.1251
vn 0.9806 0.1751 0.0884
vn 0.9776 0.2023 -0.0571
vn 0.8418 0.0624 0.5361
vn 0.8136 0.0486 0.5794
vn 0.9901 0.0245 0.1379
vn -0.6161 0.1587 -0.7714
vn -0.9336 -0.3508 -0.0731
vn -0.9218 -0.3844 -0.0507
vn -0.9594 -0.1476 -0.2403
vn -0.9637 -0.1051 -0.2452
vn -0.9600 -0.1390 -0.2429
vn -0.9583 -0.1466 -0.2452
vn -0.9177 -0.2654 -0.2957
vn -0.9358 -0.1724 -0.3075
vn -0.6549 -0.5888 -0.4737
vn -0.7433 -0.4664 -0.4794
vn -0.1110 -0.9297 -0.3511
vn -0.3924 -0.8390 -0.3769
vn 0.3058 -0.8364 -0.4549
vn 0.0676 -0.9774 -0.2000
vn 0.3500 -0.7947 -0.4959
vn 0.3968 -0.8055 -0.4400
vn 0.4011 -0.8026 -0.4414
vn 0.3105 -0.7418 -0.5943
vn 0.3196 -0.7409 -0.5906
vn -0.0461 -0.8497 -0.5251
vn -0.0262 -0.8452 -0.5337
vn -0.1874 -0.5544 -0.8108
vn -0.1910 -0.5313 -0.8253
vn -0.2604 -0.4676 -0.8447
vn -0.2619 -0.4658 -0.8452
vn -0.2776 -0.4796 -0.8324
vn -0.2809 -0.4853 -0.8280
vn 0.7637 -0.5077 -0.3986
vn -0.1512 -0.9193 -0.3633
vn -0.2044 -0.9718 0.1170
vn -0.0879 -0.9904 0.1065
vn 0.0479 -0.9492 -0.3111
vn 0.0713 -0.9960 0.0529
vn 0.1710 -0.9499 -0.2617
vn 0.0310 -0.9955 0.0900
vn 0.1385 -0.9659 -0.2185
vn 0.0387 -0.9987 -0.0342
vn 0.1577 -0.9647 -0.2108
vn 0.0333 -0.9994 0.0040
vn 0.1459 -0.9784 -0.1465
vn -0.0329 -0.9987 -0.0384
vn 0.1144 -0.9781 -0.1740
vn -0.0810 -0.9966 0.0125
vn 0.1217 -0.9580 -0.2597
vn 0.0091 -0.9912 0.1315
vn 0.2398 -0.9450 -0.2221
vn 0.0669 -0.9748 0.2127
vn 0.4364 -0.8915 -0.1212
vn 0.5287 -0.7241 -0.4428
vn 0.6099 -0.6700 -0.4231
vn 0.2799 -0.8966 -0.3430
vn 0.2550 -0.8373 -0.4835
vn -0.0649 -0.5751 -0.8155
vn -0.1418 -0.5867 -0.7973
vn 0.8650 -0.3047 0.3984
vn 0.4016 -0.4654 0.7888
vn 0.4050 -0.3540 0.8430
vn 0.8270 -0.1283 0.5473
vn 0.3608 -0.2193 0.9065
vn 0.7883 -0.0288 0.6146
vn 0.1583 -0.2391 0.9580
vn 0.7389 -0.0390 0.6726
vn 0.0497 -0.2339 0.9710
vn 0.7878 0.0002 0.6159
vn -0.0799 -0.2489 0.9652
vn 0.6536 -0.0660 0.7539
vn 0.9889 0.1418 -0.0446
vn 0.4757 -0.1097 0.8727
vn 0.9693 -0.0116 0.2456
vn 0.5008 -0.2705 0.8222
vn 0.3403 -0.3429 0.8755
vn 0.1748 -0.4123 0.8941
vn -0.0636 -0.4188 0.9058
vn -0.0969 -0.4173 0.9036
vn 0.4668 -0.2558 0.8466
vn 0.4728 -0.2602 0.8419
vn 0.9868 0.1586 0.0303
vn 0.9991 0.0426 0.0064
vn 0.9957 -0.0678 -0.0634
vn -0.2879 -0.3433 0.8940
vn -0.3571 -0.3636 0.8603
vn 0.0252 0.9073 -0.4196
vn -0.2051 0.3085 0.9288
vn 0.4943 0.2817 0.8224
vn 0.3657 0.4219 0.8296
vn -0.3486 0.3262 0.8787
vn -0.2277 0.3359 0.9139
vn -0.3001 0.2652 0.9163
vn 0.1302 0.3797 0.9159
vn 0.0324 0.3600 0.9324
vn -0.0454 0.4546 0.8895
vn -0.0938 0.5296 0.8430
vn -0.1199 0.4611 0.8792
vn -0.0578 0.4196 0.9059
vn 0.2080 0.3202 0.9242
vn -0.2602 0.2792 0.9243
vn -0.2597 0.3554 0.8979
vn -0.1852 0.3193 0.9293
vn -0.2609 0.2997 0.9177
vn 0.4755 0.4403 0.7616
vn 0.5173 0.3576 0.7774
vn 0.6605 0.3271 0.6758
vn 0.3891 0.4407 0.8089
vn -0.1941 0.2850 0.9387
vn 0.4845 0.3472 0.8029
vn 0.6960 0.3609 0.6208
vn 0.9010 0.1708 0.3987
vn 0.9168 0.1733 0.3596
vn 0.5007 0.2793 0.8192
vn 0.9346 0.1960 0.2967
vn 0.4657 0.3250 0.8231
vn 0.8861 0.2280 0.4034
vn 0.4424 0.2652 0.8567
vn 0.8918 0.2158 0.3976
vn 0.4884 0.0996 0.8669
vn 0.8575 0.2399 0.4551
vn 0.8686 0.1953 0.4554
vn 0.8390 0.2503 0.4831
vn 0.4989 0.1564 0.8524
vn 0.1032 0.4180 0.9026
vn 0.2809 0.2929 0.9139
vn -0.0712 0.2893 0.9546
vn 0.2747 0.2971 0.9145
vn -0.2070 0.3285 0.9215
vn -0.6078 0.2157 0.7642
vn -0.1420 0.3052 0.9416
vn -0.1990 0.3052 0.9312
vn 0.1548 0.3149 0.9364
vn 0.0537 0.4639 0.8843
vn 0.2476 0.3814 0.8906
vn 0.1628 0.4661 0.8696
vn 0.1765 0.3932 0.9023
vn 0.1885 0.2937 0.9371
vn 0.1640 0.4119 0.8963
vn -0.6127 0.2365 0.7541
vn 0.5355 0.3124 0.7846
vn 0.6299 0.2823 0.7235
vn 0.6181 0.4358 0.6542
vn 0.5331 0.4007 0.7451
vn 0.5523 0.3902 0.7367
vn 0.6272 0.3084 0.7152
vn 0.5513 0.4213 0.7200
vn 0.8094 0.2765 0.5181
vn 0.6028 0.4144 0.6818
vn 0.9106 0.2294 0.3436
vn 0.6525 0.3689 0.6619
vn 0.8830 0.2104 0.4195
vn 0.7218 0.2623 0.6404
vn 0.8816 0.1669 0.4415
vn 0.7621 0.2672 0.5897
vn 0.7626 0.2693 0.5882
vn 0.7218 0.4560 0.5205
vn 0.6491 0.4783 0.5915
vn 0.7230 0.3802 0.5767
vn 0.6923 0.3943 0.6044
vn 0.7096 0.3968 0.5822
vn 0.7772 0.3681 0.5104
vn 0.8408 0.2881 0.4582
vn 0.8368 0.3200 0.4441
vn 0.7315 0.5352 0.4224
vn 0.6036 0.6614 0.4451
vn 0.5782 0.6318 0.5163
vn 0.3434 0.4955 0.7978
vn 0.5868 0.6140 0.5278
vn -0.2767 0.1793 0.9441
vn 0.1185 0.2889 0.9500
vn -0.7929 0.1264 0.5961
vn 0.2948 0.5176 0.8032
vn 0.1648 0.4625 0.8711
vn 0.2545 0.4881 0.8348
vn 0.3020 0.0353 0.9526
vn 0.2222 0.2843 0.9326
vn 0.0484 0.4813 0.8752
vn 0.1226 0.3363 0.9337
vn 0.2899 0.3560 0.8884
vn 0.2970 0.5364 0.7900
vn 0.3450 -0.0131 0.9385
vn 0.3851 0.0981 0.9176
vn 0.9894 -0.0661 -0.1289
vn 0.1961 -0.9273 0.3188
vn 0.0317 -0.9935 0.1090
vn 0.3246 -0.7283 0.6034
vn 0.1942 -0.9124 0.3601
vn -0.0663 -0.9907 0.1190
vn 0.1047 -0.8459 0.5229
vn 0.1788 -0.7591 0.6260
vn 0.2881 -0.7194 0.6320
vn 0.2835 -0.7178 0.6359
vn 0.1851 -0.7341 0.6533
vn 0.0793 -0.7456 0.6617
vn -0.0931 -0.7182 0.6896
vn -0.0930 -0.7097 0.6983
vn 0.3736 -0.7730 0.5127
vn 0.3552 -0.9210 0.1598
vn 0.3869 -0.8960 0.2181
vn 0.3950 -0.7665 0.5063
vn 0.3024 -0.7980 0.5212
vn 0.2991 -0.8016 0.5176
vn 0.3200 -0.8004 0.5068
vn 0.3245 -0.8046 0.4972
vn 0.2402 -0.8876 0.3930
vn 0.0203 -0.9997 0.0139
vn -0.1858 0.2961 0.9369
vn 0.8287 -0.0539 -0.5571
vn 0.9911 -0.0433 -0.1260
vn 0.2841 0.2658 0.9212
vn 0.8839 -0.1951 -0.4250
vn 0.8040 -0.2748 -0.5273
vn 0.8104 -0.2716 -0.5190
vn 0.8870 -0.2008 -0.4158
vn 0.8103 -0.1861 -0.5556
vn 0.8102 -0.1910 -0.5540
vn 0.7952 -0.0995 -0.5981
vn 0.8066 -0.1158 -0.5795
vn 0.8227 -0.0942 -0.5606
vn 0.8180 -0.0852 -0.5688
vn 0.7031 -0.1713 -0.6901
vn 0.6965 -0.1784 -0.6950
vn 0.4884 -0.2998 -0.8195
vn 0.4931 -0.2908 -0.8199
vn 0.8718 -0.0546 -0.4867
vn 0.8783 -0.0494 -0.4755
vn 0.9087 -0.1951 -0.3689
vn 0.8596 -0.1404 -0.4913
vn 0.4609 -0.3666 -0.8082
vn 0.3395 -0.3597 -0.8691
vn -0.9782 -0.1553 0.1376
vn -0.9538 -0.2831 0.1002
vn -0.9557 -0.2709 0.1147
vn -0.9883 -0.1234 0.0889
vn -0.9698 -0.1917 -0.1507
vn -0.9685 -0.1751 -0.1768
vn -0.9943 -0.0133 0.1055
vn -0.9928 -0.0183 0.1181
vn -0.9960 -0.0893 0.0072
vn -0.9949 -0.0977 0.0223
vn -0.9663 -0.0254 0.2559
vn -0.9669 -0.0143 0.2546
vn -0.9772 -0.2118 -0.0151
vn -0.9795 -0.2001 -0.0218
vn -0.9084 0.1357 0.3955
vn -0.8945 -0.0372 -0.4454
vn -0.3663 -0.4687 -0.8038
vn -0.2724 -0.5143 -0.8132
vn 0.7980 0.5430 0.2615
vn 0.9908 -0.1350 0.0001
vn 0.9646 0.1316 0.2283
vn 0.8327 0.4450 0.3294
vn 0.9561 0.1220 0.2663
vn 0.0199 0.8775 -0.4790
vn 0.8106 0.5719 -0.1259
vn 0.8422 0.5389 0.0126
vn 0.7702 0.6364 0.0417
vn 0.7872 0.6166 0.0011
vn 0.7700 0.6031 -0.2082
vn 0.8252 0.5623 0.0535
vn 0.8000 0.5868 -0.1253
vn 0.8256 0.5591 0.0756
vn 0.8414 0.4297 0.3276
vn 0.7863 0.5453 0.2906
vn 0.7940 0.4079 0.4506
vn 0.8727 0.2939 0.3899
vn 0.8943 0.2526 0.3692
vn 0.8941 0.2232 0.3883
vn 0.8325 0.2690 0.4843
vn 0.8118 0.3489 0.4682
vn 0.8236 0.1542 0.5458
vn 0.8821 0.1347 0.4514
vn 0.8887 0.0488 0.4558
vn 0.8702 0.1347 0.4739
vn 0.7542 0.6285 0.1899
vn 0.8013 0.5549 0.2235
vn 0.8390 0.4519 0.3030
vn 0.7910 0.4592 0.4041
vn 0.8897 0.2213 0.3992
vn 0.7559 0.6101 0.2373
vn 0.7863 0.1397 0.6018
vn 0.8022 0.1260 0.5835
vn 0.7172 0.0734 0.6930
vn 0.6996 0.1816 0.6910
vn 0.8601 -0.0110 0.5100
vn 0.7871 -0.0030 0.6167
vn 0.8020 -0.0998 0.5889
vn 0.8491 -0.0616 0.5246
vn 0.8047 -0.1021 0.5848
vn 0.8098 -0.1509 0.5669
vn 0.7975 -0.2549 0.5468
vn 0.8107 0.5788 -0.0881
vn 0.7792 0.6245 -0.0537
vn 0.6458 0.7627 -0.0324
vn 0.8961 0.2770 0.3467
vn 0.8263 0.4647 0.3183
vn 0.7739 0.4881 0.4035
vn 0.7114 0.6352 0.3007
vn 0.8607 0.3635 0.3564
vn 0.7511 0.2810 0.5975
vn 0.7002 0.1537 0.6972
vn 0.8831 0.0154 0.4688
vn 0.7715 -0.0844 0.6305
vn 0.8538 0.0988 0.5111
vn -0.1297 0.9630 0.2364
vn -0.0324 0.9672 0.2519
vn -0.0577 0.9675 0.2460
vn -0.1327 0.9625 0.2366
vn -0.0404 0.9785 0.2023
vn -0.0414 0.9796 0.1966
vn -0.1435 0.9846 0.0998
vn -0.1529 0.9835 0.0970
vn -0.1622 0.9848 0.0623
vn -0.1685 0.9838 0.0607
vn -0.1059 0.9940 0.0287
vn -0.1137 0.9931 0.0287
vn -0.2806 0.9598 -0.0064
vn -0.2832 0.9590 -0.0080
vn -0.1815 0.9821 -0.0496
vn -0.1685 0.9846 -0.0466
vn -0.1219 0.9881 -0.0937
vn -0.1119 0.9891 -0.0956
vn 0.3232 0.0572 -0.9446
vn 0.3678 0.0061 -0.9299
vn 0.3630 0.0047 -0.9318
vn 0.3137 0.0823 -0.9460
vn 0.3116 0.1210 -0.9424
vn 0.3216 0.0988 -0.9417
vn 0.4103 -0.0120 -0.9119
vn 0.3930 -0.0143 -0.9194
vn 0.5434 -0.2624 -0.7974
vn 0.5184 -0.2742 -0.8099
vn 0.6090 -0.4270 -0.6684
vn 0.5892 -0.4278 -0.6854
vn 0.6532 -0.6957 0.2987
vn 0.6566 -0.7322 0.1808
vn 0.6699 -0.7131 0.2066
vn 0.6654 -0.6559 0.3564
vn 0.7058 -0.6227 0.3377
vn 0.6911 -0.6483 0.3193
vn 0.5086 -0.8590 0.0583
vn 0.4724 -0.8813 0.0068
vn 0.4519 -0.8916 0.0280
vn 0.4476 -0.8937 0.0312
vn 0.4708 -0.8811 -0.0449
vn 0.4758 -0.8790 -0.0318
vn 0.5823 -0.8029 -0.1270
vn 0.5765 -0.8070 -0.1278
vn 0.5344 -0.7511 -0.3875
vn 0.5314 -0.7437 -0.4056
vn 0.5834 -0.6788 -0.4458
vn 0.5785 -0.6767 -0.4553
vn 0.5575 -0.6641 -0.4981
vn 0.5328 -0.6647 -0.5237
vn 0.0819 -0.7848 0.6143
vn 0.1028 -0.7863 0.6092
vn 0.0984 -0.7943 0.5995
vn 0.0814 -0.7982 0.5969
vn 0.0999 -0.8399 0.5334
vn 0.0860 -0.8251 0.5583
vn 0.2430 -0.8791 0.4100
vn 0.2187 -0.8753 0.4312
vn 0.3357 -0.9291 0.1551
vn 0.3150 -0.9393 0.1357
vn 0.3283 -0.9402 -0.0905
vn 0.3173 -0.9420 -0.1095
vn 0.3664 -0.9044 -0.2187
vn 0.3591 -0.9052 -0.2270
vn 0.1838 -0.9824 -0.0329
vn 0.1921 -0.9782 -0.0782
vn -0.0111 -0.9803 0.1974
vn -0.0109 -0.9870 0.1603
vn -0.3731 -0.4024 0.8360
vn -0.3399 -0.5934 0.7295
vn -0.3284 -0.5447 0.7716
vn -0.3663 -0.3533 0.8608
vn -0.3786 -0.2004 0.9036
vn -0.3761 -0.1997 0.9048
vn -0.3901 -0.1327 0.9111
vn -0.4009 -0.1617 0.9017
vn -0.4512 -0.1380 0.8816
vn -0.4857 -0.1346 0.8637
vn -0.4517 -0.1452 0.8803
vn -0.4130 -0.1991 0.8887
vn 0.8090 0.1676 -0.5634
vn 0.8723 0.1372 -0.4692
vn 0.8067 0.3504 -0.4758
vn 0.8827 0.0504 -0.4672
vn 0.8669 0.1265 -0.4822
vn 0.8023 0.1515 -0.5773
vn 0.8325 0.1422 -0.5355
vn 0.7426 0.1892 -0.6424
vn 0.7756 0.2764 -0.5675
vn 0.9111 0.0728 -0.4057
vn 0.8495 0.2323 -0.4736
vn 0.9564 0.1125 -0.2695
vn 0.9521 0.0221 -0.3049
vn 0.8734 0.0352 -0.4857
vn 0.8402 0.1270 -0.5271
vn 0.7626 -0.0479 -0.6451
vn 0.6879 0.1732 -0.7048
vn 0.7426 0.2904 -0.6034
vn 0.8287 0.2744 -0.4878
vn 0.7542 0.6285 -0.1899
vn 0.7702 0.6364 -0.0417
vn 0.7842 0.6205 -0.0058
vn 0.8013 0.5549 -0.2235
vn 0.8214 0.5651 -0.0764
vn 0.8419 0.4293 -0.3270
vn 0.8388 0.4520 -0.3033
vn 0.8947 0.2535 -0.3677
vn 0.8581 0.3692 -0.3568
vn 0.8257 0.4685 -0.3141
vn 0.7098 0.6368 -0.3011
vn 0.7744 0.4927 -0.3968
vn 0.8982 0.2814 -0.3376
vn 0.8950 0.2242 -0.3856
vn 0.8727 0.2939 -0.3899
vn 0.7940 0.4079 -0.4506
vn 0.7780 0.5795 -0.2423
vn 0.7956 0.5853 -0.1563
vn 0.7570 0.6528 -0.0284
vn 0.7562 0.6276 0.1848
vn 0.8000 0.5871 0.1239
vn 0.8422 0.5389 -0.0126
vn 0.6538 0.7429 -0.1437
vn 0.6668 0.7336 -0.1310
vn 0.6258 0.7660 -0.1470
vn -0.1219 0.9881 0.0937
vn -0.1119 0.9891 0.0956
vn -0.1685 0.9846 0.0465
vn -0.1815 0.9821 0.0496
vn -0.2832 0.9590 0.0080
vn -0.2806 0.9598 0.0064
vn -0.1139 0.9930 -0.0293
vn -0.1060 0.9939 -0.0293
vn -0.1638 0.9841 -0.0681
vn -0.1701 0.9832 -0.0662
vn -0.1440 0.9836 -0.1081
vn -0.1538 0.9825 -0.1053
vn -0.0338 0.9795 -0.1984
vn -0.0327 0.9783 -0.2044
vn -0.1238 0.9653 -0.2298
vn -0.1208 0.9659 -0.2291
vn -0.0464 0.9708 -0.2354
vn -0.0206 0.9703 -0.2410
vn 0.6127 0.7896 -0.0336
vn 0.7722 0.6348 -0.0241
vn 0.5128 0.8576 -0.0381
vn 0.1678 0.9846 -0.0481
vn 0.8838 0.2162 -0.4147
vn 0.7877 0.4561 -0.4141
vn 0.7558 0.6101 -0.2380
vn 0.4907 -0.3194 0.8106
vn 0.5827 -0.3417 0.7373
vn 0.4208 -0.1888 0.8873
vn 0.4030 -0.1533 0.9022
vn 0.3195 0.0764 0.9445
vn 0.3940 0.1095 0.9125
vn 0.5098 0.2664 0.8180
vn 0.5109 0.2575 0.8201
vn 0.3405 0.0849 0.9364
vn 0.3261 0.0486 0.9441
vn 0.3630 0.0047 0.9318
vn 0.3678 0.0061 0.9299
vn 0.5597 -0.6562 0.5061
vn 0.5358 -0.6569 0.5304
vn 0.5808 -0.6684 0.4647
vn 0.5855 -0.6706 0.4555
vn 0.5332 -0.7382 0.4132
vn 0.5360 -0.7468 0.3937
vn 0.5773 -0.8060 0.1303
vn 0.5830 -0.8021 0.1295
vn 0.4758 -0.8790 0.0318
vn 0.4708 -0.8811 0.0449
vn 0.4476 -0.8937 -0.0312
vn 0.4519 -0.8916 -0.0280
vn 0.4390 -0.8765 -0.1975
vn 0.4696 -0.8617 -0.1920
vn 0.5607 -0.7054 -0.4334
vn 0.5705 -0.7013 -0.4273
vn 0.5971 -0.7567 -0.2660
vn 0.5848 -0.7830 -0.2121
vn 0.6176 -0.7835 -0.0679
vn 0.6047 -0.7953 -0.0413
vn 0.7170 -0.6516 0.2477
vn 0.7686 -0.6017 0.2170
vn 0.4448 -0.8547 0.2676
vn 0.3654 -0.9043 0.2207
vn 0.3059 -0.9468 0.0996
vn 0.3171 -0.9448 0.0818
vn 0.3139 -0.9408 -0.1278
vn 0.3348 -0.9307 -0.1472
vn 0.2292 -0.8794 -0.4173
vn 0.2549 -0.8827 -0.3948
vn 0.1032 -0.8338 -0.5422
vn 0.1175 -0.8480 -0.5166
vn 0.0993 -0.8086 -0.5798
vn 0.0996 -0.7954 -0.5978
vn 0.1162 -0.8052 -0.5815
vn 0.1206 -0.7974 -0.5913
vn 0.2887 -0.8497 -0.4412
vn 0.0358 -0.7328 -0.6794
vn 0.2923 -0.8552 -0.4280
vn 0.2840 -0.8425 -0.4578
vn -0.4513 -0.1244 -0.8836
vn -0.4131 -0.1715 -0.8943
vn -0.4525 -0.1232 -0.8832
vn -0.4862 -0.1314 -0.8639
vn -0.4011 -0.1536 -0.9030
vn -0.3878 -0.1123 -0.9149
vn -0.3545 -0.1522 -0.9226
vn -0.3603 -0.1552 -0.9198
vn -0.3441 -0.3049 -0.8880
vn -0.3313 -0.3684 -0.8686
vn -0.2294 -0.5285 -0.8173
vn 0.8001 -0.0639 -0.5965
vn 0.8171 0.5631 0.1231
vn 0.5621 0.7134 0.4183
vn 0.6140 0.6153 0.4943
vn 0.6747 0.5153 0.5284
vn 0.7476 0.4146 0.5188
vn 0.6204 0.2728 0.7353
vn 0.8231 0.3225 0.4674
vn 0.7472 0.1323 0.6512
vn 0.8934 0.2413 0.3788
vn 0.8579 -0.0023 0.5138
vn 0.9455 0.1837 0.2690
vn 0.9350 -0.1017 0.3397
vn 0.9754 0.1606 0.1511
vn 0.9785 -0.1362 0.1545
vn 0.9832 0.1792 0.0341
vn 0.9941 -0.1043 -0.0287
vn 0.9748 -0.0108 -0.2229
vn 0.9677 0.2359 -0.0891
vn 0.9293 0.3144 -0.1935
vn 0.6665 0.7059 -0.2398
vn 0.5980 0.7865 -0.1540
vn 0.7390 0.6063 -0.2937
vn 0.8076 0.5040 -0.3061
vn 0.8708 0.4093 -0.2722
vn 0.7125 0.4083 -0.5706
vn 0.6071 0.5696 -0.5540
vn 0.4993 0.7319 -0.4638
vn 0.3890 0.8617 -0.3259
vn 0.5403 0.8403 -0.0451
vn 0.5054 0.8599 0.0721
vn 0.5000 0.8444 0.1925
vn 0.2340 0.9718 0.0283
vn 0.2355 0.9474 0.2167
vn 0.5215 0.7940 0.3123
vn 0.2749 0.8711 0.4069
vn 0.3338 0.7439 0.5789
vn 0.4079 0.5840 0.7018
vn 0.4996 0.4245 0.7551
vn -0.8162 -0.5637 -0.1262
vn -0.6155 -0.7427 -0.2635
vn -0.6036 -0.7784 -0.1727
vn -0.6091 -0.7882 -0.0873
vn -0.6316 -0.7753 -0.0053
vn -0.6718 -0.7369 0.0746
vn -0.7243 -0.6753 0.1390
vn -0.7781 -0.6033 0.1746
vn -0.8264 -0.5335 0.1800
vn -0.8712 -0.4647 0.1578
vn -0.9125 -0.3952 0.1053
vn -0.9417 -0.3353 0.0266
vn -0.9526 -0.2977 -0.0620
vn -0.9470 -0.2857 -0.1467
vn -0.9267 -0.2978 -0.2292
vn -0.8890 -0.3361 -0.3109
vn -0.8364 -0.3974 -0.3774
vn -0.7799 -0.4688 -0.4146
vn -0.7295 -0.5393 -0.4207
vn -0.6847 -0.6104 -0.3982
vn -0.6446 -0.6825 -0.3444
vn 0.2883 0.9448 -0.1554
vn 0.9131 0.1155 -0.3910
vn 0.8152 0.2620 -0.5165
vn 0.8298 0.5493 0.0978
vn 0.8205 0.5506 0.1535
vn 0.8292 0.5495 0.1024
vn 0.8346 0.5476 0.0603
vn 0.8344 0.5477 0.0606
vn 0.8345 0.5477 0.0600
vn 0.8345 0.5477 0.0601
vn 0.5715 -0.7283 -0.3782
vn 0.5708 -0.8073 -0.1499
vn 0.5724 -0.8013 -0.1741
vn 0.5358 -0.8394 0.0917
vn 0.5367 -0.8392 0.0874
vn 0.5304 -0.8398 0.1157
vn 0.5303 -0.8398 0.1158
vn -0.2049 -0.0343 0.9782
vn -0.2049 -0.0343 0.9781
vn -0.2048 -0.0343 0.9782
vn -0.5665 0.8176 0.1025
vn -0.5419 0.8382 -0.0617
vn -0.5358 0.8394 -0.0913
vn -0.4884 0.8301 -0.2691
vn -0.4878 0.8299 -0.2708
vn -0.4825 0.8275 -0.2868
vn -0.0421 0.3422 0.9387
vn -0.0336 0.9992 0.0221
vn -0.0337 0.9992 0.0221
vn -0.0296 0.9927 0.1164
vn -0.0322 0.9925 0.1181
vn -0.0637 0.9334 0.3532
vn -0.0659 0.9272 0.3686
vn -0.0421 0.6435 0.7643
vn -0.0454 0.6842 0.7278
vn -0.0177 0.3310 0.9434
vn 0.3488 0.4307 -0.8323
vn 0.5492 0.6432 -0.5334
vn 0.6399 0.5443 -0.5424
vn 0.6934 0.4387 -0.5716
vn 0.7089 0.3271 -0.6249
vn 0.8806 0.2253 -0.4168
vn 0.6850 0.2202 -0.6944
vn 0.8424 0.0598 -0.5354
vn 0.6240 0.1220 -0.7718
vn 0.7484 -0.1013 -0.6554
vn 0.5365 0.0481 -0.8425
vn 0.6083 -0.2253 -0.7610
vn 0.4338 0.0113 -0.9009
vn 0.4458 -0.2808 -0.8499
vn 0.3241 0.0191 -0.9458
vn 0.2749 -0.2665 -0.9238
vn 0.0816 -0.1866 -0.9790
vn 0.2005 0.0678 -0.9773
vn 0.0873 0.1429 -0.9859
vn -0.0462 0.5671 -0.8223
vn 0.0127 0.6643 -0.7474
vn -0.0732 0.4530 -0.8885
vn -0.0616 0.3403 -0.9383
vn -0.0077 0.2397 -0.9708
vn -0.3398 0.2409 -0.9091
vn -0.3601 0.4180 -0.8340
vn -0.3109 0.6023 -0.7353
vn -0.2161 0.7586 -0.6146
vn 0.0977 0.7351 -0.6709
vn 0.1983 0.7692 -0.6073
vn 0.3119 0.7644 -0.5643
vn 0.0717 0.9200 -0.3851
vn 0.2526 0.9106 -0.3271
vn 0.4339 0.7207 -0.5406
vn 0.4477 0.8441 -0.2951
vn 0.6327 0.7229 -0.2775
vn 0.7765 0.5633 -0.2825
vn 0.8591 0.3957 -0.3246
vn -0.3515 -0.4317 0.8307
vn -0.4170 -0.6512 0.6340
vn -0.3261 -0.6811 0.6556
vn -0.2460 -0.6831 0.6876
vn -0.1749 -0.6602 0.7304
vn -0.1119 -0.6098 0.7846
vn -0.0680 -0.5355 0.8418
vn -0.0522 -0.4532 0.8899
vn -0.0634 -0.3762 0.9243
vn -0.0999 -0.3030 0.9477
vn -0.1642 -0.2321 0.9587
vn -0.2496 -0.1746 0.9525
vn -0.3384 -0.1428 0.9301
vn -0.4177 -0.1386 0.8979
vn -0.4899 -0.1603 0.8569
vn -0.5554 -0.2105 0.8045
vn -0.6014 -0.2846 0.7465
vn -0.6178 -0.3670 0.6954
vn -0.6066 -0.4449 0.6588
vn -0.5699 -0.5203 0.6359
vn -0.5045 -0.5936 0.6269
vn -0.0861 0.8702 -0.4851
vn -0.1005 -0.0656 -0.9928
vn -0.2534 0.0846 -0.9636
vn 0.4214 0.8290 0.3677
vn 0.0997 -0.9559 0.2760
vn 0.7046 0.6899 -0.1662
vn 0.7956 0.4739 -0.3774
vn 0.8705 0.4145 -0.2652
vn 0.9561 0.1759 -0.2342
vn 0.9301 0.3619 -0.0628
vn 0.9926 0.1103 0.0504
vn 0.9484 0.3149 0.0357
vn 0.9940 0.1023 0.0387
vn 0.8704 0.3960 0.2926
vn 0.9554 0.1941 0.2224
vn 0.7779 0.1487 0.6106
vn 0.6454 0.4114 0.6435
vn 0.6930 0.6230 0.3628
vn 0.8663 0.4592 0.1965
vn 0.8576 0.4869 0.1654
vn 0.8270 0.5389 0.1599
vn 0.7972 0.6037 0.0004
vn 0.7099 0.7003 -0.0750
vn 0.8421 0.2725 -0.4654
vn 0.5565 -0.4344 -0.7082
vn 0.5603 -0.5529 -0.6167
vn 0.5727 -0.5486 -0.6090
vn 0.5914 -0.4854 -0.6439
vn 0.5128 -0.3824 -0.7686
vn 0.2245 -0.4288 -0.8750
vn 0.2107 -0.4112 -0.8868
vn 0.2437 -0.4533 -0.8574
vn 0.3015 -0.2438 0.9218
vn 0.3612 -0.2499 0.8983
vn 0.3326 -0.4239 0.8424
vn 0.3048 -0.3875 0.8700
vn 0.7518 -0.1854 0.6327
vn 0.8286 -0.2394 0.5061
vn 0.5497 -0.1777 0.8162
vn 0.5438 -0.1842 0.8188
vn 0.7447 0.2815 -0.6051
vn 0.7685 0.0318 -0.6390
vn 0.5621 -0.3019 -0.7700
vn 0.8847 0.3680 -0.2862
vn 0.7974 0.3440 -0.4958
vn 0.8788 0.2776 -0.3880
vn 0.6591 0.3792 -0.6494
vn 0.6118 0.6646 -0.4288
vn 0.3698 0.3725 -0.8512
vn 0.4057 0.6030 -0.6869
vn -0.0287 0.5293 -0.8480
vn -0.0978 0.3556 -0.9295
vn -0.4470 0.6450 -0.6197
vn -0.5522 0.4574 -0.6970
vn -0.7134 0.6360 -0.2940
vn -0.8511 0.4149 -0.3216
vn -0.8061 0.5906 0.0365
vn -0.9315 0.3552 0.0774
vn -0.7006 0.5719 0.4266
vn -0.8166 0.3085 0.4877
vn 0.8221 0.5192 -0.2336
vn 0.9415 0.3153 -0.1191
vn 0.8744 0.4842 -0.0300
vn -0.3452 0.5240 0.7786
vn -0.4053 0.3186 0.8568
vn 0.1205 0.5312 0.8386
vn 0.0491 0.3858 0.9213
vn 0.3877 0.5757 0.7199
vn 0.3707 0.3897 0.8430
vn 0.6425 0.6279 0.4393
vn 0.6855 0.2966 0.6649
vn 0.8337 0.2477 0.4935
vn 0.7363 0.1828 0.6514
vn 0.7707 0.3223 0.5497
vn 0.5476 0.0669 0.8340
vn 0.6746 0.1970 0.7113
vn 0.2762 -0.3779 0.8837
vn 0.5706 -0.0462 0.8199
vn 0.5812 0.3050 0.7544
vn 0.5701 0.2157 0.7927
vn 0.1948 0.1145 0.9741
vn 0.8775 0.4020 0.2613
vn 0.8417 0.4966 0.2118
vn 0.7974 0.5555 0.2355
vn 0.0609 -0.1063 0.9925
vn -0.1893 0.0920 0.9776
vn -0.2855 -0.1698 0.9432
vn -0.7071 -0.0264 0.7066
vn -0.7365 -0.3291 0.5910
vn -0.8120 -0.5072 0.2887
vn -0.9112 -0.1637 0.3780
vn -0.7748 -0.6174 0.1359
vn -0.9684 -0.2174 0.1222
vn -0.7805 -0.6128 -0.1232
vn -0.9655 -0.1384 -0.2203
vn -0.7638 -0.3840 -0.5188
vn -0.7366 0.0562 -0.6740
vn -0.3608 0.0838 -0.9289
vn -0.2134 0.2676 -0.9396
vn 0.0245 0.1527 -0.9879
vn 0.1803 0.2957 -0.9381
vn 0.4816 0.4481 -0.7531
vn 0.5541 -0.1494 -0.8189
vn 0.4021 0.1837 -0.8970
vn 0.6120 0.3231 -0.7219
vn 0.2769 0.2491 -0.9280
vn -0.1602 0.3042 -0.9390
vn -0.6339 0.2929 -0.7158
vn -0.9296 0.2495 -0.2711
vn -0.9841 0.1356 0.1148
vn -0.8781 0.1281 0.4610
vn -0.5340 0.2532 0.8067
vn -0.0550 0.3180 0.9465
vn 0.3020 0.2513 0.9196
vn 0.6605 0.1632 0.7328
vn 0.3468 -0.0695 -0.9353
vn -0.1140 0.8700 0.4797
vn -0.2133 0.8774 0.4296
vn -0.2075 0.8799 0.4274
vn -0.0943 0.8580 0.5049
vn -0.0180 0.7898 0.6131
vn -0.0178 0.7775 0.6287
vn 0.1562 0.8099 0.5654
vn 0.1645 0.8133 0.5581
vn 0.2646 0.8444 0.4658
vn 0.3174 0.8368 0.4460
vn 0.4729 0.7742 0.4207
vn 0.4845 0.7695 0.4161
vn 0.5709 0.7871 0.2336
vn 0.5814 0.7838 0.2181
vn 0.6586 0.7506 -0.0539
vn 0.6615 0.7474 -0.0605
vn 0.5942 0.7545 -0.2785
vn 0.5995 0.7551 -0.2653
vn 0.3951 0.7660 -0.5071
vn 0.4337 0.7652 -0.4757
vn 0.2327 0.7837 -0.5759
vn 0.2452 0.7823 -0.5725
vn 0.1077 0.7757 -0.6219
vn 0.1328 0.7709 -0.6229
vn 0.0440 0.8181 -0.5734
vn 0.0592 0.8137 -0.5783
vn -0.0328 0.8594 -0.5102
vn -0.0239 0.8673 -0.4971
vn -0.3374 0.7945 -0.5050
vn -0.3741 0.7753 -0.5089
vn -0.4073 -0.6810 0.6085
vn -0.2373 -0.6776 0.6960
vn -0.2572 -0.6739 0.6926
vn -0.4445 -0.6663 0.5987
vn -0.7216 -0.5958 0.3523
vn -0.7665 -0.5538 0.3252
vn -0.9371 -0.3301 -0.1136
vn -0.9599 -0.2292 -0.1614
vn -0.6747 0.3036 -0.6727
vn -0.6874 0.2932 -0.6645
vn -0.0918 0.5978 -0.7963
vn -0.0664 0.5933 -0.8022
vn 0.4488 0.6500 -0.6133
vn 0.5004 0.6599 -0.5605
vn 0.7973 0.5408 -0.2682
vn 0.8355 0.5233 -0.1672
vn 0.9380 0.3068 0.1611
vn 0.9108 0.2273 0.3446
vn 0.7902 -0.0495 0.6108
vn 0.6783 -0.1325 0.7227
vn 0.3555 -0.4255 0.8322
vn 0.2519 -0.4797 0.8404
vn 0.0692 -0.5852 0.8079
vn 0.0718 -0.5850 0.8078
vn 0.1407 -0.6755 -0.7238
vn 0.1439 -0.6754 -0.7232
vn 0.3946 -0.5794 -0.7131
vn 0.3134 -0.5882 -0.7455
vn 0.7958 -0.2527 -0.5502
vn 0.6675 -0.3064 -0.6786
vn 0.9682 0.1503 -0.1998
vn 0.9654 0.1444 -0.2171
vn 0.8409 0.4807 0.2487
vn 0.7726 0.5282 0.3521
vn 0.4800 0.6855 0.5474
vn 0.3538 0.7003 0.6199
vn -0.1640 0.6910 0.7039
vn -0.2196 0.6876 0.6921
vn -0.8819 0.2490 0.4002
vn -0.7436 0.4727 0.4727
vn -0.9986 -0.0500 0.0179
vn -0.9956 -0.0937 0.0004
vn -0.8681 -0.3912 -0.3055
vn -0.7648 -0.5246 -0.3739
vn -0.5275 -0.6496 -0.5475
vn -0.4353 -0.6990 -0.5673
vn -0.2913 -0.7144 -0.6362
vn -0.2274 -0.7336 -0.6403
vn 0.8478 -0.5137 0.1312
vn -0.5575 -0.3697 0.7433
vn 0.6564 0.0955 0.7483
vn 0.3491 0.1949 0.9166
vn 0.4098 -0.8905 -0.1975
vn -0.5775 -0.7983 0.1710
vn 0.8279 -0.0883 0.5538
vn 0.0512 -0.9732 -0.2240
vn -0.3572 -0.9309 -0.0760
vn -0.1943 0.0298 0.9805
vn 0.0581 0.1538 0.9864
vn 0.2717 -0.7077 0.6522
vn 0.2957 -0.7120 0.6369
vn 0.2978 -0.7123 0.6355
vn 0.3256 -0.7227 0.6097
vn 0.3290 -0.7261 0.6038
vn 0.3376 -0.7514 0.5669
vn 0.3411 -0.7624 0.5499
vn 0.3394 -0.8302 0.4423
vn 0.3250 -0.8413 0.4318
vn 0.2271 -0.8834 0.4098
vn 0.2285 -0.8802 0.4158
vn 0.2062 -0.8563 0.4734
vn 0.2110 -0.8526 0.4780
vn 0.2270 -0.8380 0.4962
vn 0.2282 -0.8371 0.4971
vn 0.2221 -0.8479 0.4814
vn 0.2190 -0.8464 0.4855
vn 0.2637 -0.7598 0.5942
vn 0.2359 -0.7968 0.5563
vn 0.2991 -0.6960 0.6528
vn 0.3004 -0.6949 0.6533
vn 0.2973 -0.6975 0.6520
vn 0.8651 -0.5012 -0.0175
vn -0.5074 -0.6315 -0.5863
vn 0.6877 0.0771 -0.7219
vn 0.3964 0.1274 -0.9092
vn 0.4451 -0.8538 0.2700
vn -0.4820 -0.8436 -0.2365
vn 0.8674 -0.0993 -0.4875
vn 0.0269 -0.9659 0.2573
vn -0.3229 -0.9449 0.0533
vn -0.2755 -0.2690 -0.9229
vn 0.1099 0.0376 -0.9932
vn 0.2947 -0.8435 -0.4490
vn 0.3070 -0.8358 -0.4552
vn 0.3127 -0.8321 -0.4580
vn 0.3243 -0.8242 -0.4642
vn 0.3216 -0.8314 -0.4531
vn 0.3225 -0.8293 -0.4563
vn 0.3163 -0.8244 -0.4693
vn 0.3173 -0.8303 -0.4582
vn 0.3097 -0.8227 -0.4767
vn 0.3089 -0.8227 -0.4772
vn 0.3295 -0.8173 -0.4727
vn 0.3307 -0.8166 -0.4730
vn 0.3174 -0.8313 -0.4563
vn 0.3145 -0.8336 -0.4539
vn 0.2839 -0.8393 -0.4637
vn 0.2837 -0.8385 -0.4651
vn 0.3004 -0.8312 -0.4678
vn 0.2987 -0.8304 -0.4702
vn 0.3102 -0.8409 -0.4434
vn 0.3082 -0.8411 -0.4444
vn 0.2990 -0.8420 -0.4490
usemtl skin#ger_heads.mtl
s 1
f 1/1/1 2/2/1 3/3/2
f 4/4/3 5/5/4 6/6/5
f 6/6/5 7/7/6 4/4/3
f 4/4/3 7/7/6 8/8/7
f 8/8/7 3/3/2 4/4/3
f 3/3/2 8/8/7 9/9/8
f 7/7/6 6/6/5 10/10/9
f 11/11/10 12/12/11 8/8/7
f 8/8/7 13/13/12 11/11/10
f 13/13/12 8/8/7 7/7/6
f 7/7/6 14/14/13 13/13/12
f 10/10/9 14/14/13 7/7/6
f 14/14/13 10/10/9 15/15/14
f 16/16/15 15/15/14 10/10/9
f 17/17/16 15/15/14 16/16/15
f 16/16/15 18/18/17 17/17/16
f 19/19/18 18/18/17 16/16/15
f 16/16/15 20/20/19 19/19/18
f 21/21/20 19/19/18 20/20/19
f 20/20/19 22/22/21 21/21/20
f 23/23/22 21/21/20 22/22/21
f 22/22/21 24/24/23 23/23/22
f 10/10/9 24/24/23 22/22/21
f 22/22/21 20/20/19 10/10/9
f 10/10/9 20/20/19 16/16/15
f 25/25/24 11/11/10 26/26/25
f 11/11/10 27/27/26 26/26/25
f 27/27/26 11/11/10 13/13/12
f 26/26/25 28/28/27 29/29/28
f 30/30/29 28/28/27 26/26/25
f 31/31/30 32/32/31 33/33/32
f 17/17/16 32/32/31 31/31/30
f 31/31/30 15/15/14 17/17/16
f 15/15/14 31/31/30 14/14/13
f 13/13/12 14/14/13 31/31/30
f 31/31/30 34/34/33 13/13/12
f 13/13/12 34/34/33 27/27/26
f 35/35/34 27/27/26 34/34/33
f 27/27/26 35/35/34 36/36/35
f 36/36/35 26/26/25 27/27/26
f 37/37/36 26/26/25 36/36/35
f 26/26/25 37/37/36 30/30/29
f 38/38/37 30/30/29 37/37/36
f 30/30/29 38/38/37 39/39/38
f 40/40/39 39/39/38 38/38/37
f 39/39/38 40/40/39 41/41/40
f 42/42/41 41/41/40 40/40/39
f 41/41/40 42/42/41 43/43/42
f 34/34/33 33/33/32 35/35/34
f 33/33/32 34/34/33 31/31/30
f 44/44/43 45/45/44 46/46/45
f 47/47/46 46/46/45 45/45/44
f 45/45/44 48/48/47 47/47/46
f 49/49/48 47/47/46 48/48/47
f 48/48/47 50/50/49 49/49/48
f 50/50/49 51/51/50 49/49/48
f 51/51/50 50/50/49 52/52/51
f 51/51/50 52/52/51 53/53/52
f 53/53/52 52/52/51 54/54/53
f 54/54/53 55/55/54 53/53/52
f 56/56/55 53/53/52 55/55/54
f 55/55/54 57/57/56 56/56/55
f 56/56/55 57/57/56 58/58/57
f 58/58/57 59/59/58 56/56/55
f 59/59/58 58/58/57 60/60/59
f 60/60/59 61/61/60 59/59/58
f 61/61/60 60/60/59 62/62/61
f 62/62/61 63/63/62 61/61/60
f 61/61/60 63/63/62 64/64/63
f 64/64/63 59/59/58 61/61/60
f 59/59/58 64/64/63 65/65/64
f 65/65/64 56/56/55 59/59/58
f 53/53/52 66/66/65 51/51/50
f 66/66/65 53/53/52 56/56/55
f 56/56/55 65/65/64 66/66/65
f 66/66/65 65/65/64 67/67/66
f 67/67/66 65/65/64 64/64/63
f 64/64/63 68/68/67 67/67/66
f 63/63/62 68/68/67 64/64/63
f 68/68/67 63/63/62 69/69/68
f 63/63/62 62/62/61 70/70/69
f 70/70/69 69/69/68 63/63/62
f 69/69/68 70/70/69 71/71/70
f 71/71/70 68/68/67 69/69/68
f 68/68/67 71/71/70 72/72/71
f 72/72/71 67/67/66 68/68/67
f 73/73/72 67/67/66 72/72/71
f 67/67/66 73/73/72 66/66/65
f 66/66/65 73/73/72 74/74/73
f 74/74/73 51/51/50 66/66/65
f 74/74/73 49/49/48 51/51/50
f 49/49/48 74/74/73 75/75/74
f 47/47/46 49/49/48 75/75/74
f 75/75/74 76/76/75 47/47/46
f 46/46/45 47/47/46 76/76/75
f 76/76/75 77/77/76 46/46/45
f 78/78/77 46/46/45 77/77/76
f 77/77/76 79/79/78 78/78/77
f 75/75/74 80/80/79 81/81/80
f 80/80/79 75/75/74 74/74/73
f 74/74/73 82/82/81 80/80/79
f 82/82/81 74/74/73 73/73/72
f 73/73/72 83/83/82 82/82/81
f 72/72/71 83/83/82 73/73/72
f 76/76/75 75/75/74 84/84/83
f 84/84/83 85/85/84 76/76/75
f 77/77/76 76/76/75 85/85/84
f 85/85/84 86/86/85 77/77/76
f 79/79/78 77/77/76 86/86/85
f 86/86/85 87/87/86 79/79/78
f 88/88/87 79/79/78 87/87/86
f 87/87/86 89/89/88 88/88/87
f 90/90/89 78/78/77 79/79/78
f 79/79/78 88/88/87 90/90/89
f 90/90/89 88/88/87 91/91/90
f 92/92/91 91/91/90 88/88/87
f 88/88/87 89/89/88 92/92/91
f 93/93/92 92/92/91 89/89/88
f 89/89/88 94/94/93 93/93/92
f 95/95/94 94/94/93 89/89/88
f 89/89/88 87/87/86 95/95/94
f 96/96/95 95/95/94 87/87/86
f 87/87/86 86/86/85 96/96/95
f 97/97/96 96/96/95 86/86/85
f 86/86/85 85/85/84 97/97/96
f 98/98/97 97/97/96 85/85/84
f 85/85/84 84/84/83 98/98/97
f 99/99/98 98/98/97 84/84/83
f 84/84/83 81/81/80 99/99/98
f 81/81/80 84/84/83 75/75/74
f 78/78/77 90/90/89 100/100/99
f 91/91/90 101/101/100 90/90/89
f 100/100/99 90/90/89 101/101/100
f 101/101/100 102/102/101 100/100/99
f 100/100/99 102/102/101 103/103/102
f 46/46/45 78/78/77 44/44/43
f 100/100/99 44/44/43 78/78/77
f 44/44/43 100/100/99 104/104/103
f 103/103/102 104/104/103 100/100/99
f 105/105/104 104/104/103 103/103/102
f 103/103/102 106/106/105 105/105/104
f 107/107/106 105/105/104 106/106/105
f 106/106/105 108/108/107 107/107/106
f 109/109/108 107/107/106 108/108/107
f 108/108/107 110/110/109 109/109/108
f 109/109/108 110/110/109 111/111/110
f 111/111/110 112/112/111 109/109/108
f 113/113/112 112/112/111 111/111/110
f 114/114/113 112/112/111 113/113/112
f 113/113/112 115/115/114 114/114/113
f 114/114/113 115/115/114 116/116/115
f 117/117/116 116/116/115 115/115/114
f 116/116/115 117/117/116 118/118/117
f 118/118/117 119/119/118 116/116/115
f 116/116/115 119/119/118 114/114/113
f 111/111/110 120/120/119 113/113/112
f 113/113/112 120/120/119 121/121/120
f 121/121/120 115/115/114 113/113/112
f 115/115/114 121/121/120 117/117/116
f 122/122/121 43/43/42 42/42/41
f 43/43/42 122/122/121 123/123/122
f 123/123/122 124/124/123 43/43/42
f 125/125/124 43/43/42 124/124/123
f 124/124/123 126/126/125 125/125/124
f 127/127/126 125/125/124 126/126/125
f 126/126/125 128/128/127 127/127/126
f 129/129/128 127/127/126 128/128/127
f 128/128/127 130/130/129 129/129/128
f 129/129/128 130/130/129 131/131/130
f 131/131/130 132/132/131 129/129/128
f 133/133/132 132/132/131 131/131/130
f 132/132/131 133/133/132 134/134/133
f 135/135/134 134/134/133 133/133/132
f 134/134/133 135/135/134 136/136/135
f 136/136/135 135/135/134 137/137/136
f 137/137/136 138/138/137 136/136/135
f 139/139/138 136/136/135 138/138/137
f 131/131/130 140/140/139 133/133/132
f 141/141/140 133/133/132 140/140/139
f 133/133/132 141/141/140 135/135/134
f 135/135/134 141/141/140 142/142/141
f 142/142/141 137/137/136 135/135/134
f 140/140/139 142/142/141 141/141/140
f 138/138/137 143/143/142 139/139/138
f 144/144/143 139/139/138 143/143/142
f 143/143/142 145/145/144 144/144/143
f 144/144/143 145/145/144 146/146/145
f 146/146/145 147/147/146 144/144/143
f 147/147/146 146/146/145 148/148/147
f 148/148/147 149/149/148 147/147/146
f 149/149/148 148/148/147 150/150/149
f 150/150/149 151/151/150 149/149/148
f 151/151/150 150/150/149 152/152/151
f 152/152/151 153/153/152 151/151/150
f 153/153/152 152/152/151 154/154/153
f 154/154/153 155/155/154 153/153/152
f 155/155/154 154/154/153 156/156/155
f 156/156/155 157/157/156 155/155/154
f 158/158/157 157/157/156 156/156/155
f 157/157/156 158/158/157 159/159/158
f 160/160/159 159/159/158 158/158/157
f 161/161/160 162/162/161 151/151/150
f 151/151/150 153/153/152 161/161/160
f 161/161/160 153/153/152 155/155/154
f 155/155/154 163/163/162 161/161/160
f 163/163/162 155/155/154 157/157/156
f 164/164/163 165/165/164 166/166/165
f 167/167/166 166/166/165 165/165/164
f 166/166/165 167/167/166 159/159/158
f 168/168/167 159/159/158 167/167/166
f 159/159/158 168/168/167 157/157/156
f 157/157/156 168/168/167 163/163/162
f 169/169/168 163/163/162 168/168/167
f 161/161/160 163/163/162 169/169/168
f 170/170/169 161/161/160 169/169/168
f 162/162/161 161/161/160 170/170/169
f 170/170/169 171/171/170 162/162/161
f 172/172/171 162/162/161 171/171/170
f 162/162/161 172/172/171 173/173/172
f 173/173/172 151/151/150 162/162/161
f 151/151/150 173/173/172 174/174/173
f 174/174/173 149/149/148 151/151/150
f 147/147/146 149/149/148 174/174/173
f 174/174/173 175/175/174 147/147/146
f 165/165/164 176/176/175 167/167/166
f 177/177/176 167/167/166 176/176/175
f 167/167/166 177/177/176 168/168/167
f 168/168/167 177/177/176 169/169/168
f 178/178/177 169/169/168 177/177/176
f 176/176/175 179/179/178 177/177/176
f 177/177/176 179/179/178 180/180/179
f 159/159/158 160/160/159 166/166/165
f 181/181/180 166/166/165 160/160/159
f 166/166/165 181/181/180 164/164/163
f 164/164/163 181/181/180 182/182/181
f 182/182/181 183/183/182 164/164/163
f 183/183/182 182/182/181 184/184/183
f 184/184/183 185/185/184 183/183/182
f 185/185/184 184/184/183 186/186/185
f 186/186/185 187/187/186 185/185/184
f 187/187/186 186/186/185 188/188/187
f 188/188/187 189/189/188 187/187/186
f 190/190/189 189/189/188 188/188/187
f 188/188/187 191/191/190 190/190/189
f 192/192/191 190/190/189 191/191/190
f 191/191/190 158/158/157 192/192/191
f 156/156/155 192/192/191 158/158/157
f 158/158/157 191/191/190 160/160/159
f 193/193/192 160/160/159 191/191/190
f 160/160/159 193/193/192 181/181/180
f 182/182/181 181/181/180 193/193/192
f 193/193/192 184/184/183 182/182/181
f 184/184/183 193/193/192 188/188/187
f 188/188/187 186/186/185 184/184/183
f 191/191/190 188/188/187 193/193/192
f 194/194/193 195/195/194 196/196/195
f 195/195/194 194/194/193 197/197/196
f 198/198/197 197/197/196 194/194/193
f 199/199/198 197/197/196 198/198/197
f 198/198/197 200/200/199 199/199/198
f 201/201/200 199/199/198 200/200/199
f 200/200/199 202/202/201 201/201/200
f 203/203/202 202/202/201 200/200/199
f 200/200/199 204/204/203 203/203/202
f 205/205/204 203/203/202 204/204/203
f 204/204/203 206/206/205 205/205/204
f 205/205/204 206/206/205 207/207/206
f 208/208/207 207/207/206 206/206/205
f 207/207/206 208/208/207 209/209/208
f 210/210/209 209/209/208 208/208/207
f 211/211/210 209/209/208 210/210/209
f 210/210/209 212/212/211 211/211/210
f 211/211/210 212/212/211 213/213/212
f 204/204/203 200/200/199 198/198/197
f 198/198/197 206/206/205 204/204/203
f 206/206/205 198/198/197 208/208/207
f 194/194/193 208/208/207 198/198/197
f 208/208/207 194/194/193 210/210/209
f 196/196/195 210/210/209 194/194/193
f 212/212/211 210/210/209 196/196/195
f 196/196/195 214/214/213 212/212/211
f 212/212/211 214/214/213 215/215/214
f 215/215/214 213/213/212 212/212/211
f 213/213/212 215/215/214 216/216/215
f 216/216/215 217/217/216 213/213/212
f 218/218/217 217/217/216 216/216/215
f 219/219/218 217/217/216 218/218/217
f 218/218/217 220/220/219 219/219/218
f 221/221/220 219/219/218 220/220/219
f 220/220/219 222/222/221 221/221/220
f 221/221/220 222/222/221 223/223/222
f 223/223/222 222/222/221 224/224/223
f 224/224/223 225/225/224 223/223/222
f 226/226/225 225/225/224 224/224/223
f 224/224/223 227/227/226 226/226/225
f 226/226/225 227/227/226 228/228/227
f 229/229/228 228/228/227 227/227/226
f 228/228/227 229/229/228 230/230/229
f 231/231/230 230/230/229 229/229/228
f 229/229/228 232/232/231 231/231/230
f 233/233/232 227/227/226 224/224/223
f 227/227/226 233/233/232 229/229/228
f 232/232/231 229/229/228 233/233/232
f 231/231/230 232/232/231 234/234/233
f 233/233/232 234/234/233 232/232/231
f 234/234/233 233/233/232 235/235/234
f 224/224/223 235/235/234 233/233/232
f 220/220/219 235/235/234 224/224/223
f 224/224/223 222/222/221 220/220/219
f 234/234/233 236/236/235 231/231/230
f 236/236/235 234/234/233 237/237/236
f 235/235/234 237/237/236 234/234/233
f 237/237/236 235/235/234 220/220/219
f 220/220/219 218/218/217 237/237/236
f 238/238/237 237/237/236 218/218/217
f 218/218/217 239/239/238 238/238/237
f 216/216/215 239/239/238 218/218/217
f 237/237/236 238/238/237 236/236/235
f 240/240/239 241/241/240 242/242/241
f 243/243/242 241/241/240 240/240/239
f 240/240/239 244/244/243 243/243/242
f 243/243/242 244/244/243 245/245/244
f 245/245/244 246/246/245 243/243/242
f 246/246/245 245/245/244 247/247/246
f 247/247/246 248/248/247 246/246/245
f 246/246/245 248/248/247 249/249/248
f 250/250/249 249/249/248 248/248/247
f 249/249/248 250/250/249 251/251/250
f 252/252/251 251/251/250 250/250/249
f 251/251/250 252/252/251 253/253/252
f 253/253/252 252/252/251 254/254/253
f 254/254/253 255/255/254 253/253/252
f 256/256/255 255/255/254 254/254/253
f 254/254/253 257/257/256 256/256/255
f 258/258/257 256/256/255 257/257/256
f 257/257/256 259/259/258 258/258/257
f 253/253/252 260/260/259 251/251/250
f 242/242/241 251/251/250 260/260/259
f 251/251/250 242/242/241 249/249/248
f 249/249/248 242/242/241 241/241/240
f 241/241/240 243/243/242 249/249/248
f 249/249/248 243/243/242 246/246/245
f 260/260/259 261/261/260 242/242/241
f 242/242/241 261/261/260 240/240/239
f 258/258/257 259/259/258 262/262/261
f 262/262/261 259/259/258 263/263/262
f 263/263/262 264/264/263 262/262/261
f 264/264/263 263/263/262 265/265/264
f 265/265/264 266/266/265 264/264/263
f 267/267/266 266/266/265 265/265/264
f 268/268/267 266/266/265 267/267/266
f 267/267/266 269/269/268 268/268/267
f 268/268/267 269/269/268 270/270/269
f 270/270/269 271/271/270 268/268/267
f 272/272/271 271/271/270 270/270/269
f 271/271/270 272/272/271 273/273/272
f 274/274/273 273/273/272 272/272/271
f 273/273/272 274/274/273 275/275/274
f 275/275/274 276/276/275 273/273/272
f 277/277/276 276/276/275 275/275/274
f 276/276/275 277/277/276 278/278/277
f 279/279/278 278/278/277 277/277/276
f 278/278/277 279/279/278 268/268/267
f 268/268/267 279/279/278 264/264/263
f 264/264/263 266/266/265 268/268/267
f 268/268/267 271/271/270 278/278/277
f 273/273/272 278/278/277 271/271/270
f 278/278/277 273/273/272 276/276/275
f 280/280/279 281/281/280 282/282/281
f 282/282/281 281/281/280 283/283/282
f 283/283/282 284/284/283 282/282/281
f 285/285/284 284/284/283 283/283/282
f 283/283/282 286/286/285 285/285/284
f 247/247/246 285/285/284 286/286/285
f 286/286/285 248/248/247 247/247/246
f 248/248/247 286/286/285 250/250/249
f 287/287/286 250/250/249 286/286/285
f 250/250/249 287/287/286 252/252/251
f 252/252/251 287/287/286 288/288/287
f 288/288/287 254/254/253 252/252/251
f 257/257/256 254/254/253 288/288/287
f 288/288/287 289/289/288 257/257/256
f 170/170/169 257/257/256 289/289/288
f 289/289/288 28/28/27 170/170/169
f 171/171/170 170/170/169 28/28/27
f 28/28/27 30/30/29 171/171/170
f 286/286/285 283/283/282 287/287/286
f 288/288/287 287/287/286 283/283/282
f 283/283/282 281/281/280 288/288/287
f 289/289/288 288/288/287 281/281/280
f 281/281/280 290/290/289 289/289/288
f 28/28/27 289/289/288 291/291/290
f 39/39/38 171/171/170 30/30/29
f 171/171/170 39/39/38 172/172/171
f 41/41/40 172/172/171 39/39/38
f 172/172/171 41/41/40 125/125/124
f 43/43/42 125/125/124 41/41/40
f 125/125/124 173/173/172 172/172/171
f 173/173/172 125/125/124 127/127/126
f 127/127/126 174/174/173 173/173/172
f 175/175/174 174/174/173 127/127/126
f 127/127/126 129/129/128 175/175/174
f 175/175/174 129/129/128 132/132/131
f 132/132/131 292/292/291 175/175/174
f 134/134/133 292/292/291 132/132/131
f 144/144/143 147/147/146 175/175/174
f 175/175/174 292/292/291 144/144/143
f 139/139/138 144/144/143 292/292/291
f 292/292/291 134/134/133 139/139/138
f 136/136/135 139/139/138 134/134/133
f 293/293/292 294/294/293 295/295/294
f 295/295/294 296/296/295 293/293/292
f 296/296/295 295/295/294 297/297/296
f 297/297/296 298/298/297 296/296/295
f 299/299/298 296/296/295 298/298/297
f 298/298/297 300/300/299 299/299/298
f 301/301/300 299/299/298 300/300/299
f 300/300/299 302/302/301 301/301/300
f 303/303/302 301/301/300 302/302/301
f 302/302/301 304/304/303 303/303/302
f 303/303/302 304/304/303 305/305/304
f 305/305/304 306/306/305 303/303/302
f 307/307/306 306/306/305 305/305/304
f 306/306/305 307/307/306 308/308/307
f 308/308/307 307/307/306 309/309/308
f 309/309/308 310/310/309 308/308/307
f 310/310/309 309/309/308 311/311/310
f 311/311/310 312/312/311 310/310/309
f 305/305/304 313/313/312 307/307/306
f 309/309/308 314/314/313 311/311/310
f 314/314/313 309/309/308 307/307/306
f 307/307/306 313/313/312 314/314/313
f 315/315/314 314/314/313 313/313/312
f 313/313/312 316/316/315 315/315/314
f 316/316/315 313/313/312 305/305/304
f 305/305/304 317/317/316 316/316/315
f 317/317/316 318/318/317 319/319/318
f 319/319/318 316/316/315 317/317/316
f 316/316/315 319/319/318 320/320/319
f 320/320/319 315/315/314 316/316/315
f 315/315/314 320/320/319 321/321/320
f 321/321/320 322/322/321 315/315/314
f 314/314/313 315/315/314 322/322/321
f 322/322/321 323/323/322 314/314/313
f 311/311/310 314/314/313 323/323/322
f 323/323/322 324/324/323 311/311/310
f 312/312/311 311/311/310 324/324/323
f 324/324/323 325/325/324 312/312/311
f 326/326/325 312/312/311 325/325/324
f 325/325/324 327/327/326 326/326/325
f 328/328/327 326/326/325 327/327/326
f 327/327/326 329/329/328 328/328/327
f 328/328/327 329/329/328 330/330/329
f 330/330/329 331/331/330 328/328/327
f 332/332/331 331/331/330 330/330/329
f 331/331/330 332/332/331 333/333/332
f 334/334/333 333/333/332 332/332/331
f 332/332/331 335/335/334 334/334/333
f 336/336/335 334/334/333 335/335/334
f 335/335/334 337/337/336 336/336/335
f 337/337/336 335/335/334 338/338/337
f 338/338/337 339/339/338 337/337/336
f 330/330/329 340/340/339 332/332/331
f 335/335/334 332/332/331 340/340/339
f 340/340/339 338/338/337 335/335/334
f 341/341/340 342/342/341 343/343/342
f 343/343/342 344/344/343 341/341/340
f 344/344/343 343/343/342 345/345/344
f 345/345/344 343/343/342 346/346/345
f 346/346/345 347/347/346 345/345/344
f 348/348/347 347/347/346 346/346/345
f 346/346/345 349/349/348 348/348/347
f 350/350/349 348/348/347 349/349/348
f 349/349/348 351/351/350 350/350/349
f 352/352/351 351/351/350 349/349/348
f 353/353/352 351/351/350 352/352/351
f 352/352/351 354/354/353 353/353/352
f 355/355/354 353/353/352 354/354/353
f 355/355/354 354/354/353 356/356/355
f 356/356/355 357/357/356 355/355/354
f 358/358/357 357/357/356 356/356/355
f 308/308/307 357/357/356 358/358/357
f 358/358/357 359/359/358 308/308/307
f 345/345/344 360/360/359 344/344/343
f 308/308/307 359/359/358 306/306/305
f 306/306/305 359/359/358 361/361/360
f 361/361/360 303/303/302 306/306/305
f 301/301/300 303/303/302 361/361/360
f 361/361/360 362/362/361 301/301/300
f 299/299/298 301/301/300 362/362/361
f 362/362/361 363/363/362 299/299/298
f 296/296/295 299/299/298 363/363/362
f 363/363/362 293/293/292 296/296/295
f 357/357/356 308/308/307 310/310/309
f 310/310/309 355/355/354 357/357/356
f 364/364/363 355/355/354 310/310/309
f 326/326/325 364/364/363 310/310/309
f 310/310/309 312/312/311 326/326/325
f 353/353/352 355/355/354 364/364/363
f 333/333/332 365/365/364 331/331/330
f 331/331/330 365/365/364 366/366/365
f 366/366/365 328/328/327 331/331/330
f 326/326/325 328/328/327 366/366/365
f 326/326/325 366/366/365 367/367/366
f 367/367/366 364/364/363 326/326/325
f 364/364/363 367/367/366 368/368/367
f 364/364/363 368/368/367 353/353/352
f 351/351/350 353/353/352 368/368/367
f 368/368/367 350/350/349 351/351/350
f 369/369/368 370/370/369 371/371/370
f 371/371/370 372/372/371 369/369/368
f 373/373/372 369/369/368 372/372/371
f 372/372/371 374/374/373 373/373/372
f 375/375/374 373/373/372 374/374/373
f 374/374/373 376/376/375 375/375/374
f 377/377/376 375/375/374 376/376/375
f 376/376/375 378/378/377 377/377/376
f 366/366/365 377/377/376 378/378/377
f 378/378/377 367/367/366 366/366/365
f 367/367/366 378/378/377 379/379/378
f 379/379/378 368/368/367 367/367/366
f 371/371/370 380/380/379 381/381/380
f 381/381/380 372/372/371 371/371/370
f 372/372/371 381/381/380 382/382/381
f 382/382/381 374/374/373 372/372/371
f 376/376/375 374/374/373 382/382/381
f 382/382/381 383/383/382 376/376/375
f 376/376/375 383/383/382 379/379/378
f 379/379/378 378/378/377 376/376/375
f 384/384/383 385/385/384 386/386/385
f 386/386/385 387/387/386 384/384/383
f 388/388/387 384/384/383 387/387/386
f 387/387/386 389/389/388 388/388/387
f 389/389/388 387/387/386 390/390/389
f 390/390/389 391/391/390 389/389/388
f 391/391/390 390/390/389 392/392/391
f 393/393/392 392/392/391 390/390/389
f 393/393/392 394/394/393 392/392/391
f 394/394/393 393/393/392 395/395/394
f 394/394/393 395/395/394 396/396/395
f 396/396/395 397/397/396 394/394/393
f 397/397/396 396/396/395 398/398/397
f 398/398/397 399/399/398 397/397/396
f 397/397/396 399/399/398 400/400/399
f 400/400/399 399/399/398 401/401/400
f 401/401/400 402/402/401 400/400/399
f 402/402/401 401/401/400 403/403/402
f 390/390/389 404/404/403 393/393/392
f 404/404/403 390/390/389 387/387/386
f 387/387/386 386/386/385 404/404/403
f 405/405/404 402/402/401 403/403/402
f 403/403/402 406/406/405 405/405/404
f 405/405/404 406/406/405 407/407/406
f 407/407/406 406/406/405 408/408/407
f 408/408/407 409/409/408 407/407/406
f 409/409/408 408/408/407 410/410/409
f 410/410/409 411/411/410 409/409/408
f 412/412/411 408/408/407 406/406/405
f 406/406/405 403/403/402 412/412/411
f 413/413/412 412/412/411 403/403/402
f 403/403/402 414/414/413 413/413/412
f 414/414/413 403/403/402 401/401/400
f 401/401/400 415/415/414 414/414/413
f 415/415/414 401/401/400 399/399/398
f 399/399/398 398/398/397 415/415/414
f 412/412/411 413/413/412 416/416/415
f 416/416/415 417/417/416 412/412/411
f 408/408/407 412/412/411 417/417/416
f 417/417/416 410/410/409 408/408/407
f 418/418/417 419/419/418 420/420/419
f 421/421/420 419/419/418 418/418/417
f 418/418/417 422/422/421 421/421/420
f 423/423/422 422/422/421 418/418/417
f 418/418/417 424/424/423 423/423/422
f 424/424/423 418/418/417 425/425/424
f 425/425/424 426/426/425 424/424/423
f 427/427/426 426/426/425 425/425/424
f 425/425/424 428/428/427 427/427/426
f 427/427/426 428/428/427 429/429/428
f 430/430/429 429/429/428 428/428/427
f 430/430/429 431/431/430 429/429/428
f 431/431/430 430/430/429 432/432/431
f 431/431/430 432/432/431 433/433/432
f 433/433/432 434/434/433 431/431/430
f 434/434/433 433/433/432 400/400/399
f 400/400/399 435/435/434 434/434/433
f 435/435/434 400/400/399 402/402/401
f 428/428/427 436/436/435 430/430/429
f 436/436/435 428/428/427 425/425/424
f 425/425/424 420/420/419 436/436/435
f 420/420/419 425/425/424 418/418/417
f 402/402/401 405/405/404 435/435/434
f 437/437/436 435/435/434 405/405/404
f 407/407/406 437/437/436 405/405/404
f 407/407/406 438/438/437 437/437/436
f 438/438/437 407/407/406 439/439/438
f 438/438/437 439/439/438 440/440/439
f 440/440/439 441/441/440 438/438/437
f 441/441/440 440/440/439 442/442/441
f 442/442/441 443/443/442 441/441/440
f 443/443/442 442/442/441 444/444/443
f 444/444/443 445/445/444 443/443/442
f 446/446/445 445/445/444 444/444/443
f 445/445/444 446/446/445 447/447/446
f 448/448/447 445/445/444 447/447/446
f 447/447/446 449/449/448 448/448/447
f 429/429/428 450/450/449 427/427/426
f 451/451/450 450/450/449 429/429/428
f 429/429/428 431/431/430 451/451/450
f 452/452/451 451/451/450 431/431/430
f 431/431/430 434/434/433 452/452/451
f 435/435/434 452/452/451 434/434/433
f 452/452/451 435/435/434 453/453/452
f 435/435/434 437/437/436 453/453/452
f 437/437/436 454/454/453 453/453/452
f 454/454/453 437/437/436 438/438/437
f 454/454/453 438/438/437 441/441/440
f 441/441/440 455/455/454 454/454/453
f 455/455/454 441/441/440 443/443/442
f 443/443/442 456/456/455 455/455/454
f 456/456/455 443/443/442 445/445/444
f 445/445/444 448/448/447 456/456/455
f 457/457/456 458/458/457 459/459/458
f 459/459/458 460/460/459 457/457/456
f 460/460/459 459/459/458 461/461/460
f 461/461/460 462/462/461 460/460/459
f 462/462/461 461/461/460 463/463/462
f 463/463/462 464/464/463 462/462/461
f 464/464/463 463/463/462 465/465/464
f 465/465/464 466/466/465 464/464/463
f 466/466/465 465/465/464 467/467/466
f 467/467/466 468/468/467 466/466/465
f 468/468/467 467/467/466 397/397/396
f 397/397/396 469/469/468 468/468/467
f 400/400/399 469/469/468 397/397/396
f 469/469/468 400/400/399 433/433/432
f 469/469/468 433/433/432 470/470/469
f 433/433/432 432/432/431 470/470/469
f 470/470/469 432/432/431 471/471/470
f 471/471/470 472/472/471 470/470/469
f 472/472/471 473/473/472 474/474/473
f 474/474/473 470/470/469 472/472/471
f 470/470/469 474/474/473 469/469/468
f 469/469/468 474/474/473 468/468/467
f 468/468/467 474/474/473 475/475/474
f 475/475/474 466/466/465 468/468/467
f 464/464/463 466/466/465 475/475/474
f 475/475/474 476/476/475 464/464/463
f 464/464/463 476/476/475 477/477/476
f 477/477/476 462/462/461 464/464/463
f 460/460/459 462/462/461 477/477/476
f 477/477/476 478/478/477 460/460/459
f 457/457/456 460/460/459 478/478/477
f 478/478/477 479/479/478 457/457/456
f 480/480/479 472/472/471 471/471/470
f 473/473/472 472/472/471 480/480/479
f 480/480/479 481/481/480 473/473/472
f 481/481/480 480/480/479 482/482/481
f 482/482/481 483/483/482 481/481/480
f 484/484/483 483/483/482 482/482/481
f 482/482/481 485/485/484 484/484/483
f 484/484/483 485/485/484 486/486/485
f 487/487/486 486/486/485 485/485/484
f 485/485/484 488/488/487 487/487/486
f 488/488/487 485/485/484 482/482/481
f 482/482/481 489/489/488 488/488/487
f 489/489/488 482/482/481 480/480/479
f 480/480/479 490/490/489 489/489/488
f 471/471/470 490/490/489 480/480/479
f 486/486/485 491/491/490 484/484/483
f 492/492/491 493/493/492 494/494/493
f 494/494/493 495/495/494 492/492/491
f 496/496/495 492/492/491 495/495/494
f 495/495/494 497/497/496 496/496/495
f 498/498/497 496/496/495 497/497/496
f 497/497/496 499/499/498 498/498/497
f 500/500/499 498/498/497 499/499/498
f 499/499/498 501/501/500 500/500/499
f 502/502/501 501/501/500 499/499/498
f 499/499/498 503/503/502 502/502/501
f 504/504/503 502/502/501 503/503/502
f 503/503/502 505/505/504 504/504/503
f 506/506/505 504/504/503 505/505/504
f 505/505/504 507/507/506 506/506/505
f 494/494/493 506/506/505 507/507/506
f 507/507/506 495/495/494 494/494/493
f 497/497/496 495/495/494 507/507/506
f 507/507/506 505/505/504 497/497/496
f 499/499/498 497/497/496 505/505/504
f 505/505/504 503/503/502 499/499/498
f 498/498/497 500/500/499 508/508/507
f 496/496/495 498/498/497 509/509/508
f 508/508/507 509/509/508 498/498/497
f 509/509/508 508/508/507 510/510/509
f 52/52/51 511/511/510 54/54/53
f 511/511/510 52/52/51 50/50/49
f 512/512/511 511/511/510 50/50/49
f 50/50/49 513/513/512 512/512/511
f 514/514/513 512/512/511 513/513/512
f 513/513/512 515/515/514 514/514/513
f 510/510/509 514/514/513 515/515/514
f 515/515/514 516/516/515 510/510/509
f 510/510/509 516/516/515 509/509/508
f 517/517/516 509/509/508 516/516/515
f 509/509/508 517/517/516 496/496/495
f 492/492/491 496/496/495 517/517/516
f 517/517/516 518/518/517 492/492/491
f 493/493/492 492/492/491 518/518/517
f 518/518/517 519/519/518 493/493/492
f 519/519/518 518/518/517 520/520/519
f 520/520/519 521/521/520 519/519/518
f 522/522/521 521/521/520 520/520/519
f 520/520/519 523/523/522 524/524/523
f 525/525/524 523/523/522 526/526/525
f 527/527/526 526/526/525 523/523/522
f 523/523/522 520/520/519 527/527/526
f 527/527/526 520/520/519 518/518/517
f 518/518/517 517/517/516 527/527/526
f 516/516/515 527/527/526 517/517/516
f 526/526/525 527/527/526 516/516/515
f 516/516/515 515/515/514 526/526/525
f 525/525/524 526/526/525 515/515/514
f 515/515/514 513/513/512 525/525/524
f 525/525/524 513/513/512 50/50/49
f 50/50/49 48/48/47 525/525/524
f 528/528/527 525/525/524 48/48/47
f 48/48/47 45/45/44 528/528/527
f 529/529/528 528/528/527 45/45/44
f 45/45/44 44/44/43 529/529/528
f 104/104/103 529/529/528 44/44/43
f 104/104/103 530/530/529 529/529/528
f 528/528/527 523/523/522 525/525/524
f 528/528/527 529/529/528 531/531/530
f 529/529/528 532/532/531 531/531/530
f 531/531/530 533/533/532 534/534/533
f 535/535/534 534/534/533 536/536/535
f 537/537/536 538/538/536 535/535/534
f 539/539/537 523/523/522 221/221/220
f 219/219/218 221/221/220 523/523/522
f 523/523/522 540/540/538 219/219/218
f 523/523/522 528/528/527 540/540/538
f 540/540/538 528/528/527 213/213/212
f 531/531/530 213/213/212 528/528/527
f 213/213/212 531/531/530 211/211/210
f 534/534/533 211/211/210 531/531/530
f 211/211/210 534/534/533 541/541/539
f 541/541/539 534/534/533 535/535/534
f 535/535/534 542/542/540 541/541/539
f 541/541/539 542/542/540 543/543/541
f 543/543/541 207/207/206 541/541/539
f 207/207/206 543/543/541 205/205/204
f 540/540/538 213/213/212 217/217/216
f 217/217/216 219/219/218 540/540/538
f 544/544/542 545/545/543 546/546/544
f 546/546/544 547/547/545 544/544/542
f 548/548/546 544/544/542 547/547/545
f 547/547/545 549/549/547 548/548/546
f 549/549/547 547/547/545 550/550/548
f 550/550/548 551/551/549 549/549/547
f 551/551/549 550/550/548 552/552/550
f 552/552/550 553/553/551 551/551/549
f 553/553/551 552/552/550 554/554/552
f 554/554/552 555/555/553 553/553/551
f 555/555/553 554/554/552 556/556/554
f 556/556/554 557/557/555 555/555/553
f 557/557/555 556/556/554 558/558/556
f 558/558/556 559/559/557 557/557/555
f 559/559/557 558/558/556 560/560/558
f 560/560/558 561/561/559 559/559/557
f 561/561/559 560/560/558 562/562/560
f 562/562/560 563/563/561 561/561/559
f 563/563/561 562/562/560 564/564/562
f 564/564/562 565/565/563 563/563/561
f 566/566/564 564/564/562 562/562/560
f 562/562/560 567/567/565 566/566/564
f 567/567/565 562/562/560 560/560/558
f 560/560/558 568/568/566 567/567/565
f 568/568/566 560/560/558 558/558/556
f 558/558/556 569/569/567 568/568/566
f 569/569/567 558/558/556 556/556/554
f 556/556/554 570/570/568 569/569/567
f 570/570/568 556/556/554 554/554/552
f 554/554/552 571/571/569 570/570/568
f 571/571/569 554/554/552 552/552/550
f 552/552/550 572/572/570 571/571/569
f 36/36/35 573/573/571 37/37/36
f 37/37/36 573/573/571 574/574/572
f 574/574/572 575/575/573 37/37/36
f 575/575/573 574/574/572 576/576/574
f 576/576/574 577/577/575 575/575/573
f 575/575/573 577/577/575 578/578/576
f 579/579/577 578/578/576 577/577/575
f 578/578/576 579/579/577 580/580/578
f 581/581/579 580/580/578 579/579/577
f 580/580/578 581/581/579 582/582/580
f 577/577/575 583/583/581 579/579/577
f 577/577/575 576/576/574 584/584/582
f 584/584/582 583/583/581 577/577/575
f 583/583/581 584/584/582 585/585/583
f 585/585/583 586/586/584 583/583/581
f 583/583/581 586/586/584 587/587/585
f 587/587/585 579/579/577 583/583/581
f 579/579/577 587/587/585 581/581/579
f 42/42/41 582/582/580 122/122/121
f 582/582/580 42/42/41 580/580/578
f 40/40/39 580/580/578 42/42/41
f 580/580/578 40/40/39 578/578/576
f 38/38/37 578/578/576 40/40/39
f 578/578/576 38/38/37 575/575/573
f 37/37/36 575/575/573 38/38/37
f 588/588/586 104/104/103 589/589/587
f 589/589/587 104/104/103 105/105/104
f 590/590/588 589/589/587 105/105/104
f 105/105/104 107/107/106 590/590/588
f 590/590/588 107/107/106 109/109/108
f 109/109/108 591/591/589 590/590/588
f 591/591/589 109/109/108 112/112/111
f 112/112/111 114/114/113 591/591/589
f 592/592/590 591/591/589 114/114/113
f 114/114/113 593/593/591 592/592/590
f 594/594/592 592/592/590 593/593/591
f 593/593/591 595/595/593 594/594/592
f 594/594/592 596/596/594 597/597/595
f 597/597/595 592/592/590 594/594/592
f 592/592/590 597/597/595 590/590/588
f 590/590/588 591/591/589 592/592/590
f 589/589/587 590/590/588 597/597/595
f 597/597/595 598/598/596 589/589/587
f 599/599/597 597/597/595 596/596/594
f 596/596/594 600/600/598 601/601/598
f 275/275/274 602/602/599 277/277/276
f 603/603/600 277/277/276 602/602/599
f 277/277/276 603/603/600 279/279/278
f 264/264/263 279/279/278 603/603/600
f 603/603/600 262/262/261 264/264/263
f 262/262/261 603/603/600 604/604/601
f 604/604/601 605/605/602 262/262/261
f 262/262/261 605/605/602 258/258/257
f 602/602/599 604/604/601 603/603/600
f 606/606/603 263/263/262 259/259/258
f 259/259/258 257/257/256 606/606/603
f 606/606/603 257/257/256 170/170/169
f 169/169/168 606/606/603 170/170/169
f 263/263/262 606/606/603 169/169/168
f 169/169/168 265/265/264 263/263/262
f 265/265/264 169/169/168 607/607/604
f 608/608/605 609/609/606 265/265/264
f 265/265/264 609/609/606 267/267/266
f 346/346/345 343/343/342 342/342/341
f 342/342/341 610/610/607 346/346/345
f 349/349/348 346/346/345 610/610/607
f 610/610/607 611/611/608 349/349/348
f 349/349/348 611/611/608 352/352/351
f 612/612/609 613/613/610 614/614/611
f 614/614/611 615/615/612 612/612/609
f 616/616/613 615/615/612 614/614/611
f 614/614/611 617/617/614 616/616/613
f 618/618/615 617/617/614 614/614/611
f 614/614/611 619/619/616 618/618/615
f 620/620/617 618/618/615 619/619/616
f 619/619/616 621/621/618 620/620/617
f 622/622/619 620/620/617 621/621/618
f 621/621/618 623/623/620 622/622/619
f 622/622/619 623/623/620 356/356/355
f 624/624/621 356/356/355 623/623/620
f 356/356/355 624/624/621 358/358/357
f 356/356/355 354/354/353 622/622/619
f 392/392/391 625/625/622 391/391/390
f 392/392/391 467/467/466 625/625/622
f 467/467/466 392/392/391 394/394/393
f 397/397/396 467/467/466 394/394/393
f 230/230/229 626/626/623 228/228/227
f 228/228/227 626/626/623 226/226/225
f 223/223/222 627/627/624 221/221/220
f 221/221/220 627/627/624 628/628/625
f 197/197/196 629/629/626 195/195/194
f 201/201/200 629/629/626 197/197/196
f 197/197/196 199/199/198 201/201/200
f 630/630/627 631/631/628 632/632/629
f 633/633/630 632/632/629 631/631/628
f 632/632/629 633/633/630 634/634/631
f 634/634/631 635/635/632 632/632/629
f 636/636/633 632/632/629 635/635/632
f 635/635/632 637/637/634 636/636/633
f 638/638/635 636/636/633 637/637/634
f 637/637/634 639/639/636 638/638/635
f 640/640/637 638/638/635 639/639/636
f 639/639/636 641/641/638 640/640/637
f 642/642/639 640/640/637 641/641/638
f 641/641/638 643/643/640 642/642/639
f 644/644/641 642/642/639 643/643/640
f 643/643/640 645/645/642 644/644/641
f 645/645/642 646/646/643 644/644/641
f 647/647/644 646/646/643 645/645/642
f 646/646/643 647/647/644 648/648/645
f 649/649/646 648/648/645 647/647/644
f 647/647/644 650/650/647 649/649/646
f 650/650/647 647/647/644 651/651/648
f 651/651/648 652/652/649 650/650/647
f 645/645/642 651/651/648 647/647/644
f 632/632/629 636/636/633 630/630/627
f 653/653/650 630/630/627 636/636/633
f 636/636/633 638/638/635 653/653/650
f 654/654/651 653/653/650 638/638/635
f 638/638/635 640/640/637 654/654/651
f 655/655/652 654/654/651 640/640/637
f 640/640/637 642/642/639 655/655/652
f 656/656/653 655/655/652 642/642/639
f 642/642/639 644/644/641 656/656/653
f 656/656/653 644/644/641 646/646/643
f 646/646/643 657/657/654 656/656/653
f 648/648/645 657/657/654 646/646/643
f 547/547/545 546/546/544 658/658/655
f 658/658/655 550/550/548 547/547/545
f 270/270/269 659/659/656 272/272/271
f 272/272/271 659/659/656 274/274/273
f 619/619/616 614/614/611 613/613/610
f 613/613/610 660/660/657 619/619/616
f 619/619/616 660/660/657 661/661/658
f 661/661/658 621/621/618 619/619/616
f 623/623/620 621/621/618 661/661/658
f 661/661/658 662/662/659 623/623/620
f 623/623/620 662/662/659 624/624/621
f 282/282/281 663/663/660 664/664/660
f 209/209/208 541/541/539 207/207/206
f 541/541/539 209/209/208 211/211/210
f 631/631/628 665/665/661 633/633/630
usemtl skin#ger_uniform.mtl
f 666/666/662 667/667/662 668/668/662
f 669/669/663 670/670/664 671/671/665
f 671/671/665 672/672/666 669/669/663
f 673/673/667 669/669/663 672/672/666
f 672/672/666 674/674/668 673/673/667
f 675/675/669 673/673/667 674/674/668
f 674/674/668 676/676/670 675/675/669
f 677/677/671 675/675/669 676/676/670
f 676/676/670 678/678/672 677/677/671
f 679/679/673 677/677/671 678/678/672
f 680/680/674 679/679/673 678/678/672
f 678/678/672 681/681/675 680/680/674
f 680/680/674 681/681/675 682/682/676
f 681/681/675 683/683/677 682/682/676
f 684/684/678 682/682/676 683/683/677
f 683/683/677 685/685/679 684/684/678
f 686/686/680 684/684/678 685/685/679
f 685/685/679 687/687/681 686/686/680
f 688/688/682 686/686/680 687/687/681
f 689/689/683 690/690/684 671/671/665
f 671/671/665 691/691/685 689/689/683
f 692/692/686 689/689/683 691/691/685
f 691/691/685 693/693/687 692/692/686
f 694/694/688 692/692/686 693/693/687
f 693/693/687 695/695/689 694/694/688
f 696/696/690 694/694/688 695/695/689
f 695/695/689 697/697/691 696/696/690
f 696/696/690 697/697/691 698/698/692
f 699/699/693 698/698/692 697/697/691
f 698/698/692 699/699/693 700/700/694
f 695/695/689 701/701/695 697/697/691
f 697/697/691 701/701/695 699/699/693
f 687/687/681 702/702/696 688/688/682
f 688/688/682 702/702/696 703/703/697
f 702/702/696 704/704/698 703/703/697
f 705/705/699 703/703/697 704/704/698
f 706/706/700 705/705/699 704/704/698
f 707/707/701 706/706/700 704/704/698
f 707/707/701 708/708/702 706/706/700
f 709/709/703 708/708/702 707/707/701
f 707/707/701 710/710/704 709/709/703
f 711/711/705 709/709/703 710/710/704
f 710/710/704 712/712/706 711/711/705
f 700/700/694 711/711/705 712/712/706
f 712/712/706 713/713/707 700/700/694
f 700/700/694 713/713/707 698/698/692
f 698/698/692 713/713/707 714/714/708
f 714/714/708 715/715/709 698/698/692
f 716/716/710 715/715/709 714/714/708
f 717/717/711 715/715/709 716/716/710
f 714/714/708 718/718/712 716/716/710
f 719/719/713 714/714/708 713/713/707
f 713/713/707 712/712/706 719/719/713
f 720/720/714 719/719/713 712/712/706
f 712/712/706 710/710/704 720/720/714
f 721/721/715 720/720/714 710/710/704
f 710/710/704 707/707/701 721/721/715
f 722/722/716 721/721/715 707/707/701
f 707/707/701 723/723/717 722/722/716
f 722/722/716 724/724/718 721/721/715
f 725/725/719 726/726/720 727/727/721
f 727/727/721 728/728/722 725/725/719
f 729/729/723 725/725/719 728/728/722
f 728/728/722 730/730/724 729/729/723
f 731/731/725 729/729/723 730/730/724
f 730/730/724 732/732/726 731/731/725
f 733/733/727 731/731/725 732/732/726
f 732/732/726 734/734/728 733/733/727
f 723/723/717 733/733/727 734/734/728
f 734/734/728 735/735/729 723/723/717
f 722/722/716 723/723/717 735/735/729
f 735/735/729 736/736/730 722/722/716
f 722/722/716 736/736/730 737/737/731
f 737/737/731 724/724/718 722/722/716
f 738/738/732 724/724/718 737/737/731
f 721/721/715 724/724/718 738/738/732
f 738/738/732 739/739/733 721/721/715
f 720/720/714 721/721/715 739/739/733
f 737/737/731 740/740/734 738/738/732
f 698/698/692 715/715/709 717/717/711
f 741/741/735 698/698/692 717/717/711
f 698/698/692 741/741/735 696/696/690
f 742/742/736 696/696/690 741/741/735
f 694/694/688 696/696/690 742/742/736
f 742/742/736 743/743/737 694/694/688
f 692/692/686 694/694/688 743/743/737
f 743/743/737 744/744/738 692/692/686
f 689/689/683 692/692/686 744/744/738
f 744/744/738 745/745/739 689/689/683
f 690/690/684 689/689/683 745/745/739
f 745/745/739 746/746/740 690/690/684
f 746/746/740 745/745/739 747/747/741
f 747/747/741 748/748/742 746/746/740
f 749/749/743 748/748/742 747/747/741
f 747/747/741 750/750/744 749/749/743
f 751/751/745 749/749/743 750/750/744
f 750/750/744 752/752/746 751/751/745
f 717/717/711 753/753/747 754/754/748
f 754/754/748 741/741/735 717/717/711
f 741/741/735 754/754/748 742/742/736
f 752/752/746 750/750/744 755/755/749
f 756/756/750 755/755/749 750/750/744
f 750/750/744 747/747/741 756/756/750
f 756/756/750 747/747/741 745/745/739
f 745/745/739 744/744/738 756/756/750
f 757/757/751 756/756/750 744/744/738
f 744/744/738 743/743/737 757/757/751
f 743/743/737 758/758/752 757/757/751
f 758/758/752 743/743/737 742/742/736
f 742/742/736 759/759/753 758/758/752
f 759/759/753 742/742/736 754/754/748
f 754/754/748 760/760/754 759/759/753
f 760/760/754 754/754/748 753/753/747
f 753/753/747 761/761/755 760/760/754
f 762/762/756 760/760/754 761/761/755
f 761/761/755 763/763/757 762/762/756
f 764/764/758 762/762/756 763/763/757
f 763/763/757 765/765/759 764/764/758
f 760/760/754 762/762/756 766/766/760
f 766/766/760 759/759/753 760/760/754
f 759/759/753 766/766/760 767/767/761
f 767/767/761 758/758/752 759/759/753
f 758/758/752 767/767/761 768/768/762
f 768/768/762 757/757/751 758/758/752
f 762/762/756 764/764/758 769/769/763
f 769/769/763 766/766/760 762/762/756
f 766/766/760 769/769/763 770/770/764
f 770/770/764 767/767/761 766/766/760
f 767/767/761 770/770/764 771/771/765
f 771/771/765 768/768/762 767/767/761
f 768/768/762 771/771/765 772/772/766
f 772/772/766 755/755/749 768/768/762
f 757/757/751 768/768/762 755/755/749
f 755/755/749 756/756/750 757/757/751
f 773/773/767 774/774/768 775/775/769
f 773/773/767 775/775/769 776/776/770
f 776/776/770 775/775/769 777/777/771
f 778/778/772 777/777/771 775/775/769
f 775/775/769 779/779/773 778/778/772
f 780/780/774 778/778/772 779/779/773
f 779/779/773 764/764/758 780/780/774
f 764/764/758 779/779/773 781/781/775
f 781/781/775 769/769/763 764/764/758
f 769/769/763 781/781/775 782/782/776
f 782/782/776 770/770/764 769/769/763
f 770/770/764 782/782/776 783/783/777
f 783/783/777 771/771/765 770/770/764
f 771/771/765 783/783/777 784/784/778
f 784/784/778 772/772/766 771/771/765
f 772/772/766 784/784/778 785/785/779
f 785/785/779 752/752/746 772/772/766
f 755/755/749 772/772/766 752/752/746
f 786/786/780 787/787/781 788/788/782
f 788/788/782 789/789/783 786/786/780
f 788/788/782 784/784/778 789/789/783
f 789/789/783 784/784/778 783/783/777
f 783/783/777 790/790/784 789/789/783
f 790/790/784 783/783/777 782/782/776
f 782/782/776 791/791/785 790/790/784
f 791/791/785 782/782/776 781/781/775
f 781/781/775 792/792/786 791/791/785
f 792/792/786 781/781/775 779/779/773
f 779/779/773 775/775/769 792/792/786
f 792/792/786 775/775/769 774/774/768
f 774/774/768 793/793/787 792/792/786
f 792/792/786 793/793/787 794/794/788
f 792/792/786 794/794/788 795/795/789
f 795/795/789 791/791/785 792/792/786
f 791/791/785 795/795/789 796/796/790
f 796/796/790 790/790/784 791/791/785
f 789/789/783 790/790/784 796/796/790
f 796/796/790 797/797/791 789/789/783
f 789/789/783 797/797/791 786/786/780
f 798/798/792 785/785/779 784/784/778
f 784/784/778 788/788/782 798/798/792
f 798/798/792 788/788/782 799/799/793
f 788/788/782 787/787/781 799/799/793
f 800/800/794 798/798/792 799/799/793
f 798/798/792 800/800/794 801/801/795
f 802/802/796 798/798/792 801/801/795
f 803/803/797 802/802/796 801/801/795
f 802/802/796 803/803/797 804/804/798
f 802/802/796 804/804/798 805/805/799
f 806/806/800 751/751/745 752/752/746
f 752/752/746 785/785/779 806/806/800
f 807/807/801 806/806/800 785/785/779
f 785/785/779 798/798/792 807/807/801
f 807/807/801 798/798/792 808/808/802
f 798/798/792 802/802/796 808/808/802
f 808/808/802 802/802/796 809/809/803
f 805/805/799 809/809/803 802/802/796
f 809/809/803 805/805/799 810/810/804
f 811/811/805 809/809/803 810/810/804
f 809/809/803 811/811/805 812/812/806
f 812/812/806 813/813/807 809/809/803
f 812/812/806 814/814/808 813/813/807
f 813/813/807 814/814/808 815/815/809
f 815/815/809 816/816/810 813/813/807
f 817/817/811 816/816/810 815/815/809
f 816/816/810 817/817/811 818/818/812
f 818/818/812 817/817/811 819/819/813
f 809/809/803 820/820/814 808/808/802
f 808/808/802 821/821/815 807/807/801
f 821/821/815 808/808/802 820/820/814
f 820/820/814 822/822/816 821/821/815
f 822/822/816 820/820/814 823/823/817
f 824/824/818 823/823/817 820/820/814
f 820/820/814 809/809/803 824/824/818
f 809/809/803 813/813/807 824/824/818
f 818/818/812 824/824/818 813/813/807
f 813/813/807 816/816/810 818/818/812
f 823/823/817 825/825/819 822/822/816
f 819/819/813 826/826/820 818/818/812
f 827/827/821 826/826/820 819/819/813
f 819/819/813 828/828/822 827/827/821
f 827/827/821 828/828/822 829/829/823
f 830/830/824 829/829/823 828/828/822
f 831/831/825 829/829/823 830/830/824
f 830/830/824 832/832/826 831/831/825
f 831/831/825 832/832/826 833/833/827
f 834/834/828 833/833/827 832/832/826
f 835/835/829 833/833/827 834/834/828
f 834/834/828 836/836/830 835/835/829
f 835/835/829 836/836/830 837/837/831
f 837/837/831 836/836/830 838/838/832
f 838/838/832 839/839/833 837/837/831
f 840/840/834 839/839/833 838/838/832
f 841/841/835 839/839/833 840/840/834
f 840/840/834 842/842/836 841/841/835
f 843/843/837 842/842/836 840/840/834
f 833/833/827 844/844/838 831/831/825
f 839/839/833 841/841/835 845/845/839
f 845/845/839 837/837/831 839/839/833
f 837/837/831 845/845/839 846/846/840
f 846/846/840 847/847/841 837/837/831
f 837/837/831 847/847/841 835/835/829
f 848/848/842 835/835/829 847/847/841
f 833/833/827 835/835/829 848/848/842
f 848/848/842 844/844/838 833/833/827
f 844/844/838 848/848/842 849/849/843
f 849/849/843 850/850/844 844/844/838
f 844/844/838 850/850/844 851/851/845
f 851/851/845 831/831/825 844/844/838
f 831/831/825 851/851/845 852/852/846
f 852/852/846 829/829/823 831/831/825
f 829/829/823 852/852/846 827/827/821
f 853/853/847 854/854/848 855/855/849
f 855/855/849 856/856/850 853/853/847
f 853/853/847 856/856/850 849/849/843
f 849/849/843 848/848/842 853/853/847
f 847/847/841 853/853/847 848/848/842
f 854/854/848 853/853/847 847/847/841
f 847/847/841 846/846/840 854/854/848
f 840/840/834 857/857/851 843/843/837
f 843/843/837 857/857/851 858/858/852
f 858/858/852 857/857/851 859/859/853
f 859/859/853 860/860/854 858/858/852
f 861/861/855 860/860/854 859/859/853
f 859/859/853 862/862/856 861/861/855
f 861/861/855 862/862/856 863/863/857
f 862/862/856 864/864/858 863/863/857
f 863/863/857 864/864/858 865/865/859
f 864/864/858 866/866/860 865/865/859
f 867/867/861 866/866/860 864/864/858
f 864/864/858 868/868/862 867/867/861
f 869/869/863 867/867/861 868/868/862
f 868/868/862 870/870/864 869/869/863
f 871/871/865 869/869/863 870/870/864
f 870/870/864 872/872/866 871/871/865
f 873/873/867 871/871/865 872/872/866
f 872/872/866 874/874/868 873/873/867
f 858/858/852 875/875/869 843/843/837
f 873/873/867 874/874/868 876/876/870
f 877/877/871 876/876/870 874/874/868
f 874/874/868 878/878/872 877/877/871
f 877/877/871 878/878/872 879/879/873
f 880/880/874 879/879/873 878/878/872
f 879/879/873 880/880/874 881/881/875
f 882/882/876 881/881/875 880/880/874
f 881/881/875 882/882/876 883/883/877
f 883/883/877 882/882/876 884/884/878
f 884/884/878 885/885/879 883/883/877
f 885/885/879 884/884/878 886/886/880
f 886/886/880 887/887/881 885/885/879
f 834/834/828 887/887/881 886/886/880
f 832/832/826 887/887/881 834/834/828
f 887/887/881 832/832/826 830/830/824
f 830/830/824 885/885/879 887/887/881
f 885/885/879 830/830/824 888/888/882
f 888/888/882 883/883/877 885/885/879
f 881/881/875 889/889/883 879/879/873
f 890/890/884 883/883/877 888/888/882
f 883/883/877 890/890/884 881/881/875
f 881/881/875 890/890/884 891/891/885
f 891/891/885 889/889/883 881/881/875
f 892/892/886 889/889/883 891/891/885
f 889/889/883 892/892/886 893/893/887
f 893/893/887 879/879/873 889/889/883
f 879/879/873 893/893/887 894/894/888
f 879/879/873 894/894/888 877/877/871
f 828/828/822 888/888/882 830/830/824
f 895/895/889 888/888/882 828/828/822
f 888/888/882 895/895/889 890/890/884
f 890/890/884 895/895/889 896/896/890
f 896/896/890 891/891/885 890/890/884
f 891/891/885 896/896/890 897/897/891
f 897/897/891 898/898/892 891/891/885
f 891/891/885 898/898/892 892/892/886
f 828/828/822 819/819/813 895/895/889
f 896/896/890 895/895/889 819/819/813
f 819/819/813 817/817/811 896/896/890
f 899/899/893 896/896/890 817/817/811
f 815/815/809 899/899/893 817/817/811
f 896/896/890 899/899/893 815/815/809
f 815/815/809 900/900/894 896/896/890
f 896/896/890 900/900/894 901/901/895
f 896/896/890 901/901/895 897/897/891
f 902/902/896 903/903/897 904/904/898
f 904/904/898 905/905/899 902/902/896
f 905/905/899 904/904/898 906/906/900
f 906/906/900 907/907/901 905/905/899
f 907/907/901 906/906/900 908/908/902
f 908/908/902 909/909/903 907/907/901
f 909/909/903 908/908/902 910/910/904
f 910/910/904 911/911/905 909/909/903
f 912/912/906 909/909/903 911/911/905
f 911/911/905 913/913/907 912/912/906
f 914/914/908 912/912/906 913/913/907
f 913/913/907 915/915/909 914/914/908
f 916/916/910 914/914/908 915/915/909
f 915/915/909 917/917/911 916/916/910
f 918/918/912 916/916/910 917/917/911
f 917/917/911 919/919/913 918/918/912
f 920/920/914 918/918/912 919/919/913
f 919/919/913 921/921/915 920/920/914
f 922/922/916 923/923/917 924/924/918
f 924/924/918 925/925/919 922/922/916
f 926/926/920 922/922/916 925/925/919
f 925/925/919 927/927/921 926/926/920
f 928/928/922 926/926/920 927/927/921
f 927/927/921 929/929/923 928/928/922
f 930/930/924 928/928/922 929/929/923
f 929/929/923 931/931/925 930/930/924
f 932/932/926 930/930/924 931/931/925
f 931/931/925 933/933/927 932/932/926
f 920/920/914 932/932/926 933/933/927
f 933/933/927 934/934/928 920/920/914
f 918/918/912 920/920/914 934/934/928
f 934/934/928 935/935/929 918/918/912
f 916/916/910 918/918/912 935/935/929
f 935/935/929 936/936/930 916/916/910
f 914/914/908 916/916/910 936/936/930
f 936/936/930 937/937/931 914/914/908
f 912/912/906 914/914/908 937/937/931
f 937/937/931 907/907/901 912/912/906
f 912/912/906 907/907/901 909/909/903
f 934/934/928 933/933/927 938/938/932
f 938/938/932 939/939/933 934/934/928
f 935/935/929 934/934/928 939/939/933
f 939/939/933 940/940/934 935/935/929
f 936/936/930 935/935/929 940/940/934
f 940/940/934 941/941/935 936/936/930
f 937/937/931 936/936/930 941/941/935
f 941/941/935 942/942/936 937/937/931
f 907/907/901 937/937/931 942/942/936
f 942/942/936 905/905/899 907/907/901
f 943/943/937 944/944/938 945/945/939
f 945/945/939 946/946/940 943/943/937
f 938/938/932 943/943/937 946/946/940
f 946/946/940 947/947/941 938/938/932
f 939/939/933 938/938/932 947/947/941
f 947/947/941 948/948/942 939/939/933
f 940/940/934 939/939/933 948/948/942
f 948/948/942 949/949/943 940/940/934
f 941/941/935 940/940/934 949/949/943
f 949/949/943 950/950/944 941/941/935
f 942/942/936 941/941/935 950/950/944
f 950/950/944 951/951/945 942/942/936
f 905/905/899 942/942/936 951/951/945
f 951/951/945 902/902/896 905/905/899
f 952/952/946 953/953/947 954/954/948
f 954/954/948 955/955/949 952/952/946
f 955/955/949 954/954/948 956/956/950
f 956/956/950 957/957/951 955/955/949
f 957/957/951 956/956/950 958/958/952
f 958/958/952 959/959/953 957/957/951
f 924/924/918 957/957/951 959/959/953
f 959/959/953 960/960/954 924/924/918
f 925/925/919 924/924/918 960/960/954
f 960/960/954 961/961/955 925/925/919
f 927/927/921 925/925/919 961/961/955
f 961/961/955 962/962/956 927/927/921
f 929/929/923 927/927/921 962/962/956
f 962/962/956 944/944/938 929/929/923
f 931/931/925 929/929/923 944/944/938
f 944/944/938 943/943/937 931/931/925
f 933/933/927 931/931/925 943/943/937
f 943/943/937 938/938/932 933/933/927
f 953/953/947 963/963/957 964/964/958
f 964/964/958 954/954/948 953/953/947
f 954/954/948 964/964/958 965/965/959
f 965/965/959 956/956/950 954/954/948
f 956/956/950 965/965/959 966/966/960
f 966/966/960 958/958/952 956/956/950
f 958/958/952 966/966/960 967/967/961
f 967/967/961 968/968/962 958/958/952
f 959/959/953 958/958/952 968/968/962
f 968/968/962 969/969/963 959/959/953
f 960/960/954 959/959/953 969/969/963
f 969/969/963 970/970/964 960/960/954
f 961/961/955 960/960/954 970/970/964
f 970/970/964 971/971/965 961/961/955
f 962/962/956 961/961/955 971/971/965
f 971/971/965 972/972/966 962/962/956
f 944/944/938 962/962/956 972/972/966
f 972/972/966 945/945/939 944/944/938
f 963/963/957 953/953/947 973/973/967
f 973/973/967 974/974/968 963/963/957
f 974/974/968 975/975/969 963/963/957
f 975/975/969 974/974/968 976/976/970
f 976/976/970 977/977/971 975/975/969
f 977/977/971 976/976/970 978/978/972
f 978/978/972 979/979/973 977/977/971
f 979/979/973 978/978/972 980/980/974
f 980/980/974 981/981/975 979/979/973
f 981/981/975 980/980/974 982/982/976
f 982/982/976 983/983/977 981/981/975
f 984/984/978 983/983/977 982/982/976
f 982/982/976 985/985/979 984/984/978
f 984/984/978 985/985/979 986/986/980
f 987/987/981 986/986/980 985/985/979
f 988/988/982 986/986/980 987/987/981
f 987/987/981 989/989/983 988/988/982
f 989/989/983 990/990/984 988/988/982
f 990/990/984 991/991/985 992/992/986
f 992/992/986 988/988/982 990/990/984
f 988/988/982 992/992/986 993/993/987
f 993/993/987 986/986/980 988/988/982
f 994/994/988 986/986/980 993/993/987
f 986/986/980 994/994/988 984/984/978
f 995/995/989 990/990/984 989/989/983
f 991/991/985 990/990/984 995/995/989
f 995/995/989 996/996/990 991/991/985
f 997/997/991 996/996/990 995/995/989
f 995/995/989 998/998/992 997/997/991
f 997/997/991 998/998/992 999/999/993
f 999/999/993 998/998/992 1000/1000/994
f 1000/1000/994 1001/1001/995 999/999/993
f 1002/1002/996 1001/1001/995 1000/1000/994
f 1001/1001/995 1002/1002/996 1003/1003/997
f 1004/1004/998 1003/1003/997 1002/1002/996
f 1003/1003/997 1004/1004/998 1005/1005/999
f 1005/1005/999 1004/1004/998 1006/1006/1000
f 1006/1006/1000 1007/1007/1001 1005/1005/999
f 1006/1006/1000 1008/1008/1002 1007/1007/1001
f 1008/1008/1002 1009/1009/1003 1007/1007/1001
f 1008/1008/1002 1010/1010/1004 1009/1009/1003
f 1010/1010/1004 1011/1011/1005 1009/1009/1003
f 1012/1012/1006 1000/1000/994 998/998/992
f 998/998/992 995/995/989 1012/1012/1006
f 989/989/983 1012/1012/1006 995/995/989
f 1013/1013/1007 1014/1014/1008 1008/1008/1002
f 1008/1008/1002 1006/1006/1000 1013/1013/1007
f 1013/1013/1007 1006/1006/1000 1004/1004/998
f 1004/1004/998 1015/1015/1009 1013/1013/1007
f 1002/1002/996 1015/1015/1009 1004/1004/998
f 1015/1015/1009 1002/1002/996 1016/1016/1010
f 1000/1000/994 1016/1016/1010 1002/1002/996
f 1000/1000/994 1012/1012/1006 1016/1016/1010
f 1017/1017/1011 1016/1016/1010 1012/1012/1006
f 1012/1012/1006 989/989/983 1017/1017/1011
f 1018/1018/1012 1017/1017/1011 989/989/983
f 989/989/983 987/987/981 1018/1018/1012
f 1018/1018/1012 987/987/981 1019/1019/1013
f 985/985/979 1019/1019/1013 987/987/981
f 1020/1020/1014 1019/1019/1013 985/985/979
f 985/985/979 982/982/976 1020/1020/1014
f 1021/1021/1015 1020/1020/1014 982/982/976
f 982/982/976 980/980/974 1021/1021/1015
f 1014/1014/1008 1013/1013/1007 1022/1022/1016
f 1022/1022/1016 1013/1013/1007 1015/1015/1009
f 1015/1015/1009 1023/1023/1017 1022/1022/1016
f 1016/1016/1010 1023/1023/1017 1015/1015/1009
f 1024/1024/1018 1023/1023/1017 1016/1016/1010
f 1016/1016/1010 1017/1017/1011 1024/1024/1018
f 1024/1024/1018 1017/1017/1011 1018/1018/1012
f 1023/1023/1017 1024/1024/1018 1025/1025/1019
f 1025/1025/1019 1022/1022/1016 1023/1023/1017
f 1026/1026/1020 1027/1027/1021 1028/1028/1022
f 1021/1021/1015 1027/1027/1021 1026/1026/1020
f 1020/1020/1014 1021/1021/1015 1026/1026/1020
f 1019/1019/1013 1020/1020/1014 1026/1026/1020
f 1026/1026/1020 1029/1029/1023 1019/1019/1013
f 1019/1019/1013 1029/1029/1023 1018/1018/1012
f 1030/1030/1024 1018/1018/1012 1029/1029/1023
f 1018/1018/1012 1030/1030/1024 1024/1024/1018
f 1024/1024/1018 1030/1030/1024 1031/1031/1025
f 1031/1031/1025 1025/1025/1019 1024/1024/1018
f 1032/1032/1026 1025/1025/1019 1031/1031/1025
f 1022/1022/1016 1025/1025/1019 1032/1032/1026
f 1032/1032/1026 1033/1033/1027 1022/1022/1016
f 1022/1022/1016 1033/1033/1027 1014/1014/1008
f 1033/1033/1027 1034/1034/1028 1014/1014/1008
f 1014/1014/1008 1034/1034/1028 1035/1035/1029
f 1036/1036/1030 1035/1035/1029 1034/1034/1028
f 1037/1037/1031 1035/1035/1029 1036/1036/1030
f 1028/1028/1022 1038/1038/1032 1026/1026/1020
f 1033/1033/1027 1032/1032/1026 1039/1039/1033
f 1039/1039/1033 1032/1032/1026 1040/1040/1034
f 1031/1031/1025 1040/1040/1034 1032/1032/1026
f 1040/1040/1034 1031/1031/1025 1041/1041/1035
f 1041/1041/1035 1031/1031/1025 1030/1030/1024
f 1030/1030/1024 1042/1042/1036 1041/1041/1035
f 1029/1029/1023 1042/1042/1036 1030/1030/1024
f 1042/1042/1036 1029/1029/1023 1026/1026/1020
f 1026/1026/1020 1043/1043/1037 1042/1042/1036
f 1043/1043/1037 1026/1026/1020 1038/1038/1032
f 1038/1038/1032 1044/1044/1038 1043/1043/1037
f 1043/1043/1037 1044/1044/1038 1041/1041/1035
f 1045/1045/1039 1041/1041/1035 1044/1044/1038
f 1046/1046/1040 1041/1041/1035 1045/1045/1039
f 1045/1045/1039 1047/1047/1041 1046/1046/1040
f 1048/1048/1042 1046/1046/1040 1047/1047/1041
f 1049/1049/1043 1048/1048/1042 1047/1047/1041
f 1050/1050/1044 1048/1048/1042 1049/1049/1043
f 1046/1046/1040 1048/1048/1042 1050/1050/1044
f 1050/1050/1044 1040/1040/1034 1046/1046/1040
f 1041/1041/1035 1046/1046/1040 1040/1040/1034
f 1042/1042/1036 1043/1043/1037 1041/1041/1035
f 932/932/926 920/920/914 921/921/915
f 921/921/915 1051/1051/1045 932/932/926
f 930/930/924 932/932/926 1051/1051/1045
f 1051/1051/1045 1052/1052/1046 930/930/924
f 928/928/922 930/930/924 1052/1052/1046
f 1052/1052/1046 1053/1053/1047 928/928/922
f 926/926/920 928/928/922 1053/1053/1047
f 1053/1053/1047 1054/1054/1048 926/926/920
f 922/922/916 926/926/920 1054/1054/1048
f 1054/1054/1048 1055/1055/1049 922/922/916
f 923/923/917 922/922/916 1055/1055/1049
f 1055/1055/1049 1056/1056/1050 923/923/917
f 923/923/917 1056/1056/1050 1057/1057/1051
f 1058/1058/1052 1057/1057/1051 1056/1056/1050
f 952/952/946 1057/1057/1051 1058/1058/1052
f 1058/1058/1052 1059/1059/1053 952/952/946
f 953/953/947 952/952/946 1059/1059/1053
f 1059/1059/1053 973/973/967 953/953/947
f 1027/1027/1021 1021/1021/1015 980/980/974
f 980/980/974 978/978/972 1027/1027/1021
f 1028/1028/1022 1027/1027/1021 978/978/972
f 978/978/972 976/976/970 1028/1028/1022
f 1028/1028/1022 976/976/970 974/974/968
f 974/974/968 973/973/967 1028/1028/1022
f 1038/1038/1032 1028/1028/1022 973/973/967
f 973/973/967 1059/1059/1053 1038/1038/1032
f 1044/1044/1038 1038/1038/1032 1059/1059/1053
f 1059/1059/1053 1058/1058/1052 1044/1044/1038
f 1044/1044/1038 1058/1058/1052 1045/1045/1039
f 1056/1056/1050 1045/1045/1039 1058/1058/1052
f 1047/1047/1041 1045/1045/1039 1056/1056/1050
f 1056/1056/1050 1055/1055/1049 1047/1047/1041
f 1060/1060/1054 1047/1047/1041 1055/1055/1049
f 1055/1055/1049 1054/1054/1048 1060/1060/1054
f 1061/1061/1055 1060/1060/1054 1054/1054/1048
f 1054/1054/1048 1053/1053/1047 1061/1061/1055
f 1047/1047/1041 1060/1060/1054 1049/1049/1043
f 1036/1036/1030 1062/1062/1056 1037/1037/1031
f 1037/1037/1031 1062/1062/1056 1063/1063/1057
f 1064/1064/1058 1063/1063/1057 1062/1062/1056
f 1063/1063/1057 1064/1064/1058 1065/1065/1059
f 1065/1065/1059 1064/1064/1058 1066/1066/1060
f 1067/1067/1061 1065/1065/1059 1066/1066/1060
f 1066/1066/1060 1068/1068/1062 1067/1067/1061
f 1061/1061/1055 1067/1067/1061 1068/1068/1062
f 1068/1068/1062 1060/1060/1054 1061/1061/1055
f 1060/1060/1054 1068/1068/1062 1069/1069/1063
f 1069/1069/1063 1049/1049/1043 1060/1060/1054
f 1070/1070/1064 1049/1049/1043 1069/1069/1063
f 1049/1049/1043 1070/1070/1064 1050/1050/1044
f 1071/1071/1065 1050/1050/1044 1070/1070/1064
f 1039/1039/1033 1050/1050/1044 1071/1071/1065
f 1071/1071/1065 1036/1036/1030 1039/1039/1033
f 1034/1034/1028 1039/1039/1033 1036/1036/1030
f 1039/1039/1033 1034/1034/1028 1033/1033/1027
f 1062/1062/1056 1036/1036/1030 1071/1071/1065
f 1072/1072/1066 1069/1069/1063 1068/1068/1062
f 1069/1069/1063 1072/1072/1066 1070/1070/1064
f 1071/1071/1065 1070/1070/1064 1072/1072/1066
f 1072/1072/1066 1073/1073/1067 1071/1071/1065
f 1071/1071/1065 1073/1073/1067 1062/1062/1056
f 1062/1062/1056 1073/1073/1067 1064/1064/1058
f 1066/1066/1060 1064/1064/1058 1073/1073/1067
f 1073/1073/1067 1072/1072/1066 1066/1066/1060
f 1068/1068/1062 1066/1066/1060 1072/1072/1066
f 1010/1010/1004 1074/1074/1068 1011/1011/1005
f 1011/1011/1005 1074/1074/1068 1075/1075/1069
f 1076/1076/1070 1075/1075/1069 1074/1074/1068
f 1077/1077/1071 1075/1075/1069 1076/1076/1070
f 1076/1076/1070 1078/1078/1072 1077/1077/1071
f 1077/1077/1071 1078/1078/1072 1079/1079/1073
f 1080/1080/1074 1079/1079/1073 1078/1078/1072
f 1081/1081/1075 1079/1079/1073 1080/1080/1074
f 1080/1080/1074 1082/1082/1076 1081/1081/1075
f 1083/1083/1077 1081/1081/1075 1082/1082/1076
f 1082/1082/1076 1084/1084/1078 1083/1083/1077
f 1085/1085/1079 1083/1083/1077 1084/1084/1078
f 1084/1084/1078 1086/1086/1080 1085/1085/1079
f 1087/1087/1081 1085/1085/1079 1086/1086/1080
f 1086/1086/1080 1088/1088/1082 1087/1087/1081
f 1089/1089/1083 1087/1087/1081 1088/1088/1082
f 1088/1088/1082 1090/1090/1084 1089/1089/1083
f 1091/1091/1085 1089/1089/1083 1090/1090/1084
f 1082/1082/1076 1080/1080/1074 1092/1092/1086
f 1093/1093/1087 1074/1074/1068 1010/1010/1004
f 1074/1074/1068 1093/1093/1087 1076/1076/1070
f 1094/1094/1088 1076/1076/1070 1093/1093/1087
f 1078/1078/1072 1076/1076/1070 1094/1094/1088
f 1094/1094/1088 1095/1095/1089 1078/1078/1072
f 1078/1078/1072 1095/1095/1089 1080/1080/1074
f 1092/1092/1086 1080/1080/1074 1095/1095/1089
f 1095/1095/1089 1096/1096/1090 1092/1092/1086
f 1092/1092/1086 1096/1096/1090 1065/1065/1059
f 1096/1096/1090 1097/1097/1091 1065/1065/1059
f 1065/1065/1059 1097/1097/1091 1063/1063/1057
f 1098/1098/1092 1063/1063/1057 1097/1097/1091
f 1063/1063/1057 1098/1098/1092 1037/1037/1031
f 1099/1099/1093 1037/1037/1031 1098/1098/1092
f 1035/1035/1029 1037/1037/1031 1099/1099/1093
f 1099/1099/1093 1100/1100/1094 1035/1035/1029
f 1035/1035/1029 1100/1100/1094 1014/1014/1008
f 1014/1014/1008 1100/1100/1094 1008/1008/1002
f 1096/1096/1090 1095/1095/1089 1094/1094/1088
f 1094/1094/1088 1097/1097/1091 1096/1096/1090
f 1097/1097/1091 1094/1094/1088 1098/1098/1092
f 1093/1093/1087 1098/1098/1092 1094/1094/1088
f 1098/1098/1092 1093/1093/1087 1099/1099/1093
f 1010/1010/1004 1099/1099/1093 1093/1093/1087
f 1100/1100/1094 1099/1099/1093 1010/1010/1004
f 1100/1100/1094 1010/1010/1004 1008/1008/1002
f 1090/1090/1084 1101/1101/1095 1091/1091/1085
f 1102/1102/1096 1091/1091/1085 1101/1101/1095
f 1101/1101/1095 1103/1103/1097 1102/1102/1096
f 1103/1103/1097 1101/1101/1095 1104/1104/1098
f 1104/1104/1098 1105/1105/1099 1103/1103/1097
f 1105/1105/1099 1104/1104/1098 1106/1106/1100
f 1106/1106/1100 1107/1107/1101 1105/1105/1099
f 1107/1107/1101 1106/1106/1100 1108/1108/1102
f 1106/1106/1100 1109/1109/1103 1108/1108/1102
f 1109/1109/1103 1106/1106/1100 1110/1110/1104
f 1110/1110/1104 1111/1111/1105 1109/1109/1103
f 1110/1110/1104 1112/1112/1106 1111/1111/1105
f 1112/1112/1106 1110/1110/1104 1113/1113/1107
f 1113/1113/1107 1114/1114/1108 1112/1112/1106
f 1114/1114/1108 1113/1113/1107 1115/1115/1109
f 1115/1115/1109 1116/1116/1110 1114/1114/1108
f 1116/1116/1110 1115/1115/1109 1117/1117/1111
f 1117/1117/1111 1118/1118/1112 1116/1116/1110
f 1119/1119/1113 1086/1086/1080 1084/1084/1078
f 1086/1086/1080 1119/1119/1113 1120/1120/1114
f 1120/1120/1114 1088/1088/1082 1086/1086/1080
f 1088/1088/1082 1120/1120/1114 1121/1121/1115
f 1121/1121/1115 1090/1090/1084 1088/1088/1082
f 1101/1101/1095 1090/1090/1084 1121/1121/1115
f 1121/1121/1115 1104/1104/1098 1101/1101/1095
f 1104/1104/1098 1121/1121/1115 1122/1122/1116
f 1122/1122/1116 1106/1106/1100 1104/1104/1098
f 1106/1106/1100 1122/1122/1116 1123/1123/1117
f 1123/1123/1117 1110/1110/1104 1106/1106/1100
f 1110/1110/1104 1123/1123/1117 1124/1124/1118
f 1124/1124/1118 1113/1113/1107 1110/1110/1104
f 1113/1113/1107 1124/1124/1118 1125/1125/1119
f 1125/1125/1119 1115/1115/1109 1113/1113/1107
f 1126/1126/1120 1127/1127/1121 1128/1128/1122
f 1127/1127/1121 1126/1126/1120 1129/1129/1123
f 1130/1130/1124 1129/1129/1123 1126/1126/1120
f 1126/1126/1120 1131/1131/1125 1130/1130/1124
f 1119/1119/1113 1130/1130/1124 1131/1131/1125
f 1131/1131/1125 1132/1132/1126 1119/1119/1113
f 1120/1120/1114 1119/1119/1113 1132/1132/1126
f 1132/1132/1126 1133/1133/1127 1120/1120/1114
f 1121/1121/1115 1120/1120/1114 1133/1133/1127
f 1133/1133/1127 1122/1122/1116 1121/1121/1115
f 1123/1123/1117 1122/1122/1116 1133/1133/1127
f 1133/1133/1127 1134/1134/1128 1123/1123/1117
f 1134/1134/1128 1133/1133/1127 1132/1132/1126
f 1132/1132/1126 1135/1135/1129 1134/1134/1128
f 1135/1135/1129 1132/1132/1126 1131/1131/1125
f 1131/1131/1125 1136/1136/1130 1135/1135/1129
f 1136/1136/1130 1131/1131/1125 1126/1126/1120
f 1126/1126/1120 1137/1137/1131 1136/1136/1130
f 1128/1128/1122 1137/1137/1131 1126/1126/1120
f 1137/1137/1131 1128/1128/1122 1138/1138/1132
f 1061/1061/1055 1138/1138/1132 1128/1128/1122
f 1128/1128/1122 1067/1067/1061 1061/1061/1055
f 1065/1065/1059 1067/1067/1061 1128/1128/1122
f 1128/1128/1122 1127/1127/1121 1065/1065/1059
f 1065/1065/1059 1127/1127/1121 1092/1092/1086
f 1129/1129/1123 1092/1092/1086 1127/1127/1121
f 1092/1092/1086 1129/1129/1123 1082/1082/1076
f 1082/1082/1076 1129/1129/1123 1130/1130/1124
f 1130/1130/1124 1084/1084/1078 1082/1082/1076
f 1084/1084/1078 1130/1130/1124 1119/1119/1113
f 1138/1138/1132 1139/1139/1133 1137/1137/1131
f 1136/1136/1130 1137/1137/1131 1139/1139/1133
f 1139/1139/1133 1140/1140/1134 1136/1136/1130
f 1135/1135/1129 1136/1136/1130 1140/1140/1134
f 1140/1140/1134 1141/1141/1135 1135/1135/1129
f 1134/1134/1128 1135/1135/1129 1141/1141/1135
f 1141/1141/1135 1142/1142/1136 1134/1134/1128
f 1123/1123/1117 1134/1134/1128 1142/1142/1136
f 1142/1142/1136 1124/1124/1118 1123/1123/1117
f 1142/1142/1136 1125/1125/1119 1124/1124/1118
f 1138/1138/1132 1061/1061/1055 1053/1053/1047
f 1053/1053/1047 1052/1052/1046 1138/1138/1132
f 1139/1139/1133 1138/1138/1132 1052/1052/1046
f 1052/1052/1046 1051/1051/1045 1139/1139/1133
f 1140/1140/1134 1139/1139/1133 1051/1051/1045
f 1051/1051/1045 921/921/915 1140/1140/1134
f 1141/1141/1135 1140/1140/1134 921/921/915
f 921/921/915 919/919/913 1141/1141/1135
f 1142/1142/1136 1141/1141/1135 919/919/913
f 919/919/913 917/917/911 1142/1142/1136
f 1125/1125/1119 1142/1142/1136 917/917/911
f 917/917/911 1143/1143/1137 1125/1125/1119
f 1115/1115/1109 1125/1125/1119 1143/1143/1137
f 1143/1143/1137 1117/1117/1111 1115/1115/1109
f 1144/1144/1138 1145/1145/1139 1146/1146/1140
f 1145/1145/1139 1144/1144/1138 1147/1147/1141
f 1147/1147/1141 1148/1148/1142 1145/1145/1139
f 1148/1148/1142 1147/1147/1141 1149/1149/1143
f 1149/1149/1143 1150/1150/1144 1148/1148/1142
f 1150/1150/1144 1149/1149/1143 1151/1151/1145
f 1151/1151/1145 1152/1152/1146 1150/1150/1144
f 1152/1152/1146 1151/1151/1145 1153/1153/1147
f 1153/1153/1147 1154/1154/1148 1152/1152/1146
f 1154/1154/1148 1153/1153/1147 1155/1155/1149
f 1155/1155/1149 1156/1156/1150 1154/1154/1148
f 1156/1156/1150 1155/1155/1149 1157/1157/1151
f 1157/1157/1151 1158/1158/1152 1156/1156/1150
f 1158/1158/1152 1157/1157/1151 1159/1159/1153
f 1159/1159/1153 1160/1160/1154 1158/1158/1152
f 1160/1160/1154 1159/1159/1153 1161/1161/1155
f 1161/1161/1155 1162/1162/1156 1160/1160/1154
f 1163/1163/1157 1160/1160/1154 1162/1162/1156
f 1154/1154/1148 1156/1156/1150 1164/1164/1158
f 1164/1164/1158 1165/1165/1159 1154/1154/1148
f 1152/1152/1146 1154/1154/1148 1165/1165/1159
f 1165/1165/1159 1166/1166/1160 1152/1152/1146
f 1150/1150/1144 1152/1152/1146 1166/1166/1160
f 1166/1166/1160 1167/1167/1161 1150/1150/1144
f 1148/1148/1142 1150/1150/1144 1167/1167/1161
f 1167/1167/1161 1168/1168/1162 1148/1148/1142
f 1145/1145/1139 1148/1148/1142 1168/1168/1162
f 1168/1168/1162 1169/1169/1163 1145/1145/1139
f 1170/1170/1164 1145/1145/1139 1169/1169/1163
f 1156/1156/1150 1158/1158/1152 1171/1171/1165
f 1171/1171/1165 1164/1164/1158 1156/1156/1150
f 1164/1164/1158 1171/1171/1165 1172/1172/1166
f 1172/1172/1166 1173/1173/1167 1164/1164/1158
f 1165/1165/1159 1164/1164/1158 1173/1173/1167
f 1173/1173/1167 1174/1174/1168 1165/1165/1159
f 1166/1166/1160 1165/1165/1159 1174/1174/1168
f 1174/1174/1168 1175/1175/1169 1166/1166/1160
f 1167/1167/1161 1166/1166/1160 1175/1175/1169
f 1175/1175/1169 1176/1176/1170 1167/1167/1161
f 1168/1168/1162 1167/1167/1161 1176/1176/1170
f 1176/1176/1170 1177/1177/1171 1168/1168/1162
f 1169/1169/1163 1168/1168/1162 1177/1177/1171
f 1177/1177/1171 1178/1178/1172 1169/1169/1163
f 1179/1179/1173 1169/1169/1163 1178/1178/1172
f 1180/1180/1174 1181/1181/1175 1173/1173/1167
f 1173/1173/1167 1172/1172/1166 1180/1180/1174
f 1182/1182/1176 1180/1180/1174 1172/1172/1166
f 1172/1172/1166 1183/1183/1177 1182/1182/1176
f 1183/1183/1177 1172/1172/1166 1171/1171/1165
f 1171/1171/1165 1163/1163/1157 1183/1183/1177
f 1163/1163/1157 1171/1171/1165 1158/1158/1152
f 1158/1158/1152 1160/1160/1154 1163/1163/1157
f 1184/1184/1178 1185/1185/1179 1186/1186/1180
f 1186/1186/1180 1187/1187/1181 1184/1184/1178
f 1187/1187/1181 1186/1186/1180 1188/1188/1182
f 1188/1188/1182 1189/1189/1183 1187/1187/1181
f 1190/1190/1184 1187/1187/1181 1189/1189/1183
f 1189/1189/1183 1191/1191/1185 1190/1190/1184
f 1192/1192/1186 1190/1190/1184 1191/1191/1185
f 1191/1191/1185 1178/1178/1172 1192/1192/1186
f 1193/1193/1187 1192/1192/1186 1178/1178/1172
f 1178/1178/1172 1177/1177/1171 1193/1193/1187
f 1194/1194/1188 1193/1193/1187 1177/1177/1171
f 1177/1177/1171 1176/1176/1170 1194/1194/1188
f 1195/1195/1189 1194/1194/1188 1176/1176/1170
f 1176/1176/1170 1175/1175/1169 1195/1195/1189
f 1196/1196/1190 1195/1195/1189 1175/1175/1169
f 1175/1175/1169 1174/1174/1168 1196/1196/1190
f 1181/1181/1175 1196/1196/1190 1174/1174/1168
f 1174/1174/1168 1173/1173/1167 1181/1181/1175
f 1178/1178/1172 1191/1191/1185 1197/1197/1191
f 1198/1198/1192 1199/1199/1193 1191/1191/1185
f 1191/1191/1185 1189/1189/1183 1198/1198/1192
f 1200/1200/1194 1198/1198/1192 1189/1189/1183
f 1189/1189/1183 1188/1188/1182 1200/1200/1194
f 1201/1201/1195 1200/1200/1194 1188/1188/1182
f 1188/1188/1182 1202/1202/1196 1201/1201/1195
f 1202/1202/1196 1188/1188/1182 1186/1186/1180
f 1186/1186/1180 1203/1203/1197 1202/1202/1196
f 1203/1203/1197 1186/1186/1180 1185/1185/1179
f 1185/1185/1179 1204/1204/1198 1203/1203/1197
f 1205/1205/1199 1198/1198/1192 1206/1206/1200
f 1207/1207/1201 1206/1206/1200 1198/1198/1192
f 1198/1198/1192 1200/1200/1194 1207/1207/1201
f 1208/1208/1202 1207/1207/1201 1200/1200/1194
f 1200/1200/1194 1201/1201/1195 1208/1208/1202
f 1209/1209/1203 1208/1208/1202 1201/1201/1195
f 1201/1201/1195 1210/1210/1204 1209/1209/1203
f 1210/1210/1204 1201/1201/1195 1202/1202/1196
f 1202/1202/1196 1211/1211/1205 1210/1210/1204
f 1211/1211/1205 1202/1202/1196 1203/1203/1197
f 1203/1203/1197 1212/1212/1206 1211/1211/1205
f 1212/1212/1206 1203/1203/1197 1204/1204/1198
f 1204/1204/1198 1213/1213/1207 1212/1212/1206
f 1214/1214/1208 1215/1215/1209 1206/1206/1200
f 1206/1206/1200 1216/1216/1210 1214/1214/1208
f 1216/1216/1210 1206/1206/1200 1207/1207/1201
f 1207/1207/1201 1217/1217/1211 1216/1216/1210
f 1217/1217/1211 1207/1207/1201 1208/1208/1202
f 1208/1208/1202 1218/1218/1212 1217/1217/1211
f 1218/1218/1212 1208/1208/1202 1209/1209/1203
f 1209/1209/1203 1219/1219/1213 1218/1218/1212
f 1219/1219/1213 1209/1209/1203 1220/1220/1214
f 1220/1220/1214 1209/1209/1203 1210/1210/1204
f 1210/1210/1204 1221/1221/1215 1220/1220/1214
f 1221/1221/1215 1210/1210/1204 1211/1211/1205
f 1211/1211/1205 1222/1222/1216 1221/1221/1215
f 1222/1222/1216 1211/1211/1205 1212/1212/1206
f 1212/1212/1206 1223/1223/1217 1222/1222/1216
f 1223/1223/1217 1212/1212/1206 1213/1213/1207
f 1213/1213/1207 1224/1224/1218 1223/1223/1217
f 1225/1225/1219 1223/1223/1217 1224/1224/1218
f 1226/1226/1220 1221/1221/1215 1222/1222/1216
f 1221/1221/1215 1227/1227/1221 1228/1228/1222
f 1228/1228/1222 1220/1220/1214 1221/1221/1215
f 1229/1229/1223 1220/1220/1214 1228/1228/1222
f 1220/1220/1214 1229/1229/1223 1219/1219/1213
f 1228/1228/1222 1230/1230/1224 1229/1229/1223
f 1230/1230/1224 1228/1228/1222 1231/1231/1225
f 1232/1232/1226 1228/1228/1222 1233/1233/1226
f 1162/1162/1156 1234/1234/1227 1163/1163/1157
f 1183/1183/1177 1163/1163/1157 1234/1234/1227
f 1234/1234/1227 1235/1235/1228 1183/1183/1177
f 1183/1183/1177 1235/1235/1228 1236/1236/1229
f 1236/1236/1229 1182/1182/1176 1183/1183/1177
f 1182/1182/1176 1236/1236/1229 1237/1237/1230
f 1237/1237/1230 1238/1238/1231 1182/1182/1176
f 1238/1238/1231 1237/1237/1230 1239/1239/1232
f 1239/1239/1232 1240/1240/1233 1238/1238/1231
f 1241/1241/1234 1238/1238/1231 1240/1240/1233
f 1240/1240/1233 1242/1242/1235 1241/1241/1234
f 1243/1243/1236 1241/1241/1234 1242/1242/1235
f 1242/1242/1235 1244/1244/1237 1243/1243/1236
f 1245/1245/1238 1243/1243/1236 1244/1244/1237
f 1244/1244/1237 1246/1246/1239 1245/1245/1238
f 1247/1247/1240 1245/1245/1238 1246/1246/1239
f 1246/1246/1239 1248/1248/1241 1247/1247/1240
f 1249/1249/1242 1247/1247/1240 1248/1248/1241
f 1240/1240/1233 1239/1239/1232 1250/1250/1243
f 1250/1250/1243 1251/1251/1244 1240/1240/1233
f 1242/1242/1235 1240/1240/1233 1251/1251/1244
f 1251/1251/1244 1252/1252/1245 1242/1242/1235
f 1244/1244/1237 1242/1242/1235 1252/1252/1245
f 1252/1252/1245 1253/1253/1246 1244/1244/1237
f 1246/1246/1239 1244/1244/1237 1253/1253/1246
f 1253/1253/1246 1254/1254/1247 1246/1246/1239
f 1254/1254/1247 1255/1255/1248 1246/1246/1239
f 1248/1248/1241 1246/1246/1239 1255/1255/1248
f 1255/1255/1248 1256/1256/1249 1248/1248/1241
f 1256/1256/1249 1257/1257/1250 1248/1248/1241
f 1258/1258/1251 1248/1248/1241 1257/1257/1250
f 1257/1257/1250 1259/1259/1252 1258/1258/1251
f 1260/1260/1253 1258/1258/1251 1259/1259/1252
f 1259/1259/1252 1261/1261/1254 1260/1260/1253
f 1262/1262/1255 1260/1260/1253 1261/1261/1254
f 1261/1261/1254 1263/1263/1256 1262/1262/1255
f 1264/1264/1257 1265/1265/1258 1251/1251/1244
f 1251/1251/1244 1266/1266/1259 1264/1264/1257
f 1267/1267/1260 1266/1266/1259 1251/1251/1244
f 1251/1251/1244 1250/1250/1243 1267/1267/1260
f 1248/1248/1241 1258/1258/1251 1249/1249/1242
f 1268/1268/1261 1249/1249/1242 1258/1258/1251
f 1258/1258/1251 1260/1260/1253 1268/1268/1261
f 1269/1269/1262 1268/1268/1261 1260/1260/1253
f 1260/1260/1253 1262/1262/1255 1269/1269/1262
f 1270/1270/1263 1269/1269/1262 1262/1262/1255
f 1262/1262/1255 1271/1271/1264 1270/1270/1263
f 1184/1184/1178 1270/1270/1263 1271/1271/1264
f 1271/1271/1264 1272/1272/1265 1184/1184/1178
f 1185/1185/1179 1184/1184/1178 1272/1272/1265
f 1272/1272/1265 1273/1273/1266 1185/1185/1179
f 1204/1204/1198 1185/1185/1179 1273/1273/1266
f 1273/1273/1266 1274/1274/1267 1204/1204/1198
f 1213/1213/1207 1204/1204/1198 1274/1274/1267
f 1274/1274/1267 1275/1275/1268 1213/1213/1207
f 1224/1224/1218 1213/1213/1207 1275/1275/1268
f 1275/1275/1268 1276/1276/1269 1224/1224/1218
f 1277/1277/1270 1224/1224/1218 1276/1276/1269
f 1271/1271/1264 1262/1262/1255 1263/1263/1256
f 1263/1263/1256 1278/1278/1271 1271/1271/1264
f 1272/1272/1265 1271/1271/1264 1278/1278/1271
f 1278/1278/1271 1279/1279/1272 1272/1272/1265
f 1273/1273/1266 1272/1272/1265 1279/1279/1272
f 1279/1279/1272 1280/1280/1273 1273/1273/1266
f 1274/1274/1267 1273/1273/1266 1280/1280/1273
f 1280/1280/1273 1281/1281/1274 1274/1274/1267
f 1275/1275/1268 1274/1274/1267 1281/1281/1274
f 1281/1281/1274 1282/1282/1275 1275/1275/1268
f 1276/1276/1269 1275/1275/1268 1282/1282/1275
f 1282/1282/1275 1283/1283/1276 1276/1276/1269
f 1284/1284/1277 1276/1276/1269 1283/1283/1276
f 1283/1283/1276 1285/1285/1278 1284/1284/1277
f 1286/1286/1279 1284/1284/1277 1285/1285/1278
f 1285/1285/1278 1287/1287/1280 1286/1286/1279
f 1288/1288/1281 1286/1286/1279 1287/1287/1280
f 1287/1287/1280 1289/1289/1282 1288/1288/1281
f 1276/1276/1269 1284/1284/1277 1277/1277/1270
f 1290/1290/1283 1277/1277/1270 1284/1284/1277
f 1284/1284/1277 1286/1286/1279 1290/1290/1283
f 1291/1291/1284 1290/1290/1283 1286/1286/1279
f 1286/1286/1279 1288/1288/1281 1291/1291/1284
f 1292/1292/1285 1291/1291/1284 1288/1288/1281
f 1288/1288/1281 1293/1293/1286 1292/1292/1285
f 1294/1294/1287 1292/1292/1285 1293/1293/1286
f 1293/1293/1286 1295/1295/1288 1294/1294/1287
f 1296/1296/1289 1294/1294/1287 1295/1295/1288
f 1295/1295/1288 1297/1297/1290 1296/1296/1289
f 1298/1298/1291 1296/1296/1289 1297/1297/1290
f 1297/1297/1290 1299/1299/1292 1298/1298/1291
f 1300/1300/1293 1298/1298/1291 1299/1299/1292
f 1299/1299/1292 1301/1301/1294 1300/1300/1293
f 1302/1302/1295 1300/1300/1293 1301/1301/1294
f 1301/1301/1294 1303/1303/1296 1302/1302/1295
f 1304/1304/1297 1302/1302/1295 1303/1303/1296
f 1293/1293/1286 1288/1288/1281 1289/1289/1282
f 1289/1289/1282 1305/1305/1298 1293/1293/1286
f 1293/1293/1286 1305/1305/1298 1306/1306/1299
f 1295/1295/1288 1293/1293/1286 1306/1306/1299
f 1306/1306/1299 1307/1307/1300 1295/1295/1288
f 1295/1295/1288 1307/1307/1300 1308/1308/1301
f 1297/1297/1290 1295/1295/1288 1308/1308/1301
f 1308/1308/1301 1309/1309/1302 1297/1297/1290
f 1297/1297/1290 1309/1309/1302 1310/1310/1303
f 1310/1310/1303 1299/1299/1292 1297/1297/1290
f 1301/1301/1294 1299/1299/1292 1310/1310/1303
f 1310/1310/1303 1311/1311/1304 1301/1301/1294
f 1303/1303/1296 1301/1301/1294 1311/1311/1304
f 1311/1311/1304 1312/1312/1305 1303/1303/1296
f 1313/1313/1306 1303/1303/1296 1312/1312/1305
f 1312/1312/1305 1314/1314/1307 1313/1313/1306
f 1315/1315/1308 1313/1313/1306 1314/1314/1307
f 1314/1314/1307 1316/1316/1309 1315/1315/1308
f 1303/1303/1296 1313/1313/1306 1304/1304/1297
f 1317/1317/1310 1304/1304/1297 1313/1313/1306
f 1313/1313/1306 1315/1315/1308 1317/1317/1310
f 1317/1317/1310 1315/1315/1308 1318/1318/1311
f 1319/1319/1312 1318/1318/1311 1315/1315/1308
f 1315/1315/1308 1316/1316/1309 1319/1319/1312
f 1320/1320/1313 1319/1319/1312 1316/1316/1309
f 1316/1316/1309 1321/1321/1314 1320/1320/1313
f 1322/1322/1315 1321/1321/1314 1316/1316/1309
f 1316/1316/1309 1323/1323/1316 1322/1322/1315
f 1302/1302/1295 1304/1304/1297 1324/1324/1317
f 1325/1325/1318 1324/1324/1317 1304/1304/1297
f 1304/1304/1297 1317/1317/1310 1325/1325/1318
f 1325/1325/1318 1317/1317/1310 1326/1326/1319
f 1318/1318/1311 1326/1326/1319 1317/1317/1310
f 1326/1326/1319 1327/1327/1320 1325/1325/1318
f 1328/1328/1321 1329/1329/1322 1330/1330/1323
f 1331/1331/1324 1330/1330/1323 1329/1329/1322
f 1329/1329/1322 1324/1324/1317 1331/1331/1324
f 1332/1332/1325 1331/1331/1324 1324/1324/1317
f 1324/1324/1317 1325/1325/1318 1332/1332/1325
f 1332/1332/1325 1325/1325/1318 1327/1327/1320
f 1327/1327/1320 1333/1333/1326 1332/1332/1325
f 1332/1332/1325 1333/1333/1326 1334/1334/1327
f 1334/1334/1327 1335/1335/1328 1332/1332/1325
f 1335/1335/1328 1334/1334/1327 1336/1336/1329
f 1336/1336/1329 1337/1337/1330 1335/1335/1328
f 1338/1338/1331 1335/1335/1328 1337/1337/1330
f 1337/1337/1330 1339/1339/1332 1338/1338/1331
f 1340/1340/1333 1338/1338/1331 1339/1339/1332
f 1339/1339/1332 1341/1341/1334 1340/1340/1333
f 1342/1342/1335 1340/1340/1333 1341/1341/1334
f 1341/1341/1334 1343/1343/1336 1342/1342/1335
f 1344/1344/1337 1342/1342/1335 1343/1343/1336
f 1331/1331/1324 1332/1332/1325 1335/1335/1328
f 1335/1335/1328 1338/1338/1331 1331/1331/1324
f 1330/1330/1323 1331/1331/1324 1338/1338/1331
f 1338/1338/1331 1340/1340/1333 1330/1330/1323
f 1345/1345/1338 1330/1330/1323 1340/1340/1333
f 1340/1340/1333 1342/1342/1335 1345/1345/1338
f 1346/1346/1339 1345/1345/1338 1342/1342/1335
f 1342/1342/1335 1344/1344/1337 1346/1346/1339
f 1347/1347/1340 1346/1346/1339 1344/1344/1337
f 1344/1344/1337 1348/1348/1341 1347/1347/1340
f 1349/1349/1342 1347/1347/1340 1348/1348/1341
f 1348/1348/1341 1350/1350/1343 1349/1349/1342
f 1351/1351/1344 1349/1349/1342 1350/1350/1343
f 1350/1350/1343 1352/1352/1345 1351/1351/1344
f 1353/1353/1346 1351/1351/1344 1352/1352/1345
f 1352/1352/1345 1354/1354/1347 1353/1353/1346
f 1355/1355/1348 1353/1353/1346 1354/1354/1347
f 1354/1354/1347 1356/1356/1349 1355/1355/1348
f 1356/1356/1349 1354/1354/1347 1357/1357/1350
f 1343/1343/1336 1358/1358/1351 1344/1344/1337
f 1348/1348/1341 1344/1344/1337 1358/1358/1351
f 1358/1358/1351 1359/1359/1352 1348/1348/1341
f 1350/1350/1343 1348/1348/1341 1359/1359/1352
f 1359/1359/1352 1360/1360/1353 1350/1350/1343
f 1352/1352/1345 1350/1350/1343 1360/1360/1353
f 1360/1360/1353 1361/1361/1354 1352/1352/1345
f 1354/1354/1347 1352/1352/1345 1361/1361/1354
f 1361/1361/1354 1362/1362/1355 1354/1354/1347
f 1363/1363/1356 1364/1364/1357 1361/1361/1354
f 1361/1361/1354 1365/1365/1358 1363/1363/1356
f 1365/1365/1358 1361/1361/1354 1360/1360/1353
f 1360/1360/1353 1366/1366/1359 1365/1365/1358
f 1366/1366/1359 1360/1360/1353 1359/1359/1352
f 1359/1359/1352 1367/1367/1360 1366/1366/1359
f 1367/1367/1360 1359/1359/1352 1358/1358/1351
f 1358/1358/1351 1368/1368/1361 1367/1367/1360
f 1368/1368/1361 1358/1358/1351 1343/1343/1336
f 1343/1343/1336 1369/1369/1362 1368/1368/1361
f 1369/1369/1362 1343/1343/1336 1341/1341/1334
f 1341/1341/1334 1370/1370/1363 1369/1369/1362
f 1370/1370/1363 1341/1341/1334 1339/1339/1332
f 1339/1339/1332 1371/1371/1364 1370/1370/1363
f 1371/1371/1364 1339/1339/1332 1337/1337/1330
f 1337/1337/1330 1372/1372/1365 1371/1371/1364
f 1372/1372/1365 1337/1337/1330 1336/1336/1329
f 1336/1336/1329 1373/1373/1366 1372/1372/1365
f 1374/1374/1367 1363/1363/1356 1375/1375/1368
f 1375/1375/1368 1376/1376/1369 1377/1377/1369
f 1378/1378/1370 1375/1375/1368 1230/1230/1224
f 1379/1379/1371 1380/1380/1372 1381/1381/1373
f 1381/1381/1373 1382/1382/1374 1379/1379/1371
f 1383/1383/1375 1382/1382/1374 1381/1381/1373
f 1382/1382/1374 1383/1383/1375 1384/1384/1376
f 1385/1385/1377 1384/1384/1376 1383/1383/1375
f 1384/1384/1376 1385/1385/1377 1386/1386/1378
f 1386/1386/1378 1387/1387/1379 1384/1384/1376
f 1388/1388/1380 1387/1387/1379 1386/1386/1378
f 1387/1387/1379 1388/1388/1380 1389/1389/1381
f 1389/1389/1381 1388/1388/1380 1390/1390/1382
f 1390/1390/1382 1391/1391/1383 1389/1389/1381
f 1392/1392/1384 1391/1391/1383 1390/1390/1382
f 1393/1393/1385 1391/1391/1383 1392/1392/1384
f 1391/1391/1383 1393/1393/1385 1394/1394/1386
f 1394/1394/1386 1389/1389/1381 1391/1391/1383
f 1395/1395/1387 1389/1389/1381 1394/1394/1386
f 1389/1389/1381 1395/1395/1387 1387/1387/1379
f 1387/1387/1379 1395/1395/1387 1396/1396/1388
f 1380/1380/1372 1397/1397/1389 1398/1398/1390
f 1398/1398/1390 1381/1381/1373 1380/1380/1372
f 1399/1399/1391 1381/1381/1373 1398/1398/1390
f 1381/1381/1373 1399/1399/1391 1383/1383/1375
f 1400/1400/1392 1383/1383/1375 1399/1399/1391
f 1383/1383/1375 1400/1400/1392 1385/1385/1377
f 1398/1398/1390 1401/1401/1393 1402/1402/1394
f 1402/1402/1394 1399/1399/1391 1398/1398/1390
f 1399/1399/1391 1402/1402/1394 1400/1400/1392
f 1400/1400/1392 1402/1402/1394 1403/1403/1395
f 1404/1404/1396 1403/1403/1395 1402/1402/1394
f 1403/1403/1395 1404/1404/1396 1405/1405/1397
f 1402/1402/1394 1401/1401/1393 1404/1404/1396
f 1396/1396/1388 1406/1406/1398 1387/1387/1379
f 1406/1406/1398 1396/1396/1388 1407/1407/1399
f 1407/1407/1399 1408/1408/1400 1406/1406/1398
f 1409/1409/1401 1408/1408/1400 1407/1407/1399
f 1410/1410/1402 1408/1408/1400 1409/1409/1401
f 1409/1409/1401 1411/1411/1403 1410/1410/1402
f 1379/1379/1371 1410/1410/1402 1411/1411/1403
f 1411/1411/1403 1412/1412/1404 1379/1379/1371
f 1380/1380/1372 1379/1379/1371 1412/1412/1404
f 1412/1412/1404 1413/1413/1405 1380/1380/1372
f 1397/1397/1389 1380/1380/1372 1413/1413/1405
f 1413/1413/1405 1414/1414/1406 1397/1397/1389
f 1414/1414/1406 1413/1413/1405 1412/1412/1404
f 1412/1412/1404 1415/1415/1407 1414/1414/1406
f 1415/1415/1407 1412/1412/1404 1411/1411/1403
f 1411/1411/1403 1416/1416/1408 1415/1415/1407
f 1416/1416/1408 1411/1411/1403 1409/1409/1401
f 1409/1409/1401 1417/1417/1409 1416/1416/1408
f 1410/1410/1402 1379/1379/1371 1382/1382/1374
f 1382/1382/1374 1418/1418/1410 1410/1410/1402
f 1384/1384/1376 1418/1418/1410 1382/1382/1374
f 1418/1418/1410 1384/1384/1376 1387/1387/1379
f 1387/1387/1379 1406/1406/1398 1418/1418/1410
f 1418/1418/1410 1406/1406/1398 1408/1408/1400
f 1408/1408/1400 1410/1410/1402 1418/1418/1410
f 1417/1417/1409 1409/1409/1401 1419/1419/1411
f 1419/1419/1411 1420/1420/1412 1417/1417/1409
f 1420/1420/1412 1419/1419/1411 1421/1421/1413
f 1421/1421/1413 1422/1422/1414 1420/1420/1412
f 1422/1422/1414 1421/1421/1413 1423/1423/1415
f 1423/1423/1415 1424/1424/1416 1422/1422/1414
f 1424/1424/1416 1423/1423/1415 1425/1425/1417
f 1425/1425/1417 1426/1426/1418 1424/1424/1416
f 1426/1426/1418 1425/1425/1417 1427/1427/1419
f 1427/1427/1419 1428/1428/1420 1426/1426/1418
f 1428/1428/1420 1427/1427/1419 1429/1429/1421
f 1429/1429/1421 1427/1427/1419 1430/1430/1422
f 1431/1431/1423 1429/1429/1421 1430/1430/1422
f 1430/1430/1422 1432/1432/1424 1431/1431/1423
f 1431/1431/1423 1432/1432/1424 1433/1433/1425
f 1434/1434/1426 1433/1433/1425 1432/1432/1424
f 1435/1435/1427 1433/1433/1425 1434/1434/1426
f 1434/1434/1426 1436/1436/1428 1435/1435/1427
f 1430/1430/1422 1427/1427/1419 1425/1425/1417
f 1437/1437/1429 1425/1425/1417 1423/1423/1415
f 1425/1425/1417 1437/1437/1429 1430/1430/1422
f 1430/1430/1422 1437/1437/1429 1438/1438/1430
f 1438/1438/1430 1432/1432/1424 1430/1430/1422
f 1432/1432/1424 1438/1438/1430 1434/1434/1426
f 1439/1439/1431 1434/1434/1426 1438/1438/1430
f 1438/1438/1430 1440/1440/1432 1439/1439/1431
f 1441/1441/1433 1439/1439/1431 1440/1440/1432
f 1440/1440/1432 1442/1442/1434 1441/1441/1433
f 1442/1442/1434 1440/1440/1432 1443/1443/1435
f 1443/1443/1435 1444/1444/1436 1442/1442/1434
f 1421/1421/1413 1444/1444/1436 1443/1443/1435
f 1444/1444/1436 1421/1421/1413 1419/1419/1411
f 1440/1440/1432 1438/1438/1430 1437/1437/1429
f 1437/1437/1429 1443/1443/1435 1440/1440/1432
f 1423/1423/1415 1443/1443/1435 1437/1437/1429
f 1443/1443/1435 1423/1423/1415 1421/1421/1413
f 1436/1436/1428 1434/1434/1426 1439/1439/1431
f 1439/1439/1431 1445/1445/1437 1436/1436/1428
f 1445/1445/1437 1439/1439/1431 1441/1441/1433
f 1441/1441/1433 1446/1446/1438 1445/1445/1437
f 1446/1446/1438 1441/1441/1433 1394/1394/1386
f 1394/1394/1386 1441/1441/1433 1395/1395/1387
f 1395/1395/1387 1441/1441/1433 1442/1442/1434
f 1442/1442/1434 1396/1396/1388 1395/1395/1387
f 1396/1396/1388 1442/1442/1434 1444/1444/1436
f 1444/1444/1436 1407/1407/1399 1396/1396/1388
f 1419/1419/1411 1407/1407/1399 1444/1444/1436
f 1407/1407/1399 1419/1419/1411 1409/1409/1401
f 1447/1447/1439 1448/1448/1440 1449/1449/1441
f 1448/1448/1440 1447/1447/1439 1450/1450/1442
f 1450/1450/1442 1451/1451/1443 1448/1448/1440
f 1452/1452/1444 1451/1451/1443 1450/1450/1442
f 1451/1451/1443 1452/1452/1444 1453/1453/1445
f 1454/1454/1446 1453/1453/1445 1452/1452/1444
f 1453/1453/1445 1454/1454/1446 1455/1455/1447
f 1456/1456/1448 1455/1455/1447 1454/1454/1446
f 1455/1455/1447 1456/1456/1448 1457/1457/1449
f 1458/1458/1450 1457/1457/1449 1456/1456/1448
f 1459/1459/1451 1457/1457/1449 1458/1458/1450
f 1458/1458/1450 1460/1460/1452 1459/1459/1451
f 1461/1461/1453 1459/1459/1451 1460/1460/1452
f 1460/1460/1452 1462/1462/1454 1461/1461/1453
f 1463/1463/1455 1461/1461/1453 1462/1462/1454
f 1462/1462/1454 1464/1464/1456 1463/1463/1455
f 1465/1465/1457 1463/1463/1455 1464/1464/1456
f 1464/1464/1456 1466/1466/1458 1465/1465/1457
f 1448/1448/1440 1467/1467/1459 1468/1468/1460
f 1467/1467/1459 1448/1448/1440 1451/1451/1443
f 1451/1451/1443 1469/1469/1461 1467/1467/1459
f 1453/1453/1445 1469/1469/1461 1451/1451/1443
f 1469/1469/1461 1453/1453/1445 1470/1470/1462
f 1455/1455/1447 1470/1470/1462 1453/1453/1445
f 1470/1470/1462 1455/1455/1447 1471/1471/1463
f 1457/1457/1449 1471/1471/1463 1455/1455/1447
f 1472/1472/1464 1471/1471/1463 1457/1457/1449
f 1457/1457/1449 1459/1459/1451 1472/1472/1464
f 1473/1473/1465 1472/1472/1464 1459/1459/1451
f 1459/1459/1451 1461/1461/1453 1473/1473/1465
f 1474/1474/1466 1473/1473/1465 1461/1461/1453
f 1461/1461/1453 1463/1463/1455 1474/1474/1466
f 1475/1475/1467 1474/1474/1466 1463/1463/1455
f 1463/1463/1455 1465/1465/1457 1475/1475/1467
f 1476/1476/1468 1475/1475/1467 1465/1465/1457
f 1465/1465/1457 1477/1477/1469 1476/1476/1468
f 1471/1471/1463 1472/1472/1464 1478/1478/1470
f 1478/1478/1470 1479/1479/1471 1471/1471/1463
f 1471/1471/1463 1479/1479/1471 1470/1470/1462
f 1480/1480/1472 1470/1470/1462 1479/1479/1471
f 1470/1470/1462 1480/1480/1472 1469/1469/1461
f 1469/1469/1461 1480/1480/1472 1481/1481/1473
f 1481/1481/1473 1467/1467/1459 1469/1469/1461
f 1467/1467/1459 1481/1481/1473 1482/1482/1474
f 1482/1482/1474 1468/1468/1460 1467/1467/1459
f 1468/1468/1460 1482/1482/1474 1483/1483/1475
f 1481/1481/1473 1484/1484/1476 1485/1485/1477
f 1484/1484/1476 1481/1481/1473 1480/1480/1472
f 1480/1480/1472 1486/1486/1478 1484/1484/1476
f 1479/1479/1471 1486/1486/1478 1480/1480/1472
f 1486/1486/1478 1479/1479/1471 1487/1487/1479
f 1479/1479/1471 1478/1478/1470 1487/1487/1479
f 1488/1488/1480 1487/1487/1479 1478/1478/1470
f 1478/1478/1470 1489/1489/1481 1488/1488/1480
f 1490/1490/1482 1488/1488/1480 1489/1489/1481
f 1489/1489/1481 1491/1491/1483 1490/1490/1482
f 1492/1492/1484 1490/1490/1482 1491/1491/1483
f 1491/1491/1483 1493/1493/1485 1492/1492/1484
f 1494/1494/1486 1492/1492/1484 1493/1493/1485
f 1493/1493/1485 1495/1495/1487 1494/1494/1486
f 1494/1494/1486 1495/1495/1487 1496/1496/1488
f 1497/1497/1489 1496/1496/1488 1495/1495/1487
f 1498/1498/1490 1496/1496/1488 1497/1497/1489
f 1497/1497/1489 1499/1499/1491 1498/1498/1490
f 1500/1500/1492 1501/1501/1493 1502/1502/1494
f 1503/1503/1495 1502/1502/1494 1501/1501/1493
f 1501/1501/1493 1504/1504/1496 1503/1503/1495
f 1494/1494/1486 1503/1503/1495 1504/1504/1496
f 1504/1504/1496 1492/1492/1484 1494/1494/1486
f 1492/1492/1484 1504/1504/1496 1505/1505/1497
f 1505/1505/1497 1490/1490/1482 1492/1492/1484
f 1490/1490/1482 1505/1505/1497 1506/1506/1498
f 1506/1506/1498 1488/1488/1480 1490/1490/1482
f 1488/1488/1480 1506/1506/1498 1507/1507/1499
f 1507/1507/1499 1487/1487/1479 1488/1488/1480
f 1487/1487/1479 1507/1507/1499 1486/1486/1478
f 1486/1486/1478 1507/1507/1499 1508/1508/1500
f 1508/1508/1500 1484/1484/1476 1486/1486/1478
f 1485/1485/1477 1484/1484/1476 1508/1508/1500
f 1508/1508/1500 1509/1509/1501 1485/1485/1477
f 1510/1510/1502 1485/1485/1477 1509/1509/1501
f 1509/1509/1501 1511/1511/1503 1510/1510/1502
f 1505/1505/1497 1504/1504/1496 1501/1501/1493
f 1511/1511/1503 1509/1509/1501 1512/1512/1504
f 1512/1512/1504 1513/1513/1505 1511/1511/1503
f 1513/1513/1505 1512/1512/1504 1514/1514/1506
f 1514/1514/1506 1515/1515/1507 1513/1513/1505
f 1515/1515/1507 1514/1514/1506 1500/1500/1492
f 1501/1501/1493 1500/1500/1492 1514/1514/1506
f 1514/1514/1506 1516/1516/1508 1501/1501/1493
f 1501/1501/1493 1516/1516/1508 1505/1505/1497
f 1506/1506/1498 1505/1505/1497 1516/1516/1508
f 1516/1516/1508 1517/1517/1509 1506/1506/1498
f 1507/1507/1499 1506/1506/1498 1517/1517/1509
f 1517/1517/1509 1508/1508/1500 1507/1507/1499
f 1509/1509/1501 1508/1508/1500 1517/1517/1509
f 1517/1517/1509 1512/1512/1504 1509/1509/1501
f 1512/1512/1504 1517/1517/1509 1516/1516/1508
f 1516/1516/1508 1514/1514/1506 1512/1512/1504
f 1518/1518/1510 1519/1519/1511 1503/1503/1495
f 1502/1502/1494 1503/1503/1495 1519/1519/1511
f 1519/1519/1511 1520/1520/1512 1502/1502/1494
f 1521/1521/1513 1502/1502/1494 1520/1520/1512
f 1502/1502/1494 1521/1521/1513 1500/1500/1492
f 1522/1522/1514 1500/1500/1492 1521/1521/1513
f 1500/1500/1492 1522/1522/1514 1515/1515/1507
f 1523/1523/1515 1515/1515/1507 1522/1522/1514
f 1515/1515/1507 1523/1523/1515 1524/1524/1516
f 1524/1524/1516 1513/1513/1505 1515/1515/1507
f 1513/1513/1505 1524/1524/1516 1525/1525/1517
f 1525/1525/1517 1511/1511/1503 1513/1513/1505
f 1511/1511/1503 1525/1525/1517 1526/1526/1518
f 1526/1526/1518 1510/1510/1502 1511/1511/1503
f 1483/1483/1475 1510/1510/1502 1526/1526/1518
f 1510/1510/1502 1483/1483/1475 1482/1482/1474
f 1482/1482/1474 1485/1485/1477 1510/1510/1502
f 1485/1485/1477 1482/1482/1474 1481/1481/1473
f 1519/1519/1511 1518/1518/1510 1527/1527/1519
f 1498/1498/1490 1527/1527/1519 1518/1518/1510
f 1518/1518/1510 1496/1496/1488 1498/1498/1490
f 1496/1496/1488 1518/1518/1510 1494/1494/1486
f 1503/1503/1495 1494/1494/1486 1518/1518/1510
f 1528/1528/1520 1529/1529/1521 1530/1530/1522
f 1530/1530/1522 1531/1531/1523 1528/1528/1520
f 1528/1528/1520 1531/1531/1523 1532/1532/1524
f 1532/1532/1524 1531/1531/1523 1533/1533/1525
f 1533/1533/1525 1534/1534/1526 1532/1532/1524
f 1535/1535/1527 1534/1534/1526 1533/1533/1525
f 1536/1536/1528 1534/1534/1526 1535/1535/1527
f 1535/1535/1527 1537/1537/1529 1536/1536/1528
f 1538/1538/1530 1536/1536/1528 1537/1537/1529
f 1537/1537/1529 1539/1539/1531 1538/1538/1530
f 1498/1498/1490 1538/1538/1530 1539/1539/1531
f 1498/1498/1490 1539/1539/1531 1540/1540/1532
f 1540/1540/1532 1527/1527/1519 1498/1498/1490
f 1541/1541/1533 1527/1527/1519 1540/1540/1532
f 1527/1527/1519 1541/1541/1533 1519/1519/1511
f 1519/1519/1511 1541/1541/1533 1542/1542/1534
f 1542/1542/1534 1520/1520/1512 1519/1519/1511
f 1543/1543/1535 1520/1520/1512 1542/1542/1534
f 1533/1533/1525 1531/1531/1523 1530/1530/1522
f 1530/1530/1522 1544/1544/1536 1533/1533/1525
f 1545/1545/1537 1546/1546/1538 1547/1547/1539
f 1548/1548/1540 1547/1547/1539 1546/1546/1538
f 1546/1546/1538 1549/1549/1541 1548/1548/1540
f 1550/1550/1542 1548/1548/1540 1549/1549/1541
f 1549/1549/1541 1551/1551/1543 1550/1550/1542
f 1551/1551/1543 1542/1542/1534 1550/1550/1542
f 1550/1550/1542 1542/1542/1534 1541/1541/1533
f 1541/1541/1533 1552/1552/1544 1550/1550/1542
f 1540/1540/1532 1552/1552/1544 1541/1541/1533
f 1552/1552/1544 1540/1540/1532 1553/1553/1545
f 1553/1553/1545 1540/1540/1532 1539/1539/1531
f 1539/1539/1531 1537/1537/1529 1553/1553/1545
f 1554/1554/1546 1553/1553/1545 1537/1537/1529
f 1537/1537/1529 1535/1535/1527 1554/1554/1546
f 1554/1554/1546 1535/1535/1527 1555/1555/1547
f 1533/1533/1525 1555/1555/1547 1535/1535/1527
f 1556/1556/1548 1555/1555/1547 1533/1533/1525
f 1533/1533/1525 1544/1544/1536 1556/1556/1548
f 1548/1548/1540 1550/1550/1542 1552/1552/1544
f 1557/1557/1549 1556/1556/1548 1544/1544/1536
f 1558/1558/1550 1556/1556/1548 1557/1557/1549
f 1557/1557/1549 1559/1559/1551 1558/1558/1550
f 1560/1560/1552 1558/1558/1550 1559/1559/1551
f 1559/1559/1551 1561/1561/1553 1560/1560/1552
f 1560/1560/1552 1561/1561/1553 1562/1562/1554
f 1562/1562/1554 1563/1563/1555 1560/1560/1552
f 1564/1564/1556 1563/1563/1555 1562/1562/1554
f 1563/1563/1555 1564/1564/1556 1565/1565/1557
f 1565/1565/1557 1564/1564/1556 1566/1566/1558
f 1566/1566/1558 1567/1567/1559 1565/1565/1557
f 1567/1567/1559 1566/1566/1558 1568/1568/1560
f 1568/1568/1560 1545/1545/1537 1567/1567/1559
f 1547/1547/1539 1567/1567/1559 1545/1545/1537
f 1567/1567/1559 1547/1547/1539 1569/1569/1561
f 1569/1569/1561 1547/1547/1539 1548/1548/1540
f 1548/1548/1540 1570/1570/1562 1569/1569/1561
f 1552/1552/1544 1570/1570/1562 1548/1548/1540
f 1569/1569/1561 1565/1565/1557 1567/1567/1559
f 1553/1553/1545 1570/1570/1562 1552/1552/1544
f 1570/1570/1562 1553/1553/1545 1554/1554/1546
f 1554/1554/1546 1571/1571/1563 1570/1570/1562
f 1571/1571/1563 1554/1554/1546 1572/1572/1564
f 1572/1572/1564 1573/1573/1565 1571/1571/1563
f 1573/1573/1565 1572/1572/1564 1558/1558/1550
f 1558/1558/1550 1560/1560/1552 1573/1573/1565
f 1573/1573/1565 1560/1560/1552 1563/1563/1555
f 1563/1563/1555 1574/1574/1566 1573/1573/1565
f 1565/1565/1557 1574/1574/1566 1563/1563/1555
f 1575/1575/1567 1574/1574/1566 1565/1565/1557
f 1565/1565/1557 1569/1569/1561 1575/1575/1567
f 1575/1575/1567 1569/1569/1561 1570/1570/1562
f 1570/1570/1562 1571/1571/1563 1575/1575/1567
f 1575/1575/1567 1571/1571/1563 1573/1573/1565
f 1573/1573/1565 1574/1574/1566 1575/1575/1567
f 1555/1555/1547 1572/1572/1564 1554/1554/1546
f 1558/1558/1550 1572/1572/1564 1555/1555/1547
f 1555/1555/1547 1556/1556/1548 1558/1558/1550
f 1477/1477/1469 1465/1465/1457 1466/1466/1458
f 1466/1466/1458 1576/1576/1568 1477/1477/1469
f 1477/1477/1469 1576/1576/1568 1577/1577/1569
f 1578/1578/1570 1577/1577/1569 1576/1576/1568
f 1577/1577/1569 1578/1578/1570 1579/1579/1571
f 1580/1580/1572 1579/1579/1571 1578/1578/1570
f 1578/1578/1570 1581/1581/1573 1580/1580/1572
f 1581/1581/1573 1578/1578/1570 1582/1582/1574
f 1582/1582/1574 1583/1583/1575 1581/1581/1573
f 1584/1584/1576 1583/1583/1575 1582/1582/1574
f 1582/1582/1574 1466/1466/1458 1584/1584/1576
f 1585/1585/1577 1584/1584/1576 1466/1466/1458
f 1466/1466/1458 1464/1464/1456 1585/1585/1577
f 1586/1586/1578 1585/1585/1577 1464/1464/1456
f 1464/1464/1456 1462/1462/1454 1586/1586/1578
f 1587/1587/1579 1586/1586/1578 1462/1462/1454
f 1462/1462/1454 1460/1460/1452 1587/1587/1579
f 1588/1588/1580 1587/1587/1579 1460/1460/1452
f 1576/1576/1568 1582/1582/1574 1578/1578/1570
f 1582/1582/1574 1576/1576/1568 1466/1466/1458
f 1460/1460/1452 1458/1458/1450 1588/1588/1580
f 1588/1588/1580 1458/1458/1450 1589/1589/1581
f 1456/1456/1448 1589/1589/1581 1458/1458/1450
f 1589/1589/1581 1456/1456/1448 1590/1590/1582
f 1454/1454/1446 1590/1590/1582 1456/1456/1448
f 1590/1590/1582 1454/1454/1446 1591/1591/1583
f 1452/1452/1444 1591/1591/1583 1454/1454/1446
f 1591/1591/1583 1452/1452/1444 1592/1592/1584
f 1450/1450/1442 1592/1592/1584 1452/1452/1444
f 1592/1592/1584 1450/1450/1442 1593/1593/1585
f 1593/1593/1585 1450/1450/1442 1447/1447/1439
f 1447/1447/1439 1594/1594/1586 1593/1593/1585
f 1594/1594/1586 1447/1447/1439 1595/1595/1587
f 1595/1595/1587 1596/1596/1588 1594/1594/1586
f 1596/1596/1588 1595/1595/1587 1597/1597/1589
f 1597/1597/1589 1598/1598/1590 1596/1596/1588
f 1598/1598/1590 1597/1597/1589 1599/1599/1591
f 1599/1599/1591 1600/1600/1592 1598/1598/1590
f 1601/1601/1593 1599/1599/1591 1597/1597/1589
f 1602/1602/1594 1597/1597/1589 1595/1595/1587
f 1597/1597/1589 1602/1602/1594 1601/1601/1593
f 1603/1603/1595 1601/1601/1593 1602/1602/1594
f 1604/1604/1596 1605/1605/1597 1606/1606/1598
f 1603/1603/1595 1606/1606/1598 1605/1605/1597
f 1606/1606/1598 1603/1603/1595 1607/1607/1599
f 1602/1602/1594 1607/1607/1599 1603/1603/1595
f 1607/1607/1599 1602/1602/1594 1449/1449/1441
f 1595/1595/1587 1449/1449/1441 1602/1602/1594
f 1449/1449/1441 1595/1595/1587 1447/1447/1439
f 1605/1605/1597 1608/1608/1600 1603/1603/1595
f 1609/1609/1601 1598/1598/1590 1600/1600/1592
f 1600/1600/1592 1610/1610/1602 1609/1609/1601
f 1611/1611/1603 1609/1609/1601 1610/1610/1602
f 1610/1610/1602 1612/1612/1604 1611/1611/1603
f 1613/1613/1605 1611/1611/1603 1612/1612/1604
f 1612/1612/1604 1614/1614/1606 1613/1613/1605
f 1613/1613/1605 1614/1614/1606 1615/1615/1607
f 1616/1616/1608 1615/1615/1607 1614/1614/1606
f 1614/1614/1606 1617/1617/1609 1616/1616/1608
f 1615/1615/1607 1618/1618/1610 1613/1613/1605
f 1619/1619/1611 1613/1613/1605 1618/1618/1610
f 1611/1611/1603 1613/1613/1605 1619/1619/1611
f 1619/1619/1611 1620/1620/1612 1611/1611/1603
f 1620/1620/1612 1619/1619/1611 1621/1621/1613
f 1621/1621/1613 1622/1622/1614 1620/1620/1612
f 1622/1622/1614 1621/1621/1613 1623/1623/1615
f 1623/1623/1615 1624/1624/1616 1622/1622/1614
f 1625/1625/1617 1624/1624/1616 1623/1623/1615
f 1624/1624/1616 1625/1625/1617 1626/1626/1618
f 1627/1627/1619 1626/1626/1618 1625/1625/1617
f 1626/1626/1618 1627/1627/1619 1628/1628/1620
f 1629/1629/1621 1628/1628/1620 1627/1627/1619
f 1628/1628/1620 1629/1629/1621 1630/1630/1622
f 1631/1631/1623 1630/1630/1622 1629/1629/1621
f 1630/1630/1622 1631/1631/1623 1632/1632/1624
f 1633/1633/1625 1632/1632/1624 1631/1631/1623
f 1632/1632/1624 1633/1633/1625 1634/1634/1626
f 1631/1631/1623 1635/1635/1627 1633/1633/1625
f 1635/1635/1627 1631/1631/1623 1636/1636/1628
f 1629/1629/1621 1636/1636/1628 1631/1631/1623
f 1636/1636/1628 1629/1629/1621 1637/1637/1629
f 1627/1627/1619 1637/1637/1629 1629/1629/1621
f 1637/1637/1629 1627/1627/1619 1638/1638/1630
f 1625/1625/1617 1638/1638/1630 1627/1627/1619
f 1638/1638/1630 1625/1625/1617 1639/1639/1631
f 1623/1623/1615 1639/1639/1631 1625/1625/1617
f 1639/1639/1631 1623/1623/1615 1640/1640/1632
f 1641/1641/1633 1640/1640/1632 1623/1623/1615
f 1623/1623/1615 1621/1621/1613 1641/1641/1633
f 1642/1642/1634 1641/1641/1633 1621/1621/1613
f 1621/1621/1613 1619/1619/1611 1642/1642/1634
f 1618/1618/1610 1642/1642/1634 1619/1619/1611
f 1640/1640/1632 1643/1643/1635 1639/1639/1631
f 1644/1644/1636 1639/1639/1631 1643/1643/1635
f 1639/1639/1631 1644/1644/1636 1638/1638/1630
f 1645/1645/1637 1638/1638/1630 1644/1644/1636
f 1638/1638/1630 1645/1645/1637 1637/1637/1629
f 1646/1646/1638 1637/1637/1629 1645/1645/1637
f 1637/1637/1629 1646/1646/1638 1636/1636/1628
f 1647/1647/1639 1636/1636/1628 1646/1646/1638
f 1636/1636/1628 1647/1647/1639 1635/1635/1627
f 1645/1645/1637 1648/1648/1640 1646/1646/1638
f 1646/1646/1638 1649/1649/1641 1647/1647/1639
f 1649/1649/1641 1646/1646/1638 1648/1648/1640
f 1648/1648/1640 1650/1650/1642 1649/1649/1641
f 1650/1650/1642 1648/1648/1640 1651/1651/1643
f 1652/1652/1644 1651/1651/1643 1648/1648/1640
f 1648/1648/1640 1645/1645/1637 1652/1652/1644
f 1644/1644/1636 1652/1652/1644 1645/1645/1637
f 1643/1643/1635 1653/1653/1645 1644/1644/1636
f 1652/1652/1644 1644/1644/1636 1653/1653/1645
f 1653/1653/1645 1654/1654/1646 1652/1652/1644
f 1651/1651/1643 1652/1652/1644 1654/1654/1646
f 1654/1654/1646 1655/1655/1647 1651/1651/1643
f 1656/1656/1648 1651/1651/1643 1655/1655/1647
f 1651/1651/1643 1656/1656/1648 1650/1650/1642
f 1655/1655/1647 1657/1657/1649 1656/1656/1648
f 1520/1520/1512 1543/1543/1535 1521/1521/1513
f 1658/1658/1650 1521/1521/1513 1543/1543/1535
f 1521/1521/1513 1658/1658/1650 1522/1522/1514
f 1659/1659/1651 1522/1522/1514 1658/1658/1650
f 1522/1522/1514 1659/1659/1651 1523/1523/1515
f 1660/1660/1652 1523/1523/1515 1659/1659/1651
f 1523/1523/1515 1660/1660/1652 1661/1661/1653
f 1661/1661/1653 1524/1524/1516 1523/1523/1515
f 1524/1524/1516 1661/1661/1653 1662/1662/1654
f 1662/1662/1654 1525/1525/1517 1524/1524/1516
f 1525/1525/1517 1662/1662/1654 1604/1604/1596
f 1604/1604/1596 1526/1526/1518 1525/1525/1517
f 1606/1606/1598 1526/1526/1518 1604/1604/1596
f 1526/1526/1518 1606/1606/1598 1483/1483/1475
f 1607/1607/1599 1483/1483/1475 1606/1606/1598
f 1483/1483/1475 1607/1607/1599 1468/1468/1460
f 1449/1449/1441 1468/1468/1460 1607/1607/1599
f 1468/1468/1460 1449/1449/1441 1448/1448/1440
f 1659/1659/1651 1663/1663/1655 1660/1660/1652
f 1664/1664/1656 1542/1542/1534 1551/1551/1543
f 1542/1542/1534 1664/1664/1656 1543/1543/1535
f 1665/1665/1657 1543/1543/1535 1664/1664/1656
f 1543/1543/1535 1665/1665/1657 1658/1658/1650
f 1666/1666/1658 1658/1658/1650 1665/1665/1657
f 1658/1658/1650 1666/1666/1658 1659/1659/1651
f 1666/1666/1658 1667/1667/1659 1659/1659/1651
f 1663/1663/1655 1659/1659/1651 1667/1667/1659
f 1667/1667/1659 1668/1668/1660 1663/1663/1655
f 1668/1668/1660 1667/1667/1659 1669/1669/1661
f 1669/1669/1661 1670/1670/1662 1668/1668/1660
f 1670/1670/1662 1669/1669/1661 1671/1671/1663
f 1671/1671/1663 1672/1672/1664 1670/1670/1662
f 1673/1673/1665 1664/1664/1656 1674/1674/1666
f 1664/1664/1656 1673/1673/1665 1665/1665/1657
f 1665/1665/1657 1673/1673/1665 1675/1675/1667
f 1675/1675/1667 1676/1676/1668 1665/1665/1657
f 1677/1677/1669 1676/1676/1668 1675/1675/1667
f 1678/1678/1670 1676/1676/1668 1677/1677/1669
f 1678/1678/1670 1677/1677/1669 1671/1671/1663
f 1671/1671/1663 1669/1669/1661 1678/1678/1670
f 1678/1678/1670 1669/1669/1661 1667/1667/1659
f 1667/1667/1659 1666/1666/1658 1678/1678/1670
f 1666/1666/1658 1676/1676/1668 1678/1678/1670
f 1666/1666/1658 1665/1665/1657 1676/1676/1668
f 1675/1675/1667 1679/1679/1671 1677/1677/1669
f 1680/1680/1672 1679/1679/1671 1675/1675/1667
f 1675/1675/1667 1681/1681/1673 1680/1680/1672
f 1681/1681/1673 1675/1675/1667 1673/1673/1665
f 1673/1673/1665 1682/1682/1674 1681/1681/1673
f 1683/1683/1675 1681/1681/1673 1682/1682/1674
f 1682/1682/1674 1684/1684/1676 1683/1683/1675
f 1685/1685/1677 1680/1680/1672 1681/1681/1673
f 1681/1681/1673 1683/1683/1675 1685/1685/1677
f 1686/1686/1678 1685/1685/1677 1683/1683/1675
f 1687/1687/1679 1688/1688/1680 1689/1689/1681
f 1690/1690/1682 1689/1689/1681 1688/1688/1680
f 1688/1688/1680 1691/1691/1683 1690/1690/1682
f 1690/1690/1682 1691/1691/1683 1692/1692/1684
f 1692/1692/1684 1691/1691/1683 1693/1693/1685
f 1693/1693/1685 1694/1694/1686 1692/1692/1684
f 1694/1694/1686 1693/1693/1685 1695/1695/1687
f 1695/1695/1687 1696/1696/1688 1694/1694/1686
f 1694/1694/1686 1696/1696/1688 1686/1686/1678
f 1686/1686/1678 1697/1697/1689 1694/1694/1686
f 1683/1683/1675 1697/1697/1689 1686/1686/1678
f 1698/1698/1690 1697/1697/1689 1683/1683/1675
f 1683/1683/1675 1684/1684/1676 1698/1698/1690
f 1699/1699/1691 1698/1698/1690 1684/1684/1676
f 1684/1684/1676 1700/1700/1692 1699/1699/1691
f 1700/1700/1692 1684/1684/1676 1682/1682/1674
f 1682/1682/1674 1674/1674/1666 1700/1700/1692
f 1674/1674/1666 1682/1682/1674 1673/1673/1665
f 1701/1701/1693 1702/1702/1694 1690/1690/1682
f 1692/1692/1684 1701/1701/1693 1690/1690/1682
f 1701/1701/1693 1692/1692/1684 1698/1698/1690
f 1697/1697/1689 1698/1698/1690 1692/1692/1684
f 1692/1692/1684 1694/1694/1686 1697/1697/1689
f 1698/1698/1690 1699/1699/1691 1701/1701/1693
f 1703/1703/1695 1704/1704/1696 1705/1705/1697
f 1705/1705/1697 1706/1706/1698 1703/1703/1695
f 1706/1706/1698 1705/1705/1697 1687/1687/1679
f 1689/1689/1681 1706/1706/1698 1687/1687/1679
f 1706/1706/1698 1689/1689/1681 1707/1707/1699
f 1689/1689/1681 1690/1690/1682 1707/1707/1699
f 1708/1708/1700 1707/1707/1699 1690/1690/1682
f 1690/1690/1682 1702/1702/1694 1708/1708/1700
f 1702/1702/1694 1568/1568/1560 1708/1708/1700
f 1568/1568/1560 1702/1702/1694 1701/1701/1693
f 1701/1701/1693 1545/1545/1537 1568/1568/1560
f 1545/1545/1537 1701/1701/1693 1699/1699/1691
f 1699/1699/1691 1546/1546/1538 1545/1545/1537
f 1546/1546/1538 1699/1699/1691 1700/1700/1692
f 1700/1700/1692 1549/1549/1541 1546/1546/1538
f 1549/1549/1541 1700/1700/1692 1674/1674/1666
f 1674/1674/1666 1551/1551/1543 1549/1549/1541
f 1551/1551/1543 1674/1674/1666 1664/1664/1656
f 1707/1707/1699 1703/1703/1695 1706/1706/1698
f 1707/1707/1699 1708/1708/1700 1709/1709/1701
f 1707/1707/1699 1709/1709/1701 1710/1710/1702
f 1710/1710/1702 1711/1711/1703 1707/1707/1699
f 1711/1711/1703 1710/1710/1702 1712/1712/1704
f 1712/1712/1704 1704/1704/1696 1711/1711/1703
f 1544/1544/1536 1530/1530/1522 1713/1713/1705
f 1713/1713/1705 1714/1714/1706 1544/1544/1536
f 1544/1544/1536 1714/1714/1706 1557/1557/1549
f 1715/1715/1707 1557/1557/1549 1714/1714/1706
f 1559/1559/1551 1557/1557/1549 1715/1715/1707
f 1715/1715/1707 1716/1716/1708 1559/1559/1551
f 1561/1561/1553 1559/1559/1551 1716/1716/1708
f 1716/1716/1708 1717/1717/1709 1561/1561/1553
f 1562/1562/1554 1561/1561/1553 1717/1717/1709
f 1717/1717/1709 1718/1718/1710 1562/1562/1554
f 1719/1719/1711 1562/1562/1554 1718/1718/1710
f 1718/1718/1710 1720/1720/1712 1719/1719/1711
f 1721/1721/1713 1719/1719/1711 1720/1720/1712
f 1720/1720/1712 1722/1722/1714 1721/1721/1713
f 1708/1708/1700 1721/1721/1713 1722/1722/1714
f 1722/1722/1714 1723/1723/1715 1708/1708/1700
f 1709/1709/1701 1708/1708/1700 1723/1723/1715
f 1710/1710/1702 1709/1709/1701 1723/1723/1715
f 1723/1723/1715 1722/1722/1714 1724/1724/1716
f 1725/1725/1717 1726/1726/1718 1722/1722/1714
f 1722/1722/1714 1720/1720/1712 1725/1725/1717
f 1727/1727/1719 1725/1725/1717 1720/1720/1712
f 1720/1720/1712 1718/1718/1710 1727/1727/1719
f 1728/1728/1720 1727/1727/1719 1718/1718/1710
f 1718/1718/1710 1717/1717/1709 1728/1728/1720
f 1728/1728/1720 1717/1717/1709 1716/1716/1708
f 1716/1716/1708 1729/1729/1721 1728/1728/1720
f 1730/1730/1722 1729/1729/1721 1716/1716/1708
f 1729/1729/1721 1730/1730/1722 1731/1731/1723
f 1732/1732/1724 1731/1731/1723 1730/1730/1722
f 1730/1730/1722 1733/1733/1725 1732/1732/1724
f 1734/1734/1726 1732/1732/1724 1733/1733/1725
f 1733/1733/1725 1735/1735/1727 1734/1734/1726
f 1736/1736/1728 1734/1734/1726 1735/1735/1727
f 1735/1735/1727 1737/1737/1729 1736/1736/1728
f 1737/1737/1729 1735/1735/1727 1715/1715/1707
f 1715/1715/1707 1738/1738/1730 1737/1737/1729
f 1716/1716/1708 1715/1715/1707 1730/1730/1722
f 1733/1733/1725 1730/1730/1722 1715/1715/1707
f 1715/1715/1707 1735/1735/1727 1733/1733/1725
f 1738/1738/1730 1715/1715/1707 1739/1739/1731
f 1739/1739/1731 1740/1740/1732 1738/1738/1730
f 1740/1740/1732 1739/1739/1731 1713/1713/1705
f 1739/1739/1731 1714/1714/1706 1713/1713/1705
f 1714/1714/1706 1739/1739/1731 1715/1715/1707
f 1741/1741/1733 1742/1742/1734 1743/1743/1735
f 1743/1743/1735 1744/1744/1736 1741/1741/1733
f 1713/1713/1705 1741/1741/1733 1744/1744/1736
f 1744/1744/1736 1745/1745/1737 1713/1713/1705
f 1713/1713/1705 1745/1745/1737 1740/1740/1732
f 1746/1746/1738 1740/1740/1732 1745/1745/1737
f 1738/1738/1730 1740/1740/1732 1746/1746/1738
f 1746/1746/1738 1747/1747/1739 1738/1738/1730
f 1737/1737/1729 1738/1738/1730 1747/1747/1739
f 1747/1747/1739 1748/1748/1740 1737/1737/1729
f 1736/1736/1728 1737/1737/1729 1748/1748/1740
f 1748/1748/1740 1749/1749/1741 1736/1736/1728
f 1745/1745/1737 1744/1744/1736 1750/1750/1742
f 1745/1745/1737 1750/1750/1742 1746/1746/1738
f 1476/1476/1468 1477/1477/1469 1751/1751/1743
f 1477/1477/1469 1752/1752/1744 1751/1751/1743
f 1751/1751/1743 1752/1752/1744 1753/1753/1745
f 1753/1753/1745 1752/1752/1744 1754/1754/1746
f 1754/1754/1746 1755/1755/1747 1753/1753/1745
f 1756/1756/1748 1753/1753/1745 1755/1755/1747
f 1755/1755/1747 1757/1757/1749 1756/1756/1748
f 1758/1758/1750 1756/1756/1748 1757/1757/1749
f 1757/1757/1749 1759/1759/1751 1758/1758/1750
f 1760/1760/1752 1758/1758/1750 1759/1759/1751
f 1759/1759/1751 1761/1761/1753 1760/1760/1752
f 1762/1762/1754 1760/1760/1752 1761/1761/1753
f 1761/1761/1753 1763/1763/1755 1762/1762/1754
f 1764/1764/1756 1762/1762/1754 1763/1763/1755
f 1763/1763/1755 1765/1765/1757 1764/1764/1756
f 1764/1764/1756 1765/1765/1757 1766/1766/1758
f 1766/1766/1758 1742/1742/1734 1764/1764/1756
f 1742/1742/1734 1766/1766/1758 1743/1743/1735
f 1579/1579/1571 1754/1754/1746 1577/1577/1569
f 1752/1752/1744 1577/1577/1569 1754/1754/1746
f 1477/1477/1469 1577/1577/1569 1752/1752/1744
f 1538/1538/1530 1498/1498/1490 1499/1499/1491
f 1499/1499/1491 1767/1767/1759 1538/1538/1530
f 1536/1536/1528 1538/1538/1530 1767/1767/1759
f 1767/1767/1759 1768/1768/1760 1536/1536/1528
f 1534/1534/1526 1536/1536/1528 1768/1768/1760
f 1768/1768/1760 1532/1532/1524 1534/1534/1526
f 1532/1532/1524 1768/1768/1760 1769/1769/1761
f 1769/1769/1761 1770/1770/1762 1532/1532/1524
f 1770/1770/1762 1769/1769/1761 1758/1758/1750
f 1758/1758/1750 1760/1760/1752 1770/1770/1762
f 1770/1770/1762 1760/1760/1752 1762/1762/1754
f 1762/1762/1754 1528/1528/1520 1770/1770/1762
f 1528/1528/1520 1762/1762/1754 1764/1764/1756
f 1764/1764/1756 1529/1529/1521 1528/1528/1520
f 1529/1529/1521 1764/1764/1756 1742/1742/1734
f 1742/1742/1734 1741/1741/1733 1529/1529/1521
f 1530/1530/1522 1529/1529/1521 1741/1741/1733
f 1741/1741/1733 1713/1713/1705 1530/1530/1522
f 1532/1532/1524 1770/1770/1762 1528/1528/1520
f 1768/1768/1760 1767/1767/1759 1771/1771/1763
f 1771/1771/1763 1769/1769/1761 1768/1768/1760
f 1758/1758/1750 1769/1769/1761 1771/1771/1763
f 1771/1771/1763 1756/1756/1748 1758/1758/1750
f 1756/1756/1748 1771/1771/1763 1772/1772/1764
f 1772/1772/1764 1753/1753/1745 1756/1756/1748
f 1753/1753/1745 1772/1772/1764 1751/1751/1743
f 1497/1497/1489 1751/1751/1743 1772/1772/1764
f 1751/1751/1743 1497/1497/1489 1476/1476/1468
f 1495/1495/1487 1476/1476/1468 1497/1497/1489
f 1475/1475/1467 1476/1476/1468 1495/1495/1487
f 1495/1495/1487 1493/1493/1485 1475/1475/1467
f 1474/1474/1466 1475/1475/1467 1493/1493/1485
f 1493/1493/1485 1491/1491/1483 1474/1474/1466
f 1473/1473/1465 1474/1474/1466 1491/1491/1483
f 1491/1491/1483 1489/1489/1481 1473/1473/1465
f 1472/1472/1464 1473/1473/1465 1489/1489/1481
f 1489/1489/1481 1478/1478/1470 1472/1472/1464
f 1772/1772/1764 1499/1499/1491 1497/1497/1489
f 1767/1767/1759 1499/1499/1491 1772/1772/1764
f 1772/1772/1764 1771/1771/1763 1767/1767/1759
f 1773/1773/1765 1774/1774/1766 1775/1775/1767
f 1774/1774/1766 1773/1773/1765 1776/1776/1768
f 1776/1776/1768 1777/1777/1769 1774/1774/1766
f 1778/1778/1770 1774/1774/1766 1777/1777/1769
f 1777/1777/1769 1779/1779/1771 1778/1778/1770
f 1780/1780/1772 1778/1778/1770 1779/1779/1771
f 1779/1779/1771 1781/1781/1773 1780/1780/1772
f 1782/1782/1774 1780/1780/1772 1781/1781/1773
f 1781/1781/1773 1783/1783/1775 1782/1782/1774
f 1784/1784/1776 1782/1782/1774 1783/1783/1775
f 1783/1783/1775 1785/1785/1777 1784/1784/1776
f 1784/1784/1776 1785/1785/1777 1786/1786/1778
f 1786/1786/1778 1787/1787/1779 1784/1784/1776
f 1788/1788/1780 1787/1787/1779 1786/1786/1778
f 1788/1788/1780 1775/1775/1767 1787/1787/1779
f 1789/1789/1781 1775/1775/1767 1788/1788/1780
f 1789/1789/1781 1790/1790/1782 1775/1775/1767
f 1791/1791/1783 1790/1790/1782 1789/1789/1781
f 1775/1775/1767 1784/1784/1776 1787/1787/1779
f 1782/1782/1774 1784/1784/1776 1775/1775/1767
f 1775/1775/1767 1780/1780/1772 1782/1782/1774
f 1780/1780/1772 1775/1775/1767 1778/1778/1770
f 1775/1775/1767 1774/1774/1766 1778/1778/1770
f 1775/1775/1767 1792/1792/1784 1793/1793/1785
f 1792/1792/1784 1775/1775/1767 1794/1794/1786
f 1775/1775/1767 1790/1790/1782 1794/1794/1786
f 1790/1790/1782 1791/1791/1783 1795/1795/1787
f 1795/1795/1787 1794/1794/1786 1790/1790/1782
f 1794/1794/1786 1795/1795/1787 1796/1796/1788
f 1796/1796/1788 1792/1792/1784 1794/1794/1786
f 1792/1792/1784 1796/1796/1788 1797/1797/1789
f 1797/1797/1789 1793/1793/1785 1792/1792/1784
f 1798/1798/1790 1793/1793/1785 1797/1797/1789
f 1793/1793/1785 1798/1798/1790 1775/1775/1767
f 1799/1799/1791 1775/1775/1767 1798/1798/1790
f 1775/1775/1767 1799/1799/1791 1800/1800/1792
f 1800/1800/1792 1799/1799/1791 1801/1801/1793
f 1801/1801/1793 1802/1802/1794 1800/1800/1792
f 1803/1803/1795 1800/1800/1792 1802/1802/1794
f 1802/1802/1794 1804/1804/1796 1803/1803/1795
f 1805/1805/1797 1803/1803/1795 1804/1804/1796
f 1804/1804/1796 1806/1806/1798 1805/1805/1797
f 1807/1807/1799 1805/1805/1797 1806/1806/1798
f 1806/1806/1798 1808/1808/1800 1807/1807/1799
f 1797/1797/1789 1809/1809/1801 1798/1798/1790
f 1799/1799/1791 1798/1798/1790 1809/1809/1801
f 1809/1809/1801 1801/1801/1793 1799/1799/1791
f 1810/1810/1802 1807/1807/1799 1808/1808/1800
f 1808/1808/1800 1811/1811/1803 1810/1810/1802
f 1810/1810/1802 1811/1811/1803 1776/1776/1768
f 1776/1776/1768 1773/1773/1765 1810/1810/1802
f 1775/1775/1767 1810/1810/1802 1773/1773/1765
f 1775/1775/1767 1807/1807/1799 1810/1810/1802
f 1775/1775/1767 1805/1805/1797 1807/1807/1799
f 1775/1775/1767 1803/1803/1795 1805/1805/1797
f 1775/1775/1767 1800/1800/1792 1803/1803/1795
f 1812/1812/1804 1813/1813/1805 1814/1814/1806
f 1814/1814/1806 1815/1815/1807 1812/1812/1804
f 1816/1816/1808 1812/1812/1804 1815/1815/1807
f 1815/1815/1807 1817/1817/1809 1816/1816/1808
f 1818/1818/1810 1816/1816/1808 1817/1817/1809
f 1817/1817/1809 1819/1819/1811 1818/1818/1810
f 1820/1820/1812 1818/1818/1810 1819/1819/1811
f 1819/1819/1811 1821/1821/1813 1820/1820/1812
f 1820/1820/1812 1821/1821/1813 1822/1822/1814
f 1822/1822/1814 1823/1823/1815 1820/1820/1812
f 1824/1824/1816 1823/1823/1815 1822/1822/1814
f 1824/1824/1816 1825/1825/1817 1823/1823/1815
f 1826/1826/1818 1825/1825/1817 1824/1824/1816
f 1826/1826/1818 1827/1827/1819 1825/1825/1817
f 1828/1828/1820 1827/1827/1819 1826/1826/1818
f 1827/1827/1819 1828/1828/1820 1829/1829/1821
f 1829/1829/1821 1830/1830/1822 1827/1827/1819
f 1830/1830/1822 1829/1829/1821 1831/1831/1823
f 1825/1825/1817 1832/1832/1824 1833/1833/1825
f 1832/1832/1824 1825/1825/1817 1830/1830/1822
f 1825/1825/1817 1827/1827/1819 1830/1830/1822
f 1834/1834/1826 1835/1835/1827 1836/1836/1828
f 1813/1813/1805 1835/1835/1827 1834/1834/1826
f 1835/1835/1827 1813/1813/1805 1825/1825/1817
f 1825/1825/1817 1813/1813/1805 1812/1812/1804
f 1816/1816/1808 1825/1825/1817 1812/1812/1804
f 1825/1825/1817 1816/1816/1808 1818/1818/1810
f 1818/1818/1810 1820/1820/1812 1825/1825/1817
f 1825/1825/1817 1820/1820/1812 1823/1823/1815
f 1834/1834/1826 1814/1814/1806 1813/1813/1805
f 1831/1831/1823 1832/1832/1824 1830/1830/1822
f 1832/1832/1824 1831/1831/1823 1837/1837/1829
f 1837/1837/1829 1833/1833/1825 1832/1832/1824
f 1838/1838/1830 1833/1833/1825 1837/1837/1829
f 1833/1833/1825 1838/1838/1830 1825/1825/1817
f 1839/1839/1831 1825/1825/1817 1838/1838/1830
f 1825/1825/1817 1839/1839/1831 1840/1840/1832
f 1840/1840/1832 1839/1839/1831 1841/1841/1833
f 1841/1841/1833 1842/1842/1834 1840/1840/1832
f 1843/1843/1835 1840/1840/1832 1842/1842/1834
f 1842/1842/1834 1844/1844/1836 1843/1843/1835
f 1845/1845/1837 1843/1843/1835 1844/1844/1836
f 1844/1844/1836 1846/1846/1838 1845/1845/1837
f 1847/1847/1839 1845/1845/1837 1846/1846/1838
f 1846/1846/1838 1848/1848/1840 1847/1847/1839
f 1836/1836/1828 1847/1847/1839 1848/1848/1840
f 1848/1848/1840 1849/1849/1841 1836/1836/1828
f 1836/1836/1828 1849/1849/1841 1834/1834/1826
f 1825/1825/1817 1840/1840/1832 1843/1843/1835
f 1825/1825/1817 1843/1843/1835 1845/1845/1837
f 1825/1825/1817 1845/1845/1837 1847/1847/1839
f 1825/1825/1817 1847/1847/1839 1836/1836/1828
f 1825/1825/1817 1836/1836/1828 1835/1835/1827
f 1091/1091/1085 1102/1102/1096 1850/1850/1842
f 1091/1091/1085 1850/1850/1842 1851/1851/1843
f 1851/1851/1843 1852/1852/1844 1091/1091/1085
f 1089/1089/1083 1091/1091/1085 1852/1852/1844
f 1852/1852/1844 1853/1853/1845 1089/1089/1083
f 1087/1087/1081 1089/1089/1083 1853/1853/1845
f 1853/1853/1845 1854/1854/1846 1087/1087/1081
f 1085/1085/1079 1087/1087/1081 1854/1854/1846
f 1854/1854/1846 1855/1855/1847 1085/1085/1079
f 1083/1083/1077 1085/1085/1079 1855/1855/1847
f 1855/1855/1847 1856/1856/1848 1083/1083/1077
f 1081/1081/1075 1083/1083/1077 1856/1856/1848
f 1856/1856/1848 1857/1857/1849 1081/1081/1075
f 1079/1079/1073 1081/1081/1075 1857/1857/1849
f 1857/1857/1849 1858/1858/1850 1079/1079/1073
f 1858/1858/1850 1857/1857/1849 1859/1859/1851
f 1859/1859/1851 1860/1860/1852 1858/1858/1850
f 1860/1860/1852 1859/1859/1851 1861/1861/1853
f 1079/1079/1073 1858/1858/1850 1077/1077/1071
f 1075/1075/1069 1077/1077/1071 1862/1862/1854
f 1862/1862/1854 1077/1077/1071 1858/1858/1850
f 1858/1858/1850 1860/1860/1852 1862/1862/1854
f 1861/1861/1853 1863/1863/1855 1860/1860/1852
f 1860/1860/1852 1863/1863/1855 1864/1864/1856
f 1864/1864/1856 1862/1862/1854 1860/1860/1852
f 1865/1865/1857 1862/1862/1854 1864/1864/1856
f 1862/1862/1854 1865/1865/1857 1075/1075/1069
f 1075/1075/1069 1865/1865/1857 1011/1011/1005
f 1011/1011/1005 1865/1865/1857 1864/1864/1856
f 1864/1864/1856 1866/1866/1858 1011/1011/1005
f 1011/1011/1005 1866/1866/1858 1867/1867/1859
f 1009/1009/1003 1011/1011/1005 1867/1867/1859
f 1007/1007/1001 1009/1009/1003 1867/1867/1859
f 1867/1867/1859 1868/1868/1860 1007/1007/1001
f 1007/1007/1001 1868/1868/1860 1869/1869/1861
f 1005/1005/999 1007/1007/1001 1869/1869/1861
f 1870/1870/1862 1005/1005/999 1869/1869/1861
f 1005/1005/999 1870/1870/1862 1871/1871/1863
f 1872/1872/1864 1871/1871/1863 1870/1870/1862
f 1871/1871/1863 1872/1872/1864 999/999/993
f 999/999/993 1001/1001/995 1871/1871/1863
f 1003/1003/997 1871/1871/1863 1001/1001/995
f 1871/1871/1863 1003/1003/997 1005/1005/999
f 1869/1869/1861 1873/1873/1865 1870/1870/1862
f 1874/1874/1866 1870/1870/1862 1873/1873/1865
f 1870/1870/1862 1874/1874/1866 1872/1872/1864
f 1873/1873/1865 1875/1875/1867 1874/1874/1866
f 1876/1876/1868 1861/1861/1853 1859/1859/1851
f 1859/1859/1851 1877/1877/1869 1876/1876/1868
f 1877/1877/1869 1859/1859/1851 1857/1857/1849
f 1857/1857/1849 1856/1856/1848 1877/1877/1869
f 1878/1878/1870 1877/1877/1869 1856/1856/1848
f 1856/1856/1848 1855/1855/1847 1878/1878/1870
f 1879/1879/1871 1878/1878/1870 1855/1855/1847
f 1855/1855/1847 1854/1854/1846 1879/1879/1871
f 1880/1880/1872 1879/1879/1871 1854/1854/1846
f 1854/1854/1846 1853/1853/1845 1880/1880/1872
f 1881/1881/1873 1880/1880/1872 1853/1853/1845
f 1853/1853/1845 1852/1852/1844 1881/1881/1873
f 1881/1881/1873 1852/1852/1844 1882/1882/1874
f 1852/1852/1844 1883/1883/1875 1882/1882/1874
f 1852/1852/1844 1851/1851/1843 1883/1883/1875
f 1884/1884/1876 1876/1876/1868 1877/1877/1869
f 1877/1877/1869 1878/1878/1870 1884/1884/1876
f 1885/1885/1877 1884/1884/1876 1878/1878/1870
f 1878/1878/1870 1879/1879/1871 1885/1885/1877
f 1886/1886/1878 1885/1885/1877 1879/1879/1871
f 1879/1879/1871 1880/1880/1872 1886/1886/1878
f 1887/1887/1879 1886/1886/1878 1880/1880/1872
f 1880/1880/1872 1881/1881/1873 1887/1887/1879
f 1888/1888/1880 1887/1887/1879 1881/1881/1873
f 1881/1881/1873 1889/1889/1881 1888/1888/1880
f 1882/1882/1874 1889/1889/1881 1881/1881/1873
f 1224/1224/1218 1277/1277/1270 1225/1225/1219
f 1890/1890/1882 1225/1225/1219 1277/1277/1270
f 1277/1277/1270 1290/1290/1283 1890/1890/1882
f 1891/1891/1883 1890/1890/1882 1290/1290/1283
f 1290/1290/1283 1291/1291/1284 1891/1891/1883
f 1892/1892/1884 1891/1891/1883 1291/1291/1284
f 1291/1291/1284 1292/1292/1285 1892/1892/1884
f 1893/1893/1885 1892/1892/1884 1292/1292/1285
f 1292/1292/1285 1294/1294/1287 1893/1893/1885
f 1894/1894/1886 1893/1893/1885 1294/1294/1287
f 1294/1294/1287 1296/1296/1289 1894/1894/1886
f 1895/1895/1887 1894/1894/1886 1296/1296/1289
f 1296/1296/1289 1298/1298/1291 1895/1895/1887
f 1328/1328/1321 1895/1895/1887 1298/1298/1291
f 1298/1298/1291 1300/1300/1293 1328/1328/1321
f 1329/1329/1322 1328/1328/1321 1300/1300/1293
f 1300/1300/1293 1302/1302/1295 1329/1329/1322
f 1324/1324/1317 1329/1329/1322 1302/1302/1295
f 1222/1222/1216 1896/1896/1888 1897/1897/1889
f 1896/1896/1888 1222/1222/1216 1223/1223/1217
f 1223/1223/1217 1225/1225/1219 1896/1896/1888
f 1355/1355/1348 1896/1896/1888 1225/1225/1219
f 1225/1225/1219 1890/1890/1882 1355/1355/1348
f 1353/1353/1346 1355/1355/1348 1890/1890/1882
f 1890/1890/1882 1891/1891/1883 1353/1353/1346
f 1351/1351/1344 1353/1353/1346 1891/1891/1883
f 1891/1891/1883 1892/1892/1884 1351/1351/1344
f 1349/1349/1342 1351/1351/1344 1892/1892/1884
f 1892/1892/1884 1893/1893/1885 1349/1349/1342
f 1347/1347/1340 1349/1349/1342 1893/1893/1885
f 1893/1893/1885 1894/1894/1886 1347/1347/1340
f 1346/1346/1339 1347/1347/1340 1894/1894/1886
f 1894/1894/1886 1895/1895/1887 1346/1346/1339
f 1345/1345/1338 1346/1346/1339 1895/1895/1887
f 1895/1895/1887 1328/1328/1321 1345/1345/1338
f 1330/1330/1323 1345/1345/1338 1328/1328/1321
f 1356/1356/1349 1898/1898/1890 1896/1896/1888
f 1896/1896/1888 1355/1355/1348 1356/1356/1349
f 1899/1899/1891 1900/1900/1891 1356/1356/1349
f 1901/1901/1892 1356/1356/1349 1902/1902/1892
f 1270/1270/1263 1184/1184/1178 1187/1187/1181
f 1187/1187/1181 1190/1190/1184 1270/1270/1263
f 1269/1269/1262 1270/1270/1263 1190/1190/1184
f 1190/1190/1184 1192/1192/1186 1269/1269/1262
f 1268/1268/1261 1269/1269/1262 1192/1192/1186
f 1192/1192/1186 1193/1193/1187 1268/1268/1261
f 1249/1249/1242 1268/1268/1261 1193/1193/1187
f 1193/1193/1187 1194/1194/1188 1249/1249/1242
f 1247/1247/1240 1249/1249/1242 1194/1194/1188
f 1194/1194/1188 1195/1195/1189 1247/1247/1240
f 1245/1245/1238 1247/1247/1240 1195/1195/1189
f 1195/1195/1189 1196/1196/1190 1245/1245/1238
f 1243/1243/1236 1245/1245/1238 1196/1196/1190
f 1196/1196/1190 1181/1181/1175 1243/1243/1236
f 1241/1241/1234 1243/1243/1236 1181/1181/1175
f 1181/1181/1175 1180/1180/1174 1241/1241/1234
f 1238/1238/1231 1241/1241/1234 1180/1180/1174
f 1180/1180/1174 1182/1182/1176 1238/1238/1231
f 1903/1903/1893 1904/1904/1894 1905/1905/1895
f 1905/1905/1895 1906/1906/1896 1903/1903/1893
f 1906/1906/1896 1905/1905/1895 1907/1907/1897
f 1907/1907/1897 1908/1908/1898 1906/1906/1896
f 1906/1906/1896 1908/1908/1898 1909/1909/1899
f 1909/1909/1899 1910/1910/1900 1906/1906/1896
f 1903/1903/1893 1906/1906/1896 1910/1910/1900
f 1910/1910/1900 1911/1911/1901 1903/1903/1893
f 1912/1912/1902 1903/1903/1893 1911/1911/1901
f 1911/1911/1901 1913/1913/1903 1912/1912/1902
f 1914/1914/1904 1912/1912/1902 1913/1913/1903
f 1913/1913/1903 1915/1915/1905 1914/1914/1904
f 1916/1916/1906 1914/1914/1904 1915/1915/1905
f 1915/1915/1905 1917/1917/1907 1916/1916/1906
f 1918/1918/1908 1916/1916/1906 1917/1917/1907
f 1917/1917/1907 1919/1919/1909 1918/1918/1908
f 1920/1920/1910 1918/1918/1908 1919/1919/1909
f 1919/1919/1909 1921/1921/1911 1920/1920/1910
f 1904/1904/1894 1903/1903/1893 1912/1912/1902
f 1912/1912/1902 1922/1922/1912 1904/1904/1894
f 1922/1922/1912 1912/1912/1902 1914/1914/1904
f 1914/1914/1904 1923/1923/1913 1922/1922/1912
f 1923/1923/1913 1914/1914/1904 1916/1916/1906
f 1916/1916/1906 1924/1924/1914 1923/1923/1913
f 1924/1924/1914 1916/1916/1906 1918/1918/1908
f 1918/1918/1908 1925/1925/1915 1924/1924/1914
f 1925/1925/1915 1918/1918/1908 1920/1920/1910
f 1920/1920/1910 1926/1926/1916 1925/1925/1915
f 1926/1926/1916 1920/1920/1910 1927/1927/1917
f 1927/1927/1917 1928/1928/1918 1926/1926/1916
f 1929/1929/1919 1928/1928/1918 1927/1927/1917
f 1928/1928/1918 1929/1929/1919 1930/1930/1920
f 1928/1928/1918 1930/1930/1920 1931/1931/1921
f 1927/1927/1917 1932/1932/1922 1929/1929/1919
f 1927/1927/1917 1920/1920/1910 1921/1921/1911
f 1921/1921/1911 1933/1933/1923 1927/1927/1917
f 1932/1932/1922 1927/1927/1917 1933/1933/1923
f 1933/1933/1923 1934/1934/1924 1932/1932/1922
f 1935/1935/1925 1907/1907/1897 1905/1905/1895
f 1905/1905/1895 1936/1936/1926 1935/1935/1925
f 1936/1936/1926 1905/1905/1895 1904/1904/1894
f 1904/1904/1894 1937/1937/1927 1936/1936/1926
f 1937/1937/1927 1904/1904/1894 1922/1922/1912
f 1922/1922/1912 1938/1938/1928 1937/1937/1927
f 1938/1938/1928 1922/1922/1912 1923/1923/1913
f 1923/1923/1913 1939/1939/1929 1938/1938/1928
f 1939/1939/1929 1923/1923/1913 1924/1924/1914
f 1924/1924/1914 1940/1940/1930 1939/1939/1929
f 1940/1940/1930 1924/1924/1914 1925/1925/1915
f 1925/1925/1915 1941/1941/1931 1940/1940/1930
f 1941/1941/1931 1925/1925/1915 1926/1926/1916
f 1926/1926/1916 1942/1942/1932 1941/1941/1931
f 1942/1942/1932 1926/1926/1916 1928/1928/1918
f 1928/1928/1918 1943/1943/1933 1942/1942/1932
f 1931/1931/1921 1943/1943/1933 1928/1928/1918
f 1943/1943/1933 1931/1931/1921 1944/1944/1934
f 1945/1945/1935 1946/1946/1936 1947/1947/1937
f 1946/1946/1936 1945/1945/1935 1935/1935/1925
f 1935/1935/1925 1936/1936/1926 1946/1946/1936
f 1948/1948/1938 1949/1949/1939 1950/1950/1940
f 1951/1951/1941 1950/1950/1940 1949/1949/1939
f 1950/1950/1940 1951/1951/1941 1952/1952/1942
f 1950/1950/1940 1952/1952/1942 1953/1953/1943
f 1950/1950/1940 1953/1953/1943 1954/1954/1944
f 1950/1950/1940 1954/1954/1944 1955/1955/1945
f 1950/1950/1940 1955/1955/1945 1956/1956/1946
f 1950/1950/1940 1956/1956/1946 1957/1957/1947
f 1950/1950/1940 1957/1957/1947 1958/1958/1948
f 1950/1950/1940 1958/1958/1948 1959/1959/1949
f 1950/1950/1940 1959/1959/1949 1960/1960/1950
f 1950/1950/1940 1960/1960/1950 1961/1961/1951
f 1950/1950/1940 1961/1961/1951 1962/1962/1952
f 1950/1950/1940 1962/1962/1952 1963/1963/1953
f 1950/1950/1940 1963/1963/1953 1964/1964/1954
f 1950/1950/1940 1964/1964/1954 1965/1965/1955
f 1950/1950/1940 1965/1965/1955 1966/1966/1956
f 1950/1950/1940 1966/1966/1956 1967/1967/1957
f 1950/1950/1940 1967/1967/1957 1968/1968/1958
f 1950/1950/1940 1968/1968/1958 1948/1948/1938
f 1969/1969/1959 1970/1970/1960 1971/1971/1961
f 1971/1971/1961 1972/1972/1962 1969/1969/1959
f 1972/1972/1962 1971/1971/1961 1973/1973/1963
f 1973/1973/1963 1974/1974/1964 1972/1972/1962
f 1974/1974/1964 1973/1973/1963 1975/1975/1965
f 1975/1975/1965 1976/1976/1966 1974/1974/1964
f 1976/1976/1966 1975/1975/1965 1977/1977/1967
f 1977/1977/1967 1978/1978/1968 1976/1976/1966
f 1978/1978/1968 1977/1977/1967 1979/1979/1969
f 1979/1979/1969 1980/1980/1970 1978/1978/1968
f 1980/1980/1970 1979/1979/1969 1981/1981/1971
f 1981/1981/1971 1982/1982/1972 1980/1980/1970
f 1982/1982/1972 1981/1981/1971 1983/1983/1973
f 1983/1983/1973 1984/1984/1974 1982/1982/1972
f 1984/1984/1974 1983/1983/1973 1985/1985/1975
f 1985/1985/1975 1986/1986/1976 1984/1984/1974
f 1987/1987/1977 1986/1986/1976 1985/1985/1975
f 1987/1987/1977 1988/1988/1978 1986/1986/1976
f 1987/1987/1977 1985/1985/1975 1989/1989/1979
f 1990/1990/1980 1991/1991/1981 1992/1992/1982
f 1992/1992/1982 1993/1993/1983 1990/1990/1980
f 1993/1993/1983 1992/1992/1982 1994/1994/1984
f 1994/1994/1984 1995/1995/1985 1993/1993/1983
f 1995/1995/1985 1994/1994/1984 1996/1996/1986
f 1996/1996/1986 1997/1997/1987 1995/1995/1985
f 1997/1997/1987 1996/1996/1986 1998/1998/1988
f 1998/1998/1988 1999/1999/1989 1997/1997/1987
f 1999/1999/1989 1998/1998/1988 2000/2000/1990
f 2000/2000/1990 2001/2001/1991 1999/1999/1989
f 2001/2001/1991 2000/2000/1990 2002/2002/1992
f 2002/2002/1992 2003/2003/1993 2001/2001/1991
f 2003/2003/1993 2002/2002/1992 2004/2004/1994
f 2004/2004/1994 2005/2005/1995 2003/2003/1993
f 2005/2005/1995 2004/2004/1994 2006/2006/1996
f 2006/2006/1996 2007/2007/1997 2005/2005/1995
f 2007/2007/1997 2006/2006/1996 2008/2008/1998
f 2008/2008/1998 2009/2009/1999 2007/2007/1997
f 2010/2010/2000 2011/2011/2001 2012/2012/2002
f 2012/2012/2002 2013/2013/2003 2010/2010/2000
f 2013/2013/2003 2012/2012/2002 2014/2014/2004
f 2014/2014/2004 2015/2015/2005 2013/2013/2003
f 2015/2015/2005 2014/2014/2004 2016/2016/2006
f 2016/2016/2006 2017/2017/2007 2015/2015/2005
f 2017/2017/2007 2016/2016/2006 2018/2018/2008
f 2018/2018/2008 2016/2016/2006 2019/2019/2009
f 2019/2019/2009 2020/2020/2010 2018/2018/2008
f 2021/2021/2011 2018/2018/2008 2020/2020/2010
f 2022/2022/2012 2018/2018/2008 2021/2021/2011
f 2021/2021/2011 2023/2023/2013 2022/2022/2012
f 2023/2023/2013 2021/2021/2011 2024/2024/2014
f 2024/2024/2014 2025/2025/2015 2023/2023/2013
f 2025/2025/2015 2024/2024/2014 2026/2026/2016
f 2026/2026/2016 2027/2027/2017 2025/2025/2015
f 2027/2027/2017 2026/2026/2016 2028/2028/2018
f 2028/2028/2018 2029/2029/2019 2027/2027/2017
f 2029/2029/2019 2028/2028/2018 1991/1991/1981
f 1991/1991/1981 2030/2030/2020 2029/2029/2019
f 2018/2018/2008 2022/2022/2012 2017/2017/2007
f 2031/2031/2021 2032/2032/2022 2033/2033/2023
f 2033/2033/2023 2034/2034/2024 2031/2031/2021
f 2034/2034/2024 2033/2033/2023 2035/2035/2025
f 2035/2035/2025 2036/2036/2026 2034/2034/2024
f 2036/2036/2026 2035/2035/2025 2037/2037/2027
f 2037/2037/2027 2038/2038/2028 2036/2036/2026
f 2038/2038/2028 2037/2037/2027 2039/2039/2029
f 2039/2039/2029 2040/2040/2030 2038/2038/2028
f 2040/2040/2030 2039/2039/2029 2041/2041/2031
f 2041/2041/2031 2042/2042/2032 2040/2040/2030
f 2042/2042/2032 2041/2041/2031 2043/2043/2033
f 2043/2043/2033 2044/2044/2034 2042/2042/2032
f 2044/2044/2034 2043/2043/2033 2045/2045/2035
f 2045/2045/2035 2046/2046/2036 2044/2044/2034
f 2046/2046/2036 2045/2045/2035 2011/2011/2001
f 2011/2011/2001 2047/2047/2037 2046/2046/2036
f 2048/2048/2038 2049/2049/2039 2050/2050/2040
f 2049/2049/2039 2048/2048/2038 2051/2051/2041
f 2051/2051/2041 2052/2052/2042 2049/2049/2039
f 2052/2052/2042 2051/2051/2041 2053/2053/2043
f 2053/2053/2043 2054/2054/2044 2052/2052/2042
f 2054/2054/2044 2053/2053/2043 2055/2055/2045
f 2055/2055/2045 2056/2056/2046 2054/2054/2044
f 2056/2056/2046 2055/2055/2045 2057/2057/2047
f 2057/2057/2047 2055/2055/2045 2058/2058/2048
f 2058/2058/2048 2059/2059/2049 2057/2057/2047
f 2060/2060/2050 2059/2059/2049 2058/2058/2048
f 2059/2059/2049 2060/2060/2050 2061/2061/2051
f 2062/2062/2052 2061/2061/2051 2060/2060/2050
f 2063/2063/2053 2061/2061/2051 2062/2062/2052
f 2062/2062/2052 2064/2064/2054 2063/2063/2053
f 2064/2064/2054 2065/2065/2055 2063/2063/2053
f 2065/2065/2055 2064/2064/2054 2066/2066/2056
f 2066/2066/2056 2067/2067/2057 2065/2065/2055
f 2058/2058/2048 2055/2055/2045 2053/2053/2043
f 2068/2068/2058 2053/2053/2043 2051/2051/2041
f 2053/2053/2043 2068/2068/2058 2058/2058/2048
f 2069/2069/2059 2058/2058/2048 2068/2068/2058
f 2058/2058/2048 2069/2069/2059 2060/2060/2050
f 2070/2070/2060 2060/2060/2050 2069/2069/2059
f 2060/2060/2050 2070/2070/2060 2062/2062/2052
f 2062/2062/2052 2070/2070/2060 2071/2071/2061
f 2062/2062/2052 2071/2071/2061 2072/2072/2062
f 2072/2072/2062 2064/2064/2054 2062/2062/2052
f 2064/2064/2054 2072/2072/2062 2073/2073/2063
f 2073/2073/2063 2066/2066/2056 2064/2064/2054
f 2066/2066/2056 2073/2073/2063 2074/2074/2064
f 2074/2074/2064 2075/2075/2065 2066/2066/2056
f 2075/2075/2065 2074/2074/2064 2076/2076/2066
f 2076/2076/2066 2077/2077/2067 2075/2075/2065
f 2073/2073/2063 2072/2072/2062 2078/2078/2068
f 2078/2078/2068 2072/2072/2062 2071/2071/2061
f 2079/2079/2069 2076/2076/2066 2074/2074/2064
f 2074/2074/2064 2080/2080/2070 2079/2079/2069
f 2080/2080/2070 2074/2074/2064 2073/2073/2063
f 2073/2073/2063 2081/2081/2071 2080/2080/2070
f 2078/2078/2068 2081/2081/2071 2073/2073/2063
f 2082/2082/2072 2081/2081/2071 2078/2078/2068
f 2080/2080/2070 2081/2081/2071 2082/2082/2072
f 2083/2083/2073 2084/2084/2074 2085/2085/2075
f 2085/2085/2075 2084/2084/2074 2077/2077/2067
f 2077/2077/2067 2076/2076/2066 2085/2085/2075
f 2086/2086/2076 2085/2085/2075 2076/2076/2066
f 2076/2076/2066 2079/2079/2069 2086/2086/2076
f 2087/2087/2077 2086/2086/2076 2079/2079/2069
f 2079/2079/2069 2088/2088/2078 2087/2087/2077
f 2088/2088/2078 2079/2079/2069 2080/2080/2070
f 2080/2080/2070 2089/2089/2079 2088/2088/2078
f 2089/2089/2079 2080/2080/2070 2082/2082/2072
f 2090/2090/2080 2089/2089/2079 2082/2082/2072
f 2091/2091/2081 2090/2090/2080 2082/2082/2072
f 2078/2078/2068 2091/2091/2081 2082/2082/2072
f 2091/2091/2081 2078/2078/2068 2092/2092/2082
f 2071/2071/2061 2092/2092/2082 2078/2078/2068
f 2092/2092/2082 2071/2071/2061 2093/2093/2083
f 2093/2093/2083 2071/2071/2061 2070/2070/2060
f 2070/2070/2060 2094/2094/2084 2093/2093/2083
f 2088/2088/2078 2089/2089/2079 2090/2090/2080
f 2095/2095/2085 2096/2096/2086 2097/2097/2087
f 2097/2097/2087 2098/2098/2088 2095/2095/2085
f 2098/2098/2088 2097/2097/2087 2083/2083/2073
f 2083/2083/2073 2099/2099/2089 2098/2098/2088
f 2085/2085/2075 2099/2099/2089 2083/2083/2073
f 2100/2100/2090 2099/2099/2089 2085/2085/2075
f 2085/2085/2075 2086/2086/2076 2100/2100/2090
f 2101/2101/2091 2100/2100/2090 2086/2086/2076
f 2086/2086/2076 2087/2087/2077 2101/2101/2091
f 2101/2101/2091 2087/2087/2077 2102/2102/2092
f 2102/2102/2092 2087/2087/2077 2088/2088/2078
f 2088/2088/2078 2103/2103/2093 2102/2102/2092
f 2090/2090/2080 2103/2103/2093 2088/2088/2078
f 2103/2103/2093 2090/2090/2080 2104/2104/2094
f 2104/2104/2094 2090/2090/2080 2091/2091/2081
f 2105/2105/2095 2104/2104/2094 2091/2091/2081
f 2091/2091/2081 2106/2106/2096 2105/2105/2095
f 2107/2107/2097 2105/2105/2095 2106/2106/2096
f 2108/2108/2098 2109/2109/2099 2101/2101/2091
f 2100/2100/2090 2101/2101/2091 2109/2109/2099
f 2099/2099/2089 2100/2100/2090 2110/2110/2100
f 2100/2100/2090 2111/2111/2101 2110/2110/2100
f 2109/2109/2099 2111/2111/2101 2100/2100/2090
f 2111/2111/2101 2109/2109/2099 2112/2112/2102
f 2113/2113/2103 2112/2112/2102 2109/2109/2099
f 2114/2114/2104 2113/2113/2103 2109/2109/2099
f 2109/2109/2099 2108/2108/2098 2114/2114/2104
f 2114/2114/2104 2108/2108/2098 2115/2115/2105
f 2101/2101/2091 2115/2115/2105 2108/2108/2098
f 2116/2116/2106 2115/2115/2105 2101/2101/2091
f 2101/2101/2091 2117/2117/2107 2116/2116/2106
f 2118/2118/2108 2116/2116/2106 2117/2117/2107
f 2117/2117/2107 2119/2119/2109 2118/2118/2108
f 2120/2120/2110 2118/2118/2108 2119/2119/2109
f 2119/2119/2109 2121/2121/2111 2120/2120/2110
f 2122/2122/2112 2120/2120/2110 2121/2121/2111
f 2121/2121/2111 2123/2123/2113 2122/2122/2112
f 2124/2124/2114 2122/2122/2112 2123/2123/2113
f 2118/2118/2108 2120/2120/2110 2125/2125/2115
f 2125/2125/2115 2126/2126/2116 2118/2118/2108
f 2116/2116/2106 2118/2118/2108 2126/2126/2116
f 2126/2126/2116 2127/2127/2117 2116/2116/2106
f 2115/2115/2105 2116/2116/2106 2127/2127/2117
f 2127/2127/2117 2128/2128/2118 2115/2115/2105
f 2115/2115/2105 2128/2128/2118 2114/2114/2104
f 2129/2129/2119 2114/2114/2104 2128/2128/2118
f 2114/2114/2104 2129/2129/2119 2130/2130/2120
f 2130/2130/2120 2113/2113/2103 2114/2114/2104
f 2113/2113/2103 2130/2130/2120 2131/2131/2121
f 2131/2131/2121 2112/2112/2102 2113/2113/2103
f 2132/2132/2122 2112/2112/2102 2131/2131/2121
f 2112/2112/2102 2132/2132/2122 2111/2111/2101
f 2111/2111/2101 2132/2132/2122 2133/2133/2123
f 2133/2133/2123 2110/2110/2100 2111/2111/2101
f 2098/2098/2088 2110/2110/2100 2133/2133/2123
f 2110/2110/2100 2098/2098/2088 2099/2099/2089
f 2133/2133/2123 2095/2095/2085 2098/2098/2088
f 2131/2131/2121 2134/2134/2124 2132/2132/2122
f 2132/2132/2122 2134/2134/2124 2135/2135/2125
f 2135/2135/2125 2133/2133/2123 2132/2132/2122
f 2135/2135/2125 2136/2136/2126 2133/2133/2123
f 2133/2133/2123 2136/2136/2126 2137/2137/2127
f 2137/2137/2127 2095/2095/2085 2133/2133/2123
f 2095/2095/2085 2137/2137/2127 2138/2138/2128
f 2067/2067/2057 2066/2066/2056 2075/2075/2065
f 2075/2075/2065 2139/2139/2129 2067/2067/2057
f 2139/2139/2129 2075/2075/2065 2077/2077/2067
f 2077/2077/2067 2140/2140/2130 2139/2139/2129
f 2140/2140/2130 2077/2077/2067 2084/2084/2074
f 2084/2084/2074 2141/2141/2131 2140/2140/2130
f 2141/2141/2131 2084/2084/2074 2083/2083/2073
f 2083/2083/2073 2142/2142/2132 2141/2141/2131
f 2142/2142/2132 2083/2083/2073 2143/2143/2133
f 2143/2143/2133 2144/2144/2134 2142/2142/2132
f 2144/2144/2134 2143/2143/2133 2145/2145/2135
f 2145/2145/2135 2146/2146/2136 2144/2144/2134
f 2147/2147/2137 2146/2146/2136 2145/2145/2135
f 2148/2148/2138 2147/2147/2137 2145/2145/2135
f 2145/2145/2135 2149/2149/2139 2148/2148/2138
f 2138/2138/2128 2148/2148/2138 2149/2149/2139
f 2149/2149/2139 2096/2096/2086 2138/2138/2128
f 2138/2138/2128 2096/2096/2086 2095/2095/2085
f 2149/2149/2139 2145/2145/2135 2143/2143/2133
f 2096/2096/2086 2149/2149/2139 2143/2143/2133
f 2143/2143/2133 2097/2097/2087 2096/2096/2086
f 2097/2097/2087 2143/2143/2133 2083/2083/2073
f 2106/2106/2096 2150/2150/2140 2107/2107/2097
f 2107/2107/2097 2150/2150/2140 2151/2151/2141
f 2152/2152/2142 2151/2151/2141 2150/2150/2140
f 2151/2151/2141 2152/2152/2142 2153/2153/2143
f 2154/2154/2144 2153/2153/2143 2152/2152/2142
f 2153/2153/2143 2154/2154/2144 2155/2155/2145
f 2155/2155/2145 2154/2154/2144 2156/2156/2146
f 2156/2156/2146 2157/2157/2147 2155/2155/2145
f 2158/2158/2148 2157/2157/2147 2156/2156/2146
f 2157/2157/2147 2158/2158/2148 2159/2159/2149
f 2160/2160/2150 2159/2159/2149 2158/2158/2148
f 2159/2159/2149 2160/2160/2150 2161/2161/2151
f 2162/2162/2152 2161/2161/2151 2160/2160/2150
f 2161/2161/2151 2162/2162/2152 2163/2163/2153
f 2164/2164/2154 2163/2163/2153 2162/2162/2152
f 2163/2163/2153 2164/2164/2154 2165/2165/2155
f 2165/2165/2155 2166/2166/2156 2163/2163/2153
f 2166/2166/2156 2165/2165/2155 2167/2167/2157
f 2161/2161/2151 2168/2168/2158 2159/2159/2149
f 2169/2169/2159 2159/2159/2149 2168/2168/2158
f 2159/2159/2149 2169/2169/2159 2157/2157/2147
f 2157/2157/2147 2169/2169/2159 2170/2170/2160
f 2170/2170/2160 2155/2155/2145 2157/2157/2147
f 2171/2171/2161 2155/2155/2145 2170/2170/2160
f 2155/2155/2145 2171/2171/2161 2153/2153/2143
f 2172/2172/2162 2153/2153/2143 2171/2171/2161
f 2153/2153/2143 2172/2172/2162 2151/2151/2141
f 2173/2173/2163 2174/2174/2164 2168/2168/2158
f 2175/2175/2165 2168/2168/2158 2174/2174/2164
f 2168/2168/2158 2175/2175/2165 2169/2169/2159
f 2170/2170/2160 2169/2169/2159 2175/2175/2165
f 2151/2151/2141 2176/2176/2166 2107/2107/2097
f 2177/2177/2167 2176/2176/2166 2151/2151/2141
f 2151/2151/2141 2172/2172/2162 2177/2177/2167
f 2177/2177/2167 2172/2172/2162 2178/2178/2168
f 2171/2171/2161 2178/2178/2168 2172/2172/2162
f 2178/2178/2168 2171/2171/2161 2179/2179/2169
f 2170/2170/2160 2179/2179/2169 2171/2171/2161
f 2179/2179/2169 2170/2170/2160 2180/2180/2170
f 2175/2175/2165 2180/2180/2170 2170/2170/2160
f 2180/2180/2170 2175/2175/2165 2181/2181/2171
f 2174/2174/2164 2181/2181/2171 2175/2175/2165
f 2181/2181/2171 2174/2174/2164 2182/2182/2172
f 2183/2183/2173 2182/2182/2172 2174/2174/2164
f 2174/2174/2164 2173/2173/2163 2183/2183/2173
f 2166/2166/2156 2183/2183/2173 2173/2173/2163
f 2173/2173/2163 2163/2163/2153 2166/2166/2156
f 2163/2163/2153 2173/2173/2163 2161/2161/2151
f 2168/2168/2158 2161/2161/2151 2173/2173/2163
f 2179/2179/2169 2184/2184/2174 2178/2178/2168
f 2184/2184/2174 2185/2185/2175 2186/2186/2176
f 2186/2186/2176 2178/2178/2168 2184/2184/2174
f 2178/2178/2168 2186/2186/2176 2177/2177/2167
f 2187/2187/2177 2188/2188/2178 2189/2189/2179
f 2190/2190/2180 2189/2189/2179 2188/2188/2178
f 2188/2188/2178 2191/2191/2181 2190/2190/2180
f 2190/2190/2180 2191/2191/2181 2192/2192/2182
f 2192/2192/2182 2193/2193/2183 2190/2190/2180
f 2193/2193/2183 2192/2192/2182 2194/2194/2184
f 2194/2194/2184 2195/2195/2185 2193/2193/2183
f 2196/2196/2186 2195/2195/2185 2194/2194/2184
f 2197/2197/2187 2195/2195/2185 2196/2196/2186
f 2195/2195/2185 2197/2197/2187 2198/2198/2188
f 2185/2185/2175 2198/2198/2188 2197/2197/2187
f 2199/2199/2189 2198/2198/2188 2185/2185/2175
f 2185/2185/2175 2184/2184/2174 2199/2199/2189
f 2200/2200/2190 2199/2199/2189 2184/2184/2174
f 2184/2184/2174 2179/2179/2169 2200/2200/2190
f 2180/2180/2170 2200/2200/2190 2179/2179/2169
f 2200/2200/2190 2180/2180/2170 2201/2201/2191
f 2181/2181/2171 2201/2201/2191 2180/2180/2170
f 2201/2201/2191 2181/2181/2171 2202/2202/2192
f 2182/2182/2172 2202/2202/2192 2181/2181/2171
f 2202/2202/2192 2187/2187/2177 2201/2201/2191
f 2189/2189/2179 2201/2201/2191 2187/2187/2177
f 2201/2201/2191 2189/2189/2179 2200/2200/2190
f 2199/2199/2189 2200/2200/2190 2189/2189/2179
f 2189/2189/2179 2190/2190/2180 2199/2199/2189
f 2198/2198/2188 2199/2199/2189 2190/2190/2180
f 2190/2190/2180 2193/2193/2183 2198/2198/2188
f 2198/2198/2188 2193/2193/2183 2195/2195/2185
f 2167/2167/2157 2203/2203/2193 2166/2166/2156
f 2183/2183/2173 2166/2166/2156 2203/2203/2193
f 2203/2203/2193 2204/2204/2194 2183/2183/2173
f 2182/2182/2172 2183/2183/2173 2204/2204/2194
f 2204/2204/2194 2205/2205/2195 2182/2182/2172
f 2202/2202/2192 2182/2182/2172 2205/2205/2195
f 2205/2205/2195 2206/2206/2196 2202/2202/2192
f 2187/2187/2177 2202/2202/2192 2206/2206/2196
f 2206/2206/2196 2207/2207/2197 2187/2187/2177
f 2207/2207/2197 2208/2208/2198 2187/2187/2177
f 2188/2188/2178 2187/2187/2177 2208/2208/2198
f 2208/2208/2198 2209/2209/2199 2188/2188/2178
f 2209/2209/2199 2210/2210/2200 2188/2188/2178
f 2211/2211/2201 2188/2188/2178 2210/2210/2200
f 2191/2191/2181 2188/2188/2178 2211/2211/2201
f 2211/2211/2201 2212/2212/2202 2191/2191/2181
f 2191/2191/2181 2212/2212/2202 2213/2213/2203
f 2213/2213/2203 2192/2192/2182 2191/2191/2181
f 2192/2192/2182 2213/2213/2203 2214/2214/2204
f 2214/2214/2204 2194/2194/2184 2192/2192/2182
f 2215/2215/2205 2194/2194/2184 2214/2214/2204
f 2194/2194/2184 2215/2215/2205 2196/2196/2186
f 2216/2216/2206 2196/2196/2186 2215/2215/2205
f 2197/2197/2187 2196/2196/2186 2216/2216/2206
f 2197/2197/2187 2216/2216/2206 2217/2217/2207
f 2217/2217/2207 2218/2218/2208 2197/2197/2187
f 2219/2219/2209 2218/2218/2208 2217/2217/2207
f 2218/2218/2208 2219/2219/2209 2220/2220/2210
f 2221/2221/2211 2220/2220/2210 2219/2219/2209
f 2220/2220/2210 2221/2221/2211 2222/2222/2212
f 2223/2223/2213 2222/2222/2212 2221/2221/2211
f 2222/2222/2212 2223/2223/2213 2224/2224/2214
f 2224/2224/2214 2225/2225/2215 2222/2222/2212
f 2225/2225/2215 2224/2224/2214 2226/2226/2216
f 2226/2226/2216 2227/2227/2217 2225/2225/2215
f 2227/2227/2217 2226/2226/2216 2228/2228/2218
f 2215/2215/2205 2229/2229/2219 2216/2216/2206
f 2214/2214/2204 2230/2230/2220 2215/2215/2205
f 2229/2229/2219 2215/2215/2205 2230/2230/2220
f 2230/2230/2220 2231/2231/2221 2229/2229/2219
f 2229/2229/2219 2231/2231/2221 2232/2232/2222
f 2232/2232/2222 2233/2233/2223 2229/2229/2219
f 2216/2216/2206 2229/2229/2219 2233/2233/2223
f 2233/2233/2223 2217/2217/2207 2216/2216/2206
f 2234/2234/2224 2217/2217/2207 2233/2233/2223
f 2217/2217/2207 2234/2234/2224 2219/2219/2209
f 2235/2235/2225 2219/2219/2209 2234/2234/2224
f 2219/2219/2209 2235/2235/2225 2221/2221/2211
f 2236/2236/2226 2221/2221/2211 2235/2235/2225
f 2221/2221/2211 2236/2236/2226 2223/2223/2213
f 2237/2237/2227 2238/2238/2228 2239/2239/2229
f 2239/2239/2229 2240/2240/2230 2237/2237/2227
f 2241/2241/2231 2237/2237/2227 2240/2240/2230
f 2240/2240/2230 2242/2242/2232 2241/2241/2231
f 2232/2232/2222 2241/2241/2231 2242/2242/2232
f 2242/2242/2232 2233/2233/2223 2232/2232/2222
f 2233/2233/2223 2242/2242/2232 2234/2234/2224
f 2243/2243/2233 2234/2234/2224 2242/2242/2232
f 2234/2234/2224 2243/2243/2233 2235/2235/2225
f 2244/2244/2234 2235/2235/2225 2243/2243/2233
f 2235/2235/2225 2244/2244/2234 2236/2236/2226
f 2242/2242/2232 2240/2240/2230 2243/2243/2233
f 2245/2245/2235 2243/2243/2233 2240/2240/2230
f 2243/2243/2233 2245/2245/2235 2244/2244/2234
f 2240/2240/2230 2239/2239/2229 2245/2245/2235
f 2228/2228/2218 2246/2246/2236 2227/2227/2217
f 2246/2246/2236 2228/2228/2218 2247/2247/2237
f 2247/2247/2237 2248/2248/2238 2246/2246/2236
f 2249/2249/2239 2248/2248/2238 2247/2247/2237
f 2249/2249/2239 2250/2250/2240 2248/2248/2238
f 2249/2249/2239 2251/2251/2241 2250/2250/2240
f 2251/2251/2241 2252/2252/2242 2250/2250/2240
f 2253/2253/2243 2252/2252/2242 2251/2251/2241
f 2252/2252/2242 2253/2253/2243 2254/2254/2244
f 2254/2254/2244 2255/2255/2245 2252/2252/2242
f 2255/2255/2245 2254/2254/2244 2256/2256/2246
f 2256/2256/2246 2124/2124/2114 2255/2255/2245
f 2124/2124/2114 2256/2256/2246 2257/2257/2247
f 2257/2257/2247 2258/2258/2248 2124/2124/2114
f 2122/2122/2112 2124/2124/2114 2258/2258/2248
f 2258/2258/2248 2259/2259/2249 2122/2122/2112
f 2120/2120/2110 2122/2122/2112 2259/2259/2249
f 2259/2259/2249 2125/2125/2115 2120/2120/2110
f 2251/2251/2241 2260/2260/2250 2253/2253/2243
f 2260/2260/2250 2251/2251/2241 2249/2249/2239
f 2123/2123/2113 2255/2255/2245 2124/2124/2114
f 2255/2255/2245 2123/2123/2113 2261/2261/2251
f 2261/2261/2251 2252/2252/2242 2255/2255/2245
f 2252/2252/2242 2261/2261/2251 2262/2262/2252
f 2262/2262/2252 2250/2250/2240 2252/2252/2242
f 2250/2250/2240 2262/2262/2252 2263/2263/2253
f 2263/2263/2253 2248/2248/2238 2250/2250/2240
f 2248/2248/2238 2263/2263/2253 2264/2264/2254
f 2264/2264/2254 2246/2246/2236 2248/2248/2238
f 2246/2246/2236 2264/2264/2254 2265/2265/2255
f 2265/2265/2255 2227/2227/2217 2246/2246/2236
f 2227/2227/2217 2265/2265/2255 2266/2266/2256
f 2266/2266/2256 2225/2225/2215 2227/2227/2217
f 2225/2225/2215 2266/2266/2256 2267/2267/2257
f 2267/2267/2257 2222/2222/2212 2225/2225/2215
f 2222/2222/2212 2267/2267/2257 2220/2220/2210
f 2268/2268/2258 2220/2220/2210 2267/2267/2257
f 2220/2220/2210 2268/2268/2258 2218/2218/2208
f 2264/2264/2254 2269/2269/2259 2270/2270/2260
f 2269/2269/2259 2264/2264/2254 2263/2263/2253
f 2263/2263/2253 2271/2271/2261 2269/2269/2259
f 2271/2271/2261 2263/2263/2253 2262/2262/2252
f 2262/2262/2252 2272/2272/2262 2271/2271/2261
f 2272/2272/2262 2262/2262/2252 2261/2261/2251
f 2261/2261/2251 2273/2273/2263 2272/2272/2262
f 2273/2273/2263 2261/2261/2251 2123/2123/2113
f 2123/2123/2113 2121/2121/2111 2273/2273/2263
f 2274/2274/2264 2273/2273/2263 2121/2121/2111
f 2121/2121/2111 2119/2119/2109 2274/2274/2264
f 2275/2275/2265 2272/2272/2262 2273/2273/2263
f 2273/2273/2263 2274/2274/2264 2275/2275/2265
f 2272/2272/2262 2275/2275/2265 2276/2276/2266
f 2276/2276/2266 2271/2271/2261 2272/2272/2262
f 2271/2271/2261 2276/2276/2266 2277/2277/2267
f 2277/2277/2267 2269/2269/2259 2271/2271/2261
f 2269/2269/2259 2277/2277/2267 2278/2278/2268
f 2278/2278/2268 2270/2270/2260 2269/2269/2259
f 2270/2270/2260 2278/2278/2268 2279/2279/2269
f 2279/2279/2269 2280/2280/2270 2270/2270/2260
f 2280/2280/2270 2279/2279/2269 2281/2281/2271
f 2281/2281/2271 2282/2282/2272 2280/2280/2270
f 2282/2282/2272 2281/2281/2271 2283/2283/2273
f 2283/2283/2273 2268/2268/2258 2282/2282/2272
f 2267/2267/2257 2282/2282/2272 2268/2268/2258
f 2282/2282/2272 2267/2267/2257 2266/2266/2256
f 2266/2266/2256 2280/2280/2270 2282/2282/2272
f 2280/2280/2270 2266/2266/2256 2265/2265/2255
f 2265/2265/2255 2270/2270/2260 2280/2280/2270
f 2270/2270/2260 2265/2265/2255 2264/2264/2254
f 2197/2197/2187 2218/2218/2208 2268/2268/2258
f 2268/2268/2258 2283/2283/2273 2197/2197/2187
f 2197/2197/2187 2283/2283/2273 2185/2185/2175
f 2185/2185/2175 2283/2283/2273 2281/2281/2271
f 2281/2281/2271 2186/2186/2176 2185/2185/2175
f 2186/2186/2176 2281/2281/2271 2279/2279/2269
f 2279/2279/2269 2177/2177/2167 2186/2186/2176
f 2177/2177/2167 2279/2279/2269 2278/2278/2268
f 2278/2278/2268 2176/2176/2166 2177/2177/2167
f 2176/2176/2166 2278/2278/2268 2277/2277/2267
f 2277/2277/2267 2107/2107/2097 2176/2176/2166
f 2105/2105/2095 2107/2107/2097 2277/2277/2267
f 2277/2277/2267 2276/2276/2266 2105/2105/2095
f 2276/2276/2266 2104/2104/2094 2105/2105/2095
f 2104/2104/2094 2276/2276/2266 2275/2275/2265
f 2275/2275/2265 2103/2103/2093 2104/2104/2094
f 2103/2103/2093 2275/2275/2265 2274/2274/2264
f 2274/2274/2264 2102/2102/2092 2103/2103/2093
f 2102/2102/2092 2274/2274/2264 2119/2119/2109
f 2119/2119/2109 2117/2117/2107 2102/2102/2092
f 2102/2102/2092 2117/2117/2107 2101/2101/2091
f 2284/2284/2274 2057/2057/2047 2059/2059/2049
f 2061/2061/2051 2284/2284/2274 2059/2059/2049
f 2284/2284/2274 2061/2061/2051 2063/2063/2053
f 2063/2063/2053 2285/2285/2275 2284/2284/2274
f 2285/2285/2275 2063/2063/2053 2065/2065/2055
f 2065/2065/2055 2286/2286/2276 2285/2285/2275
f 2067/2067/2057 2286/2286/2276 2065/2065/2055
f 2286/2286/2276 2067/2067/2057 2139/2139/2129
f 2139/2139/2129 2287/2287/2277 2286/2286/2276
f 2287/2287/2277 2139/2139/2129 2140/2140/2130
f 2140/2140/2130 2288/2288/2278 2287/2287/2277
f 2288/2288/2278 2140/2140/2130 2141/2141/2131
f 2141/2141/2131 2289/2289/2279 2288/2288/2278
f 2289/2289/2279 2141/2141/2131 2142/2142/2132
f 2142/2142/2132 2290/2290/2280 2289/2289/2279
f 2290/2290/2280 2142/2142/2132 2144/2144/2134
f 2144/2144/2134 2291/2291/2281 2290/2290/2280
f 2291/2291/2281 2144/2144/2134 2146/2146/2136
f 2057/2057/2047 2284/2284/2274 2285/2285/2275
f 2285/2285/2275 2292/2292/2282 2057/2057/2047
f 2292/2292/2282 2285/2285/2275 2286/2286/2276
f 2286/2286/2276 2293/2293/2283 2292/2292/2282
f 2293/2293/2283 2286/2286/2276 2287/2287/2277
f 2287/2287/2277 2294/2294/2284 2293/2293/2283
f 2288/2288/2278 2294/2294/2284 2287/2287/2277
f 2294/2294/2284 2288/2288/2278 2289/2289/2279
f 2289/2289/2279 2295/2295/2285 2294/2294/2284
f 2295/2295/2285 2289/2289/2279 2290/2290/2280
f 2290/2290/2280 2296/2296/2286 2295/2295/2285
f 2296/2296/2286 2290/2290/2280 2291/2291/2281
f 2291/2291/2281 2297/2297/2287 2296/2296/2286
f 2298/2298/2288 2296/2296/2286 2297/2297/2287
f 2297/2297/2287 2299/2299/2289 2298/2298/2288
f 2300/2300/2290 2294/2294/2284 2295/2295/2285
f 2295/2295/2285 2301/2301/2291 2300/2300/2290
f 2301/2301/2291 2295/2295/2285 2296/2296/2286
f 2296/2296/2286 2298/2298/2288 2301/2301/2291
f 2294/2294/2284 2300/2300/2290 2302/2302/2292
f 2294/2294/2284 2302/2302/2292 2303/2303/2293
f 2294/2294/2284 2303/2303/2293 2293/2293/2283
f 2293/2293/2283 2303/2303/2293 2292/2292/2282
f 2303/2303/2293 2057/2057/2047 2292/2292/2282
f 2057/2057/2047 2303/2303/2293 2304/2304/2294
f 2304/2304/2294 2305/2305/2295 2057/2057/2047
f 2057/2057/2047 2305/2305/2295 2056/2056/2046
f 2303/2303/2293 2302/2302/2292 2304/2304/2294
f 2146/2146/2136 2306/2306/2296 2291/2291/2281
f 2297/2297/2287 2291/2291/2281 2306/2306/2296
f 2306/2306/2296 2307/2307/2297 2297/2297/2287
f 2299/2299/2289 2297/2297/2287 2307/2307/2297
f 2307/2307/2297 2308/2308/2298 2299/2299/2289
f 2309/2309/2299 2310/2310/2300 1723/1723/1715
f 2310/2310/2300 2311/2311/2301 1723/1723/1715
f 2311/2311/2301 2310/2310/2300 2312/2312/2302
f 2312/2312/2302 2313/2313/2303 2311/2311/2301
f 2314/2314/2304 2313/2313/2303 2312/2312/2302
f 2315/2315/2305 2313/2313/2303 2314/2314/2304
f 2315/2315/2305 2314/2314/2304 2316/2316/2306
f 2315/2315/2305 2316/2316/2306 2317/2317/2307
f 2317/2317/2307 2318/2318/2308 2315/2315/2305
f 2319/2319/2309 2318/2318/2308 2317/2317/2307
f 2320/2320/2310 2318/2318/2308 2319/2319/2309
f 2319/2319/2309 2321/2321/2311 2320/2320/2310
f 2320/2320/2310 2321/2321/2311 1712/1712/1704
f 1712/1712/1704 1710/1710/1702 2320/2320/2310
f 1723/1723/1715 2320/2320/2310 1710/1710/1702
f 2318/2318/2308 2320/2320/2310 1723/1723/1715
f 1723/1723/1715 2315/2315/2305 2318/2318/2308
f 1723/1723/1715 2311/2311/2301 2315/2315/2305
f 2315/2315/2305 2311/2311/2301 2313/2313/2303
f 2312/2312/2302 2322/2322/2312 2314/2314/2304
f 2323/2323/2313 2312/2312/2302 2310/2310/2300
f 2312/2312/2302 2323/2323/2313 2324/2324/2313
f 2310/2310/2300 2325/2325/2313 2323/2323/2313
f 2326/2326/2314 2327/2327/2315 2328/2328/2316
f 2328/2328/2316 2329/2329/2317 2326/2326/2314
f 2330/2330/2318 2326/2326/2314 2329/2329/2317
f 2329/2329/2317 2331/2331/2319 2330/2330/2318
f 2332/2332/2320 2330/2330/2318 2331/2331/2319
f 2331/2331/2319 2333/2333/2321 2332/2332/2320
f 2334/2334/2322 2332/2332/2320 2333/2333/2321
f 2333/2333/2321 2335/2335/2323 2334/2334/2322
f 2336/2336/2324 2334/2334/2322 2335/2335/2323
f 2335/2335/2323 2337/2337/2325 2336/2336/2324
f 2338/2338/2326 2339/2339/2327 2340/2340/2328
f 2340/2340/2328 2341/2341/2329 2338/2338/2326
f 2341/2341/2329 2340/2340/2328 2342/2342/2330
f 2342/2342/2330 2343/2343/2331 2341/2341/2329
f 2343/2343/2331 2342/2342/2330 2344/2344/2332
f 2344/2344/2332 2345/2345/2333 2343/2343/2331
f 2345/2345/2333 2344/2344/2332 2346/2346/2334
f 2346/2346/2334 2347/2347/2335 2345/2345/2333
f 2347/2347/2335 2346/2346/2334 2348/2348/2336
f 2348/2348/2336 2349/2349/2337 2347/2347/2335
f 2349/2349/2337 2348/2348/2336 2350/2350/2338
f 2350/2350/2338 2351/2351/2339 2349/2349/2337
f 2351/2351/2339 2350/2350/2338 2328/2328/2316
f 2328/2328/2316 2352/2352/2340 2351/2351/2339
f 2353/2353/2341 2354/2354/2342 1414/1414/1406
f 1414/1414/1406 1415/1415/1407 2353/2353/2341
f 2355/2355/2343 2353/2353/2341 1415/1415/1407
f 1415/1415/1407 1416/1416/1408 2355/2355/2343
f 2356/2356/2344 2355/2355/2343 1416/1416/1408
f 1416/1416/1408 1417/1417/1409 2356/2356/2344
f 2357/2357/2345 2356/2356/2344 1417/1417/1409
f 1417/1417/1409 1420/1420/1412 2357/2357/2345
f 2358/2358/2346 2357/2357/2345 1420/1420/1412
f 1420/1420/1412 1422/1422/1414 2358/2358/2346
f 2359/2359/2347 2358/2358/2346 1422/1422/1414
f 1422/1422/1414 1424/1424/1416 2359/2359/2347
f 2360/2360/2348 2359/2359/2347 1424/1424/1416
f 1424/1424/1416 1426/1426/1418 2360/2360/2348
f 2361/2361/2349 2360/2360/2348 1426/1426/1418
f 1426/1426/1418 1428/1428/1420 2361/2361/2349
f 2362/2362/2350 2363/2363/2351 2364/2364/2352
f 2364/2364/2352 2365/2365/2353 2362/2362/2350
f 2366/2366/2354 2362/2362/2350 2365/2365/2353
f 2365/2365/2353 2367/2367/2355 2366/2366/2354
f 2368/2368/2356 2366/2366/2354 2367/2367/2355
f 2367/2367/2355 2369/2369/2357 2368/2368/2356
f 2370/2370/2358 2368/2368/2356 2369/2369/2357
f 2369/2369/2357 2371/2371/2359 2370/2370/2358
f 2372/2372/2360 2370/2370/2358 2371/2371/2359
f 2371/2371/2359 2373/2373/2361 2372/2372/2360
f 2374/2374/2362 2373/2373/2361 2375/2375/2363
f 2375/2375/2363 2376/2376/2364 2374/2374/2362
f 2376/2376/2364 2375/2375/2363 2377/2377/2365
f 2377/2377/2365 2378/2378/2366 2376/2376/2364
f 2378/2378/2366 2377/2377/2365 2379/2379/2367
f 2379/2379/2367 2380/2380/2368 2378/2378/2366
f 2380/2380/2368 2379/2379/2367 2381/2381/2369
f 2381/2381/2369 2382/2382/2370 2380/2380/2368
f 2382/2382/2370 2381/2381/2369 2383/2383/2371
f 2383/2383/2371 2384/2384/2372 2382/2382/2370
f 2384/2384/2372 2383/2383/2371 2385/2385/2373
f 2385/2385/2373 2386/2386/2374 2384/2384/2372
f 2386/2386/2374 2385/2385/2373 2387/2387/2375
f 2387/2387/2375 2388/2388/2376 2386/2386/2374
f 2388/2388/2376 2387/2387/2375 2389/2389/2377
f 2389/2389/2377 2390/2390/2378 2388/2388/2376
f 2390/2390/2378 2389/2389/2377 2391/2391/2379
f 2391/2391/2379 2392/2392/2380 2390/2390/2378
f 2393/2393/2381 2394/2394/2382 2395/2395/2383
f 2395/2395/2383 2396/2396/2384 2393/2393/2381
f 2396/2396/2384 2397/2397/2385 2393/2393/2381
f 2397/2397/2385 2396/2396/2384 2398/2398/2386
f 2398/2398/2386 2399/2399/2387 2397/2397/2385
f 2400/2400/2388 2397/2397/2385 2399/2399/2387
f 2399/2399/2387 2401/2401/2389 2400/2400/2388
f 2402/2402/2390 2400/2400/2388 2401/2401/2389
f 2401/2401/2389 2403/2403/2391 2402/2402/2390
f 2404/2404/2392 2402/2402/2390 2403/2403/2391
f 2403/2403/2391 2405/2405/2393 2404/2404/2392
f 2406/2406/2394 2404/2404/2392 2405/2405/2393
f 2405/2405/2393 2407/2407/2395 2406/2406/2394
f 2408/2408/2396 2406/2406/2394 2407/2407/2395
f 2407/2407/2395 2409/2409/2397 2408/2408/2396
f 2410/2410/2398 2408/2408/2396 2409/2409/2397
f 2409/2409/2397 2411/2411/2399 2410/2410/2398
f 2412/2412/2400 2410/2410/2398 2411/2411/2399
f 2411/2411/2399 2413/2413/2401 2412/2412/2400
f 2396/2396/2384 2395/2395/2383 2414/2414/2402
f 2414/2414/2402 2398/2398/2386 2396/2396/2384
f 2415/2415/2403 2416/2416/2404 2417/2417/2405
f 2417/2417/2405 2418/2418/2406 2415/2415/2403
f 2419/2419/2407 2415/2415/2403 2418/2418/2406
f 2418/2418/2406 2420/2420/2408 2419/2419/2407
f 2421/2421/2409 2419/2419/2407 2420/2420/2408
f 2420/2420/2408 2422/2422/2410 2421/2421/2409
f 2423/2423/2411 2421/2421/2409 2422/2422/2410
f 2422/2422/2410 2424/2424/2412 2423/2423/2411
f 2425/2425/2413 2423/2423/2411 2424/2424/2412
f 2424/2424/2412 2426/2426/2414 2425/2425/2413
f 2427/2427/2415 2425/2425/2413 2426/2426/2414
f 2426/2426/2414 2428/2428/2416 2427/2427/2415
f 2429/2429/2417 2427/2427/2415 2428/2428/2416
f 2428/2428/2416 2430/2430/2418 2429/2429/2417
f 2431/2431/2419 2429/2429/2417 2430/2430/2418
f 2430/2430/2418 2432/2432/2420 2431/2431/2419
f 2433/2433/2421 2431/2431/2419 2432/2432/2420
f 2432/2432/2420 2434/2434/2422 2433/2433/2421
f 2410/2410/2398 2412/2412/2400 2435/2435/2423
f 2435/2435/2423 2436/2436/2424 2410/2410/2398
f 2408/2408/2396 2410/2410/2398 2436/2436/2424
f 2408/2408/2396 2436/2436/2424 2437/2437/2425
f 2437/2437/2425 2406/2406/2394 2408/2408/2396
f 2404/2404/2392 2406/2406/2394 2437/2437/2425
f 2404/2404/2392 2437/2437/2425 2438/2438/2426
f 2402/2402/2390 2404/2404/2392 2438/2438/2426
f 2400/2400/2388 2402/2402/2390 2438/2438/2426
f 2397/2397/2385 2400/2400/2388 2438/2438/2426
f 2438/2438/2426 2439/2439/2427 2397/2397/2385
f 2439/2439/2427 2393/2393/2381 2397/2397/2385
f 2440/2440/2428 2441/2441/2429 2442/2442/2430
f 2442/2442/2430 2443/2443/2431 2440/2440/2428
f 2443/2443/2431 2444/2444/2432 2440/2440/2428
f 2444/2444/2432 2445/2445/2433 2440/2440/2428
f 2446/2446/2434 2445/2445/2433 2444/2444/2432
f 2444/2444/2432 2447/2447/2435 2446/2446/2434
f 2447/2447/2435 2448/2448/2436 2446/2446/2434
f 2446/2446/2434 2448/2448/2436 2449/2449/2437
f 2450/2450/2438 2451/2451/2439 2452/2452/2440
f 2452/2452/2440 2453/2453/2441 2450/2450/2438
f 2454/2454/2442 2450/2450/2438 2453/2453/2441
f 2454/2454/2442 2453/2453/2441 2455/2455/2443
f 2455/2455/2443 2456/2456/2444 2454/2454/2442
f 2456/2456/2444 2455/2455/2443 2457/2457/2445
f 2457/2457/2445 2458/2458/2446 2456/2456/2444
f 2459/2459/2447 2458/2458/2446 2457/2457/2445
f 2460/2460/2448 2459/2459/2447 2457/2457/2445
f 2461/2461/2449 2460/2460/2448 2457/2457/2445
f 2462/2462/2450 2460/2460/2448 2461/2461/2449
f 2463/2463/2451 2462/2462/2450 2461/2461/2449
f 2461/2461/2449 2464/2464/2452 2463/2463/2451
f 2464/2464/2452 2465/2465/2453 2463/2463/2451
f 2466/2466/2454 2467/2467/2455 2468/2468/2456
f 2469/2469/2457 2466/2466/2454 2468/2468/2456
f 2469/2469/2457 2468/2468/2456 2470/2470/2458
f 2471/2471/2459 2469/2469/2457 2470/2470/2458
f 2472/2472/2460 2471/2471/2459 2470/2470/2458
f 2470/2470/2458 2473/2473/2461 2472/2472/2460
f 2474/2474/2462 2472/2472/2460 2473/2473/2461
f 2473/2473/2461 2475/2475/2463 2474/2474/2462
f 2476/2476/2464 2474/2474/2462 2475/2475/2463
f 2475/2475/2463 2477/2477/2465 2476/2476/2464
f 2478/2478/2466 2476/2476/2464 2477/2477/2465
f 2477/2477/2465 2479/2479/2467 2478/2478/2466
f 2480/2480/2468 2478/2478/2466 2479/2479/2467
f 2479/2479/2467 2481/2481/2469 2480/2480/2468
f 2482/2482/2470 2483/2483/2471 1981/1981/1971
f 1981/1981/1971 1979/1979/1969 2482/2482/2470
f 2484/2484/2472 2482/2482/2470 1979/1979/1969
f 1979/1979/1969 1977/1977/1967 2484/2484/2472
f 2485/2485/2473 2486/2486/2474 2487/2487/2475
f 2487/2487/2475 2488/2488/2476 2485/2485/2473
f 2488/2488/2476 2487/2487/2475 2489/2489/2477
f 2489/2489/2477 2490/2490/2478 2488/2488/2476
f 2491/2491/2479 2488/2488/2476 2490/2490/2478
f 2490/2490/2478 2492/2492/2480 2491/2491/2479
f 2493/2493/2481 2491/2491/2479 2492/2492/2480
f 2492/2492/2480 2494/2494/2482 2493/2493/2481
f 2495/2495/2483 2493/2493/2481 2494/2494/2482
f 2494/2494/2482 2496/2496/2484 2495/2495/2483
f 2497/2497/2485 2495/2495/2483 2496/2496/2484
f 2496/2496/2484 2498/2498/2486 2497/2497/2485
f 2499/2499/2487 2497/2497/2485 2498/2498/2486
f 2498/2498/2486 2500/2500/2488 2499/2499/2487
f 2501/2501/2489 2499/2499/2487 2500/2500/2488
f 2500/2500/2488 2502/2502/2490 2501/2501/2489
f 2503/2503/2491 2501/2501/2489 2502/2502/2490
f 2502/2502/2490 2504/2504/2492 2503/2503/2491
f 2505/2505/2493 2485/2485/2473 2488/2488/2476
f 2488/2488/2476 2491/2491/2479 2505/2505/2493
f 2506/2506/2494 2505/2505/2493 2491/2491/2479
f 2491/2491/2479 2493/2493/2481 2506/2506/2494
f 2507/2507/2495 2506/2506/2494 2493/2493/2481
f 2493/2493/2481 2495/2495/2483 2507/2507/2495
f 2508/2508/2496 2507/2507/2495 2495/2495/2483
f 2495/2495/2483 2497/2497/2485 2508/2508/2496
f 2509/2509/2497 2508/2508/2496 2497/2497/2485
f 2497/2497/2485 2499/2499/2487 2509/2509/2497
f 2510/2510/2498 2509/2509/2497 2499/2499/2487
f 2499/2499/2487 2501/2501/2489 2510/2510/2498
f 2511/2511/2499 2510/2510/2498 2501/2501/2489
f 2501/2501/2489 2503/2503/2491 2511/2511/2499
f 2512/2512/2500 2504/2504/2492 2502/2502/2490
f 2502/2502/2490 2513/2513/2501 2512/2512/2500
f 2514/2514/2502 2512/2512/2500 2513/2513/2501
f 2513/2513/2501 2515/2515/2503 2514/2514/2502
f 2516/2516/2504 2514/2514/2502 2515/2515/2503
f 2515/2515/2503 2517/2517/2505 2516/2516/2504
f 2518/2518/2506 2516/2516/2504 2517/2517/2505
f 2517/2517/2505 2519/2519/2507 2518/2518/2506
f 2519/2519/2507 2520/2520/2508 2518/2518/2506
f 2521/2521/2509 2522/2522/2510 2523/2523/2511
f 2523/2523/2511 2524/2524/2512 2521/2521/2509
f 2525/2525/2513 2521/2521/2509 2524/2524/2512
f 2524/2524/2512 2526/2526/2514 2525/2525/2513
f 2527/2527/2515 2525/2525/2513 2526/2526/2514
f 2526/2526/2514 2528/2528/2516 2527/2527/2515
f 2529/2529/2517 2527/2527/2515 2528/2528/2516
f 2528/2528/2516 2530/2530/2518 2529/2529/2517
f 2531/2531/2519 2529/2529/2517 2530/2530/2518
f 2530/2530/2518 2532/2532/2520 2531/2531/2519
f 2515/2515/2503 2531/2531/2519 2532/2532/2520
f 2532/2532/2520 2517/2517/2505 2515/2515/2503
f 2522/2522/2510 2521/2521/2509 2533/2533/2521
f 2534/2534/2522 2533/2533/2521 2521/2521/2509
f 2521/2521/2509 2525/2525/2513 2534/2534/2522
f 2535/2535/2523 2534/2534/2522 2525/2525/2513
f 2525/2525/2513 2527/2527/2515 2535/2535/2523
f 2536/2536/2524 2535/2535/2523 2527/2527/2515
f 2527/2527/2515 2529/2529/2517 2536/2536/2524
f 2537/2537/2525 2536/2536/2524 2529/2529/2517
f 2529/2529/2517 2531/2531/2519 2537/2537/2525
f 2513/2513/2501 2537/2537/2525 2531/2531/2519
f 2531/2531/2519 2515/2515/2503 2513/2513/2501
f 2513/2513/2501 2502/2502/2490 2500/2500/2488
f 2500/2500/2488 2537/2537/2525 2513/2513/2501
f 2537/2537/2525 2500/2500/2488 2498/2498/2486
f 2498/2498/2486 2536/2536/2524 2537/2537/2525
f 2536/2536/2524 2498/2498/2486 2496/2496/2484
f 2496/2496/2484 2535/2535/2523 2536/2536/2524
f 2535/2535/2523 2496/2496/2484 2494/2494/2482
f 2494/2494/2482 2534/2534/2522 2535/2535/2523
f 2534/2534/2522 2494/2494/2482 2492/2492/2480
f 2492/2492/2480 2533/2533/2521 2534/2534/2522
f 2533/2533/2521 2492/2492/2480 2490/2490/2478
f 2490/2490/2478 2538/2538/2526 2533/2533/2521
f 2533/2533/2521 2538/2538/2526 2522/2522/2510
f 2539/2539/2527 2522/2522/2510 2538/2538/2526
f 2539/2539/2527 2540/2540/2528 2522/2522/2510
f 2541/2541/2529 2522/2522/2510 2540/2540/2528
f 2522/2522/2510 2541/2541/2529 2542/2542/2530
f 2542/2542/2530 2523/2523/2511 2522/2522/2510
f 2538/2538/2526 2543/2543/2531 2539/2539/2527
f 2544/2544/2532 2545/2545/2533 2546/2546/2534
f 2546/2546/2534 2547/2547/2535 2544/2544/2532
f 2547/2547/2535 2546/2546/2534 2548/2548/2536
f 2548/2548/2536 2549/2549/2537 2547/2547/2535
f 2549/2549/2537 2548/2548/2536 2550/2550/2538
f 2550/2550/2538 2551/2551/2539 2549/2549/2537
f 2551/2551/2539 2550/2550/2538 2552/2552/2540
f 2552/2552/2540 2553/2553/2541 2551/2551/2539
f 2553/2553/2541 2552/2552/2540 2554/2554/2542
f 2554/2554/2542 2555/2555/2543 2553/2553/2541
f 2553/2553/2541 2555/2555/2543 2556/2556/2544
f 2556/2556/2544 2555/2555/2543 2557/2557/2545
f 2557/2557/2545 2558/2558/2546 2556/2556/2544
f 2559/2559/2547 2556/2556/2544 2558/2558/2546
f 2558/2558/2546 2560/2560/2548 2559/2559/2547
f 2561/2561/2549 2559/2559/2547 2560/2560/2548
f 2560/2560/2548 2562/2562/2550 2561/2561/2549
f 2563/2563/2551 2561/2561/2549 2562/2562/2550
f 2559/2559/2547 2561/2561/2549 2551/2551/2539
f 2551/2551/2539 2553/2553/2541 2559/2559/2547
f 2556/2556/2544 2559/2559/2547 2553/2553/2541
f 2564/2564/2552 2565/2565/2553 2566/2566/2554
f 2567/2567/2555 2566/2566/2554 2565/2565/2553
f 2565/2565/2553 2568/2568/2556 2567/2567/2555
f 2569/2569/2557 2567/2567/2555 2568/2568/2556
f 2570/2570/2558 2569/2569/2557 2568/2568/2556
f 2568/2568/2556 2571/2571/2559 2570/2570/2558
f 2563/2563/2551 2570/2570/2558 2571/2571/2559
f 2571/2571/2559 2572/2572/2560 2563/2563/2551
f 2561/2561/2549 2563/2563/2551 2572/2572/2560
f 2572/2572/2560 2573/2573/2561 2561/2561/2549
f 2573/2573/2561 2551/2551/2539 2561/2561/2549
f 2549/2549/2537 2551/2551/2539 2573/2573/2561
f 2549/2549/2537 2573/2573/2561 2574/2574/2562
f 2549/2549/2537 2574/2574/2562 2575/2575/2563
f 2575/2575/2563 2574/2574/2562 2576/2576/2564
f 2576/2576/2564 2577/2577/2565 2575/2575/2563
f 2577/2577/2565 2576/2576/2564 2578/2578/2566
f 2578/2578/2566 2579/2579/2567 2577/2577/2565
f 2574/2574/2562 2573/2573/2561 2572/2572/2560
f 2572/2572/2560 2576/2576/2564 2574/2574/2562
f 2576/2576/2564 2572/2572/2560 2571/2571/2559
f 2571/2571/2559 2578/2578/2566 2576/2576/2564
f 2578/2578/2566 2571/2571/2559 2568/2568/2556
f 2568/2568/2556 2580/2580/2568 2578/2578/2566
f 2580/2580/2568 2568/2568/2556 2565/2565/2553
f 2565/2565/2553 2581/2581/2569 2580/2580/2568
f 2581/2581/2569 2565/2565/2553 2564/2564/2552
f 2564/2564/2552 2582/2582/2570 2581/2581/2569
f 2583/2583/2571 2582/2582/2570 2564/2564/2552
f 2564/2564/2552 2584/2584/2572 2583/2583/2571
f 2585/2585/2573 2583/2583/2571 2584/2584/2572
f 2584/2584/2572 2586/2586/2574 2585/2585/2573
f 2587/2587/2575 2585/2585/2573 2586/2586/2574
f 2586/2586/2574 2588/2588/2576 2587/2587/2575
f 2588/2588/2576 2589/2589/2577 2587/2587/2575
f 2579/2579/2567 2578/2578/2566 2580/2580/2568
f 2580/2580/2568 2590/2590/2578 2579/2579/2567
f 2590/2590/2578 2580/2580/2568 2581/2581/2569
f 2581/2581/2569 2591/2591/2579 2590/2590/2578
f 2591/2591/2579 2581/2581/2569 2582/2582/2570
f 2582/2582/2570 2592/2592/2580 2591/2591/2579
f 2592/2592/2580 2582/2582/2570 2583/2583/2571
f 2583/2583/2571 2593/2593/2581 2592/2592/2580
f 2593/2593/2581 2583/2583/2571 2585/2585/2573
f 2585/2585/2573 2594/2594/2582 2593/2593/2581
f 2594/2594/2582 2585/2585/2573 2587/2587/2575
f 2587/2587/2575 2595/2595/2583 2594/2594/2582
f 2595/2595/2583 2587/2587/2575 2589/2589/2577
f 2589/2589/2577 2596/2596/2584 2595/2595/2583
f 2596/2596/2584 2597/2597/2585 2595/2595/2583
f 2597/2597/2585 2596/2596/2584 2598/2598/2586
f 2599/2599/2587 2597/2597/2585 2598/2598/2586
f 2598/2598/2586 2600/2600/2588 2599/2599/2587
f 2595/2595/2583 2597/2597/2585 2599/2599/2587
f 2599/2599/2587 2594/2594/2582 2595/2595/2583
f 2594/2594/2582 2599/2599/2587 2601/2601/2589
f 2601/2601/2589 2593/2593/2581 2594/2594/2582
f 2593/2593/2581 2601/2601/2589 2602/2602/2590
f 2602/2602/2590 2592/2592/2580 2593/2593/2581
f 2591/2591/2579 2592/2592/2580 2602/2602/2590
f 2602/2602/2590 2603/2603/2591 2591/2591/2579
f 2590/2590/2578 2591/2591/2579 2603/2603/2591
f 2603/2603/2591 2604/2604/2592 2590/2590/2578
f 2579/2579/2567 2590/2590/2578 2604/2604/2592
f 2604/2604/2592 2605/2605/2593 2579/2579/2567
f 2577/2577/2565 2579/2579/2567 2605/2605/2593
f 2605/2605/2593 2606/2606/2594 2577/2577/2565
f 2575/2575/2563 2577/2577/2565 2606/2606/2594
f 2606/2606/2594 2607/2607/2595 2575/2575/2563
f 2601/2601/2589 2599/2599/2587 2600/2600/2588
f 2600/2600/2588 2608/2608/2596 2601/2601/2589
f 2602/2602/2590 2601/2601/2589 2608/2608/2596
f 2608/2608/2596 2609/2609/2597 2602/2602/2590
f 2603/2603/2591 2602/2602/2590 2609/2609/2597
f 2609/2609/2597 2610/2610/2598 2603/2603/2591
f 2604/2604/2592 2603/2603/2591 2610/2610/2598
f 2610/2610/2598 2611/2611/2599 2604/2604/2592
f 2605/2605/2593 2604/2604/2592 2611/2611/2599
f 2611/2611/2599 2612/2612/2600 2605/2605/2593
f 2606/2606/2594 2605/2605/2593 2612/2612/2600
f 2612/2612/2600 2613/2613/2601 2606/2606/2594
f 2607/2607/2595 2606/2606/2594 2613/2613/2601
f 2613/2613/2601 2544/2544/2532 2607/2607/2595
f 2544/2544/2532 2547/2547/2535 2607/2607/2595
f 2547/2547/2535 2575/2575/2563 2607/2607/2595
f 2575/2575/2563 2547/2547/2535 2549/2549/2537
f 2614/2614/2602 2544/2544/2532 2613/2613/2601
f 2613/2613/2601 2615/2615/2603 2614/2614/2602
f 2615/2615/2603 2613/2613/2601 2612/2612/2600
f 2612/2612/2600 2616/2616/2604 2615/2615/2603
f 2616/2616/2604 2612/2612/2600 2611/2611/2599
f 2611/2611/2599 2617/2617/2605 2616/2616/2604
f 2617/2617/2605 2611/2611/2599 2610/2610/2598
f 2610/2610/2598 2618/2618/2606 2617/2617/2605
f 2618/2618/2606 2610/2610/2598 2609/2609/2597
f 2609/2609/2597 2619/2619/2607 2618/2618/2606
f 2619/2619/2607 2609/2609/2597 2608/2608/2596
f 2608/2608/2596 2620/2620/2608 2619/2619/2607
f 2620/2620/2608 2608/2608/2596 2600/2600/2588
f 2600/2600/2588 2621/2621/2609 2620/2620/2608
f 2621/2621/2609 2600/2600/2588 2598/2598/2586
f 2598/2598/2586 2622/2622/2610 2621/2621/2609
f 2562/2562/2550 2623/2623/2611 2563/2563/2551
f 2570/2570/2558 2563/2563/2551 2623/2623/2611
f 2623/2623/2611 2624/2624/2612 2570/2570/2558
f 2569/2569/2557 2570/2570/2558 2624/2624/2612
f 2624/2624/2612 2625/2625/2613 2569/2569/2557
f 2567/2567/2555 2569/2569/2557 2625/2625/2613
f 2625/2625/2613 2626/2626/2614 2567/2567/2555
f 2627/2627/2615 2567/2567/2555 2626/2626/2614
f 2626/2626/2614 2628/2628/2616 2627/2627/2615
f 2629/2629/2617 2627/2627/2615 2628/2628/2616
f 2627/2627/2615 2629/2629/2617 2630/2630/2618
f 2629/2629/2617 2631/2631/2619 2630/2630/2618
f 2566/2566/2554 2630/2630/2618 2631/2631/2619
f 2631/2631/2619 2632/2632/2620 2566/2566/2554
f 2566/2566/2554 2632/2632/2620 2564/2564/2552
f 2632/2632/2620 2633/2633/2621 2564/2564/2552
f 2584/2584/2572 2564/2564/2552 2633/2633/2621
f 2633/2633/2621 2634/2634/2622 2584/2584/2572
f 2630/2630/2618 2566/2566/2554 2567/2567/2555
f 2567/2567/2555 2627/2627/2615 2630/2630/2618
f 2586/2586/2574 2584/2584/2572 2634/2634/2622
f 2634/2634/2622 2635/2635/2623 2586/2586/2574
f 2588/2588/2576 2586/2586/2574 2635/2635/2623
f 2635/2635/2623 2636/2636/2624 2588/2588/2576
f 2589/2589/2577 2588/2588/2576 2636/2636/2624
f 2636/2636/2624 2637/2637/2625 2589/2589/2577
f 2638/2638/2626 2637/2637/2625 2636/2636/2624
f 2636/2636/2624 2639/2639/2627 2638/2638/2626
f 2639/2639/2627 2640/2640/2628 2638/2638/2626
f 2635/2635/2623 2639/2639/2627 2636/2636/2624
f 1822/1822/1814 2641/2641/2629 1824/1824/1816
f 1826/1826/1818 1824/1824/1816 2641/2641/2629
f 2641/2641/2629 2642/2642/2630 1826/1826/1818
f 1826/1826/1818 2642/2642/2630 1828/1828/1820
f 2643/2643/2631 2644/2644/2632 2645/2645/2633
f 2643/2643/2631 2645/2645/2633 2646/2646/2634
f 2643/2643/2631 2646/2646/2634 2647/2647/2635
f 2643/2643/2631 2647/2647/2635 2648/2648/2636
f 2648/2648/2636 2649/2649/2637 2643/2643/2631
f 2650/2650/2638 2643/2643/2631 2649/2649/2637
f 2643/2643/2631 2650/2650/2638 2651/2651/2639
f 2643/2643/2631 2651/2651/2639 2652/2652/2640
f 2643/2643/2631 2652/2652/2640 2653/2653/2641
f 2643/2643/2631 2653/2653/2641 2654/2654/2642
f 2643/2643/2631 2654/2654/2642 2655/2655/2643
f 2643/2643/2631 2655/2655/2643 2656/2656/2644
f 2643/2643/2631 2656/2656/2644 2657/2657/2645
f 2643/2643/2631 2657/2657/2645 2658/2658/2646
f 2643/2643/2631 2658/2658/2646 2659/2659/2647
f 2643/2643/2631 2659/2659/2647 2660/2660/2648
f 2643/2643/2631 2660/2660/2648 2661/2661/2649
f 2643/2643/2631 2661/2661/2649 2662/2662/2650
f 2643/2643/2631 2662/2662/2650 2663/2663/2651
f 2643/2643/2631 2663/2663/2651 2644/2644/2632
f 1634/1634/1626 2664/2664/2652 1632/1632/1624
f 2664/2664/2652 1634/1634/1626 2665/2665/2653
f 2665/2665/2653 1589/1589/1581 2664/2664/2652
f 1589/1589/1581 2665/2665/2653 1588/1588/1580
f 1590/1590/1582 2664/2664/2652 1589/1589/1581
f 2664/2664/2652 1590/1590/1582 2666/2666/2654
f 2666/2666/2654 1632/1632/1624 2664/2664/2652
f 1632/1632/1624 2666/2666/2654 1630/1630/1622
f 2667/2667/2655 1630/1630/1622 2666/2666/2654
f 1630/1630/1622 2667/2667/2655 1628/1628/1620
f 2668/2668/2656 1628/1628/1620 2667/2667/2655
f 1628/1628/1620 2668/2668/2656 1626/1626/1618
f 2669/2669/2657 1626/1626/1618 2668/2668/2656
f 1626/1626/1618 2669/2669/2657 1624/1624/1616
f 1624/1624/1616 2669/2669/2657 2670/2670/2658
f 2670/2670/2658 1622/1622/1614 1624/1624/1616
f 1622/1622/1614 2670/2670/2658 2671/2671/2659
f 2671/2671/2659 1620/1620/1612 1622/1622/1614
f 1620/1620/1612 2671/2671/2659 1609/1609/1601
f 1609/1609/1601 1611/1611/1603 1620/1620/1612
f 1598/1598/1590 1609/1609/1601 2671/2671/2659
f 2671/2671/2659 1596/1596/1588 1598/1598/1590
f 1596/1596/1588 2671/2671/2659 2670/2670/2658
f 2670/2670/2658 1594/1594/1586 1596/1596/1588
f 1594/1594/1586 2670/2670/2658 2669/2669/2657
f 2669/2669/2657 1593/1593/1585 1594/1594/1586
f 2668/2668/2656 1593/1593/1585 2669/2669/2657
f 1593/1593/1585 2668/2668/2656 1592/1592/1584
f 2667/2667/2655 1592/1592/1584 2668/2668/2656
f 1592/1592/1584 2667/2667/2655 1591/1591/1583
f 2666/2666/2654 1591/1591/1583 2667/2667/2655
f 1591/1591/1583 2666/2666/2654 1590/1590/1582
f 2672/2672/2660 2673/2673/2661 2674/2674/2662
f 2674/2674/2662 2675/2675/2663 2672/2672/2660
f 2676/2676/2664 2672/2672/2660 2675/2675/2663
f 2675/2675/2663 2677/2677/2665 2676/2676/2664
f 2676/2676/2664 2677/2677/2665 2678/2678/2666
f 2678/2678/2666 2679/2679/2667 2676/2676/2664
f 2679/2679/2667 2678/2678/2666 2680/2680/2668
f 2680/2680/2668 2681/2681/2669 2679/2679/2667
f 2681/2681/2669 2680/2680/2668 2682/2682/2670
f 2682/2682/2670 2683/2683/2671 2681/2681/2669
f 2683/2683/2671 2682/2682/2670 2684/2684/2672
f 2684/2684/2672 2685/2685/2673 2683/2683/2671
f 2686/2686/2674 2685/2685/2673 2684/2684/2672
f 2684/2684/2672 2687/2687/2675 2686/2686/2674
f 2687/2687/2675 2684/2684/2672 2688/2688/2676
f 2688/2688/2676 2689/2689/2677 2687/2687/2675
f 2689/2689/2677 2688/2688/2676 2690/2690/2678
f 2690/2690/2678 2691/2691/2679 2689/2689/2677
f 2684/2684/2672 2682/2682/2670 2692/2692/2680
f 2692/2692/2680 2688/2688/2676 2684/2684/2672
f 2690/2690/2678 2688/2688/2676 2692/2692/2680
f 2692/2692/2680 2693/2693/2681 2690/2690/2678
f 2694/2694/2682 2690/2690/2678 2693/2693/2681
f 2693/2693/2681 2695/2695/2683 2694/2694/2682
f 2695/2695/2683 2693/2693/2681 2696/2696/2684
f 2696/2696/2684 2697/2697/2685 2695/2695/2683
f 2697/2697/2685 2696/2696/2684 2698/2698/2686
f 2698/2698/2686 2699/2699/2687 2697/2697/2685
f 2700/2700/2688 2697/2697/2685 2699/2699/2687
f 2699/2699/2687 2701/2701/2689 2700/2700/2688
f 2702/2702/2690 2700/2700/2688 2701/2701/2689
f 2701/2701/2689 2703/2703/2691 2702/2702/2690
f 2695/2695/2683 2697/2697/2685 2700/2700/2688
f 2691/2691/2679 2690/2690/2678 2694/2694/2682
f 2694/2694/2682 2704/2704/2692 2691/2691/2679
f 2704/2704/2692 2694/2694/2682 2705/2705/2693
f 2705/2705/2693 2694/2694/2682 2695/2695/2683
f 2695/2695/2683 2706/2706/2694 2705/2705/2693
f 2700/2700/2688 2706/2706/2694 2695/2695/2683
f 2707/2707/2695 2706/2706/2694 2700/2700/2688
f 2700/2700/2688 2702/2702/2690 2707/2707/2695
f 2707/2707/2695 2702/2702/2690 2708/2708/2696
f 2708/2708/2696 2702/2702/2690 2703/2703/2691
f 2708/2708/2696 2703/2703/2691 2709/2709/2697
f 2708/2708/2696 2709/2709/2697 2710/2710/2698
f 2711/2711/2699 2710/2710/2698 2709/2709/2697
f 2712/2712/2700 2710/2710/2698 2711/2711/2699
f 2711/2711/2699 2713/2713/2701 2712/2712/2700
f 2713/2713/2701 2711/2711/2699 2714/2714/2702
f 2714/2714/2702 2715/2715/2703 2713/2713/2701
f 2715/2715/2703 2714/2714/2702 2716/2716/2704
f 2716/2716/2704 2717/2717/2705 2715/2715/2703
f 2717/2717/2705 2716/2716/2704 2718/2718/2706
f 2718/2718/2706 2719/2719/2707 2717/2717/2705
f 2710/2710/2698 2712/2712/2700 2720/2720/2708
f 2720/2720/2708 2708/2708/2696 2710/2710/2698
f 2708/2708/2696 2720/2720/2708 2721/2721/2709
f 2721/2721/2709 2707/2707/2695 2708/2708/2696
f 2705/2705/2693 2722/2722/2710 2704/2704/2692
f 2722/2722/2710 2705/2705/2693 2723/2723/2711
f 2723/2723/2711 2705/2705/2693 2706/2706/2694
f 2706/2706/2694 2707/2707/2695 2723/2723/2711
f 2724/2724/2712 2723/2723/2711 2707/2707/2695
f 2707/2707/2695 2721/2721/2709 2724/2724/2712
f 2725/2725/2713 2724/2724/2712 2721/2721/2709
f 2721/2721/2709 2726/2726/2714 2725/2725/2713
f 2727/2727/2715 2725/2725/2713 2726/2726/2714
f 2726/2726/2714 2728/2728/2716 2727/2727/2715
f 2727/2727/2715 2728/2728/2716 2729/2729/2717
f 2729/2729/2717 2728/2728/2716 2730/2730/2718
f 2730/2730/2718 2731/2731/2719 2729/2729/2717
f 2731/2731/2719 2730/2730/2718 2732/2732/2720
f 2732/2732/2720 2733/2733/2721 2731/2731/2719
f 2734/2734/2722 2733/2733/2721 2732/2732/2720
f 2733/2733/2721 2734/2734/2722 2735/2735/2723
f 2735/2735/2723 2734/2734/2722 2736/2736/2724
f 2729/2729/2717 2737/2737/2725 2727/2727/2715
f 2727/2727/2715 2737/2737/2725 2738/2738/2726
f 2723/2723/2711 2739/2739/2727 2722/2722/2710
f 2739/2739/2727 2723/2723/2711 2724/2724/2712
f 2724/2724/2712 2740/2740/2728 2739/2739/2727
f 2740/2740/2728 2724/2724/2712 2725/2725/2713
f 2725/2725/2713 2741/2741/2729 2740/2740/2728
f 2741/2741/2729 2725/2725/2713 2727/2727/2715
f 2727/2727/2715 2742/2742/2730 2741/2741/2729
f 2738/2738/2726 2742/2742/2730 2727/2727/2715
f 2742/2742/2730 2738/2738/2726 2743/2743/2731
f 2744/2744/2732 2743/2743/2731 2738/2738/2726
f 2738/2738/2726 2745/2745/2733 2744/2744/2732
f 2746/2746/2734 2745/2745/2733 2738/2738/2726
f 2738/2738/2726 2737/2737/2725 2746/2746/2734
f 2747/2747/2735 2746/2746/2734 2737/2737/2725
f 2737/2737/2725 2729/2729/2717 2747/2747/2735
f 2747/2747/2735 2729/2729/2717 2731/2731/2719
f 2731/2731/2719 2748/2748/2736 2747/2747/2735
f 2748/2748/2736 2731/2731/2719 2733/2733/2721
f 2743/2743/2731 2749/2749/2737 2742/2742/2730
f 2741/2741/2729 2742/2742/2730 2749/2749/2737
f 2736/2736/2724 2750/2750/2738 2735/2735/2723
f 2736/2736/2724 2751/2751/2739 2750/2750/2738
f 2750/2750/2738 2751/2751/2739 2752/2752/2740
f 2752/2752/2740 2751/2751/2739 2753/2753/2741
f 2753/2753/2741 2754/2754/2742 2752/2752/2740
f 2755/2755/2743 2754/2754/2742 2753/2753/2741
f 2756/2756/2744 2754/2754/2742 2755/2755/2743
f 2755/2755/2743 2757/2757/2745 2756/2756/2744
f 2756/2756/2744 2757/2757/2745 2758/2758/2746
f 2758/2758/2746 2757/2757/2745 2759/2759/2747
f 2760/2760/2748 2759/2759/2747 2757/2757/2745
f 2761/2761/2749 2760/2760/2748 2757/2757/2745
f 2761/2761/2749 2762/2762/2750 2760/2760/2748
f 2763/2763/2751 2762/2762/2750 2761/2761/2749
f 2761/2761/2749 2764/2764/2752 2763/2763/2751
f 2763/2763/2751 2764/2764/2752 2765/2765/2753
f 2766/2766/2754 2765/2765/2753 2764/2764/2752
f 2765/2765/2753 2766/2766/2754 2767/2767/2755
f 2757/2757/2745 2768/2768/2756 2761/2761/2749
f 2761/2761/2749 2768/2768/2756 2769/2769/2757
f 2769/2769/2757 2764/2764/2752 2761/2761/2749
f 2755/2755/2743 2770/2770/2758 2771/2771/2759
f 2771/2771/2759 2757/2757/2745 2755/2755/2743
f 2757/2757/2745 2771/2771/2759 2772/2772/2760
f 2772/2772/2760 2768/2768/2756 2757/2757/2745
f 2768/2768/2756 2772/2772/2760 2773/2773/2761
f 2773/2773/2761 2769/2769/2757 2768/2768/2756
f 2774/2774/2762 2769/2769/2757 2773/2773/2761
f 2764/2764/2752 2769/2769/2757 2774/2774/2762
f 2774/2774/2762 2775/2775/2763 2764/2764/2752
f 2766/2766/2754 2764/2764/2752 2775/2775/2763
f 2776/2776/2764 2766/2766/2754 2775/2775/2763
f 2775/2775/2763 2777/2777/2765 2776/2776/2764
f 2778/2778/2766 2776/2776/2764 2777/2777/2765
f 2779/2779/2767 2778/2778/2766 2777/2777/2765
f 2777/2777/2765 2780/2780/2768 2779/2779/2767
f 2781/2781/2769 2779/2779/2767 2780/2780/2768
f 2780/2780/2768 2782/2782/2770 2781/2781/2769
f 2783/2783/2771 2781/2781/2769 2782/2782/2770
f 2773/2773/2761 2784/2784/2772 2774/2774/2762
f 2767/2767/2755 2766/2766/2754 2785/2785/2773
f 2785/2785/2773 2766/2766/2754 2776/2776/2764
f 2776/2776/2764 2786/2786/2774 2785/2785/2773
f 2786/2786/2774 2776/2776/2764 2778/2778/2766
f 2778/2778/2766 2787/2787/2775 2786/2786/2774
f 2787/2787/2775 2778/2778/2766 2779/2779/2767
f 2779/2779/2767 2788/2788/2776 2787/2787/2775
f 2781/2781/2769 2788/2788/2776 2779/2779/2767
f 2789/2789/2777 2788/2788/2776 2781/2781/2769
f 2781/2781/2769 2790/2790/2778 2789/2789/2777
f 2789/2789/2777 2790/2790/2778 2791/2791/2779
f 2792/2792/2780 2791/2791/2779 2790/2790/2778
f 2793/2793/2781 2791/2791/2779 2792/2792/2780
f 2792/2792/2780 2794/2794/2782 2793/2793/2781
f 2793/2793/2781 2794/2794/2782 2795/2795/2783
f 2796/2796/2784 2795/2795/2783 2794/2794/2782
f 2797/2797/2785 2795/2795/2783 2796/2796/2784
f 2796/2796/2784 2798/2798/2786 2797/2797/2785
f 2799/2799/2787 2800/2800/2788 2789/2789/2777
f 2800/2800/2788 2801/2801/2789 2789/2789/2777
f 2789/2789/2777 2801/2801/2789 2787/2787/2775
f 2787/2787/2775 2788/2788/2776 2789/2789/2777
f 2791/2791/2779 2799/2799/2787 2789/2789/2777
f 2802/2802/2790 2799/2799/2787 2791/2791/2779
f 2800/2800/2788 2799/2799/2787 2802/2802/2790
f 2802/2802/2790 2803/2803/2791 2800/2800/2788
f 2803/2803/2791 2802/2802/2790 2804/2804/2792
f 2804/2804/2792 2805/2805/2793 2803/2803/2791
f 2805/2805/2793 2804/2804/2792 2806/2806/2794
f 2806/2806/2794 2807/2807/2795 2805/2805/2793
f 2807/2807/2795 2806/2806/2794 2808/2808/2796
f 2808/2808/2796 2806/2806/2794 2809/2809/2797
f 2809/2809/2797 2810/2810/2798 2808/2808/2796
f 2809/2809/2797 2811/2811/2799 2810/2810/2798
f 2810/2810/2798 2811/2811/2799 2812/2812/2800
f 2812/2812/2800 2811/2811/2799 2813/2813/2801
f 2814/2814/2802 2813/2813/2801 2811/2811/2799
f 2815/2815/2803 2813/2813/2801 2814/2814/2802
f 2815/2815/2803 2814/2814/2802 2816/2816/2804
f 2815/2815/2803 2816/2816/2804 2817/2817/2805
f 2814/2814/2802 2811/2811/2799 2809/2809/2797
f 2809/2809/2797 2818/2818/2806 2814/2814/2802
f 2818/2818/2806 2809/2809/2797 2806/2806/2794
f 2816/2816/2804 2814/2814/2802 2819/2819/2807
f 2820/2820/2808 2819/2819/2807 2814/2814/2802
f 2814/2814/2802 2818/2818/2806 2820/2820/2808
f 2820/2820/2808 2818/2818/2806 2821/2821/2809
f 2806/2806/2794 2821/2821/2809 2818/2818/2806
f 2822/2822/2810 2821/2821/2809 2806/2806/2794
f 2806/2806/2794 2804/2804/2792 2822/2822/2810
f 2822/2822/2810 2804/2804/2792 2802/2802/2790
f 2817/2817/2805 2816/2816/2804 2823/2823/2811
f 2819/2819/2807 2823/2823/2811 2816/2816/2804
f 2823/2823/2811 2819/2819/2807 2824/2824/2812
f 2825/2825/2813 2824/2824/2812 2819/2819/2807
f 2819/2819/2807 2820/2820/2808 2825/2825/2813
f 2825/2825/2813 2820/2820/2808 2797/2797/2785
f 2821/2821/2809 2797/2797/2785 2820/2820/2808
f 2795/2795/2783 2797/2797/2785 2821/2821/2809
f 2821/2821/2809 2822/2822/2810 2795/2795/2783
f 2795/2795/2783 2822/2822/2810 2793/2793/2781
f 2802/2802/2790 2793/2793/2781 2822/2822/2810
f 2791/2791/2779 2793/2793/2781 2802/2802/2790
f 2817/2817/2805 2826/2826/2814 2815/2815/2803
f 2797/2797/2785 2798/2798/2786 2825/2825/2813
f 2827/2827/2815 2825/2825/2813 2798/2798/2786
f 2824/2824/2812 2825/2825/2813 2827/2827/2815
f 2824/2824/2812 2827/2827/2815 2828/2828/2816
f 2824/2824/2812 2828/2828/2816 2829/2829/2817
f 2828/2828/2816 2830/2830/2818 2829/2829/2817
f 2831/2831/2819 2829/2829/2817 2830/2830/2818
f 2832/2832/2820 2831/2831/2819 2830/2830/2818
f 2833/2833/2821 2831/2831/2819 2832/2832/2820
f 2832/2832/2820 2834/2834/2822 2833/2833/2821
f 2823/2823/2811 2833/2833/2821 2834/2834/2822
f 2834/2834/2822 2835/2835/2823 2823/2823/2811
f 2823/2823/2811 2835/2835/2823 2817/2817/2805
f 2835/2835/2823 2836/2836/2824 2817/2817/2805
f 2826/2826/2814 2817/2817/2805 2836/2836/2824
f 2836/2836/2824 2837/2837/2825 2826/2826/2814
f 2815/2815/2803 2826/2826/2814 2837/2837/2825
f 2837/2837/2825 2838/2838/2826 2815/2815/2803
f 2829/2829/2817 2831/2831/2819 2833/2833/2821
f 2829/2829/2817 2833/2833/2821 2824/2824/2812
f 2824/2824/2812 2833/2833/2821 2823/2823/2811
f 2838/2838/2826 2813/2813/2801 2815/2815/2803
f 2838/2838/2826 2839/2839/2827 2813/2813/2801
f 2813/2813/2801 2839/2839/2827 2812/2812/2800
f 2812/2812/2800 2839/2839/2827 2840/2840/2828
f 2840/2840/2828 2841/2841/2829 2812/2812/2800
f 2842/2842/2830 2841/2841/2829 2840/2840/2828
f 2843/2843/2831 2841/2841/2829 2842/2842/2830
f 2842/2842/2830 2844/2844/2832 2843/2843/2831
f 2844/2844/2832 2845/2845/2833 2843/2843/2831
f 2846/2846/2834 2845/2845/2833 2844/2844/2832
f 2847/2847/2835 2845/2845/2833 2846/2846/2834
f 2846/2846/2834 2848/2848/2836 2847/2847/2835
f 2849/2849/2837 2847/2847/2835 2848/2848/2836
f 2848/2848/2836 2850/2850/2838 2849/2849/2837
f 2850/2850/2838 2848/2848/2836 2851/2851/2839
f 2851/2851/2839 2852/2852/2840 2850/2850/2838
f 2853/2853/2841 2850/2850/2838 2852/2852/2840
f 2852/2852/2840 2854/2854/2842 2853/2853/2841
f 2843/2843/2831 2845/2845/2833 2847/2847/2835
f 2847/2847/2835 2855/2855/2843 2843/2843/2831
f 2855/2855/2843 2847/2847/2835 2849/2849/2837
f 2849/2849/2837 2856/2856/2844 2855/2855/2843
f 2857/2857/2845 2810/2810/2798 2812/2812/2800
f 2812/2812/2800 2841/2841/2829 2857/2857/2845
f 2857/2857/2845 2841/2841/2829 2858/2858/2846
f 2859/2859/2847 2858/2858/2846 2841/2841/2829
f 2841/2841/2829 2843/2843/2831 2859/2859/2847
f 2859/2859/2847 2843/2843/2831 2860/2860/2848
f 2861/2861/2849 2860/2860/2848 2843/2843/2831
f 2843/2843/2831 2855/2855/2843 2861/2861/2849
f 2855/2855/2843 2862/2862/2850 2861/2861/2849
f 2863/2863/2851 2862/2862/2850 2855/2855/2843
f 2855/2855/2843 2856/2856/2844 2863/2863/2851
f 2856/2856/2844 2864/2864/2852 2863/2863/2851
f 2865/2865/2853 2864/2864/2852 2856/2856/2844
f 2856/2856/2844 2866/2866/2854 2865/2865/2853
f 2867/2867/2855 2865/2865/2853 2866/2866/2854
f 2866/2866/2854 2868/2868/2856 2867/2867/2855
f 2748/2748/2736 2867/2867/2855 2868/2868/2856
f 2868/2868/2856 2747/2747/2735 2748/2748/2736
f 2867/2867/2855 2748/2748/2736 2869/2869/2857
f 2865/2865/2853 2867/2867/2855 2870/2870/2858
f 2869/2869/2857 2870/2870/2858 2867/2867/2855
f 2871/2871/2859 2870/2870/2858 2869/2869/2857
f 2872/2872/2860 2873/2873/2861 2874/2874/2862
f 2873/2873/2861 2875/2875/2863 2874/2874/2862
f 2874/2874/2862 2875/2875/2863 2876/2876/2864
f 2876/2876/2864 2877/2877/2865 2874/2874/2862
f 2876/2876/2864 2878/2878/2866 2877/2877/2865
f 2877/2877/2865 2878/2878/2866 2879/2879/2867
f 2879/2879/2867 2878/2878/2866 2880/2880/2868
f 2880/2880/2868 2871/2871/2859 2879/2879/2867
f 2870/2870/2858 2871/2871/2859 2880/2880/2868
f 2880/2880/2868 2881/2881/2869 2870/2870/2858
f 2870/2870/2858 2881/2881/2869 2865/2865/2853
f 2865/2865/2853 2881/2881/2869 2882/2882/2870
f 2865/2865/2853 2882/2882/2870 2883/2883/2871
f 2883/2883/2871 2884/2884/2872 2865/2865/2853
f 2884/2884/2872 2864/2864/2852 2865/2865/2853
f 2881/2881/2869 2885/2885/2873 2882/2882/2870
f 2885/2885/2873 2881/2881/2869 2886/2886/2874
f 2886/2886/2874 2881/2881/2869 2880/2880/2868
f 2880/2880/2868 2887/2887/2875 2886/2886/2874
f 2887/2887/2875 2880/2880/2868 2878/2878/2866
f 2878/2878/2866 2876/2876/2864 2887/2887/2875
f 2888/2888/2876 2853/2853/2841 2854/2854/2842
f 2854/2854/2842 2889/2889/2877 2888/2888/2876
f 2890/2890/2878 2888/2888/2876 2889/2889/2877
f 2889/2889/2877 2744/2744/2732 2890/2890/2878
f 2888/2888/2876 2891/2891/2879 2853/2853/2841
f 2891/2891/2879 2850/2850/2838 2853/2853/2841
f 2850/2850/2838 2891/2891/2879 2892/2892/2880
f 2893/2893/2881 2850/2850/2838 2892/2892/2880
f 2746/2746/2734 2747/2747/2735 2868/2868/2856
f 2868/2868/2856 2894/2894/2882 2746/2746/2734
f 2890/2890/2878 2746/2746/2734 2894/2894/2882
f 2894/2894/2882 2888/2888/2876 2890/2890/2878
f 2888/2888/2876 2894/2894/2882 2895/2895/2883
f 2895/2895/2883 2891/2891/2879 2888/2888/2876
f 2891/2891/2879 2895/2895/2883 2896/2896/2884
f 2892/2892/2880 2891/2891/2879 2896/2896/2884
f 2897/2897/2885 2892/2892/2880 2896/2896/2884
f 2892/2892/2880 2897/2897/2885 2893/2893/2881
f 2893/2893/2881 2897/2897/2885 2898/2898/2886
f 2898/2898/2886 2856/2856/2844 2893/2893/2881
f 2856/2856/2844 2898/2898/2886 2899/2899/2887
f 2866/2866/2854 2856/2856/2844 2899/2899/2887
f 2868/2868/2856 2866/2866/2854 2899/2899/2887
f 2894/2894/2882 2868/2868/2856 2899/2899/2887
f 2899/2899/2887 2900/2900/2888 2894/2894/2882
f 2901/2901/2889 2894/2894/2882 2900/2900/2888
f 2899/2899/2887 2898/2898/2886 2902/2902/2890
f 2900/2900/2888 2899/2899/2887 2902/2902/2890
f 2901/2901/2889 2900/2900/2888 2902/2902/2890
f 2902/2902/2890 2903/2903/2891 2901/2901/2889
f 2903/2903/2891 2902/2902/2890 2898/2898/2886
f 2898/2898/2886 2897/2897/2885 2903/2903/2891
f 2896/2896/2884 2903/2903/2891 2897/2897/2885
f 2903/2903/2891 2896/2896/2884 2895/2895/2883
f 2895/2895/2883 2901/2901/2889 2903/2903/2891
f 2894/2894/2882 2901/2901/2889 2895/2895/2883
f 2733/2733/2721 2869/2869/2857 2748/2748/2736
f 2735/2735/2723 2869/2869/2857 2733/2733/2721
f 2869/2869/2857 2735/2735/2723 2871/2871/2859
f 2871/2871/2859 2735/2735/2723 2750/2750/2738
f 2750/2750/2738 2879/2879/2867 2871/2871/2859
f 2752/2752/2740 2879/2879/2867 2750/2750/2738
f 2879/2879/2867 2752/2752/2740 2877/2877/2865
f 2877/2877/2865 2752/2752/2740 2754/2754/2742
f 2754/2754/2742 2874/2874/2862 2877/2877/2865
f 2874/2874/2862 2754/2754/2742 2756/2756/2744
f 2874/2874/2862 2756/2756/2744 2872/2872/2860
f 2758/2758/2746 2872/2872/2860 2756/2756/2744
f 2069/2069/2059 2094/2094/2084 2070/2070/2060
f 2094/2094/2084 2069/2069/2059 2904/2904/2892
f 2068/2068/2058 2904/2904/2892 2069/2069/2059
f 2904/2904/2892 2068/2068/2058 2905/2905/2893
f 2051/2051/2041 2905/2905/2893 2068/2068/2058
f 2905/2905/2893 2051/2051/2041 2048/2048/2038
f 2048/2048/2038 2160/2160/2150 2905/2905/2893
f 2160/2160/2150 2048/2048/2038 2162/2162/2152
f 2050/2050/2040 2162/2162/2152 2048/2048/2038
f 2162/2162/2152 2050/2050/2040 2164/2164/2154
f 2158/2158/2148 2905/2905/2893 2160/2160/2150
f 2905/2905/2893 2158/2158/2148 2904/2904/2892
f 2156/2156/2146 2904/2904/2892 2158/2158/2148
f 2904/2904/2892 2156/2156/2146 2094/2094/2084
f 2093/2093/2083 2094/2094/2084 2156/2156/2146
f 2156/2156/2146 2154/2154/2144 2093/2093/2083
f 2152/2152/2142 2093/2093/2083 2154/2154/2144
f 2093/2093/2083 2152/2152/2142 2092/2092/2082
f 2150/2150/2140 2092/2092/2082 2152/2152/2142
f 2106/2106/2096 2092/2092/2082 2150/2150/2140
f 2092/2092/2082 2106/2106/2096 2091/2091/2081
f 2127/2127/2117 2126/2126/2116 2906/2906/2894
f 2128/2128/2118 2127/2127/2117 2906/2906/2894
f 2906/2906/2894 2907/2907/2895 2128/2128/2118
f 2128/2128/2118 2907/2907/2895 2129/2129/2119
f 2908/2908/2896 2909/2909/2897 2910/2910/2898
f 2910/2910/2898 2911/2911/2899 2908/2908/2896
f 2912/2912/2900 2908/2908/2896 2911/2911/2899
f 2911/2911/2899 2913/2913/2901 2912/2912/2900
f 2914/2914/2902 2912/2912/2900 2913/2913/2901
f 2913/2913/2901 2915/2915/2903 2914/2914/2902
f 2916/2916/2904 2914/2914/2902 2915/2915/2903
f 2915/2915/2903 2917/2917/2905 2916/2916/2904
f 2916/2916/2904 2917/2917/2905 2794/2794/2782
f 2794/2794/2782 2917/2917/2905 2796/2796/2784
f 2796/2796/2784 2917/2917/2905 2915/2915/2903
f 2915/2915/2903 2918/2918/2906 2796/2796/2784
f 2918/2918/2906 2915/2915/2903 2913/2913/2901
f 2913/2913/2901 2919/2919/2907 2918/2918/2906
f 2919/2919/2907 2913/2913/2901 2911/2911/2899
f 2911/2911/2899 2920/2920/2908 2919/2919/2907
f 2920/2920/2908 2911/2911/2899 2921/2921/2909
f 2921/2921/2909 2922/2922/2910 2920/2920/2908
f 2923/2923/2911 2924/2924/2912 2918/2918/2906
f 2918/2918/2906 2919/2919/2907 2923/2923/2911
f 2925/2925/2913 2923/2923/2911 2919/2919/2907
f 2919/2919/2907 2920/2920/2908 2925/2925/2913
f 2926/2926/2914 2925/2925/2913 2920/2920/2908
f 2920/2920/2908 2922/2922/2910 2926/2926/2914
f 2796/2796/2784 2918/2918/2906 2924/2924/2912
f 2924/2924/2912 2798/2798/2786 2796/2796/2784
f 2798/2798/2786 2924/2924/2912 2827/2827/2815
f 2827/2827/2815 2924/2924/2912 2923/2923/2911
f 2923/2923/2911 2927/2927/2915 2827/2827/2815
f 2927/2927/2915 2923/2923/2911 2925/2925/2913
f 2925/2925/2913 2928/2928/2916 2927/2927/2915
f 2928/2928/2916 2925/2925/2913 2926/2926/2914
f 2926/2926/2914 2929/2929/2917 2928/2928/2916
f 2922/2922/2910 2921/2921/2909 2930/2930/2918
f 2930/2930/2918 2931/2931/2919 2922/2922/2910
f 2922/2922/2910 2931/2931/2919 2932/2932/2920
f 2932/2932/2920 2926/2926/2914 2922/2922/2910
f 2926/2926/2914 2932/2932/2920 2933/2933/2921
f 2933/2933/2921 2929/2929/2917 2926/2926/2914
f 2934/2934/2922 2929/2929/2917 2933/2933/2921
f 2929/2929/2917 2934/2934/2922 2935/2935/2923
f 2935/2935/2923 2928/2928/2916 2929/2929/2917
f 2928/2928/2916 2935/2935/2923 2936/2936/2924
f 2928/2928/2916 2936/2936/2924 2937/2937/2925
f 2937/2937/2925 2927/2927/2915 2928/2928/2916
f 2927/2927/2915 2937/2937/2925 2938/2938/2926
f 2938/2938/2926 2827/2827/2815 2927/2927/2915
f 2828/2828/2816 2827/2827/2815 2938/2938/2926
f 2938/2938/2926 2939/2939/2927 2828/2828/2816
f 2939/2939/2927 2940/2940/2928 2828/2828/2816
f 2940/2940/2928 2939/2939/2927 2941/2941/2929
f 2933/2933/2921 2942/2942/2930 2934/2934/2922
f 2943/2943/2931 2940/2940/2928 2941/2941/2929
f 2941/2941/2929 2944/2944/2932 2943/2943/2931
f 2945/2945/2933 2943/2943/2931 2944/2944/2932
f 2944/2944/2932 2946/2946/2934 2945/2945/2933
f 2945/2945/2933 2946/2946/2934 2947/2947/2935
f 2945/2945/2933 2947/2947/2935 2948/2948/2936
f 2947/2947/2935 2949/2949/2937 2948/2948/2936
f 2949/2949/2937 2950/2950/2938 2948/2948/2936
f 2950/2950/2938 2949/2949/2937 2951/2951/2939
f 2951/2951/2939 2952/2952/2940 2950/2950/2938
f 2952/2952/2940 2951/2951/2939 2953/2953/2941
f 2953/2953/2941 2834/2834/2822 2952/2952/2940
f 2834/2834/2822 2953/2953/2941 2954/2954/2942
f 2954/2954/2942 2835/2835/2823 2834/2834/2822
f 2836/2836/2824 2835/2835/2823 2954/2954/2942
f 2954/2954/2942 2955/2955/2943 2836/2836/2824
f 2836/2836/2824 2955/2955/2943 2956/2956/2944
f 2956/2956/2944 2957/2957/2945 2836/2836/2824
f 2945/2945/2933 2948/2948/2936 2958/2958/2946
f 2948/2948/2936 2950/2950/2938 2943/2943/2931
f 2943/2943/2931 2950/2950/2938 2959/2959/2947
f 2943/2943/2931 2959/2959/2947 2830/2830/2818
f 2830/2830/2818 2959/2959/2947 2960/2960/2948
f 2830/2830/2818 2960/2960/2948 2832/2832/2820
f 2961/2961/2949 2832/2832/2820 2960/2960/2948
f 2832/2832/2820 2961/2961/2949 2952/2952/2940
f 2950/2950/2938 2952/2952/2940 2961/2961/2949
f 2961/2961/2949 2959/2959/2947 2950/2950/2938
f 2959/2959/2947 2961/2961/2949 2960/2960/2948
f 2952/2952/2940 2834/2834/2822 2832/2832/2820
f 2962/2962/2950 2957/2957/2945 2956/2956/2944
f 2957/2957/2945 2962/2962/2950 2840/2840/2828
f 2840/2840/2828 2962/2962/2950 2963/2963/2951
f 2963/2963/2951 2964/2964/2952 2840/2840/2828
f 2964/2964/2952 2963/2963/2951 2965/2965/2953
f 2965/2965/2953 2966/2966/2954 2964/2964/2952
f 2966/2966/2954 2965/2965/2953 2967/2967/2955
f 2967/2967/2955 2844/2844/2832 2966/2966/2954
f 2844/2844/2832 2967/2967/2955 2846/2846/2834
f 2846/2846/2834 2967/2967/2955 2968/2968/2956
f 2968/2968/2956 2962/2962/2950 2846/2846/2834
f 2962/2962/2950 2968/2968/2956 2963/2963/2951
f 2963/2963/2951 2968/2968/2956 2965/2965/2953
f 2968/2968/2956 2967/2967/2955 2965/2965/2953
f 2840/2840/2828 2964/2964/2952 2842/2842/2830
f 2842/2842/2830 2964/2964/2952 2966/2966/2954
f 2844/2844/2832 2842/2842/2830 2966/2966/2954
f 2840/2840/2828 2839/2839/2827 2957/2957/2945
f 2957/2957/2945 2839/2839/2827 2838/2838/2826
f 2838/2838/2826 2837/2837/2825 2957/2957/2945
f 2837/2837/2825 2836/2836/2824 2957/2957/2945
f 2726/2726/2714 2721/2721/2709 2969/2969/2957
f 2969/2969/2957 2970/2970/2958 2726/2726/2714
f 2970/2970/2958 2969/2969/2957 2971/2971/2959
f 2971/2971/2959 2972/2972/2960 2970/2970/2958
f 2972/2972/2960 2971/2971/2959 2973/2973/2961
f 2973/2973/2961 2974/2974/2962 2972/2972/2960
f 2974/2974/2962 2973/2973/2961 2975/2975/2963
f 2975/2975/2963 2976/2976/2964 2974/2974/2962
f 2976/2976/2964 2975/2975/2963 2977/2977/2965
f 2977/2977/2965 2978/2978/2966 2976/2976/2964
f 2979/2979/2967 2976/2976/2964 2978/2978/2966
f 2978/2978/2966 2980/2980/2968 2979/2979/2967
f 2979/2979/2967 2980/2980/2968 2981/2981/2969
f 2981/2981/2969 2982/2982/2970 2979/2979/2967
f 2982/2982/2970 2981/2981/2969 2983/2983/2971
f 2983/2983/2971 2984/2984/2972 2982/2982/2970
f 2984/2984/2972 2983/2983/2971 2770/2770/2758
f 2770/2770/2758 2755/2755/2743 2984/2984/2972
f 2726/2726/2714 2730/2730/2718 2728/2728/2716
f 2730/2730/2718 2726/2726/2714 2970/2970/2958
f 2970/2970/2958 2732/2732/2720 2730/2730/2718
f 2970/2970/2958 2985/2985/2973 2732/2732/2720
f 2985/2985/2973 2970/2970/2958 2972/2972/2960
f 2972/2972/2960 2986/2986/2974 2985/2985/2973
f 2986/2986/2974 2972/2972/2960 2974/2974/2962
f 2974/2974/2962 2987/2987/2975 2986/2986/2974
f 2987/2987/2975 2974/2974/2962 2976/2976/2964
f 2976/2976/2964 2979/2979/2967 2987/2987/2975
f 2987/2987/2975 2979/2979/2967 2982/2982/2970
f 2982/2982/2970 2988/2988/2976 2987/2987/2975
f 2988/2988/2976 2982/2982/2970 2984/2984/2972
f 2984/2984/2972 2753/2753/2741 2988/2988/2976
f 2753/2753/2741 2984/2984/2972 2755/2755/2743
f 2986/2986/2974 2987/2987/2975 2988/2988/2976
f 2988/2988/2976 2753/2753/2741 2751/2751/2739
f 2751/2751/2739 2736/2736/2724 2988/2988/2976
f 2988/2988/2976 2736/2736/2724 2986/2986/2974
f 2986/2986/2974 2736/2736/2724 2734/2734/2722
f 2734/2734/2722 2985/2985/2973 2986/2986/2974
f 2732/2732/2720 2985/2985/2973 2734/2734/2722
f 2782/2782/2770 2989/2989/2977 2783/2783/2771
f 2990/2990/2978 2783/2783/2771 2989/2989/2977
f 2991/2991/2979 2783/2783/2771 2990/2990/2978
f 2990/2990/2978 2992/2992/2980 2991/2991/2979
f 2991/2991/2979 2992/2992/2980 2916/2916/2904
f 2916/2916/2904 2992/2992/2980 2993/2993/2981
f 2993/2993/2981 2914/2914/2902 2916/2916/2904
f 2914/2914/2902 2993/2993/2981 2994/2994/2982
f 2994/2994/2982 2912/2912/2900 2914/2914/2902
f 2912/2912/2900 2994/2994/2982 2995/2995/2983
f 2995/2995/2983 2908/2908/2896 2912/2912/2900
f 2908/2908/2896 2995/2995/2983 2996/2996/2984
f 2996/2996/2984 2909/2909/2897 2908/2908/2896
f 2909/2909/2897 2996/2996/2984 2997/2997/2985
f 2997/2997/2985 2998/2998/2986 2909/2909/2897
f 2909/2909/2897 2998/2998/2986 2930/2930/2918
f 2930/2930/2918 2910/2910/2898 2909/2909/2897
f 2993/2993/2981 2992/2992/2980 2990/2990/2978
f 2990/2990/2978 2999/2999/2987 2993/2993/2981
f 3000/3000/2988 2999/2999/2987 2990/2990/2978
f 2990/2990/2978 3001/3001/2989 3000/3000/2988
f 2989/2989/2977 3001/3001/2989 2990/2990/2978
f 2999/2999/2987 3000/3000/2988 3002/3002/2990
f 3002/3002/2990 3003/3003/2991 2999/2999/2987
f 2993/2993/2981 2999/2999/2987 3003/3003/2991
f 3003/3003/2991 2994/2994/2982 2993/2993/2981
f 2994/2994/2982 3003/3003/2991 2995/2995/2983
f 3004/3004/2992 2995/2995/2983 3003/3003/2991
f 3003/3003/2991 3005/3005/2993 3004/3004/2992
f 3004/3004/2992 3005/3005/2993 3006/3006/2994
f 3007/3007/2995 3006/3006/2994 3005/3005/2993
f 3005/3005/2993 3008/3008/2996 3007/3007/2995
f 3008/3008/2996 3005/3005/2993 3003/3003/2991
f 3003/3003/2991 3002/3002/2990 3008/3008/2996
f 3006/3006/2994 2997/2997/2985 3004/3004/2992
f 2790/2790/2778 2781/2781/2769 2783/2783/2771
f 2783/2783/2771 2991/2991/2979 2790/2790/2778
f 2790/2790/2778 2991/2991/2979 2792/2792/2780
f 2916/2916/2904 2792/2792/2780 2991/2991/2979
f 2794/2794/2782 2792/2792/2780 2916/2916/2904
f 1786/1786/1778 3009/3009/2997 1788/1788/1780
f 1789/1789/1781 1788/1788/1780 3009/3009/2997
f 3009/3009/2997 3010/3010/2998 1789/1789/1781
f 1789/1789/1781 3010/3010/2998 1791/1791/1783
f 3011/3011/2999 3012/3012/3000 3013/3013/3001
f 3014/3014/3002 3011/3011/2999 3013/3013/3001
f 3013/3013/3001 3015/3015/3003 3014/3014/3002
f 3016/3016/3004 3014/3014/3002 3015/3015/3003
f 3015/3015/3003 3017/3017/3005 3016/3016/3004
f 3018/3018/3006 3019/3019/3006 3020/3020/3007
f 3020/3020/3007 3021/3021/3008 3018/3018/3006
f 3021/3021/3008 3020/3020/3007 3022/3022/3009
f 3022/3022/3009 3023/3023/3010 3021/3021/3008
f 3023/3023/3010 3022/3022/3009 3024/3024/3011
f 3024/3024/3011 3025/3025/3011 3023/3023/3010
f 874/874/868 872/872/866 878/878/872
f 878/878/872 872/872/866 880/880/874
f 3026/3026/3012 880/880/874 872/872/866
f 880/880/874 3026/3026/3012 882/882/876
f 882/882/876 3026/3026/3012 3027/3027/3013
f 3027/3027/3013 884/884/878 882/882/876
f 886/886/880 884/884/878 3027/3027/3013
f 3027/3027/3013 3028/3028/3014 886/886/880
f 3028/3028/3014 3027/3027/3013 868/868/862
f 868/868/862 864/864/858 3028/3028/3014
f 3029/3029/3015 3028/3028/3014 864/864/858
f 864/864/858 862/862/856 3029/3029/3015
f 3030/3030/3016 3029/3029/3015 862/862/856
f 862/862/856 859/859/853 3030/3030/3016
f 3030/3030/3016 859/859/853 857/857/851
f 857/857/851 840/840/834 3030/3030/3016
f 838/838/832 3030/3030/3016 840/840/834
f 3029/3029/3015 3030/3030/3016 838/838/832
f 886/886/880 3028/3028/3014 3029/3029/3015
f 838/838/832 3031/3031/3017 3029/3029/3015
f 3029/3029/3015 3031/3031/3017 886/886/880
f 886/886/880 3031/3031/3017 834/834/828
f 836/836/830 834/834/828 3031/3031/3017
f 3031/3031/3017 838/838/832 836/836/830
f 3032/3032/3018 3033/3033/3019 3034/3034/3020
f 3032/3032/3018 3034/3034/3020 3035/3035/3021
f 3036/3036/3022 3035/3035/3021 3034/3034/3020
f 3034/3034/3020 3037/3037/3023 3036/3036/3022
f 3038/3038/3024 3036/3036/3022 3037/3037/3023
f 3037/3037/3023 3039/3039/3025 3038/3038/3024
f 3040/3040/3026 3038/3038/3024 3039/3039/3025
f 3039/3039/3025 3041/3041/3027 3040/3040/3026
f 3042/3042/3028 3040/3040/3026 3041/3041/3027
f 3041/3041/3027 3043/3043/3029 3042/3042/3028
f 3044/3044/3030 3042/3042/3028 3043/3043/3029
f 3043/3043/3029 3045/3045/3031 3044/3044/3030
f 3046/3046/3032 3044/3044/3030 3045/3045/3031
f 3045/3045/3031 3047/3047/3033 3046/3046/3032
f 3048/3048/3034 3046/3046/3032 3047/3047/3033
f 3047/3047/3033 3049/3049/3035 3048/3048/3034
f 3050/3050/3036 3048/3048/3034 3049/3049/3035
f 3049/3049/3035 3051/3051/3037 3050/3050/3036
f 3052/3052/3038 3043/3043/3029 3041/3041/3027
f 3041/3041/3027 3053/3053/3039 3052/3052/3038
f 3053/3053/3039 3041/3041/3027 3039/3039/3025
f 3039/3039/3025 3054/3054/3040 3053/3053/3039
f 3055/3055/3041 3056/3056/3041 3057/3057/3041
f 3057/3057/3041 3058/3058/3041 3055/3055/3041
f 3059/3059/3042 3060/3060/3042 3061/3061/3043
f 3061/3061/3043 3062/3062/3044 3059/3059/3042
f 3062/3062/3044 3061/3061/3043 3063/3063/3045
f 3063/3063/3045 3064/3064/3046 3062/3062/3044
f 3064/3064/3046 3063/3063/3045 3065/3065/3047
f 3065/3065/3047 3066/3066/3048 3064/3064/3046
f 3067/3067/3049 3068/3068/3050 3069/3069/3051
f 3067/3067/3049 3069/3069/3051 3070/3070/3052
f 3067/3067/3049 3070/3070/3052 3071/3071/3053
f 3072/3072/3054 3071/3071/3053 3070/3070/3052
f 3073/3073/3055 3071/3071/3053 3072/3072/3054
f 3072/3072/3054 3074/3074/3056 3073/3073/3055
f 3075/3075/3057 3073/3073/3055 3074/3074/3056
f 3074/3074/3056 3076/3076/3058 3075/3075/3057
f 3077/3077/3059 3075/3075/3057 3076/3076/3058
f 3076/3076/3058 3078/3078/3060 3077/3077/3059
f 3079/3079/3061 3077/3077/3059 3078/3078/3060
f 3078/3078/3060 3080/3080/3062 3079/3079/3061
f 3081/3081/3063 3079/3079/3061 3080/3080/3062
f 3080/3080/3062 3082/3082/3064 3081/3081/3063
f 3081/3081/3063 3082/3082/3064 3083/3083/3065
f 3083/3083/3065 3084/3084/3066 3081/3081/3063
f 3085/3085/3067 3084/3084/3066 3083/3083/3065
f 3085/3085/3067 3067/3067/3049 3084/3084/3066
f 3071/3071/3053 3073/3073/3055 3067/3067/3049
f 3067/3067/3049 3073/3073/3055 3075/3075/3057
f 3077/3077/3059 3067/3067/3049 3075/3075/3057
f 3067/3067/3049 3077/3077/3059 3079/3079/3061
f 3079/3079/3061 3081/3081/3063 3067/3067/3049
f 3067/3067/3049 3081/3081/3063 3084/3084/3066
f 3067/3067/3049 3086/3086/3068 3087/3087/3069
f 3086/3086/3068 3067/3067/3049 3088/3088/3070
f 3067/3067/3049 3089/3089/3071 3088/3088/3070
f 3090/3090/3072 3067/3067/3049 3085/3085/3067
f 3090/3090/3072 3089/3089/3071 3067/3067/3049
f 3091/3091/3073 3089/3089/3071 3090/3090/3072
f 3089/3089/3071 3091/3091/3073 3092/3092/3074
f 3092/3092/3074 3088/3088/3070 3089/3089/3071
f 3088/3088/3070 3092/3092/3074 3093/3093/3075
f 3093/3093/3075 3086/3086/3068 3088/3088/3070
f 3086/3086/3068 3093/3093/3075 3094/3094/3076
f 3094/3094/3076 3087/3087/3069 3086/3086/3068
f 3095/3095/3077 3087/3087/3069 3094/3094/3076
f 3087/3087/3069 3095/3095/3077 3067/3067/3049
f 3096/3096/3078 3067/3067/3049 3095/3095/3077
f 3067/3067/3049 3096/3096/3078 3097/3097/3079
f 3097/3097/3079 3096/3096/3078 3098/3098/3080
f 3098/3098/3080 3099/3099/3081 3097/3097/3079
f 3100/3100/3082 3097/3097/3079 3099/3099/3081
f 3099/3099/3081 3101/3101/3083 3100/3100/3082
f 3068/3068/3050 3100/3100/3082 3101/3101/3083
f 3067/3067/3049 3097/3097/3079 3100/3100/3082
f 3067/3067/3049 3100/3100/3082 3068/3068/3050
f 3101/3101/3083 3102/3102/3084 3068/3068/3050
f 3069/3069/3051 3068/3068/3050 3102/3102/3084
f 3102/3102/3084 3103/3103/3085 3069/3069/3051
f 3070/3070/3052 3069/3069/3051 3103/3103/3085
f 3103/3103/3085 3104/3104/3086 3070/3070/3052
f 3070/3070/3052 3104/3104/3086 3072/3072/3054
f 3105/3105/3087 3106/3106/3088 3107/3107/3089
f 3105/3105/3087 3107/3107/3089 3108/3108/3090
f 3105/3105/3087 3108/3108/3090 3109/3109/3091
f 3105/3105/3087 3109/3109/3091 3110/3110/3092
f 3105/3105/3087 3110/3110/3092 3111/3111/3093
f 3105/3105/3087 3111/3111/3093 3112/3112/3094
f 3105/3105/3087 3112/3112/3094 3113/3113/3095
f 3105/3105/3087 3113/3113/3095 3114/3114/3096
f 3105/3105/3087 3114/3114/3096 3115/3115/3097
f 3105/3105/3087 3115/3115/3097 3116/3116/3098
f 3116/3116/3098 3117/3117/3099 3105/3105/3087
f 3118/3118/3100 3105/3105/3087 3117/3117/3099
f 3105/3105/3087 3118/3118/3100 3119/3119/3101
f 3105/3105/3087 3119/3119/3101 3120/3120/3102
f 3105/3105/3087 3120/3120/3102 3121/3121/3103
f 3105/3105/3087 3121/3121/3103 3122/3122/3104
f 3105/3105/3087 3122/3122/3104 3123/3123/3105
f 3105/3105/3087 3123/3123/3105 3124/3124/3106
f 3105/3105/3087 3124/3124/3106 3125/3125/3107
f 3105/3105/3087 3125/3125/3107 3106/3106/3088
f 3094/3094/3076 3126/3126/3108 3095/3095/3077
f 3096/3096/3078 3095/3095/3077 3126/3126/3108
f 3126/3126/3108 3098/3098/3080 3096/3096/3078
f 3083/3083/3065 3127/3127/3109 3085/3085/3067
f 3090/3090/3072 3085/3085/3067 3127/3127/3109
f 3127/3127/3109 3128/3128/3110 3090/3090/3072
f 3090/3090/3072 3128/3128/3110 3091/3091/3073
f 3129/3129/3111 3130/3130/3112 3131/3131/3113
f 3132/3132/3114 3129/3129/3111 3131/3131/3113
f 3131/3131/3113 3133/3133/3115 3132/3132/3114
f 3134/3134/3116 3132/3132/3114 3133/3133/3115
f 3133/3133/3115 3135/3135/3117 3134/3134/3116
f 3136/3136/3118 3137/3137/3119 3138/3138/3120
f 3138/3138/3120 3139/3139/3121 3136/3136/3118
f 3139/3139/3121 3138/3138/3120 3140/3140/3122
f 3140/3140/3122 3141/3141/3123 3139/3139/3121
f 3141/3141/3123 3140/3140/3122 3142/3142/3124
f 3142/3142/3124 3143/3143/3124 3141/3141/3123
f 3144/3144/3125 3145/3145/3125 3146/3146/3125
f 3146/3146/3125 3147/3147/3125 3144/3144/3125
f 3148/3148/3126 3149/3149/3126 3150/3150/3127
f 3150/3150/3127 3151/3151/3128 3148/3148/3126
f 3151/3151/3128 3150/3150/3127 3152/3152/3129
f 3152/3152/3129 3153/3153/3130 3151/3151/3128
f 3153/3153/3130 3152/3152/3129 3154/3154/3131
f 3154/3154/3131 3155/3155/3132 3153/3153/3130
f 3156/3156/3133 3157/3157/3134 3158/3158/3135
f 3156/3156/3133 3158/3158/3135 3159/3159/3136
f 3156/3156/3133 3159/3159/3136 3160/3160/3137
f 3161/3161/3138 3160/3160/3137 3159/3159/3136
f 3162/3162/3139 3160/3160/3137 3161/3161/3138
f 3161/3161/3138 3163/3163/3140 3162/3162/3139
f 3164/3164/3141 3162/3162/3139 3163/3163/3140
f 3163/3163/3140 3165/3165/3142 3164/3164/3141
f 3166/3166/3143 3164/3164/3141 3165/3165/3142
f 3165/3165/3142 3167/3167/3144 3166/3166/3143
f 3168/3168/3145 3166/3166/3143 3167/3167/3144
f 3167/3167/3144 3169/3169/3146 3168/3168/3145
f 3170/3170/3147 3168/3168/3145 3169/3169/3146
f 3169/3169/3146 3171/3171/3148 3170/3170/3147
f 3170/3170/3147 3171/3171/3148 3172/3172/3149
f 3172/3172/3149 3173/3173/3150 3170/3170/3147
f 3174/3174/3151 3173/3173/3150 3172/3172/3149
f 3174/3174/3151 3156/3156/3133 3173/3173/3150
f 3156/3156/3133 3162/3162/3139 3164/3164/3141
f 3166/3166/3143 3156/3156/3133 3164/3164/3141
f 3156/3156/3133 3166/3166/3143 3168/3168/3145
f 3168/3168/3145 3170/3170/3147 3156/3156/3133
f 3156/3156/3133 3170/3170/3147 3173/3173/3150
f 3160/3160/3137 3162/3162/3139 3156/3156/3133
f 3156/3156/3133 3175/3175/3152 3176/3176/3153
f 3175/3175/3152 3156/3156/3133 3177/3177/3154
f 3156/3156/3133 3178/3178/3155 3177/3177/3154
f 3179/3179/3156 3156/3156/3133 3174/3174/3151
f 3179/3179/3156 3178/3178/3155 3156/3156/3133
f 3180/3180/3157 3178/3178/3155 3179/3179/3156
f 3178/3178/3155 3180/3180/3157 3181/3181/3158
f 3181/3181/3158 3177/3177/3154 3178/3178/3155
f 3177/3177/3154 3181/3181/3158 3182/3182/3159
f 3182/3182/3159 3175/3175/3152 3177/3177/3154
f 3175/3175/3152 3182/3182/3159 3183/3183/3160
f 3183/3183/3160 3176/3176/3153 3175/3175/3152
f 3184/3184/3161 3176/3176/3153 3183/3183/3160
f 3176/3176/3153 3184/3184/3161 3156/3156/3133
f 3185/3185/3162 3156/3156/3133 3184/3184/3161
f 3156/3156/3133 3185/3185/3162 3186/3186/3163
f 3186/3186/3163 3185/3185/3162 3187/3187/3164
f 3187/3187/3164 3188/3188/3165 3186/3186/3163
f 3189/3189/3166 3186/3186/3163 3188/3188/3165
f 3188/3188/3165 3190/3190/3167 3189/3189/3166
f 3157/3157/3134 3189/3189/3166 3190/3190/3167
f 3156/3156/3133 3186/3186/3163 3189/3189/3166
f 3156/3156/3133 3189/3189/3166 3157/3157/3134
f 3190/3190/3167 3191/3191/3168 3157/3157/3134
f 3158/3158/3135 3157/3157/3134 3191/3191/3168
f 3191/3191/3168 3192/3192/3169 3158/3158/3135
f 3159/3159/3136 3158/3158/3135 3192/3192/3169
f 3192/3192/3169 3193/3193/3170 3159/3159/3136
f 3159/3159/3136 3193/3193/3170 3161/3161/3138
f 3194/3194/3171 3195/3195/3172 3196/3196/3173
f 3194/3194/3171 3196/3196/3173 3197/3197/3174
f 3194/3194/3171 3197/3197/3174 3198/3198/3175
f 3194/3194/3171 3198/3198/3175 3199/3199/3176
f 3194/3194/3171 3199/3199/3176 3200/3200/3177
f 3194/3194/3171 3200/3200/3177 3201/3201/3178
f 3194/3194/3171 3201/3201/3178 3202/3202/3179
f 3194/3194/3171 3202/3202/3179 3203/3203/3180
f 3194/3194/3171 3203/3203/3180 3204/3204/3181
f 3194/3194/3171 3204/3204/3181 3205/3205/3182
f 3205/3205/3182 3206/3206/3183 3194/3194/3171
f 3207/3207/3184 3194/3194/3171 3206/3206/3183
f 3194/3194/3171 3207/3207/3184 3208/3208/3185
f 3194/3194/3171 3208/3208/3185 3209/3209/3186
f 3194/3194/3171 3209/3209/3186 3210/3210/3187
f 3194/3194/3171 3210/3210/3187 3211/3211/3188
f 3194/3194/3171 3211/3211/3188 3212/3212/3189
f 3194/3194/3171 3212/3212/3189 3213/3213/3190
f 3194/3194/3171 3213/3213/3190 3214/3214/3191
f 3194/3194/3171 3214/3214/3191 3195/3195/3172
f 3183/3183/3160 3215/3215/3192 3184/3184/3161
f 3185/3185/3162 3184/3184/3161 3215/3215/3192
f 3215/3215/3192 3187/3187/3164 3185/3185/3162
f 3172/3172/3149 3216/3216/3193 3174/3174/3151
f 3179/3179/3156 3174/3174/3151 3216/3216/3193
f 3216/3216/3193 3217/3217/3194 3179/3179/3156
f 3179/3179/3156 3217/3217/3194 3180/3180/3157
f 3218/3218/3195 3219/3219/3196 3220/3220/3197
f 3221/3221/3198 3218/3218/3195 3220/3220/3197
f 3220/3220/3197 3222/3222/3199 3221/3221/3198
f 3223/3223/3200 3221/3221/3198 3222/3222/3199
f 3222/3222/3199 3224/3224/3201 3223/3223/3200
f 3225/3225/3202 3226/3226/3203 3227/3227/3204
f 3227/3227/3204 3228/3228/3205 3225/3225/3202
f 3228/3228/3205 3227/3227/3204 3229/3229/3206
f 3229/3229/3206 3230/3230/3207 3228/3228/3205
f 3230/3230/3207 3229/3229/3206 3231/3231/3208
f 3231/3231/3208 3232/3232/3209 3230/3230/3207
f 3233/3233/3210 3234/3234/3211 3235/3235/3212
f 3235/3235/3212 3236/3236/3213 3233/3233/3210
f 3237/3237/3214 3238/3238/3215 3239/3239/3216
f 3239/3239/3216 3240/3240/3217 3237/3237/3214
f 3240/3240/3217 3239/3239/3216 3241/3241/3218
f 3241/3241/3218 3242/3242/3219 3240/3240/3217
f 3242/3242/3219 3241/3241/3218 3243/3243/3220
f 3243/3243/3220 3244/3244/3221 3242/3242/3219
f 3245/3245/3222 3246/3246/3223 3247/3247/3224
f 3245/3245/3222 3247/3247/3224 3248/3248/3225
f 3245/3245/3222 3248/3248/3225 3249/3249/3226
f 3250/3250/3227 3249/3249/3226 3248/3248/3225
f 3251/3251/3228 3249/3249/3226 3250/3250/3227
f 3250/3250/3227 3252/3252/3229 3251/3251/3228
f 3253/3253/3230 3251/3251/3228 3252/3252/3229
f 3252/3252/3229 3254/3254/3231 3253/3253/3230
f 3255/3255/3232 3253/3253/3230 3254/3254/3231
f 3254/3254/3231 3256/3256/3233 3255/3255/3232
f 3257/3257/3234 3255/3255/3232 3256/3256/3233
f 3256/3256/3233 3258/3258/3235 3257/3257/3234
f 3259/3259/3236 3257/3257/3234 3258/3258/3235
f 3258/3258/3235 3260/3260/3237 3259/3259/3236
f 3259/3259/3236 3260/3260/3237 3261/3261/3238
f 3261/3261/3238 3262/3262/3239 3259/3259/3236
f 3263/3263/3240 3262/3262/3239 3261/3261/3238
f 3263/3263/3240 3245/3245/3222 3262/3262/3239
f 3249/3249/3226 3251/3251/3228 3245/3245/3222
f 3245/3245/3222 3251/3251/3228 3253/3253/3230
f 3255/3255/3232 3245/3245/3222 3253/3253/3230
f 3245/3245/3222 3255/3255/3232 3257/3257/3234
f 3257/3257/3234 3259/3259/3236 3245/3245/3222
f 3245/3245/3222 3259/3259/3236 3262/3262/3239
f 3245/3245/3222 3264/3264/3241 3265/3265/3242
f 3264/3264/3241 3245/3245/3222 3266/3266/3243
f 3245/3245/3222 3267/3267/3244 3266/3266/3243
f 3268/3268/3245 3245/3245/3222 3263/3263/3240
f 3268/3268/3245 3267/3267/3244 3245/3245/3222
f 3269/3269/3246 3267/3267/3244 3268/3268/3245
f 3267/3267/3244 3269/3269/3246 3270/3270/3247
f 3270/3270/3247 3266/3266/3243 3267/3267/3244
f 3266/3266/3243 3270/3270/3247 3271/3271/3248
f 3271/3271/3248 3264/3264/3241 3266/3266/3243
f 3264/3264/3241 3271/3271/3248 3272/3272/3249
f 3272/3272/3249 3265/3265/3242 3264/3264/3241
f 3273/3273/3250 3265/3265/3242 3272/3272/3249
f 3265/3265/3242 3273/3273/3250 3245/3245/3222
f 3274/3274/3251 3245/3245/3222 3273/3273/3250
f 3245/3245/3222 3274/3274/3251 3275/3275/3252
f 3275/3275/3252 3274/3274/3251 3276/3276/3253
f 3276/3276/3253 3277/3277/3254 3275/3275/3252
f 3278/3278/3255 3275/3275/3252 3277/3277/3254
f 3277/3277/3254 3279/3279/3256 3278/3278/3255
f 3246/3246/3223 3278/3278/3255 3279/3279/3256
f 3245/3245/3222 3275/3275/3252 3278/3278/3255
f 3245/3245/3222 3278/3278/3255 3246/3246/3223
f 3279/3279/3256 3280/3280/3257 3246/3246/3223
f 3247/3247/3224 3246/3246/3223 3280/3280/3257
f 3280/3280/3257 3281/3281/3258 3247/3247/3224
f 3248/3248/3225 3247/3247/3224 3281/3281/3258
f 3281/3281/3258 3282/3282/3259 3248/3248/3225
f 3248/3248/3225 3282/3282/3259 3250/3250/3227
f 3283/3283/3260 3284/3284/3261 3285/3285/3262
f 3283/3283/3260 3285/3285/3262 3286/3286/3263
f 3283/3283/3260 3286/3286/3263 3287/3287/3264
f 3283/3283/3260 3287/3287/3264 3288/3288/3265
f 3283/3283/3260 3288/3288/3265 3289/3289/3266
f 3283/3283/3260 3289/3289/3266 3290/3290/3267
f 3283/3283/3260 3290/3290/3267 3291/3291/3268
f 3283/3283/3260 3291/3291/3268 3292/3292/3269
f 3283/3283/3260 3292/3292/3269 3293/3293/3270
f 3283/3283/3260 3293/3293/3270 3294/3294/3271
f 3294/3294/3271 3295/3295/3272 3283/3283/3260
f 3296/3296/3273 3283/3283/3260 3295/3295/3272
f 3283/3283/3260 3296/3296/3273 3297/3297/3274
f 3283/3283/3260 3297/3297/3274 3298/3298/3275
f 3283/3283/3260 3298/3298/3275 3299/3299/3276
f 3283/3283/3260 3299/3299/3276 3300/3300/3277
f 3283/3283/3260 3300/3300/3277 3301/3301/3278
f 3283/3283/3260 3301/3301/3278 3302/3302/3279
f 3283/3283/3260 3302/3302/3279 3303/3303/3280
f 3283/3283/3260 3303/3303/3280 3284/3284/3261
f 3272/3272/3249 3304/3304/3281 3273/3273/3250
f 3274/3274/3251 3273/3273/3250 3304/3304/3281
f 3304/3304/3281 3276/3276/3253 3274/3274/3251
f 3261/3261/3238 3305/3305/3282 3263/3263/3240
f 3268/3268/3245 3263/3263/3240 3305/3305/3282
f 3305/3305/3282 3306/3306/3283 3268/3268/3245
f 3268/3268/3245 3306/3306/3283 3269/3269/3246
f 3307/3307/3284 3308/3308/3285 3309/3309/3286
f 3307/3307/3284 3309/3309/3286 3310/3310/3287
f 3307/3307/3284 3310/3310/3287 3311/3311/3288
f 3312/3312/3289 3311/3311/3288 3310/3310/3287
f 3313/3313/3290 3311/3311/3288 3312/3312/3289
f 3312/3312/3289 3314/3314/3291 3313/3313/3290
f 3315/3315/3292 3313/3313/3290 3314/3314/3291
f 3314/3314/3291 3316/3316/3293 3315/3315/3292
f 3317/3317/3294 3315/3315/3292 3316/3316/3293
f 3316/3316/3293 3318/3318/3295 3317/3317/3294
f 3319/3319/3296 3317/3317/3294 3318/3318/3295
f 3318/3318/3295 3320/3320/3297 3319/3319/3296
f 3321/3321/3298 3319/3319/3296 3320/3320/3297
f 3320/3320/3297 3322/3322/3299 3321/3321/3298
f 3321/3321/3298 3322/3322/3299 3323/3323/3300
f 3323/3323/3300 3324/3324/3301 3321/3321/3298
f 3325/3325/3302 3324/3324/3301 3323/3323/3300
f 3325/3325/3302 3307/3307/3284 3324/3324/3301
f 3311/3311/3288 3313/3313/3290 3307/3307/3284
f 3307/3307/3284 3313/3313/3290 3315/3315/3292
f 3317/3317/3294 3307/3307/3284 3315/3315/3292
f 3307/3307/3284 3317/3317/3294 3319/3319/3296
f 3319/3319/3296 3321/3321/3298 3307/3307/3284
f 3307/3307/3284 3321/3321/3298 3324/3324/3301
f 3307/3307/3284 3326/3326/3303 3327/3327/3304
f 3326/3326/3303 3307/3307/3284 3328/3328/3305
f 3307/3307/3284 3329/3329/3306 3328/3328/3305
f 3330/3330/3307 3307/3307/3284 3325/3325/3302
f 3330/3330/3307 3329/3329/3306 3307/3307/3284
f 3331/3331/3308 3329/3329/3306 3330/3330/3307
f 3329/3329/3306 3331/3331/3308 3332/3332/3309
f 3332/3332/3309 3328/3328/3305 3329/3329/3306
f 3328/3328/3305 3332/3332/3309 3333/3333/3310
f 3333/3333/3310 3326/3326/3303 3328/3328/3305
f 3326/3326/3303 3333/3333/3310 3334/3334/3311
f 3334/3334/3311 3327/3327/3304 3326/3326/3303
f 3335/3335/3312 3327/3327/3304 3334/3334/3311
f 3327/3327/3304 3335/3335/3312 3307/3307/3284
f 3336/3336/3313 3307/3307/3284 3335/3335/3312
f 3307/3307/3284 3336/3336/3313 3337/3337/3314
f 3337/3337/3314 3336/3336/3313 3338/3338/3315
f 3338/3338/3315 3339/3339/3316 3337/3337/3314
f 3340/3340/3317 3337/3337/3314 3339/3339/3316
f 3339/3339/3316 3341/3341/3318 3340/3340/3317
f 3308/3308/3285 3340/3340/3317 3341/3341/3318
f 3307/3307/3284 3337/3337/3314 3340/3340/3317
f 3307/3307/3284 3340/3340/3317 3308/3308/3285
f 3341/3341/3318 3342/3342/3319 3308/3308/3285
f 3309/3309/3286 3308/3308/3285 3342/3342/3319
f 3342/3342/3319 3343/3343/3320 3309/3309/3286
f 3310/3310/3287 3309/3309/3286 3343/3343/3320
f 3343/3343/3320 3344/3344/3321 3310/3310/3287
f 3310/3310/3287 3344/3344/3321 3312/3312/3289
f 3345/3345/3322 3346/3346/3323 3347/3347/3324
f 3345/3345/3322 3347/3347/3324 3348/3348/3325
f 3345/3345/3322 3348/3348/3325 3349/3349/3326
f 3345/3345/3322 3349/3349/3326 3350/3350/3327
f 3345/3345/3322 3350/3350/3327 3351/3351/3328
f 3345/3345/3322 3351/3351/3328 3352/3352/3329
f 3345/3345/3322 3352/3352/3329 3353/3353/3330
f 3345/3345/3322 3353/3353/3330 3354/3354/3331
f 3345/3345/3322 3354/3354/3331 3355/3355/3332
f 3345/3345/3322 3355/3355/3332 3356/3356/3333
f 3356/3356/3333 3357/3357/3334 3345/3345/3322
f 3358/3358/3335 3345/3345/3322 3357/3357/3334
f 3345/3345/3322 3358/3358/3335 3359/3359/3336
f 3345/3345/3322 3359/3359/3336 3360/3360/3337
f 3345/3345/3322 3360/3360/3337 3361/3361/3338
f 3345/3345/3322 3361/3361/3338 3362/3362/3339
f 3345/3345/3322 3362/3362/3339 3363/3363/3340
f 3345/3345/3322 3363/3363/3340 3364/3364/3341
f 3345/3345/3322 3364/3364/3341 3365/3365/3342
f 3345/3345/3322 3365/3365/3342 3346/3346/3323
f 3334/3334/3311 3366/3366/3343 3335/3335/3312
f 3336/3336/3313 3335/3335/3312 3366/3366/3343
f 3366/3366/3343 3338/3338/3315 3336/3336/3313
f 3323/3323/3300 3367/3367/3344 3325/3325/3302
f 3330/3330/3307 3325/3325/3302 3367/3367/3344
f 3367/3367/3344 3368/3368/3345 3330/3330/3307
f 3330/3330/3307 3368/3368/3345 3331/3331/3308
f 3369/3369/3346 3370/3370/3347 3371/3371/3348
f 3369/3369/3346 3371/3371/3348 3372/3372/3349
f 3369/3369/3346 3372/3372/3349 3373/3373/3350
f 3374/3374/3351 3373/3373/3350 3372/3372/3349
f 3375/3375/3352 3373/3373/3350 3374/3374/3351
f 3374/3374/3351 3376/3376/3353 3375/3375/3352
f 3377/3377/3354 3375/3375/3352 3376/3376/3353
f 3376/3376/3353 3378/3378/3355 3377/3377/3354
f 3379/3379/3356 3377/3377/3354 3378/3378/3355
f 3378/3378/3355 3380/3380/3357 3379/3379/3356
f 3381/3381/3358 3379/3379/3356 3380/3380/3357
f 3380/3380/3357 3382/3382/3359 3381/3381/3358
f 3383/3383/3360 3381/3381/3358 3382/3382/3359
f 3382/3382/3359 3384/3384/3361 3383/3383/3360
f 3383/3383/3360 3384/3384/3361 3385/3385/3362
f 3385/3385/3362 3386/3386/3363 3383/3383/3360
f 3387/3387/3364 3386/3386/3363 3385/3385/3362
f 3387/3387/3364 3369/3369/3346 3386/3386/3363
f 3373/3373/3350 3375/3375/3352 3369/3369/3346
f 3369/3369/3346 3375/3375/3352 3377/3377/3354
f 3379/3379/3356 3369/3369/3346 3377/3377/3354
f 3369/3369/3346 3379/3379/3356 3381/3381/3358
f 3381/3381/3358 3383/3383/3360 3369/3369/3346
f 3369/3369/3346 3383/3383/3360 3386/3386/3363
f 3369/3369/3346 3388/3388/3365 3389/3389/3366
f 3388/3388/3365 3369/3369/3346 3390/3390/3367
f 3369/3369/3346 3391/3391/3368 3390/3390/3367
f 3392/3392/3369 3369/3369/3346 3387/3387/3364
f 3392/3392/3369 3391/3391/3368 3369/3369/3346
f 3393/3393/3370 3391/3391/3368 3392/3392/3369
f 3391/3391/3368 3393/3393/3370 3394/3394/3371
f 3394/3394/3371 3390/3390/3367 3391/3391/3368
f 3390/3390/3367 3394/3394/3371 3395/3395/3372
f 3395/3395/3372 3388/3388/3365 3390/3390/3367
f 3388/3388/3365 3395/3395/3372 3396/3396/3373
f 3396/3396/3373 3389/3389/3366 3388/3388/3365
f 3397/3397/3374 3389/3389/3366 3396/3396/3373
f 3389/3389/3366 3397/3397/3374 3369/3369/3346
f 3398/3398/3375 3369/3369/3346 3397/3397/3374
f 3369/3369/3346 3398/3398/3375 3399/3399/3376
f 3399/3399/3376 3398/3398/3375 3400/3400/3377
f 3400/3400/3377 3401/3401/3378 3399/3399/3376
f 3402/3402/3379 3399/3399/3376 3401/3401/3378
f 3401/3401/3378 3403/3403/3380 3402/3402/3379
f 3370/3370/3347 3402/3402/3379 3403/3403/3380
f 3369/3369/3346 3399/3399/3376 3402/3402/3379
f 3369/3369/3346 3402/3402/3379 3370/3370/3347
f 3403/3403/3380 3404/3404/3381 3370/3370/3347
f 3371/3371/3348 3370/3370/3347 3404/3404/3381
f 3404/3404/3381 3405/3405/3382 3371/3371/3348
f 3372/3372/3349 3371/3371/3348 3405/3405/3382
f 3405/3405/3382 3406/3406/3383 3372/3372/3349
f 3372/3372/3349 3406/3406/3383 3374/3374/3351
f 3407/3407/3384 3408/3408/3385 3409/3409/3386
f 3407/3407/3384 3409/3409/3386 3410/3410/3387
f 3407/3407/3384 3410/3410/3387 3411/3411/3388
f 3407/3407/3384 3411/3411/3388 3412/3412/3389
f 3407/3407/3384 3412/3412/3389 3413/3413/3390
f 3407/3407/3384 3413/3413/3390 3414/3414/3391
f 3407/3407/3384 3414/3414/3391 3415/3415/3392
f 3407/3407/3384 3415/3415/3392 3416/3416/3393
f 3407/3407/3384 3416/3416/3393 3417/3417/3394
f 3407/3407/3384 3417/3417/3394 3418/3418/3395
f 3418/3418/3395 3419/3419/3396 3407/3407/3384
f 3420/3420/3397 3407/3407/3384 3419/3419/3396
f 3407/3407/3384 3420/3420/3397 3421/3421/3398
f 3407/3407/3384 3421/3421/3398 3422/3422/3399
f 3407/3407/3384 3422/3422/3399 3423/3423/3400
f 3407/3407/3384 3423/3423/3400 3424/3424/3401
f 3407/3407/3384 3424/3424/3401 3425/3425/3402
f 3407/3407/3384 3425/3425/3402 3426/3426/3403
f 3407/3407/3384 3426/3426/3403 3427/3427/3404
f 3407/3407/3384 3427/3427/3404 3408/3408/3385
f 3396/3396/3373 3428/3428/3405 3397/3397/3374
f 3398/3398/3375 3397/3397/3374 3428/3428/3405
f 3428/3428/3405 3400/3400/3377 3398/3398/3375
f 3385/3385/3362 3429/3429/3406 3387/3387/3364
f 3392/3392/3369 3387/3387/3364 3429/3429/3406
f 3429/3429/3406 3430/3430/3407 3392/3392/3369
f 3392/3392/3369 3430/3430/3407 3393/3393/3370
f 3431/3431/3408 3432/3432/3409 3433/3433/3410
f 3434/3434/3411 3431/3431/3408 3433/3433/3410
f 3433/3433/3410 3435/3435/3412 3434/3434/3411
f 3436/3436/3413 3434/3434/3411 3435/3435/3412
f 3435/3435/3412 3437/3437/3414 3436/3436/3413
f 3437/3437/3414 3435/3435/3412 3438/3438/3415
f 3439/3439/3416 3440/3440/3417 3441/3441/3418
f 3441/3441/3418 3442/3442/3419 3439/3439/3416
f 3442/3442/3419 3441/3441/3418 3443/3443/3420
f 3443/3443/3420 3444/3444/3421 3442/3442/3419
f 3444/3444/3421 3443/3443/3420 3445/3445/3422
f 3445/3445/3422 3446/3446/3423 3444/3444/3421
f 3446/3446/3423 3445/3445/3422 3447/3447/3424
f 1040/1040/1034 1050/1050/1044 1039/1039/1033
f 3448/3448/3425 3449/3449/3426 3450/3450/3427
f 3450/3450/3427 3451/3451/3428 3448/3448/3425
f 3451/3451/3428 3452/3452/3429 3448/3448/3425
f 3452/3452/3429 3451/3451/3428 3453/3453/3430
f 3453/3453/3430 3454/3454/3431 3452/3452/3429
f 3454/3454/3431 3453/3453/3430 3455/3455/3432
f 3456/3456/3433 3454/3454/3431 3455/3455/3432
f 3457/3457/3434 3456/3456/3433 3455/3455/3432
f 3456/3456/3433 3457/3457/3434 3458/3458/3435
f 3459/3459/3436 3458/3458/3435 3457/3457/3434
f 3457/3457/3434 3460/3460/3437 3459/3459/3436
f 3461/3461/3438 3459/3459/3436 3460/3460/3437
f 3460/3460/3437 3462/3462/3439 3461/3461/3438
f 3463/3463/3440 3461/3461/3438 3462/3462/3439
f 3462/3462/3439 3464/3464/3441 3463/3463/3440
f 3465/3465/3442 3463/3463/3440 3464/3464/3441
f 3464/3464/3441 3466/3466/3443 3465/3465/3442
f 3467/3467/3444 3465/3465/3442 3466/3466/3443
f 3458/3458/3435 3468/3468/3445 3456/3456/3433
f 3454/3454/3431 3456/3456/3433 3468/3468/3445
f 3468/3468/3445 3452/3452/3429 3454/3454/3431
f 3466/3466/3443 3469/3469/3446 3467/3467/3444
f 3470/3470/3447 3467/3467/3444 3469/3469/3446
f 3469/3469/3446 3471/3471/3448 3470/3470/3447
f 3472/3472/3449 3470/3470/3447 3471/3471/3448
f 3471/3471/3448 3473/3473/3450 3472/3472/3449
f 3474/3474/3451 3472/3472/3449 3473/3473/3450
f 3473/3473/3450 3475/3475/3452 3474/3474/3451
f 3476/3476/3453 3474/3474/3451 3475/3475/3452
f 3475/3475/3452 3477/3477/3454 3476/3476/3453
f 3478/3478/3455 3476/3476/3453 3477/3477/3454
f 3477/3477/3454 3479/3479/3456 3478/3478/3455
f 3480/3480/3457 3478/3478/3455 3479/3479/3456
f 3479/3479/3456 3481/3481/3458 3480/3480/3457
f 3482/3482/3459 3480/3480/3457 3481/3481/3458
f 3481/3481/3458 3483/3483/3460 3482/3482/3459
f 3450/3450/3427 3482/3482/3459 3483/3483/3460
f 3483/3483/3460 3484/3484/3461 3450/3450/3427
f 3451/3451/3428 3450/3450/3427 3484/3484/3461
f 3484/3484/3461 3453/3453/3430 3451/3451/3428
f 3453/3453/3430 3484/3484/3461 3455/3455/3432
f 3484/3484/3461 3483/3483/3460 3455/3455/3432
f 3483/3483/3460 3481/3481/3458 3455/3455/3432
f 3481/3481/3458 3479/3479/3456 3455/3455/3432
f 3479/3479/3456 3477/3477/3454 3455/3455/3432
f 3477/3477/3454 3475/3475/3452 3455/3455/3432
f 3475/3475/3452 3473/3473/3450 3455/3455/3432
f 3473/3473/3450 3471/3471/3448 3455/3455/3432
f 3471/3471/3448 3469/3469/3446 3455/3455/3432
f 3469/3469/3446 3466/3466/3443 3455/3455/3432
f 3466/3466/3443 3464/3464/3441 3455/3455/3432
f 3464/3464/3441 3462/3462/3439 3455/3455/3432
f 3462/3462/3439 3460/3460/3437 3455/3455/3432
f 3460/3460/3437 3457/3457/3434 3455/3455/3432
f 3485/3485/3462 3486/3486/3463 3487/3487/3464
f 3488/3488/3465 3487/3487/3464 3486/3486/3463
f 3486/3486/3463 3489/3489/3466 3488/3488/3465
f 3490/3490/3467 3488/3488/3465 3489/3489/3466
f 3489/3489/3466 3491/3491/3468 3490/3490/3467
f 3492/3492/3469 3493/3493/3470 3494/3494/3471
f 3494/3494/3471 3495/3495/3472 3492/3492/3469
f 3496/3496/3473 3497/3497/3474 3498/3498/3475
f 3497/3497/3474 3496/3496/3473 3499/3499/3476
f 3500/3500/3477 3499/3499/3476 3496/3496/3473
f 3496/3496/3473 3501/3501/3478 3500/3500/3477
f 3502/3502/3479 3500/3500/3477 3501/3501/3478
f 3501/3501/3478 3503/3503/3480 3502/3502/3479
f 3504/3504/3481 3502/3502/3479 3503/3503/3480
f 3503/3503/3480 3505/3505/3482 3504/3504/3481
f 3506/3506/3483 3504/3504/3481 3505/3505/3482
f 3505/3505/3482 3507/3507/3484 3506/3506/3483
f 3508/3508/3485 3506/3506/3483 3507/3507/3484
f 3507/3507/3484 3509/3509/3486 3508/3508/3485
f 3510/3510/3487 3508/3508/3485 3509/3509/3486
f 3509/3509/3486 3511/3511/3488 3510/3510/3487
f 3512/3512/3489 3510/3510/3487 3511/3511/3488
f 3511/3511/3488 3513/3513/3490 3512/3512/3489
f 3514/3514/3491 3512/3512/3489 3513/3513/3490
f 3513/3513/3490 3515/3515/3492 3514/3514/3491
f 3501/3501/3478 3496/3496/3473 3498/3498/3475
f 3503/3503/3480 3501/3501/3478 3498/3498/3475
f 3505/3505/3482 3503/3503/3480 3498/3498/3475
f 3507/3507/3484 3505/3505/3482 3498/3498/3475
f 3509/3509/3486 3507/3507/3484 3498/3498/3475
f 3511/3511/3488 3509/3509/3486 3498/3498/3475
f 3513/3513/3490 3511/3511/3488 3498/3498/3475
f 3515/3515/3492 3513/3513/3490 3498/3498/3475
f 3516/3516/3493 3515/3515/3492 3498/3498/3475
f 3517/3517/3494 3516/3516/3493 3498/3498/3475
f 3518/3518/3495 3517/3517/3494 3498/3498/3475
f 3519/3519/3496 3518/3518/3495 3498/3498/3475
f 3520/3520/3497 3519/3519/3496 3498/3498/3475
f 3521/3521/3498 3520/3520/3497 3498/3498/3475
f 3522/3522/3499 3521/3521/3498 3498/3498/3475
f 3523/3523/3500 3522/3522/3499 3498/3498/3475
f 3524/3524/3501 3523/3523/3500 3498/3498/3475
f 3497/3497/3474 3524/3524/3501 3498/3498/3475
f 3525/3525/3502 3514/3514/3491 3515/3515/3492
f 3515/3515/3492 3516/3516/3493 3525/3525/3502
f 3526/3526/3503 3525/3525/3502 3516/3516/3493
f 3516/3516/3493 3517/3517/3494 3526/3526/3503
f 3527/3527/3504 3526/3526/3503 3517/3517/3494
f 3517/3517/3494 3518/3518/3495 3527/3527/3504
f 3528/3528/3505 3527/3527/3504 3518/3518/3495
f 3518/3518/3495 3519/3519/3496 3528/3528/3505
f 3529/3529/3506 3528/3528/3505 3519/3519/3496
f 3519/3519/3496 3520/3520/3497 3529/3529/3506
f 3530/3530/3507 3529/3529/3506 3520/3520/3497
f 3520/3520/3497 3521/3521/3498 3530/3530/3507
f 3531/3531/3508 3530/3530/3507 3521/3521/3498
f 3521/3521/3498 3522/3522/3499 3531/3531/3508
f 3532/3532/3509 3531/3531/3508 3522/3522/3499
f 3522/3522/3499 3523/3523/3500 3532/3532/3509
f 3533/3533/3510 3532/3532/3509 3523/3523/3500
f 3523/3523/3500 3524/3524/3501 3533/3533/3510
f 3534/3534/3511 3533/3533/3510 3524/3524/3501
f 3524/3524/3501 3497/3497/3474 3534/3534/3511
f 3499/3499/3476 3534/3534/3511 3497/3497/3474
f 1057/1057/1051 3535/3535/3512 923/923/917
f 924/924/918 923/923/917 3535/3535/3512
f 3535/3535/3512 957/957/951 924/924/918
f 957/957/951 3535/3535/3512 955/955/949
f 955/955/949 3535/3535/3512 1057/1057/1051
f 1057/1057/1051 952/952/946 955/955/949
f 3536/3536/3513 3537/3537/3513 3538/3538/3513
f 3539/3539/3514 3540/3540/3514 1725/1725/1717
f 3541/3541/3515 1725/1725/1717 1727/1727/1719
f 3542/3542/3516 1725/1725/1717 3541/3541/3515
f 3543/3543/3517 1725/1725/1717 3542/3542/3516
f 1728/1728/1720 1729/1729/1721 1731/1731/1723
f 1731/1731/1723 3544/3544/3518 1728/1728/1720
f 1728/1728/1720 3544/3544/3518 3545/3545/3519
f 1727/1727/1719 1728/1728/1720 3545/3545/3519
f 3545/3545/3519 3546/3546/3520 1727/1727/1719
f 1727/1727/1719 3546/3546/3520 3541/3541/3515
f 872/872/866 870/870/864 3026/3026/3012
f 3026/3026/3012 870/870/864 868/868/862
f 868/868/862 3027/3027/3013 3026/3026/3012
f 3547/3547/3521 3548/3548/3522 3549/3549/3523
f 1687/1687/1679 3547/3547/3521 3549/3549/3523
f 3549/3549/3523 1688/1688/1680 1687/1687/1679
f 1688/1688/1680 3549/3549/3523 1693/1693/1685
f 1693/1693/1685 1691/1691/1683 1688/1688/1680
f 3548/3548/3522 1695/1695/1687 1693/1693/1685
f 1693/1693/1685 3549/3549/3523 3548/3548/3522
f 2956/2956/2944 3550/3550/3524 2962/2962/2950
f 2846/2846/2834 2962/2962/2950 3550/3550/3524
f 3550/3550/3524 3551/3551/3525 2846/2846/2834
f 2846/2846/2834 3551/3551/3525 2851/2851/2839
f 2851/2851/2839 2848/2848/2836 2846/2846/2834
f 2317/2317/2307 3552/3552/3526 2319/2319/2309
f 1562/1562/1554 1719/1719/1711 1564/1564/1556
f 1564/1564/1556 1719/1719/1711 1721/1721/1713
f 1721/1721/1713 1566/1566/1558 1564/1564/1556
f 1566/1566/1558 1721/1721/1713 1708/1708/1700
f 1708/1708/1700 1568/1568/1560 1566/1566/1558
f 863/863/857 3553/3553/3527 861/861/855
f 3554/3554/3528 3553/3553/3527 863/863/857
f 863/863/857 3555/3555/3529 3554/3554/3528
f 865/865/859 3555/3555/3529 863/863/857
f 3556/3556/3530 3557/3557/3531 3558/3558/3532
f 3558/3558/3532 3559/3559/3533 3556/3556/3530
f 3556/3556/3530 3559/3559/3533 3560/3560/3534
f 3561/3561/3535 3560/3560/3534 3559/3559/3533
f 3560/3560/3534 3561/3561/3535 3562/3562/3536
f 3563/3563/3537 3562/3562/3536 3561/3561/3535
f 3562/3562/3536 3563/3563/3537 3564/3564/3538
f 3565/3565/3539 3564/3564/3538 3563/3563/3537
f 3564/3564/3538 3565/3565/3539 3566/3566/3540
f 3566/3566/3540 3567/3567/3541 3564/3564/3538
f 3568/3568/3542 3567/3567/3541 3566/3566/3540
f 3569/3569/3543 3567/3567/3541 3568/3568/3542
f 3568/3568/3542 3570/3570/3544 3569/3569/3543
f 3571/3571/3545 3569/3569/3543 3570/3570/3544
f 3570/3570/3544 3572/3572/3546 3571/3571/3545
f 3573/3573/3547 3571/3571/3545 3572/3572/3546
f 3572/3572/3546 3574/3574/3548 3573/3573/3547
f 3575/3575/3549 3573/3573/3547 3574/3574/3548
f 3563/3563/3537 3576/3576/3550 3565/3565/3539
f 3559/3559/3533 3577/3577/3551 3561/3561/3535
f 3578/3578/3552 3561/3561/3535 3577/3577/3551
f 3561/3561/3535 3578/3578/3552 3563/3563/3537
f 3576/3576/3550 3563/3563/3537 3578/3578/3552
f 3578/3578/3552 3579/3579/3553 3576/3576/3550
f 3579/3579/3553 3578/3578/3552 3580/3580/3554
f 3580/3580/3554 3581/3581/3555 3579/3579/3553
f 3577/3577/3551 3580/3580/3554 3578/3578/3552
f 3582/3582/3556 3583/3583/3557 3581/3581/3555
f 3581/3581/3555 3584/3584/3558 3582/3582/3556
f 3585/3585/3559 3584/3584/3558 3581/3581/3555
f 3581/3581/3555 3586/3586/3560 3585/3585/3559
f 3586/3586/3560 3581/3581/3555 3580/3580/3554
f 3580/3580/3554 3587/3587/3561 3586/3586/3560
f 3587/3587/3561 3580/3580/3554 3577/3577/3551
f 3577/3577/3551 3588/3588/3562 3587/3587/3561
f 3588/3588/3562 3577/3577/3551 3559/3559/3533
f 3559/3559/3533 3558/3558/3532 3588/3588/3562
f 3574/3574/3548 3589/3589/3563 3575/3575/3549
f 3590/3590/3564 3575/3575/3549 3589/3589/3563
f 3589/3589/3563 3591/3591/3565 3590/3590/3564
f 3590/3590/3564 3591/3591/3565 3592/3592/3566
f 3593/3593/3567 3592/3592/3566 3591/3591/3565
f 3591/3591/3565 3594/3594/3568 3593/3593/3567
f 3595/3595/3569 3593/3593/3567 3594/3594/3568
f 3594/3594/3568 3596/3596/3570 3595/3595/3569
f 3597/3597/3571 3595/3595/3569 3596/3596/3570
f 3596/3596/3570 3598/3598/3572 3597/3597/3571
f 3599/3599/3573 3597/3597/3571 3598/3598/3572
f 3598/3598/3572 3600/3600/3574 3599/3599/3573
f 3601/3601/3575 3599/3599/3573 3600/3600/3574
f 3600/3600/3574 3602/3602/3576 3601/3601/3575
f 3603/3603/3577 3601/3601/3575 3602/3602/3576
f 3602/3602/3576 3604/3604/3578 3603/3603/3577
f 3605/3605/3579 3603/3603/3577 3604/3604/3578
f 3604/3604/3578 3606/3606/3580 3605/3605/3579
f 3607/3607/3581 3608/3608/3582 3589/3589/3563
f 3591/3591/3565 3589/3589/3563 3608/3608/3582
f 3608/3608/3582 3594/3594/3568 3591/3591/3565
f 3594/3594/3568 3608/3608/3582 3609/3609/3583
f 3609/3609/3583 3596/3596/3570 3594/3594/3568
f 3596/3596/3570 3609/3609/3583 3610/3610/3584
f 3610/3610/3584 3598/3598/3572 3596/3596/3570
f 3598/3598/3572 3610/3610/3584 3611/3611/3585
f 3611/3611/3585 3600/3600/3574 3598/3598/3572
f 3600/3600/3574 3611/3611/3585 3612/3612/3586
f 3612/3612/3586 3602/3602/3576 3600/3600/3574
f 3602/3602/3576 3612/3612/3586 3613/3613/3587
f 3613/3613/3587 3604/3604/3578 3602/3602/3576
f 3604/3604/3578 3613/3613/3587 3614/3614/3588
f 3614/3614/3588 3606/3606/3580 3604/3604/3578
f 3606/3606/3580 3614/3614/3588 3615/3615/3589
f 3615/3615/3589 3616/3616/3590 3606/3606/3580
f 3616/3616/3590 3615/3615/3589 3617/3617/3591
f 3608/3608/3582 3607/3607/3581 3618/3618/3592
f 3618/3618/3592 3609/3609/3583 3608/3608/3582
f 3609/3609/3583 3618/3618/3592 3619/3619/3593
f 3619/3619/3593 3610/3610/3584 3609/3609/3583
f 3610/3610/3584 3619/3619/3593 3620/3620/3594
f 3620/3620/3594 3611/3611/3585 3610/3610/3584
f 3611/3611/3585 3620/3620/3594 3621/3621/3595
f 3621/3621/3595 3612/3612/3586 3611/3611/3585
f 3612/3612/3586 3621/3621/3595 3622/3622/3596
f 3622/3622/3596 3613/3613/3587 3612/3612/3586
f 3613/3613/3587 3622/3622/3596 3623/3623/3597
f 3623/3623/3597 3614/3614/3588 3613/3613/3587
f 3614/3614/3588 3623/3623/3597 3624/3624/3598
f 3624/3624/3598 3615/3615/3589 3614/3614/3588
f 3615/3615/3589 3624/3624/3598 3625/3625/3599
f 3625/3625/3599 3617/3617/3591 3615/3615/3589
f 3617/3617/3591 3625/3625/3599 3626/3626/3600
f 3626/3626/3600 3627/3627/3601 3617/3617/3591
f 3628/3628/3602 3623/3623/3597 3622/3622/3596
f 3622/3622/3596 3629/3629/3603 3628/3628/3602
f 3629/3629/3603 3622/3622/3596 3621/3621/3595
f 3621/3621/3595 3630/3630/3604 3629/3629/3603
f 3630/3630/3604 3621/3621/3595 3620/3620/3594
f 3620/3620/3594 3631/3631/3605 3630/3630/3604
f 3631/3631/3605 3620/3620/3594 3619/3619/3593
f 3619/3619/3593 3632/3632/3606 3631/3631/3605
f 3632/3632/3606 3619/3619/3593 3618/3618/3592
f 3618/3618/3592 3633/3633/3607 3632/3632/3606
f 3633/3633/3607 3618/3618/3592 3607/3607/3581
f 3607/3607/3581 3634/3634/3608 3633/3633/3607
f 3635/3635/3609 3636/3636/3610 3637/3637/3611
f 3637/3637/3611 3638/3638/3612 3635/3635/3609
f 3638/3638/3612 3637/3637/3611 3639/3639/3613
f 3639/3639/3613 3640/3640/3614 3638/3638/3612
f 3640/3640/3614 3639/3639/3613 3628/3628/3602
f 3628/3628/3602 3641/3641/3615 3640/3640/3614
f 3641/3641/3615 3628/3628/3602 3629/3629/3603
f 3629/3629/3603 3642/3642/3616 3641/3641/3615
f 3642/3642/3616 3629/3629/3603 3630/3630/3604
f 3630/3630/3604 3643/3643/3617 3642/3642/3616
f 3643/3643/3617 3630/3630/3604 3631/3631/3605
f 3631/3631/3605 3644/3644/3618 3643/3643/3617
f 3644/3644/3618 3631/3631/3605 3632/3632/3606
f 3632/3632/3606 3645/3645/3619 3644/3644/3618
f 3645/3645/3619 3632/3632/3606 3633/3633/3607
f 3633/3633/3607 3646/3646/3620 3645/3645/3619
f 3646/3646/3620 3633/3633/3607 3634/3634/3608
f 3634/3634/3608 3647/3647/3621 3646/3646/3620
f 3648/3648/3622 3644/3644/3618 3645/3645/3619
f 3645/3645/3619 3649/3649/3623 3648/3648/3622
f 3649/3649/3623 3645/3645/3619 3646/3646/3620
f 3646/3646/3620 3650/3650/3624 3649/3649/3623
f 3650/3650/3624 3646/3646/3620 3647/3647/3621
f 3647/3647/3621 3651/3651/3625 3650/3650/3624
f 3652/3652/3626 3653/3653/3627 3648/3648/3622
f 3648/3648/3622 3654/3654/3628 3652/3652/3626
f 3654/3654/3628 3648/3648/3622 3649/3649/3623
f 3649/3649/3623 3655/3655/3629 3654/3654/3628
f 3655/3655/3629 3649/3649/3623 3650/3650/3624
f 3650/3650/3624 3656/3656/3630 3655/3655/3629
f 3650/3650/3624 3657/3657/3631 3656/3656/3630
f 3657/3657/3631 3650/3650/3624 3651/3651/3625
f 3651/3651/3625 3658/3658/3632 3657/3657/3631
f 3651/3651/3625 3659/3659/3633 3658/3658/3632
f 3659/3659/3633 3651/3651/3625 3568/3568/3542
f 3570/3570/3544 3568/3568/3542 3651/3651/3625
f 3651/3651/3625 3647/3647/3621 3570/3570/3544
f 3572/3572/3546 3570/3570/3544 3647/3647/3621
f 3647/3647/3621 3634/3634/3608 3572/3572/3546
f 3574/3574/3548 3572/3572/3546 3634/3634/3608
f 3634/3634/3608 3607/3607/3581 3574/3574/3548
f 3589/3589/3563 3574/3574/3548 3607/3607/3581
f 3566/3566/3540 3660/3660/3634 3568/3568/3542
f 3568/3568/3542 3660/3660/3634 3659/3659/3633
f 3661/3661/3635 3605/3605/3579 3606/3606/3580
f 3606/3606/3580 3616/3616/3590 3661/3661/3635
f 3662/3662/3636 3661/3661/3635 3616/3616/3590
f 3616/3616/3590 3663/3663/3637 3662/3662/3636
f 3664/3664/3638 3662/3662/3636 3663/3663/3637
f 3663/3663/3637 3665/3665/3639 3664/3664/3638
f 3666/3666/3640 3664/3664/3638 3665/3665/3639
f 3665/3665/3639 3667/3667/3641 3666/3666/3640
f 3668/3668/3642 3666/3666/3640 3667/3667/3641
f 3667/3667/3641 3669/3669/3643 3668/3668/3642
f 3670/3670/3644 3668/3668/3642 3669/3669/3643
f 3669/3669/3643 3671/3671/3645 3670/3670/3644
f 3672/3672/3646 3670/3670/3644 3671/3671/3645
f 3671/3671/3645 3673/3673/3647 3672/3672/3646
f 3674/3674/3648 3672/3672/3646 3673/3673/3647
f 3673/3673/3647 3675/3675/3649 3674/3674/3648
f 3676/3676/3650 3674/3674/3648 3675/3675/3649
f 3675/3675/3649 3677/3677/3651 3676/3676/3650
f 3617/3617/3591 3663/3663/3637 3616/3616/3590
f 3663/3663/3637 3617/3617/3591 3627/3627/3601
f 3627/3627/3601 3665/3665/3639 3663/3663/3637
f 3665/3665/3639 3627/3627/3601 3678/3678/3652
f 3678/3678/3652 3667/3667/3641 3665/3665/3639
f 3667/3667/3641 3678/3678/3652 3679/3679/3653
f 3679/3679/3653 3669/3669/3643 3667/3667/3641
f 3669/3669/3643 3679/3679/3653 3680/3680/3654
f 3680/3680/3654 3671/3671/3645 3669/3669/3643
f 3671/3671/3645 3680/3680/3654 3681/3681/3655
f 3681/3681/3655 3673/3673/3647 3671/3671/3645
f 3673/3673/3647 3681/3681/3655 3682/3682/3656
f 3682/3682/3656 3675/3675/3649 3673/3673/3647
f 3675/3675/3649 3682/3682/3656 3683/3683/3657
f 3683/3683/3657 3677/3677/3651 3675/3675/3649
f 3677/3677/3651 3683/3683/3657 3684/3684/3658
f 3684/3684/3658 3685/3685/3659 3677/3677/3651
f 3685/3685/3659 3684/3684/3658 3686/3686/3660
f 3686/3686/3660 3687/3687/3661 3685/3685/3659
f 3687/3687/3661 3686/3686/3660 3688/3688/3662
f 3688/3688/3662 3689/3689/3663 3687/3687/3661
f 3627/3627/3601 3626/3626/3600 3690/3690/3664
f 3690/3690/3664 3678/3678/3652 3627/3627/3601
f 3678/3678/3652 3690/3690/3664 3691/3691/3665
f 3691/3691/3665 3679/3679/3653 3678/3678/3652
f 3679/3679/3653 3691/3691/3665 3692/3692/3666
f 3692/3692/3666 3680/3680/3654 3679/3679/3653
f 3680/3680/3654 3692/3692/3666 3693/3693/3667
f 3693/3693/3667 3681/3681/3655 3680/3680/3654
f 3681/3681/3655 3693/3693/3667 3694/3694/3668
f 3694/3694/3668 3682/3682/3656 3681/3681/3655
f 3682/3682/3656 3694/3694/3668 3695/3695/3669
f 3695/3695/3669 3683/3683/3657 3682/3682/3656
f 3696/3696/3670 3695/3695/3669 3694/3694/3668
f 3694/3694/3668 3697/3697/3671 3696/3696/3670
f 3697/3697/3671 3694/3694/3668 3693/3693/3667
f 3693/3693/3667 3698/3698/3672 3697/3697/3671
f 3698/3698/3672 3693/3693/3667 3692/3692/3666
f 3692/3692/3666 3699/3699/3673 3698/3698/3672
f 3699/3699/3673 3692/3692/3666 3691/3691/3665
f 3691/3691/3665 3700/3700/3674 3699/3699/3673
f 3700/3700/3674 3691/3691/3665 3690/3690/3664
f 3690/3690/3664 3701/3701/3675 3700/3700/3674
f 3701/3701/3675 3690/3690/3664 3626/3626/3600
f 3626/3626/3600 3636/3636/3610 3701/3701/3675
f 3636/3636/3610 3626/3626/3600 3625/3625/3599
f 3625/3625/3599 3637/3637/3611 3636/3636/3610
f 3637/3637/3611 3625/3625/3599 3624/3624/3598
f 3624/3624/3598 3639/3639/3613 3637/3637/3611
f 3639/3639/3613 3624/3624/3598 3623/3623/3597
f 3623/3623/3597 3628/3628/3602 3639/3639/3613
f 3702/3702/3676 3684/3684/3658 3683/3683/3657
f 3683/3683/3657 3695/3695/3669 3702/3702/3676
f 3703/3703/3677 3702/3702/3676 3695/3695/3669
f 3695/3695/3669 3696/3696/3670 3703/3703/3677
f 3704/3704/3678 3703/3703/3677 3696/3696/3670
f 3696/3696/3670 3705/3705/3679 3704/3704/3678
f 3705/3705/3679 3696/3696/3670 3697/3697/3671
f 3697/3697/3671 3706/3706/3680 3705/3705/3679
f 3706/3706/3680 3697/3697/3671 3698/3698/3672
f 3698/3698/3672 3707/3707/3681 3706/3706/3680
f 3707/3707/3681 3698/3698/3672 3699/3699/3673
f 3699/3699/3673 3708/3708/3682 3707/3707/3681
f 3708/3708/3682 3699/3699/3673 3700/3700/3674
f 3700/3700/3674 3709/3709/3683 3708/3708/3682
f 3709/3709/3683 3700/3700/3674 3701/3701/3675
f 3701/3701/3675 3710/3710/3684 3709/3709/3683
f 3710/3710/3684 3701/3701/3675 3636/3636/3610
f 3636/3636/3610 3635/3635/3609 3710/3710/3684
f 3711/3711/3685 3688/3688/3662 3686/3686/3660
f 3686/3686/3660 3712/3712/3686 3711/3711/3685
f 3712/3712/3686 3686/3686/3660 3684/3684/3658
f 3684/3684/3658 3702/3702/3676 3712/3712/3686
f 3713/3713/3687 3712/3712/3686 3702/3702/3676
f 3702/3702/3676 3703/3703/3677 3713/3713/3687
f 3714/3714/3688 3713/3713/3687 3703/3703/3677
f 3703/3703/3677 3704/3704/3678 3714/3714/3688
f 3715/3715/3689 3714/3714/3688 3704/3704/3678
f 3704/3704/3678 3716/3716/3690 3715/3715/3689
f 3716/3716/3690 3704/3704/3678 3705/3705/3679
f 3705/3705/3679 3717/3717/3691 3716/3716/3690
f 3717/3717/3691 3705/3705/3679 3706/3706/3680
f 3706/3706/3680 3718/3718/3692 3717/3717/3691
f 3718/3718/3692 3706/3706/3680 3707/3707/3681
f 3707/3707/3681 3719/3719/3693 3718/3718/3692
f 3719/3719/3693 3707/3707/3681 3708/3708/3682
f 3708/3708/3682 3720/3720/3694 3719/3719/3693
f 3721/3721/3695 3711/3711/3685 3712/3712/3686
f 3712/3712/3686 3713/3713/3687 3721/3721/3695
f 3722/3722/3696 3721/3721/3695 3713/3713/3687
f 3713/3713/3687 3714/3714/3688 3722/3722/3696
f 3723/3723/3697 3722/3722/3696 3714/3714/3688
f 3714/3714/3688 3715/3715/3689 3723/3723/3697
f 3724/3724/3698 3723/3723/3697 3715/3715/3689
f 3715/3715/3689 3725/3725/3699 3724/3724/3698
f 3725/3725/3699 3715/3715/3689 3716/3716/3690
f 3716/3716/3690 3726/3726/3700 3725/3725/3699
f 3726/3726/3700 3716/3716/3690 3717/3717/3691
f 3717/3717/3691 3727/3727/3701 3726/3726/3700
f 3727/3727/3701 3717/3717/3691 3728/3728/3702
f 3728/3728/3702 3717/3717/3691 3718/3718/3692
f 3718/3718/3692 3729/3729/3703 3728/3728/3702
f 3729/3729/3703 3718/3718/3692 3730/3730/3704
f 3730/3730/3704 3718/3718/3692 3719/3719/3693
f 3719/3719/3693 3731/3731/3705 3730/3730/3704
f 3732/3732/3706 3733/3733/3707 3723/3723/3697
f 3723/3723/3697 3724/3724/3698 3732/3732/3706
f 3734/3734/3708 3732/3732/3706 3724/3724/3698
f 3724/3724/3698 3735/3735/3709 3734/3734/3708
f 3736/3736/3710 3735/3735/3709 3724/3724/3698
f 3724/3724/3698 3737/3737/3711 3736/3736/3710
f 3738/3738/3712 3676/3676/3650 3677/3677/3651
f 3677/3677/3651 3685/3685/3659 3738/3738/3712
f 3739/3739/3713 3738/3738/3712 3685/3685/3659
f 3685/3685/3659 3687/3687/3661 3739/3739/3713
f 3740/3740/3714 3739/3739/3713 3687/3687/3661
f 3687/3687/3661 3689/3689/3663 3740/3740/3714
f 3741/3741/3715 3740/3740/3714 3689/3689/3663
f 3689/3689/3663 3742/3742/3716 3741/3741/3715
f 3742/3742/3716 3689/3689/3663 3688/3688/3662
f 3688/3688/3662 3743/3743/3717 3742/3742/3716
f 3743/3743/3717 3688/3688/3662 3711/3711/3685
f 3711/3711/3685 3744/3744/3718 3743/3743/3717
f 3745/3745/3719 3744/3744/3718 3711/3711/3685
f 3711/3711/3685 3721/3721/3695 3745/3745/3719
f 3746/3746/3720 3745/3745/3719 3721/3721/3695
f 3721/3721/3695 3722/3722/3696 3746/3746/3720
f 3733/3733/3707 3746/3746/3720 3722/3722/3696
f 3722/3722/3696 3723/3723/3697 3733/3733/3707
f 3731/3731/3705 3719/3719/3693 3720/3720/3694
f 3720/3720/3694 3747/3747/3721 3731/3731/3705
f 3747/3747/3721 3720/3720/3694 3748/3748/3722
f 3748/3748/3722 3749/3749/3723 3747/3747/3721
f 3749/3749/3723 3748/3748/3722 3750/3750/3724
f 3750/3750/3724 3751/3751/3725 3749/3749/3723
f 3751/3751/3725 3750/3750/3724 3752/3752/3726
f 3752/3752/3726 3753/3753/3727 3751/3751/3725
f 3753/3753/3727 3752/3752/3726 3754/3754/3728
f 3754/3754/3728 3755/3755/3729 3753/3753/3727
f 3755/3755/3729 3754/3754/3728 3756/3756/3730
f 3756/3756/3730 3757/3757/3731 3755/3755/3729
f 3757/3757/3731 3756/3756/3730 3758/3758/3732
f 3758/3758/3732 3759/3759/3733 3757/3757/3731
f 3759/3759/3733 3758/3758/3732 3760/3760/3734
f 3760/3760/3734 3761/3761/3735 3759/3759/3733
f 3761/3761/3735 3760/3760/3734 3653/3653/3627
f 3653/3653/3627 3652/3652/3626 3761/3761/3735
f 3720/3720/3694 3708/3708/3682 3709/3709/3683
f 3709/3709/3683 3748/3748/3722 3720/3720/3694
f 3748/3748/3722 3709/3709/3683 3710/3710/3684
f 3710/3710/3684 3750/3750/3724 3748/3748/3722
f 3750/3750/3724 3710/3710/3684 3635/3635/3609
f 3635/3635/3609 3752/3752/3726 3750/3750/3724
f 3752/3752/3726 3635/3635/3609 3638/3638/3612
f 3638/3638/3612 3754/3754/3728 3752/3752/3726
f 3754/3754/3728 3638/3638/3612 3640/3640/3614
f 3640/3640/3614 3756/3756/3730 3754/3754/3728
f 3756/3756/3730 3640/3640/3614 3641/3641/3615
f 3641/3641/3615 3758/3758/3732 3756/3756/3730
f 3758/3758/3732 3641/3641/3615 3642/3642/3616
f 3642/3642/3616 3760/3760/3734 3758/3758/3732
f 3760/3760/3734 3642/3642/3616 3643/3643/3617
f 3643/3643/3617 3653/3653/3627 3760/3760/3734
f 3653/3653/3627 3643/3643/3617 3644/3644/3618
f 3644/3644/3618 3648/3648/3622 3653/3653/3627
f 3569/3569/3543 3571/3571/3545 3762/3762/3736
f 3762/3762/3736 3763/3763/3737 3569/3569/3543
f 3763/3763/3737 3762/3762/3736 3764/3764/3738
f 3764/3764/3738 3562/3562/3536 3763/3763/3737
f 3562/3562/3536 3764/3764/3738 3560/3560/3534
f 3765/3765/3739 3560/3560/3534 3764/3764/3738
f 3560/3560/3534 3765/3765/3739 3556/3556/3530
f 3766/3766/3740 3556/3556/3530 3765/3765/3739
f 3556/3556/3530 3766/3766/3740 3767/3767/3741
f 3768/3768/3742 3767/3767/3741 3766/3766/3740
f 3766/3766/3740 3769/3769/3743 3768/3768/3742
f 3768/3768/3742 3769/3769/3743 3770/3770/3744
f 3771/3771/3745 3770/3770/3744 3769/3769/3743
f 3769/3769/3743 3772/3772/3746 3771/3771/3745
f 3773/3773/3747 3771/3771/3745 3772/3772/3746
f 3772/3772/3746 3774/3774/3748 3773/3773/3747
f 3775/3775/3749 3773/3773/3747 3774/3774/3748
f 3774/3774/3748 3776/3776/3750 3775/3775/3749
f 3777/3777/3751 3775/3775/3749 3776/3776/3750
f 3776/3776/3750 3590/3590/3564 3777/3777/3751
f 3592/3592/3566 3777/3777/3751 3590/3590/3564
f 3770/3770/3744 3778/3778/3752 3768/3768/3742
f 3567/3567/3541 3569/3569/3543 3763/3763/3737
f 3763/3763/3737 3564/3564/3538 3567/3567/3541
f 3564/3564/3538 3763/3763/3737 3562/3562/3536
f 3571/3571/3545 3573/3573/3547 3779/3779/3753
f 3779/3779/3753 3762/3762/3736 3571/3571/3545
f 3762/3762/3736 3779/3779/3753 3780/3780/3754
f 3780/3780/3754 3764/3764/3738 3762/3762/3736
f 3764/3764/3738 3780/3780/3754 3765/3765/3739
f 3781/3781/3755 3765/3765/3739 3780/3780/3754
f 3765/3765/3739 3781/3781/3755 3766/3766/3740
f 3769/3769/3743 3766/3766/3740 3781/3781/3755
f 3781/3781/3755 3772/3772/3746 3769/3769/3743
f 3772/3772/3746 3781/3781/3755 3782/3782/3756
f 3782/3782/3756 3774/3774/3748 3772/3772/3746
f 3774/3774/3748 3782/3782/3756 3783/3783/3757
f 3783/3783/3757 3776/3776/3750 3774/3774/3748
f 3776/3776/3750 3783/3783/3757 3575/3575/3549
f 3575/3575/3549 3590/3590/3564 3776/3776/3750
f 3780/3780/3754 3782/3782/3756 3781/3781/3755
f 3782/3782/3756 3780/3780/3754 3779/3779/3753
f 3779/3779/3753 3783/3783/3757 3782/3782/3756
f 3783/3783/3757 3779/3779/3753 3573/3573/3547
f 3573/3573/3547 3575/3575/3549 3783/3783/3757
f 3767/3767/3741 3557/3557/3531 3556/3556/3530
f 3784/3784/3758 3785/3785/3759 3786/3786/3760
f 3786/3786/3760 3787/3787/3761 3784/3784/3758
f 3787/3787/3761 3786/3786/3760 3788/3788/3762
f 3788/3788/3762 3789/3789/3763 3787/3787/3761
f 3789/3789/3763 3788/3788/3762 3790/3790/3764
f 3790/3790/3764 3791/3791/3765 3789/3789/3763
f 3791/3791/3765 3790/3790/3764 3792/3792/3766
f 3792/3792/3766 3793/3793/3767 3791/3791/3765
f 3793/3793/3767 3792/3792/3766 3794/3794/3768
f 3794/3794/3768 3795/3795/3769 3793/3793/3767
f 3795/3795/3769 3794/3794/3768 3796/3796/3770
f 3796/3796/3770 3797/3797/3771 3795/3795/3769
f 3798/3798/3772 3797/3797/3771 3796/3796/3770
f 3796/3796/3770 3799/3799/3773 3798/3798/3772
f 3798/3798/3772 3799/3799/3773 3800/3800/3774
f 3800/3800/3774 3801/3801/3775 3798/3798/3772
f 3801/3801/3775 3800/3800/3774 3802/3802/3776
f 3802/3802/3776 3803/3803/3777 3801/3801/3775
f 3803/3803/3777 3802/3802/3776 3804/3804/3778
f 3804/3804/3778 3805/3805/3779 3803/3803/3777
f 3805/3805/3779 3804/3804/3778 3806/3806/3780
f 3806/3806/3780 3807/3807/3781 3805/3805/3779
f 3807/3807/3781 3806/3806/3780 3808/3808/3782
f 3808/3808/3782 3809/3809/3783 3807/3807/3781
f 3809/3809/3783 3808/3808/3782 3810/3810/3784
f 3810/3810/3784 3811/3811/3785 3809/3809/3783
f 3811/3811/3785 3810/3810/3784 3812/3812/3786
f 3812/3812/3786 3813/3813/3787 3811/3811/3785
f 3813/3813/3787 3812/3812/3786 3814/3814/3788
f 3814/3814/3788 3815/3815/3789 3813/3813/3787
f 3815/3815/3789 3814/3814/3788 3816/3816/3790
f 3816/3816/3790 3817/3817/3791 3815/3815/3789
f 3817/3817/3791 3816/3816/3790 3818/3818/3792
f 3818/3818/3792 3819/3819/3793 3817/3817/3791
f 3819/3819/3793 3818/3818/3792 3820/3820/3794
f 3820/3820/3794 3821/3821/3795 3819/3819/3793
f 3821/3821/3795 3820/3820/3794 3822/3822/3796
f 3822/3822/3796 3823/3823/3797 3821/3821/3795
f 3823/3823/3797 3822/3822/3796 3824/3824/3798
f 3824/3824/3798 3825/3825/3799 3823/3823/3797
f 3825/3825/3799 3824/3824/3798 3826/3826/3800
f 3826/3826/3800 3827/3827/3801 3825/3825/3799
f 3827/3827/3801 3826/3826/3800 3828/3828/3802
f 3828/3828/3802 3829/3829/3803 3827/3827/3801
f 3829/3829/3803 3828/3828/3802 3830/3830/3804
f 3830/3830/3804 3831/3831/3805 3829/3829/3803
f 3831/3831/3805 3830/3830/3804 3832/3832/3806
f 3832/3832/3806 3833/3833/3807 3831/3831/3805
f 3833/3833/3807 3832/3832/3806 3834/3834/3808
f 3834/3834/3808 3835/3835/3809 3833/3833/3807
f 3835/3835/3809 3834/3834/3808 3836/3836/3810
f 3836/3836/3810 3837/3837/3811 3835/3835/3809
f 3837/3837/3811 3836/3836/3810 3838/3838/3812
f 3838/3838/3812 3839/3839/3813 3837/3837/3811
f 3839/3839/3813 3838/3838/3812 3840/3840/3814
f 3840/3840/3814 3841/3841/3815 3839/3839/3813
f 3841/3841/3815 3840/3840/3814 3842/3842/3816
f 3842/3842/3816 3843/3843/3817 3841/3841/3815
f 3843/3843/3817 3842/3842/3816 3844/3844/3818
f 3844/3844/3818 3845/3845/3819 3843/3843/3817
f 3845/3845/3819 3844/3844/3818 3846/3846/3820
f 3846/3846/3820 3847/3847/3821 3845/3845/3819
f 3847/3847/3821 3846/3846/3820 3848/3848/3822
f 3848/3848/3822 3849/3849/3823 3847/3847/3821
f 3850/3850/3824 3851/3851/3825 3852/3852/3826
f 3852/3852/3826 3853/3853/3827 3850/3850/3824
f 3853/3853/3827 3852/3852/3826 3854/3854/3828
f 3854/3854/3828 3855/3855/3829 3853/3853/3827
f 3855/3855/3829 3854/3854/3828 3856/3856/3830
f 3856/3856/3830 3857/3857/3831 3855/3855/3829
f 3857/3857/3831 3856/3856/3830 3858/3858/3832
f 3858/3858/3832 3859/3859/3833 3857/3857/3831
f 3859/3859/3833 3858/3858/3832 3860/3860/3834
f 3860/3860/3834 3861/3861/3835 3859/3859/3833
f 3861/3861/3835 3860/3860/3834 3862/3862/3836
f 3862/3862/3836 3863/3863/3837 3861/3861/3835
f 3863/3863/3837 3862/3862/3836 3864/3864/3838
f 3864/3864/3838 3865/3865/3839 3863/3863/3837
f 3865/3865/3839 3864/3864/3838 3866/3866/3840
f 3866/3866/3840 3867/3867/3841 3865/3865/3839
f 3867/3867/3841 3866/3866/3840 3868/3868/3842
f 3868/3868/3842 3869/3869/3843 3867/3867/3841
f 3869/3869/3843 3868/3868/3842 3849/3849/3823
f 3849/3849/3823 3870/3870/3844 3869/3869/3843
f 1169/1169/1163 3871/3871/3845 3872/3872/3845
f 3873/3873/3846 1214/1214/1208 1144/1144/1138
f 1206/1206/1200 3874/3874/3847 3875/3875/3847
f 3876/3876/3848 3784/3784/3758 3877/3877/3849
f 3877/3877/3849 3878/3878/3850 3876/3876/3848
f 3878/3878/3850 3877/3877/3849 3879/3879/3851
f 3879/3879/3851 3880/3880/3852 3878/3878/3850
f 3880/3880/3852 3879/3879/3851 3881/3881/3853
f 3881/3881/3853 3882/3882/3854 3880/3880/3852
f 3882/3882/3854 3881/3881/3853 3883/3883/3855
f 3883/3883/3855 3884/3884/3856 3882/3882/3854
f 3884/3884/3856 3883/3883/3855 3885/3885/3857
f 3885/3885/3857 3886/3886/3858 3884/3884/3856
f 3886/3886/3858 3885/3885/3857 3887/3887/3859
f 3887/3887/3859 3888/3888/3860 3886/3886/3858
f 3888/3888/3860 3887/3887/3859 3889/3889/3861
f 3889/3889/3861 3890/3890/3862 3888/3888/3860
f 3890/3890/3862 3889/3889/3861 3891/3891/3863
f 3891/3891/3863 3892/3892/3864 3890/3890/3862
f 3892/3892/3864 3891/3891/3863 3893/3893/3865
f 3893/3893/3865 3894/3894/3866 3892/3892/3864
f 3894/3894/3866 3893/3893/3865 3895/3895/3867
f 3895/3895/3867 3896/3896/3868 3894/3894/3866
f 3897/3897/3869 773/773/767 776/776/770
f 3898/3898/3870 3897/3897/3869 776/776/770
f 3898/3898/3870 776/776/770 3899/3899/3871
f 3899/3899/3871 3900/3900/3872 3898/3898/3870
f 3900/3900/3872 3899/3899/3871 3901/3901/3873
f 3901/3901/3873 3899/3899/3871 3902/3902/3874
f 3902/3902/3874 3903/3903/3875 3901/3901/3873
f 3903/3903/3875 3902/3902/3874 3904/3904/3876
f 3904/3904/3876 3902/3902/3874 3905/3905/3877
f 3905/3905/3877 3906/3906/3878 3904/3904/3876
f 3906/3906/3878 3905/3905/3877 3907/3907/3879
f 3907/3907/3879 3905/3905/3877 3908/3908/3880
f 3908/3908/3880 876/876/870 3907/3907/3879
f 876/876/870 3908/3908/3880 873/873/867
f 3909/3909/3881 3910/3910/3882 3911/3911/3883
f 3911/3911/3883 3912/3912/3884 3909/3909/3881
f 3913/3913/3885 3909/3909/3881 3912/3912/3884
f 3912/3912/3884 3914/3914/3886 3913/3913/3885
f 3915/3915/3887 3913/3913/3885 3914/3914/3886
f 3914/3914/3886 3916/3916/3888 3915/3915/3887
f 3917/3917/3889 3918/3918/3890 3919/3919/3891
f 3919/3919/3891 3920/3920/3892 3917/3917/3889
f 3921/3921/3893 3917/3917/3889 3920/3920/3892
f 3920/3920/3892 3922/3922/3894 3921/3921/3893
f 3923/3923/3895 3921/3921/3893 3922/3922/3894
f 3922/3922/3894 3924/3924/3896 3923/3923/3895
f 3925/3925/3897 3923/3923/3895 3924/3924/3896
f 3924/3924/3896 3926/3926/3898 3925/3925/3897
f 3926/3926/3898 3927/3927/3899 3925/3925/3897
f 3925/3925/3897 3927/3927/3899 3928/3928/3900
f 3928/3928/3900 3929/3929/3901 3925/3925/3897
f 3930/3930/3902 3929/3929/3901 3928/3928/3900
f 3928/3928/3900 3931/3931/3903 3930/3930/3902
f 3932/3932/3904 3930/3930/3902 3931/3931/3903
f 3931/3931/3903 3933/3933/3905 3932/3932/3904
f 3934/3934/3906 3932/3932/3904 3933/3933/3905
f 3933/3933/3905 3935/3935/3907 3934/3934/3906
f 3936/3936/3908 3934/3934/3906 3935/3935/3907
f 3935/3935/3907 3937/3937/3909 3936/3936/3908
f 3938/3938/3910 3936/3936/3908 3937/3937/3909
f 3937/3937/3909 3939/3939/3911 3938/3938/3910
f 3940/3940/3912 3938/3938/3910 3939/3939/3911
f 3939/3939/3911 3941/3941/3913 3940/3940/3912
f 3942/3942/3914 3940/3940/3912 3941/3941/3913
f 3941/3941/3913 3943/3943/3915 3942/3942/3914
f 3944/3944/3916 3945/3945/3917 3946/3946/3918
f 3946/3946/3918 3947/3947/3919 3944/3944/3916
f 3948/3948/3920 3949/3949/3920 3950/3950/3920
f 3951/3951/3921 3952/3952/3922 3953/3953/3923
f 3954/3954/3924 3951/3951/3921 3953/3953/3923
f 3951/3951/3921 3954/3954/3924 3955/3955/3925
f 3954/3954/3924 3956/3956/3926 3955/3955/3925
f 3957/3957/3927 3956/3956/3926 3954/3954/3924
f 3954/3954/3924 3958/3958/3928 3957/3957/3927
f 3958/3958/3928 3959/3959/3929 3957/3957/3927
f 3958/3958/3928 3960/3960/3930 3959/3959/3929
f 3961/3961/3931 3960/3960/3930 3958/3958/3928
f 3958/3958/3928 3962/3962/3932 3961/3961/3931
f 3962/3962/3932 3963/3963/3933 3961/3961/3931
f 3962/3962/3932 3964/3964/3934 3963/3963/3933
f 3965/3965/3935 3964/3964/3934 3962/3962/3932
f 3962/3962/3932 3966/3966/3936 3965/3965/3935
f 3966/3966/3936 3967/3967/3937 3965/3965/3935
f 3966/3966/3936 3968/3968/3938 3967/3967/3937
f 3969/3969/3939 3968/3968/3938 3966/3966/3936
f 3966/3966/3936 3970/3970/3940 3969/3969/3939
f 3971/3971/3941 3972/3972/3942 3973/3973/3943
f 3973/3973/3943 3952/3952/3922 3971/3971/3941
f 3952/3952/3922 3973/3973/3943 3953/3953/3923
f 3953/3953/3923 3973/3973/3943 3974/3974/3944
f 3953/3953/3923 3974/3974/3944 3975/3975/3945
f 3953/3953/3923 3975/3975/3945 3976/3976/3946
f 3953/3953/3923 3976/3976/3946 3977/3977/3947
f 3953/3953/3923 3977/3977/3947 3978/3978/3948
f 3953/3953/3923 3978/3978/3948 3970/3970/3940
f 3953/3953/3923 3970/3970/3940 3966/3966/3936
f 3966/3966/3936 3962/3962/3932 3953/3953/3923
f 3958/3958/3928 3953/3953/3923 3962/3962/3932
f 3954/3954/3924 3953/3953/3923 3958/3958/3928
f 3970/3970/3940 3979/3979/3949 3969/3969/3939
f 3970/3970/3940 3980/3980/3950 3979/3979/3949
f 3981/3981/3951 3980/3980/3950 3970/3970/3940
f 3970/3970/3940 3978/3978/3948 3981/3981/3951
f 3978/3978/3948 3982/3982/3952 3981/3981/3951
f 3983/3983/3953 3982/3982/3952 3978/3978/3948
f 3978/3978/3948 3977/3977/3947 3983/3983/3953
f 3984/3984/3954 3983/3983/3953 3977/3977/3947
f 3977/3977/3947 3976/3976/3946 3984/3984/3954
f 3976/3976/3946 3985/3985/3955 3984/3984/3954
f 3986/3986/3956 3985/3985/3955 3976/3976/3946
f 3976/3976/3946 3975/3975/3945 3986/3986/3956
f 3975/3975/3945 3987/3987/3957 3986/3986/3956
f 3988/3988/3958 3987/3987/3957 3975/3975/3945
f 3975/3975/3945 3974/3974/3944 3988/3988/3958
f 3974/3974/3944 3989/3989/3959 3988/3988/3958
f 3972/3972/3942 3989/3989/3959 3974/3974/3944
f 3974/3974/3944 3973/3973/3943 3972/3972/3942
f 3955/3955/3925 3990/3990/3960 3951/3951/3921
f 3951/3951/3921 3990/3990/3960 3991/3991/3961
f 3952/3952/3922 3951/3951/3921 3991/3991/3961
f 3991/3991/3961 3992/3992/3962 3952/3952/3922
f 3952/3952/3922 3992/3992/3962 3993/3993/3963
f 3994/3994/3964 3995/3995/3964 3996/3996/3964
f 3997/3997/3965 3998/3998/3965 3999/3999/3965
f 4000/4000/3966 4001/4001/3967 4002/4002/3968
f 4002/4002/3968 4003/4003/3969 4000/4000/3966
f 4003/4003/3969 4002/4002/3968 4004/4004/3970
f 4004/4004/3970 4005/4005/3971 4003/4003/3969
f 4005/4005/3971 4004/4004/3970 4006/4006/3972
f 4006/4006/3972 4007/4007/3973 4005/4005/3971
f 4007/4007/3973 4006/4006/3972 4008/4008/3974
f 4008/4008/3974 4009/4009/3975 4007/4007/3973
f 4009/4009/3975 4008/4008/3974 4010/4010/3976
f 4010/4010/3976 4011/4011/3977 4009/4009/3975
f 4011/4011/3977 4010/4010/3976 4012/4012/3978
f 4012/4012/3978 4013/4013/3979 4011/4011/3977
f 4014/4014/3980 4013/4013/3979 4012/4012/3978
f 4012/4012/3978 4015/4015/3981 4014/4014/3980
f 4016/4016/3982 4014/4014/3980 4015/4015/3981
f 4015/4015/3981 4017/4017/3983 4016/4016/3982
f 4018/4018/3984 4016/4016/3982 4017/4017/3983
f 4017/4017/3983 4019/4019/3985 4018/4018/3984
f 4020/4020/3986 4021/4021/3987 4022/4022/3988
f 4022/4022/3988 4023/4023/3989 4020/4020/3986
f 4023/4023/3989 4022/4022/3988 4024/4024/3990
f 4024/4024/3990 4025/4025/3991 4023/4023/3989
f 4025/4025/3991 4024/4024/3990 4026/4026/3992
f 4026/4026/3992 4027/4027/3993 4025/4025/3991
f 4027/4027/3993 4026/4026/3992 4028/4028/3994
f 4028/4028/3994 4029/4029/3995 4027/4027/3993
f 4029/4029/3995 4028/4028/3994 4030/4030/3996
f 4030/4030/3996 4031/4031/3997 4029/4029/3995
f 4031/4031/3997 4030/4030/3996 4032/4032/3998
f 4032/4032/3998 4033/4033/3999 4031/4031/3997
f 4033/4033/3999 4032/4032/3998 4034/4034/4000
f 4034/4034/4000 4035/4035/4001 4033/4033/3999
f 4036/4036/4002 4035/4035/4001 4034/4034/4000
f 4034/4034/4000 4037/4037/4003 4036/4036/4002
f 4038/4038/4004 4036/4036/4002 4037/4037/4003
f 4037/4037/4003 4039/4039/4005 4038/4038/4004
f 4040/4040/4006 4041/4041/4007 4042/4042/4008
f 4042/4042/4008 4043/4043/4009 4040/4040/4006
f 4044/4044/4010 4040/4040/4006 4043/4043/4009
f 4043/4043/4009 4045/4045/4011 4044/4044/4010
f 4046/4046/4012 4044/4044/4010 4045/4045/4011
f 4045/4045/4011 4047/4047/4013 4046/4046/4012
f 4048/4048/4014 4046/4046/4012 4047/4047/4013
f 4047/4047/4013 4049/4049/4015 4048/4048/4014
f 4050/4050/4016 4048/4048/4014 4049/4049/4015
f 4049/4049/4015 4051/4051/4017 4050/4050/4016
f 4051/4051/4017 4049/4049/4015 4052/4052/4018
f 4052/4052/4018 4053/4053/4019 4051/4051/4017
f 4054/4054/4020 4050/4050/4016 4051/4051/4017
f 4051/4051/4017 4055/4055/4021 4054/4054/4020
f 4056/4056/4022 4054/4054/4020 4055/4055/4021
f 4055/4055/4021 4057/4057/4023 4056/4056/4022
f 4058/4058/4024 4056/4056/4022 4057/4057/4023
f 4057/4057/4023 4059/4059/4025 4058/4058/4024
f 4060/4060/4026 4058/4058/4024 4059/4059/4025
f 4059/4059/4025 4061/4061/4027 4060/4060/4026
f 4062/4062/4028 4063/4063/4029 4061/4061/4027
f 4061/4061/4027 4064/4064/4030 4062/4062/4028
f 4065/4065/4031 4062/4062/4028 4064/4064/4030
f 4064/4064/4030 4066/4066/4032 4065/4065/4031
f 4067/4067/4033 4065/4065/4031 4066/4066/4032
f 4066/4066/4032 4068/4068/4034 4067/4067/4033
f 4069/4069/4035 4067/4067/4033 4068/4068/4034
f 4068/4068/4034 4070/4070/4036 4069/4069/4035
f 4071/4071/4037 4069/4069/4035 4070/4070/4036
f 4070/4070/4036 4072/4072/4038 4071/4071/4037
f 4073/4073/4039 4071/4071/4037 4072/4072/4038
f 4072/4072/4038 4074/4074/4040 4073/4073/4039
f 4075/4075/4041 4073/4073/4039 4074/4074/4040
f 4074/4074/4040 4076/4076/4042 4075/4075/4041
f 4077/4077/4043 4075/4075/4041 4076/4076/4042
f 4076/4076/4042 4078/4078/4044 4077/4077/4043
f 4079/4079/4045 4077/4077/4043 4078/4078/4044
f 4078/4078/4044 4080/4080/4046 4079/4079/4045
f 4081/4081/4047 4079/4079/4045 4080/4080/4046
f 4080/4080/4046 4082/4082/4048 4081/4081/4047
f 4083/4083/4049 4084/4084/4050 4085/4085/4051
f 4085/4085/4051 4086/4086/4052 4083/4083/4049
f 4083/4083/4049 4086/4086/4052 4087/4087/4053
f 4087/4087/4053 4088/4088/4054 4083/4083/4049
f 4089/4089/4055 4088/4088/4054 4087/4087/4053
f 4087/4087/4053 4090/4090/4056 4089/4089/4055
f 4089/4089/4055 4090/4090/4056 4091/4091/4057
f 4091/4091/4057 4092/4092/4058 4089/4089/4055
f 4093/4093/4059 4092/4092/4058 4091/4091/4057
f 4091/4091/4057 4094/4094/4060 4093/4093/4059
f 4094/4094/4060 4091/4091/4057 4095/4095/4061
f 4095/4095/4061 4096/4096/4062 4094/4094/4060
f 4097/4097/4063 4093/4093/4059 4094/4094/4060
f 4094/4094/4060 4098/4098/4064 4097/4097/4063
f 4097/4097/4063 4098/4098/4064 4099/4099/4065
f 4099/4099/4065 4100/4100/4066 4097/4097/4063
f 4101/4101/4067 4100/4100/4066 4099/4099/4065
f 4099/4099/4065 4102/4102/4068 4101/4101/4067
f 4101/4101/4067 4102/4102/4068 4103/4103/4069
f 4103/4103/4069 4104/4104/4070 4101/4101/4067
f 4105/4105/4071 4106/4106/4072 4107/4107/4073
f 4106/4106/4072 4105/4105/4071 4108/4108/4074
f 4108/4108/4074 4109/4109/4075 4106/4106/4072
f 4110/4110/4076 4109/4109/4075 4108/4108/4074
f 4109/4109/4075 4110/4110/4076 4111/4111/4077
f 4111/4111/4077 4112/4112/4078 4109/4109/4075
f 4113/4113/4079 4109/4109/4075 4112/4112/4078
f 4112/4112/4078 4114/4114/4080 4113/4113/4079
f 4115/4115/4081 4113/4113/4079 4114/4114/4080
f 4114/4114/4080 4116/4116/4082 4115/4115/4081
f 4117/4117/4083 4115/4115/4081 4116/4116/4082
f 4116/4116/4082 4118/4118/4084 4117/4117/4083
f 4119/4119/4085 4117/4117/4083 4118/4118/4084
f 4118/4118/4084 4120/4120/4086 4119/4119/4085
f 4121/4121/4087 4119/4119/4085 4120/4120/4086
f 4120/4120/4086 4122/4122/4088 4121/4121/4087
f 4123/4123/4089 4121/4121/4087 4122/4122/4088
f 4122/4122/4088 4124/4124/4090 4123/4123/4089
f 4125/4125/4091 4106/4106/4072 4109/4109/4075
f 4109/4109/4075 4113/4113/4079 4125/4125/4091
f 4126/4126/4092 4125/4125/4091 4113/4113/4079
f 4113/4113/4079 4115/4115/4081 4126/4126/4092
f 4127/4127/4093 4126/4126/4092 4115/4115/4081
f 4115/4115/4081 4117/4117/4083 4127/4127/4093
f 4128/4128/4094 4127/4127/4093 4117/4117/4083
f 4117/4117/4083 4119/4119/4085 4128/4128/4094
f 4129/4129/4095 4128/4128/4094 4119/4119/4085
f 4119/4119/4085 4121/4121/4087 4129/4129/4095
f 4130/4130/4096 4129/4129/4095 4121/4121/4087
f 4121/4121/4087 4123/4123/4089 4130/4130/4096
f 4131/4131/4097 4130/4130/4096 4123/4123/4089
f 4123/4123/4089 4132/4132/4098 4131/4131/4097
f 4133/4133/4099 4131/4131/4097 4132/4132/4098
f 4132/4132/4098 4134/4134/4100 4133/4133/4099
f 4132/4132/4098 4123/4123/4089 4124/4124/4090
f 4124/4124/4090 4135/4135/4101 4132/4132/4098
f 4134/4134/4100 4132/4132/4098 4135/4135/4101
f 4135/4135/4101 4136/4136/4102 4134/4134/4100
f 4137/4137/4103 4138/4138/4104 4139/4139/4105
f 4138/4138/4104 4137/4137/4103 4131/4131/4097
f 4131/4131/4097 4133/4133/4099 4138/4138/4104
f 4140/4140/4106 4141/4141/4107 4142/4142/4108
f 4142/4142/4108 4143/4143/4109 4140/4140/4106
f 4144/4144/4110 4140/4140/4106 4143/4143/4109
f 4143/4143/4109 4145/4145/4111 4144/4144/4110
f 4146/4146/4112 4144/4144/4110 4145/4145/4111
f 4145/4145/4111 4147/4147/4113 4146/4146/4112
f 4148/4148/4114 4146/4146/4112 4147/4147/4113
f 4147/4147/4113 4149/4149/4115 4148/4148/4114
f 4150/4150/4116 4148/4148/4114 4149/4149/4115
f 4149/4149/4115 4151/4151/4117 4150/4150/4116
f 4152/4152/4118 4150/4150/4116 4151/4151/4117
f 4151/4151/4117 4153/4153/4119 4152/4152/4118
f 4154/4154/4120 4152/4152/4118 4153/4153/4119
f 4153/4153/4119 4155/4155/4121 4154/4154/4120
f 4155/4155/4121 4156/4156/4122 4154/4154/4120
f 4157/4157/4123 4154/4154/4120 4156/4156/4122
f 4156/4156/4122 4158/4158/4124 4157/4157/4123
f 4159/4159/4125 4157/4157/4123 4158/4158/4124
f 4158/4158/4124 4042/4042/4008 4159/4159/4125
f 4160/4160/4126 4161/4161/4127 4162/4162/4128
f 4162/4162/4128 4163/4163/4129 4160/4160/4126
f 4163/4163/4129 4162/4162/4128 4164/4164/4130
f 4164/4164/4130 4165/4165/4131 4163/4163/4129
f 4165/4165/4131 4164/4164/4130 4166/4166/4132
f 4166/4166/4132 4167/4167/4133 4165/4165/4131
f 4168/4168/4134 4167/4167/4133 4166/4166/4132
f 4166/4166/4132 4169/4169/4135 4168/4168/4134
f 4170/4170/4136 4168/4168/4134 4169/4169/4135
f 4169/4169/4135 4171/4171/4137 4170/4170/4136
f 4172/4172/4138 4170/4170/4136 4171/4171/4137
f 4171/4171/4137 4173/4173/4139 4172/4172/4138
f 4174/4174/4140 4172/4172/4138 4173/4173/4139
f 4173/4173/4139 4175/4175/4141 4174/4174/4140
f 4176/4176/4142 4174/4174/4140 4175/4175/4141
f 4175/4175/4141 4177/4177/4143 4176/4176/4142
f 4178/4178/4144 4176/4176/4142 4177/4177/4143
f 4177/4177/4143 4179/4179/4145 4178/4178/4144
f 4180/4180/4146 4181/4181/4147 4182/4182/4148
f 4182/4182/4148 4183/4183/4149 4180/4180/4146
f 4183/4183/4149 4182/4182/4148 4184/4184/4150
f 4184/4184/4150 4185/4185/4151 4183/4183/4149
f 4186/4186/4152 4185/4185/4151 4184/4184/4150
f 4184/4184/4150 4187/4187/4153 4186/4186/4152
f 4188/4188/4154 4186/4186/4152 4187/4187/4153
f 4187/4187/4153 4189/4189/4155 4188/4188/4154
f 4190/4190/4156 4188/4188/4154 4189/4189/4155
f 4189/4189/4155 4191/4191/4157 4190/4190/4156
f 4192/4192/4158 4190/4190/4156 4191/4191/4157
f 4191/4191/4157 4193/4193/4159 4192/4192/4158
f 4194/4194/4160 4192/4192/4158 4193/4193/4159
f 4193/4193/4159 4195/4195/4161 4194/4194/4160
f 4196/4196/4162 4194/4194/4160 4195/4195/4161
f 4195/4195/4161 4197/4197/4163 4196/4196/4162
f 4198/4198/4164 4196/4196/4162 4197/4197/4163
f 4197/4197/4163 4199/4199/4165 4198/4198/4164
f 4200/4200/4166 4201/4201/4167 4202/4202/4168
f 4202/4202/4168 4203/4203/4169 4200/4200/4166
f 4203/4203/4169 4202/4202/4168 4204/4204/4170
f 4204/4204/4170 4205/4205/4171 4203/4203/4169
f 4205/4205/4171 4204/4204/4170 4206/4206/4172
f 4206/4206/4172 4207/4207/4173 4205/4205/4171
f 4207/4207/4173 4206/4206/4172 4208/4208/4174
f 4208/4208/4174 4209/4209/4175 4207/4207/4173
f 4209/4209/4175 4208/4208/4174 4210/4210/4176
f 4210/4210/4176 4211/4211/4177 4209/4209/4175
f 4211/4211/4177 4210/4210/4176 4212/4212/4178
f 4212/4212/4178 4213/4213/4179 4211/4211/4177
f 4213/4213/4179 4212/4212/4178 4214/4214/4180
f 4214/4214/4180 4215/4215/4181 4213/4213/4179
f 4215/4215/4181 4214/4214/4180 4216/4216/4182
f 4216/4216/4182 4217/4217/4183 4215/4215/4181
f 4217/4217/4183 4216/4216/4182 4218/4218/4184
f 4218/4218/4184 4219/4219/4185 4217/4217/4183
f 4203/4203/4169 4205/4205/4171 4220/4220/4186
f 4221/4221/4187 4220/4220/4186 4205/4205/4171
f 4205/4205/4171 4207/4207/4173 4221/4221/4187
f 4222/4222/4188 4221/4221/4187 4207/4207/4173
f 4207/4207/4173 4209/4209/4175 4222/4222/4188
f 4223/4223/4189 4222/4222/4188 4209/4209/4175
f 4209/4209/4175 4211/4211/4177 4223/4223/4189
f 4224/4224/4190 4223/4223/4189 4211/4211/4177
f 4211/4211/4177 4213/4213/4179 4224/4224/4190
f 4225/4225/4191 4224/4224/4190 4213/4213/4179
f 4213/4213/4179 4215/4215/4181 4225/4225/4191
f 4226/4226/4192 4225/4225/4191 4215/4215/4181
f 4215/4215/4181 4217/4217/4183 4226/4226/4192
f 4227/4227/4193 4226/4226/4192 4217/4217/4183
f 4217/4217/4183 4219/4219/4185 4227/4227/4193
f 4228/4228/4194 4227/4227/4193 4219/4219/4185
f 4219/4219/4185 4229/4229/4195 4228/4228/4194
f 4230/4230/4196 4231/4231/4197 4232/4232/4198
f 4232/4232/4198 4220/4220/4186 4230/4230/4196
f 4233/4233/4199 4230/4230/4196 4220/4220/4186
f 4220/4220/4186 4221/4221/4187 4233/4233/4199
f 4234/4234/4200 4233/4233/4199 4221/4221/4187
f 4221/4221/4187 4222/4222/4188 4234/4234/4200
f 4235/4235/4201 4234/4234/4200 4222/4222/4188
f 4222/4222/4188 4223/4223/4189 4235/4235/4201
f 4236/4236/4202 4235/4235/4201 4223/4223/4189
f 4223/4223/4189 4224/4224/4190 4236/4236/4202
f 4237/4237/4203 4236/4236/4202 4224/4224/4190
f 4224/4224/4190 4225/4225/4191 4237/4237/4203
f 4238/4238/4204 4237/4237/4203 4225/4225/4191
f 4225/4225/4191 4226/4226/4192 4238/4238/4204
f 4239/4239/4205 4238/4238/4204 4226/4226/4192
f 4226/4226/4192 4227/4227/4193 4239/4239/4205
f 4240/4240/4206 4239/4239/4205 4227/4227/4193
f 4227/4227/4193 4228/4228/4194 4240/4240/4206
f 4239/4239/4205 4240/4240/4206 4241/4241/4207
f 4242/4242/4208 4238/4238/4204 4239/4239/4205
f 4239/4239/4205 4243/4243/4209 4242/4242/4208
f 4241/4241/4207 4243/4243/4209 4239/4239/4205
f 4243/4243/4209 4241/4241/4207 4244/4244/4210
f 4244/4244/4210 4245/4245/4211 4243/4243/4209
f 4243/4243/4209 4245/4245/4211 4242/4242/4208
f 4246/4246/4212 4242/4242/4208 4245/4245/4211
f 4242/4242/4208 4246/4246/4212 4247/4247/4213
f 4247/4247/4213 4238/4238/4204 4242/4242/4208
f 4238/4238/4204 4247/4247/4213 4248/4248/4214
f 4248/4248/4214 4237/4237/4203 4238/4238/4204
f 4249/4249/4215 4237/4237/4203 4248/4248/4214
f 4245/4245/4211 4250/4250/4216 4246/4246/4212
f 4219/4219/4185 4218/4218/4184 4251/4251/4217
f 4251/4251/4217 4252/4252/4218 4219/4219/4185
f 4229/4229/4195 4219/4219/4185 4252/4252/4218
f 4252/4252/4218 4253/4253/4219 4229/4229/4195
f 4253/4253/4219 4252/4252/4218 4254/4254/4220
f 4254/4254/4220 4255/4255/4221 4253/4253/4219
f 4255/4255/4221 4254/4254/4220 4256/4256/4222
f 4256/4256/4222 4257/4257/4223 4255/4255/4221
f 4257/4257/4223 4256/4256/4222 4258/4258/4224
f 4258/4258/4224 4259/4259/4225 4257/4257/4223
f 4259/4259/4225 4258/4258/4224 4260/4260/4226
f 4260/4260/4226 4261/4261/4227 4259/4259/4225
f 4262/4262/4228 4260/4260/4226 4263/4263/4229
f 4263/4263/4229 4264/4264/4230 4262/4262/4228
f 4264/4264/4230 4263/4263/4229 4265/4265/4231
f 4265/4265/4231 4266/4266/4232 4264/4264/4230
f 4266/4266/4232 4265/4265/4231 4267/4267/4233
f 4267/4267/4233 4268/4268/4234 4266/4266/4232
f 4268/4268/4234 4267/4267/4233 4269/4269/4235
f 4269/4269/4235 4270/4270/4236 4268/4268/4234
f 4270/4270/4236 4269/4269/4235 4271/4271/4237
f 4271/4271/4237 4272/4272/4238 4270/4270/4236
f 4272/4272/4238 4271/4271/4237 4273/4273/4239
f 4273/4273/4239 4274/4274/4240 4272/4272/4238
f 4274/4274/4240 4273/4273/4239 4275/4275/4241
f 4275/4275/4241 4276/4276/4242 4274/4274/4240
f 4276/4276/4242 4275/4275/4241 4277/4277/4243
f 4277/4277/4243 4278/4278/4244 4276/4276/4242
f 4278/4278/4244 4277/4277/4243 4279/4279/4245
f 4279/4279/4245 4280/4280/4246 4278/4278/4244
f 4280/4280/4246 4279/4279/4245 4281/4281/4247
f 4281/4281/4247 4282/4282/4248 4280/4280/4246
f 4249/4249/4215 4236/4236/4202 4237/4237/4203
f 4249/4249/4215 4235/4235/4201 4236/4236/4202
f 4235/4235/4201 4249/4249/4215 4283/4283/4249
f 4283/4283/4249 4234/4234/4200 4235/4235/4201
f 4234/4234/4200 4283/4283/4249 4284/4284/4250
f 4284/4284/4250 4233/4233/4199 4234/4234/4200
f 4233/4233/4199 4284/4284/4250 4285/4285/4251
f 4285/4285/4251 4230/4230/4196 4233/4233/4199
f 4230/4230/4196 4285/4285/4251 4286/4286/4252
f 4286/4286/4252 4231/4231/4197 4230/4230/4196
f 4231/4231/4197 4286/4286/4252 4287/4287/4253
f 4287/4287/4253 4288/4288/4254 4231/4231/4197
f 4231/4231/4197 4288/4288/4254 4289/4289/4255
f 4232/4232/4198 4231/4231/4197 4289/4289/4255
f 4289/4289/4255 4290/4290/4256 4232/4232/4198
f 4232/4232/4198 4290/4290/4256 4291/4291/4257
f 4203/4203/4169 4232/4232/4198 4291/4291/4257
f 4220/4220/4186 4232/4232/4198 4203/4203/4169
f 4291/4291/4257 4200/4200/4166 4203/4203/4169
f 4292/4292/4258 4293/4293/4259 4294/4294/4260
f 4294/4294/4260 4295/4295/4261 4292/4292/4258
f 4296/4296/4262 4292/4292/4258 4295/4295/4261
f 4295/4295/4261 4297/4297/4263 4296/4296/4262
f 4298/4298/4264 4297/4297/4263 4295/4295/4261
f 4295/4295/4261 4299/4299/4265 4298/4298/4264
f 4298/4298/4264 4299/4299/4265 4300/4300/4266
f 4300/4300/4266 4301/4301/4267 4298/4298/4264
f 4302/4302/4268 4301/4301/4267 4300/4300/4266
f 4300/4300/4266 4303/4303/4269 4302/4302/4268
f 4302/4302/4268 4303/4303/4269 4304/4304/4270
f 4304/4304/4270 4305/4305/4271 4302/4302/4268
f 4306/4306/4272 4307/4307/4273 4308/4308/4274
f 4306/4306/4272 4308/4308/4274 4309/4309/4275
f 4306/4306/4272 4309/4309/4275 4310/4310/4276
f 4311/4311/4277 4306/4306/4272 4310/4310/4276
f 4310/4310/4276 4312/4312/4278 4311/4311/4277
f 4311/4311/4277 4312/4312/4278 4292/4292/4258
f 4292/4292/4258 4296/4296/4262 4311/4311/4277
f 4313/4313/4279 4314/4314/4280 4315/4315/4281
f 4315/4315/4281 4316/4316/4282 4313/4313/4279
f 4316/4316/4282 4315/4315/4281 4317/4317/4283
f 4317/4317/4283 4318/4318/4284 4316/4316/4282
f 4318/4318/4284 4317/4317/4283 4319/4319/4285
f 4319/4319/4285 4320/4320/4286 4318/4318/4284
f 4320/4320/4286 4319/4319/4285 4321/4321/4287
f 4321/4321/4287 4322/4322/4288 4320/4320/4286
f 4322/4322/4288 4321/4321/4287 4323/4323/4289
f 4323/4323/4289 4324/4324/4290 4322/4322/4288
f 4324/4324/4290 4323/4323/4289 4325/4325/4291
f 4325/4325/4291 4326/4326/4292 4324/4324/4290
f 4326/4326/4292 4325/4325/4291 4327/4327/4293
f 4327/4327/4293 4328/4328/4294 4326/4326/4292
f 4328/4328/4294 4327/4327/4293 4329/4329/4295
f 4329/4329/4295 4330/4330/4296 4328/4328/4294
f 4330/4330/4296 4329/4329/4295 4331/4331/4297
f 4331/4331/4297 4332/4332/4298 4330/4330/4296
f 4333/4333/4299 4313/4313/4279 4316/4316/4282
f 4316/4316/4282 4334/4334/4300 4333/4333/4299
f 4334/4334/4300 4316/4316/4282 4318/4318/4284
f 4318/4318/4284 4335/4335/4301 4334/4334/4300
f 4335/4335/4301 4318/4318/4284 4320/4320/4286
f 4320/4320/4286 4336/4336/4302 4335/4335/4301
f 4336/4336/4302 4320/4320/4286 4322/4322/4288
f 4322/4322/4288 4337/4337/4303 4336/4336/4302
f 4337/4337/4303 4322/4322/4288 4324/4324/4290
f 4324/4324/4290 4338/4338/4304 4337/4337/4303
f 4338/4338/4304 4324/4324/4290 4326/4326/4292
f 4326/4326/4292 4339/4339/4305 4338/4338/4304
f 4339/4339/4305 4326/4326/4292 4328/4328/4294
f 4328/4328/4294 4340/4340/4306 4339/4339/4305
f 4340/4340/4306 4328/4328/4294 4330/4330/4296
f 4330/4330/4296 4341/4341/4307 4340/4340/4306
f 4332/4332/4298 4342/4342/4308 4330/4330/4296
f 4341/4341/4307 4330/4330/4296 4342/4342/4308
f 4342/4342/4308 4343/4343/4309 4341/4341/4307
f 4343/4343/4309 4344/4344/4310 4341/4341/4307
f 4345/4345/4311 4333/4333/4299 4334/4334/4300
f 4334/4334/4300 4346/4346/4312 4345/4345/4311
f 4346/4346/4312 4347/4347/4313 4345/4345/4311
f 4348/4348/4314 4349/4349/4315 4350/4350/4316
f 4349/4349/4315 4351/4351/4317 4350/4350/4316
f 2692/2692/2680 4350/4350/4316 4351/4351/4317
f 4351/4351/4317 4352/4352/4318 2692/2692/2680
f 2692/2692/2680 4352/4352/4318 2696/2696/2684
f 2696/2696/2684 2693/2693/2681 2692/2692/2680
f 4352/4352/4318 2698/2698/2686 2696/2696/2684
f 739/739/733 4353/4353/4319 720/720/714
f 719/719/713 720/720/714 4353/4353/4319
f 4353/4353/4319 4354/4354/4320 719/719/713
f 714/714/708 719/719/713 4354/4354/4320
f 4354/4354/4320 4355/4355/4321 714/714/708
f 4356/4356/4322 4357/4357/4323 4358/4358/4324
f 4358/4358/4324 4359/4359/4325 4356/4356/4322
f 4360/4360/4326 4356/4356/4322 4359/4359/4325
f 4359/4359/4325 4361/4361/4327 4360/4360/4326
f 4362/4362/4328 4360/4360/4326 4361/4361/4327
f 4361/4361/4327 4363/4363/4329 4362/4362/4328
f 4364/4364/4330 4362/4362/4328 4363/4363/4329
f 4363/4363/4329 4365/4365/4331 4364/4364/4330
f 4366/4366/4332 4364/4364/4330 4365/4365/4331
f 4365/4365/4331 4367/4367/4333 4366/4366/4332
f 4368/4368/4334 4366/4366/4332 4367/4367/4333
f 4367/4367/4333 4369/4369/4335 4370/4370/4335
f 4371/4371/4336 4372/4372/4336 4373/4373/4336
f 4374/4374/4337 4375/4375/4338 4376/4376/4339
f 4376/4376/4339 4377/4377/4340 4374/4374/4337
f 4378/4378/4341 4374/4374/4337 4377/4377/4340
f 4377/4377/4340 4379/4379/4342 4378/4378/4341
f 4380/4380/4343 4378/4378/4341 4379/4379/4342
f 4379/4379/4342 4381/4381/4344 4380/4380/4343
f 4382/4382/4345 4380/4380/4343 4381/4381/4344
f 4381/4381/4344 4383/4383/4346 4382/4382/4345
f 4384/4384/4347 4382/4382/4345 4383/4383/4346
f 4383/4383/4346 4385/4385/4348 4384/4384/4347
f 4384/4384/4347 4385/4385/4348 4386/4386/4349
f 4387/4387/4350 4386/4386/4349 4385/4385/4348
f 4386/4386/4349 4387/4387/4350 4388/4388/4351
f 4389/4389/4352 4388/4388/4351 4387/4387/4350
f 4388/4388/4351 4389/4389/4352 4390/4390/4353
f 4391/4391/4354 4390/4390/4353 4389/4389/4352
f 4390/4390/4353 4391/4391/4354 4392/4392/4355
f 4393/4393/4356 4392/4392/4355 4391/4391/4354
f 4392/4392/4355 4394/4394/4357 4390/4390/4353
f 4388/4388/4351 4395/4395/4358 4386/4386/4349
f 4395/4395/4358 4388/4388/4351 4396/4396/4359
f 4390/4390/4353 4396/4396/4359 4388/4388/4351
f 4396/4396/4359 4390/4390/4353 4394/4394/4357
f 4394/4394/4357 4397/4397/4360 4396/4396/4359
f 4398/4398/4361 4396/4396/4359 4397/4397/4360
f 4397/4397/4360 4399/4399/4362 4398/4398/4361
f 4396/4396/4359 4398/4398/4361 4395/4395/4358
f 4386/4386/4349 4400/4400/4363 4384/4384/4347
f 4400/4400/4363 4386/4386/4349 4395/4395/4358
f 4395/4395/4358 4401/4401/4364 4400/4400/4363
f 4401/4401/4364 4395/4395/4358 4398/4398/4361
f 4398/4398/4361 4402/4402/4365 4401/4401/4364
f 4402/4402/4365 4398/4398/4361 4399/4399/4362
f 4399/4399/4362 4403/4403/4366 4402/4402/4365
f 4403/4403/4366 4399/4399/4362 4404/4404/4367
f 4405/4405/4368 4404/4404/4367 4399/4399/4362
f 4399/4399/4362 4397/4397/4360 4405/4405/4368
f 4406/4406/4369 4405/4405/4368 4397/4397/4360
f 4397/4397/4360 4394/4394/4357 4406/4406/4369
f 4407/4407/4370 4406/4406/4369 4394/4394/4357
f 4394/4394/4357 4392/4392/4355 4407/4407/4370
f 4408/4408/4371 4407/4407/4370 4392/4392/4355
f 4404/4404/4367 4409/4409/4372 4403/4403/4366
f 4410/4410/4373 4411/4411/4374 4412/4412/4375
f 4412/4412/4375 4413/4413/4376 4410/4410/4373
f 4414/4414/4377 4410/4410/4373 4413/4413/4376
f 4413/4413/4376 4415/4415/4378 4414/4414/4377
f 4416/4416/4379 4414/4414/4377 4415/4415/4378
f 4415/4415/4378 4417/4417/4380 4416/4416/4379
f 4418/4418/4381 4416/4416/4379 4417/4417/4380
f 4417/4417/4380 4419/4419/4382 4418/4418/4381
f 4420/4420/4383 4419/4419/4382 4417/4417/4380
f 4417/4417/4380 4421/4421/4384 4420/4420/4383
f 4422/4422/4385 4420/4420/4383 4421/4421/4384
f 4421/4421/4384 4423/4423/4386 4422/4422/4385
f 4424/4424/4387 4422/4422/4385 4423/4423/4386
f 4423/4423/4386 4425/4425/4388 4424/4424/4387
f 4426/4426/4389 4424/4424/4387 4425/4425/4388
f 4425/4425/4388 4427/4427/4390 4426/4426/4389
f 4428/4428/4391 4426/4426/4389 4427/4427/4390
f 4427/4427/4390 4429/4429/4392 4428/4428/4391
f 4430/4430/4393 4431/4431/4394 4432/4432/4395
f 4432/4432/4395 4431/4431/4394 4433/4433/4396
f 4433/4433/4396 4434/4434/4397 4432/4432/4395
f 4434/4434/4397 4433/4433/4396 4435/4435/4398
f 4435/4435/4398 4436/4436/4399 4434/4434/4397
f 4436/4436/4399 4435/4435/4398 4429/4429/4392
f 4429/4429/4392 4427/4427/4390 4436/4436/4399
f 4437/4437/4400 4436/4436/4399 4427/4427/4390
f 4427/4427/4390 4425/4425/4388 4437/4437/4400
f 4438/4438/4401 4437/4437/4400 4425/4425/4388
f 4425/4425/4388 4423/4423/4386 4438/4438/4401
f 4439/4439/4402 4438/4438/4401 4423/4423/4386
f 4423/4423/4386 4421/4421/4384 4439/4439/4402
f 4415/4415/4378 4439/4439/4402 4421/4421/4384
f 4421/4421/4384 4417/4417/4380 4415/4415/4378
f 4432/4432/4395 4440/4440/4403 4441/4441/4404
f 4440/4440/4403 4432/4432/4395 4434/4434/4397
f 4434/4434/4397 4442/4442/4405 4440/4440/4403
f 4442/4442/4405 4434/4434/4397 4436/4436/4399
f 4436/4436/4399 4437/4437/4400 4442/4442/4405
f 4443/4443/4406 4442/4442/4405 4437/4437/4400
f 4437/4437/4400 4438/4438/4401 4443/4443/4406
f 4444/4444/4407 4443/4443/4406 4438/4438/4401
f 4438/4438/4401 4439/4439/4402 4444/4444/4407
f 4413/4413/4376 4444/4444/4407 4439/4439/4402
f 4439/4439/4402 4415/4415/4378 4413/4413/4376
f 4440/4440/4403 4445/4445/4408 4446/4446/4409
f 4445/4445/4408 4440/4440/4403 4442/4442/4405
f 4442/4442/4405 4443/4443/4406 4445/4445/4408
f 4447/4447/4410 4445/4445/4408 4443/4443/4406
f 4443/4443/4406 4444/4444/4407 4447/4447/4410
f 4412/4412/4375 4447/4447/4410 4444/4444/4407
f 4444/4444/4407 4413/4413/4376 4412/4412/4375
f 4447/4447/4410 4412/4412/4375 4448/4448/4411
f 4445/4445/4408 4447/4447/4410 4449/4449/4412
f 4450/4450/4413 4428/4428/4391 4429/4429/4392
f 4429/4429/4392 4451/4451/4414 4450/4450/4413
f 4451/4451/4414 4429/4429/4392 4435/4435/4398
f 4435/4435/4398 4452/4452/4415 4451/4451/4414
f 4452/4452/4415 4435/4435/4398 4433/4433/4396
f 4433/4433/4396 4453/4453/4416 4452/4452/4415
f 4453/4453/4416 4433/4433/4396 4431/4431/4394
f 4431/4431/4394 4454/4454/4417 4453/4453/4416
f 4455/4455/4418 4454/4454/4417 4431/4431/4394
f 4377/4377/4340 4376/4376/4339 4456/4456/4419
f 4456/4456/4419 4457/4457/4420 4377/4377/4340
f 4457/4457/4420 4456/4456/4419 4458/4458/4421
f 4458/4458/4421 4459/4459/4422 4457/4457/4420
f 4460/4460/4423 4457/4457/4420 4459/4459/4422
f 4459/4459/4422 4461/4461/4424 4460/4460/4423
f 4462/4462/4425 4460/4460/4423 4461/4461/4424
f 4461/4461/4424 4463/4463/4426 4462/4462/4425
f 4464/4464/4427 4462/4462/4425 4463/4463/4426
f 4463/4463/4426 4465/4465/4428 4464/4464/4427
f 4466/4466/4429 4464/4464/4427 4465/4465/4428
f 4465/4465/4428 4467/4467/4430 4466/4466/4429
f 4466/4466/4429 4467/4467/4430 4468/4468/4431
f 4469/4469/4432 4468/4468/4431 4467/4467/4430
f 4468/4468/4431 4469/4469/4432 4470/4470/4433
f 4471/4471/4434 4470/4470/4433 4469/4469/4432
f 4459/4459/4422 4458/4458/4421 4472/4472/4435
f 4472/4472/4435 4473/4473/4436 4459/4459/4422
f 4461/4461/4424 4459/4459/4422 4473/4473/4436
f 4473/4473/4436 4474/4474/4437 4461/4461/4424
f 4463/4463/4426 4461/4461/4424 4474/4474/4437
f 4474/4474/4437 4475/4475/4438 4463/4463/4426
f 4465/4465/4428 4463/4463/4426 4475/4475/4438
f 4475/4475/4438 4476/4476/4439 4465/4465/4428
f 4467/4467/4430 4465/4465/4428 4476/4476/4439
f 4476/4476/4439 4477/4477/4440 4467/4467/4430
f 4467/4467/4430 4477/4477/4440 4469/4469/4432
f 4478/4478/4441 4469/4469/4432 4477/4477/4440
f 4479/4479/4442 4473/4473/4436 4472/4472/4435
f 4480/4480/4443 4474/4474/4437 4473/4473/4436
f 4481/4481/4444 4475/4475/4438 4474/4474/4437
f 4482/4482/4445 4476/4476/4439 4475/4475/4438
f 4483/4483/4446 4477/4477/4440 4476/4476/4439
f 4379/4379/4342 4377/4377/4340 4457/4457/4420
f 4457/4457/4420 4460/4460/4423 4379/4379/4342
f 4381/4381/4344 4379/4379/4342 4460/4460/4423
f 4460/4460/4423 4462/4462/4425 4381/4381/4344
f 4383/4383/4346 4381/4381/4344 4462/4462/4425
f 4462/4462/4425 4464/4464/4427 4383/4383/4346
f 4385/4385/4348 4383/4383/4346 4464/4464/4427
f 4464/4464/4427 4466/4466/4429 4385/4385/4348
f 4385/4385/4348 4466/4466/4429 4387/4387/4350
f 4468/4468/4431 4387/4387/4350 4466/4466/4429
f 4387/4387/4350 4468/4468/4431 4389/4389/4352
f 4470/4470/4433 4389/4389/4352 4468/4468/4431
f 4389/4389/4352 4470/4470/4433 4391/4391/4354
f 4484/4484/4447 4391/4391/4354 4470/4470/4433
f 4485/4485/4448 4486/4486/4449 4487/4487/4450
f 4488/4488/4451 4487/4487/4450 4486/4486/4449
f 4486/4486/4449 4489/4489/4452 4488/4488/4451
f 4490/4490/4453 4488/4488/4451 4489/4489/4452
f 4489/4489/4452 4491/4491/4454 4490/4490/4453
f 4492/4492/4455 4490/4490/4453 4491/4491/4454
f 4491/4491/4454 4493/4493/4456 4492/4492/4455
f 4494/4494/4457 4492/4492/4455 4493/4493/4456
f 4493/4493/4456 4495/4495/4458 4494/4494/4457
f 4495/4495/4458 4493/4493/4456 4496/4496/4459
f 4496/4496/4459 4497/4497/4460 4495/4495/4458
f 4497/4497/4460 4496/4496/4459 4498/4498/4461
f 4498/4498/4461 4499/4499/4462 4497/4497/4460
f 4499/4499/4462 4498/4498/4461 4500/4500/4463
f 4500/4500/4463 4501/4501/4464 4499/4499/4462
f 4502/4502/4465 4501/4501/4464 4500/4500/4463
f 4500/4500/4463 4503/4503/4466 4502/4502/4465
f 4504/4504/4467 4502/4502/4465 4503/4503/4466
f 4505/4505/4468 4506/4506/4469 4507/4507/4470
f 4507/4507/4470 4506/4506/4469 4508/4508/4471
f 4508/4508/4471 4509/4509/4472 4507/4507/4470
f 4509/4509/4472 4508/4508/4471 4510/4510/4473
f 4510/4510/4473 4511/4511/4474 4509/4509/4472
f 4511/4511/4474 4510/4510/4473 4512/4512/4475
f 4512/4512/4475 4503/4503/4466 4511/4511/4474
f 4513/4513/4476 4511/4511/4474 4503/4503/4466
f 4503/4503/4466 4500/4500/4463 4513/4513/4476
f 4513/4513/4476 4500/4500/4463 4498/4498/4461
f 4498/4498/4461 4514/4514/4477 4513/4513/4476
f 4514/4514/4477 4498/4498/4461 4496/4496/4459
f 4496/4496/4459 4515/4515/4478 4514/4514/4477
f 4515/4515/4478 4496/4496/4459 4493/4493/4456
f 4493/4493/4456 4491/4491/4454 4515/4515/4478
f 4516/4516/4479 4515/4515/4478 4491/4491/4454
f 4491/4491/4454 4489/4489/4452 4516/4516/4479
f 4517/4517/4480 4516/4516/4479 4489/4489/4452
f 4489/4489/4452 4486/4486/4449 4517/4517/4480
f 4518/4518/4481 4517/4517/4480 4486/4486/4449
f 4519/4519/4482 4507/4507/4470 4520/4520/4483
f 4520/4520/4483 4507/4507/4470 4509/4509/4472
f 4509/4509/4472 4521/4521/4484 4520/4520/4483
f 4521/4521/4484 4509/4509/4472 4511/4511/4474
f 4511/4511/4474 4513/4513/4476 4521/4521/4484
f 4521/4521/4484 4513/4513/4476 4514/4514/4477
f 4514/4514/4477 4522/4522/4485 4521/4521/4484
f 4522/4522/4485 4514/4514/4477 4515/4515/4478
f 4515/4515/4478 4516/4516/4479 4522/4522/4485
f 4523/4523/4486 4522/4522/4485 4516/4516/4479
f 4516/4516/4479 4517/4517/4480 4523/4523/4486
f 4517/4517/4480 4524/4524/4487 4523/4523/4486
f 4520/4520/4483 4521/4521/4484 4522/4522/4485
f 4522/4522/4485 4523/4523/4486 4520/4520/4483
f 4523/4523/4486 4525/4525/4488 4520/4520/4483
f 4503/4503/4466 4512/4512/4475 4504/4504/4467
f 4526/4526/4489 4504/4504/4467 4512/4512/4475
f 4527/4527/4490 4526/4526/4489 4512/4512/4475
f 4512/4512/4475 4528/4528/4491 4527/4527/4490
f 4528/4528/4491 4512/4512/4475 4510/4510/4473
f 4510/4510/4473 4529/4529/4492 4528/4528/4491
f 4529/4529/4492 4510/4510/4473 4508/4508/4471
f 4508/4508/4471 4530/4530/4493 4529/4529/4492
f 4530/4530/4493 4508/4508/4471 4506/4506/4469
f 4506/4506/4469 4531/4531/4494 4530/4530/4493
f 4532/4532/4495 4531/4531/4494 4506/4506/4469
f 4533/4533/4496 4412/4412/4375 4531/4531/4494
f 4534/4534/4497 4535/4535/4498 4536/4536/4499
f 4537/4537/4500 4536/4536/4499 4535/4535/4498
f 4535/4535/4498 4538/4538/4501 4537/4537/4500
f 4539/4539/4502 4537/4537/4500 4538/4538/4501
f 4538/4538/4501 4540/4540/4503 4539/4539/4502
f 4541/4541/4504 4539/4539/4502 4540/4540/4503
f 4540/4540/4503 4542/4542/4505 4541/4541/4504
f 4541/4541/4504 4542/4542/4505 4543/4543/4506
f 4544/4544/4507 4545/4545/4508 4546/4546/4509
f 4546/4546/4509 4547/4547/4510 4544/4544/4507
f 4548/4548/4511 4544/4544/4507 4547/4547/4510
f 4547/4547/4510 4549/4549/4512 4548/4548/4511
f 4550/4550/4513 4548/4548/4511 4549/4549/4512
f 4549/4549/4512 4551/4551/4514 4550/4550/4513
f 4552/4552/4515 4550/4550/4513 4551/4551/4514
f 4551/4551/4514 4553/4553/4516 4552/4552/4515
f 4554/4554/4517 4552/4552/4515 4553/4553/4516
f 4553/4553/4516 4555/4555/4518 4554/4554/4517
f 4556/4556/4519 4554/4554/4517 4555/4555/4518
f 4555/4555/4518 4557/4557/4520 4556/4556/4519
f 4558/4558/4521 4556/4556/4519 4557/4557/4520
f 4557/4557/4520 4559/4559/4522 4558/4558/4521
f 4560/4560/4523 4561/4561/4524 4562/4562/4525
f 4562/4562/4525 4563/4563/4526 4560/4560/4523
f 4564/4564/4527 4560/4560/4523 4563/4563/4526
f 4563/4563/4526 4565/4565/4528 4564/4564/4527
f 4566/4566/4529 4564/4564/4527 4565/4565/4528
f 4565/4565/4528 4567/4567/4530 4566/4566/4529
f 4568/4568/4531 4566/4566/4529 4567/4567/4530
f 4567/4567/4530 4569/4569/4532 4568/4568/4531
f 4570/4570/4533 4568/4568/4531 4569/4569/4532
f 4569/4569/4532 4571/4571/4534 4570/4570/4533
f 4572/4572/4535 4570/4570/4533 4571/4571/4534
f 4571/4571/4534 4573/4573/4536 4572/4572/4535
f 4574/4574/4537 4572/4572/4535 4573/4573/4536
f 4573/4573/4536 4575/4575/4538 4574/4574/4537
f 4576/4576/4539 4574/4574/4537 4575/4575/4538
f 4575/4575/4538 4577/4577/4540 4576/4576/4539
f 4578/4578/4541 4576/4576/4539 4577/4577/4540
f 4577/4577/4540 4579/4579/4542 4578/4578/4541
f 4580/4580/4543 4578/4578/4541 4579/4579/4542
f 4579/4579/4542 4581/4581/4544 4580/4580/4543
f 4582/4582/4545 4583/4583/4546 4584/4584/4547
f 4584/4584/4547 4585/4585/4548 4582/4582/4545
f 4586/4586/4549 4582/4582/4545 4585/4585/4548
f 4585/4585/4548 4587/4587/4550 4586/4586/4549
f 4588/4588/4551 4586/4586/4549 4587/4587/4550
f 4587/4587/4550 4589/4589/4552 4588/4588/4551
f 4590/4590/4553 4588/4588/4551 4589/4589/4552
f 4589/4589/4552 4591/4591/4554 4590/4590/4553
f 4592/4592/4555 4590/4590/4553 4591/4591/4554
f 4591/4591/4554 4593/4593/4556 4592/4592/4555
f 4594/4594/4557 4592/4592/4555 4593/4593/4556
f 4593/4593/4556 4595/4595/4558 4594/4594/4557
f 4596/4596/4559 4594/4594/4557 4595/4595/4558
f 4595/4595/4558 4597/4597/4560 4596/4596/4559
f 4598/4598/4561 4596/4596/4559 4597/4597/4560
f 4597/4597/4560 4599/4599/4562 4598/4598/4561
f 4600/4600/4563 4601/4601/4564 4602/4602/4565
f 4603/4603/4566 4602/4602/4565 4601/4601/4564
f 4601/4601/4564 4604/4604/4567 4603/4603/4566
f 4605/4605/4568 4603/4603/4566 4604/4604/4567
f 4604/4604/4567 4606/4606/4569 4605/4605/4568
f 4605/4605/4568 4606/4606/4569 4607/4607/4570
f 4607/4607/4570 4608/4608/4571 4605/4605/4568
f 4608/4608/4571 4607/4607/4570 4609/4609/4572
f 4610/4610/4573 4611/4611/4573 4612/4612/4573
f 4613/4613/4574 4614/4614/4574 4615/4615/4574
f 4616/4616/4575 4617/4617/4575 4618/4618/4575
f 4619/4619/4575 4616/4616/4575 4618/4618/4575
f 4348/4348/4314 4620/4620/4576 4621/4621/4577
f 4348/4348/4314 4622/4622/4578 4620/4620/4576
f 4620/4620/4576 4622/4622/4578 4623/4623/4579
f 4623/4623/4579 4624/4624/4580 4620/4620/4576
f 4624/4624/4580 4623/4623/4579 4625/4625/4581
f 4625/4625/4581 4626/4626/4582 4624/4624/4580
f 4627/4627/4583 4626/4626/4582 4625/4625/4581
f 4625/4625/4581 4628/4628/4584 4627/4627/4583
f 4629/4629/4585 4627/4627/4583 4628/4628/4584
f 4628/4628/4584 4630/4630/4586 4629/4629/4585
f 4631/4631/4587 4629/4629/4585 4630/4630/4586
f 4631/4631/4587 4630/4630/4586 4632/4632/4588
f 4632/4632/4588 4633/4633/4589 4631/4631/4587
f 4634/4634/4590 4633/4633/4589 4632/4632/4588
f 4632/4632/4588 4635/4635/4591 4634/4634/4590
f 4636/4636/4592 4634/4634/4590 4635/4635/4591
f 4635/4635/4591 4637/4637/4593 4636/4636/4592
f 4638/4638/4594 4636/4636/4592 4637/4637/4593
f 4637/4637/4593 4639/4639/4595 4638/4638/4594
f 4638/4638/4594 4639/4639/4595 2718/2718/2706
f 2718/2718/2706 4640/4640/4596 4638/4638/4594
f 2718/2718/2706 2716/2716/2704 4640/4640/4596
f 4641/4641/4597 4642/4642/4597 4643/4643/4597
f 4644/4644/4598 4645/4645/4599 4646/4646/4600
f 4647/4647/4601 4645/4645/4599 4644/4644/4598
f 4648/4648/4602 4645/4645/4599 4647/4647/4601
f 4647/4647/4601 4649/4649/4603 4648/4648/4602
f 4650/4650/4604 4649/4649/4603 4647/4647/4601
f 4649/4649/4603 4650/4650/4604 4651/4651/4605
f 4651/4651/4605 4652/4652/4606 4649/4649/4603
f 4652/4652/4606 4651/4651/4605 4653/4653/4607
f 4653/4653/4607 4654/4654/4608 4652/4652/4606
f 4654/4654/4608 4653/4653/4607 4655/4655/4609
f 4655/4655/4609 4656/4656/4610 4654/4654/4608
f 4656/4656/4610 4655/4655/4609 4657/4657/4611
f 4657/4657/4611 4658/4658/4612 4656/4656/4610
f 4658/4658/4612 4657/4657/4611 4659/4659/4613
f 4659/4659/4613 4660/4660/4614 4658/4658/4612
f 4661/4661/4615 4658/4658/4612 4660/4660/4614
f 4658/4658/4612 4661/4661/4615 4662/4662/4616
f 4660/4660/4614 4663/4663/4617 4661/4661/4615
f 4664/4664/4618 4648/4648/4602 4649/4649/4603
f 4649/4649/4603 4652/4652/4606 4664/4664/4618
f 4654/4654/4608 4664/4664/4618 4652/4652/4606
f 4664/4664/4618 4654/4654/4608 4656/4656/4610
f 4656/4656/4610 4662/4662/4616 4664/4664/4618
f 4662/4662/4616 4656/4656/4610 4658/4658/4612
f 4665/4665/4619 4666/4666/4620 4667/4667/4621
f 4667/4667/4621 4668/4668/4622 4665/4665/4619
f 4669/4669/4623 4665/4665/4619 4668/4668/4622
f 4668/4668/4622 4670/4670/4624 4669/4669/4623
f 4670/4670/4624 4671/4671/4625 4669/4669/4623
f 4672/4672/4626 4671/4671/4625 4670/4670/4624
f 4673/4673/4627 4672/4672/4626 4670/4670/4624
f 4670/4670/4624 4674/4674/4628 4673/4673/4627
f 4674/4674/4628 4670/4670/4624 4675/4675/4629
f 4675/4675/4629 4676/4676/4630 4674/4674/4628
f 4676/4676/4630 4675/4675/4629 4677/4677/4631
f 4677/4677/4631 4678/4678/4632 4676/4676/4630
f 4678/4678/4632 4677/4677/4631 4679/4679/4633
f 4679/4679/4633 4680/4680/4634 4678/4678/4632
f 4680/4680/4634 4679/4679/4633 4681/4681/4635
f 4681/4681/4635 4682/4682/4636 4680/4680/4634
f 4682/4682/4636 4681/4681/4635 4683/4683/4637
f 4683/4683/4637 4684/4684/4638 4682/4682/4636
f 4685/4685/4639 4679/4679/4633 4677/4677/4631
f 4679/4679/4633 4685/4685/4639 4686/4686/4640
f 4686/4686/4640 4681/4681/4635 4679/4679/4633
f 4681/4681/4635 4686/4686/4640 4687/4687/4641
f 4687/4687/4641 4683/4683/4637 4681/4681/4635
f 4683/4683/4637 4687/4687/4641 4688/4688/4642
f 4689/4689/4643 4690/4690/4644 4683/4683/4637
f 4684/4684/4638 4683/4683/4637 4690/4690/4644
f 4690/4690/4644 4691/4691/4645 4684/4684/4638
f 4691/4691/4645 4690/4690/4644 4692/4692/4646
f 4692/4692/4646 4693/4693/4647 4691/4691/4645
f 4693/4693/4647 4694/4694/4648 4691/4691/4645
f 4695/4695/4649 4692/4692/4646 4690/4690/4644
f 4690/4690/4644 4696/4696/4650 4697/4697/4650
f 4668/4668/4622 4667/4667/4621 4698/4698/4651
f 4698/4698/4651 4699/4699/4652 4668/4668/4622
f 4670/4670/4624 4668/4668/4622 4699/4699/4652
f 4699/4699/4652 4675/4675/4629 4670/4670/4624
f 4675/4675/4629 4699/4699/4652 4700/4700/4653
f 4700/4700/4653 4677/4677/4631 4675/4675/4629
f 4677/4677/4631 4700/4700/4653 4685/4685/4639
f 4701/4701/4654 4685/4685/4639 4700/4700/4653
f 4686/4686/4640 4685/4685/4639 4701/4701/4654
f 4701/4701/4654 4702/4702/4655 4686/4686/4640
f 4687/4687/4641 4686/4686/4640 4702/4702/4655
f 4702/4702/4655 4703/4703/4656 4687/4687/4641
f 4699/4699/4652 4698/4698/4651 4704/4704/4657
f 4704/4704/4657 4700/4700/4653 4699/4699/4652
f 4700/4700/4653 4704/4704/4657 4701/4701/4654
f 4705/4705/4658 4706/4706/4658 4707/4707/4658
f 4708/4708/4659 4709/4709/4659 4710/4710/4659
f 2020/2020/2010 4711/4711/4660 2021/2021/2011
f 4712/4712/4661 4713/4713/4662 4714/4714/4663
f 4714/4714/4663 4715/4715/4664 4712/4712/4661
f 4716/4716/4665 4717/4717/4665 4718/4718/4665
f 4719/4719/4666 4687/4687/4641 4720/4720/4666
f 4721/4721/4667 4722/4722/4668 4723/4723/4669
f 4723/4723/4669 4724/4724/4670 4721/4721/4667
f 4724/4724/4670 4723/4723/4669 4725/4725/4671
f 4725/4725/4671 4726/4726/4672 4724/4724/4670
f 4726/4726/4672 4725/4725/4671 4727/4727/4673
f 4727/4727/4673 4728/4728/4674 4726/4726/4672
f 4728/4728/4674 4727/4727/4673 4729/4729/4675
f 4729/4729/4675 4730/4730/4676 4728/4728/4674
f 4730/4730/4676 4729/4729/4675 4731/4731/4677
f 4731/4731/4677 4732/4732/4678 4730/4730/4676
f 4733/4733/4679 4734/4734/4680 4731/4731/4677
f 4731/4731/4677 4735/4735/4681 4733/4733/4679
f 4736/4736/4682 4733/4733/4679 4735/4735/4681
f 4735/4735/4681 4737/4737/4683 4736/4736/4682
f 4738/4738/4684 4736/4736/4682 4737/4737/4683
f 4737/4737/4683 4739/4739/4685 4738/4738/4684
f 4740/4740/4686 4738/4738/4684 4739/4739/4685
f 4739/4739/4685 4741/4741/4687 4740/4740/4686
f 4742/4742/4688 4740/4740/4686 4741/4741/4687
f 4741/4741/4687 4743/4743/4689 4742/4742/4688
f 4744/4744/4690 4742/4742/4688 4743/4743/4689
f 4743/4743/4689 4745/4745/4691 4744/4744/4690
f 4746/4746/4692 4744/4744/4690 4745/4745/4691
f 4745/4745/4691 4747/4747/4693 4746/4746/4692
f 2628/2628/2616 4748/4748/4694 2629/2629/2617
f 4749/4749/4695 4750/4750/4696 4751/4751/4697
f 4751/4751/4697 4752/4752/4698 4749/4749/4695
f 4752/4752/4698 4751/4751/4697 4753/4753/4699
f 4753/4753/4699 4754/4754/4700 4752/4752/4698
f 4754/4754/4700 4753/4753/4699 4755/4755/4701
f 4755/4755/4701 4756/4756/4702 4754/4754/4700
f 4756/4756/4702 4755/4755/4701 4757/4757/4703
f 4757/4757/4703 4758/4758/4704 4756/4756/4702
f 4758/4758/4704 4757/4757/4703 4759/4759/4705
f 4759/4759/4705 4760/4760/4706 4758/4758/4704
f 4760/4760/4706 4759/4759/4705 4761/4761/4707
f 4761/4761/4707 4762/4762/4708 4760/4760/4706
f 4762/4762/4708 4761/4761/4707 4763/4763/4709
f 4763/4763/4709 4764/4764/4710 4762/4762/4708
f 4764/4764/4710 4763/4763/4709 4765/4765/4711
f 4765/4765/4711 4766/4766/4712 4764/4764/4710
f 4766/4766/4712 4765/4765/4711 4767/4767/4713
f 4767/4767/4713 4768/4768/4714 4766/4766/4712
f 4769/4769/4715 4766/4766/4712 4768/4768/4714
f 4768/4768/4714 4770/4770/4716 4769/4769/4715
f 4766/4766/4712 4769/4769/4715 4764/4764/4710
f 4764/4764/4710 4769/4769/4715 4771/4771/4717
f 4771/4771/4717 4762/4762/4708 4764/4764/4710
f 4762/4762/4708 4771/4771/4717 4760/4760/4706
f 4760/4760/4706 4771/4771/4717 4758/4758/4704
f 4758/4758/4704 4771/4771/4717 4772/4772/4718
f 4758/4758/4704 4772/4772/4718 4756/4756/4702
f 4754/4754/4700 4756/4756/4702 4772/4772/4718
f 4772/4772/4718 4773/4773/4719 4754/4754/4700
f 4754/4754/4700 4773/4773/4719 4752/4752/4698
f 4752/4752/4698 4773/4773/4719 4774/4774/4720
f 4774/4774/4720 4749/4749/4695 4752/4752/4698
f 4775/4775/4721 4776/4776/4722 4777/4777/4723
f 4777/4777/4723 4778/4778/4724 4775/4775/4721
f 4778/4778/4724 4777/4777/4723 4779/4779/4725
f 4779/4779/4725 4780/4780/4726 4778/4778/4724
f 4780/4780/4726 4779/4779/4725 4781/4781/4727
f 4781/4781/4727 4782/4782/4728 4780/4780/4726
f 4782/4782/4728 4781/4781/4727 4783/4783/4729
f 4783/4783/4729 4784/4784/4730 4782/4782/4728
f 4784/4784/4730 4783/4783/4729 4785/4785/4731
f 4785/4785/4731 4786/4786/4732 4784/4784/4730
f 4786/4786/4732 4787/4787/4733 4784/4784/4730
f 4788/4788/4734 4787/4787/4733 4786/4786/4732
f 4789/4789/4735 4787/4787/4733 4788/4788/4734
f 4790/4790/4736 4789/4789/4735 4788/4788/4734
f 4789/4789/4735 4790/4790/4736 4791/4791/4737
f 4792/4792/4738 4791/4791/4737 4790/4790/4736
f 4791/4791/4737 4792/4792/4738 4793/4793/4739
f 4793/4793/4739 4794/4794/4740 4791/4791/4737
f 4791/4791/4737 4795/4795/4741 4789/4789/4735
f 4795/4795/4741 4791/4791/4737 4796/4796/4742
f 4782/4782/4728 4784/4784/4730 4787/4787/4733
f 4787/4787/4733 4797/4797/4743 4782/4782/4728
f 4780/4780/4726 4782/4782/4728 4797/4797/4743
f 4797/4797/4743 4798/4798/4744 4780/4780/4726
f 4780/4780/4726 4798/4798/4744 4778/4778/4724
f 4778/4778/4724 4798/4798/4744 4799/4799/4745
f 4799/4799/4745 4775/4775/4721 4778/4778/4724
f 4786/4786/4732 4785/4785/4731 4800/4800/4746
f 4800/4800/4746 4788/4788/4734 4786/4786/4732
f 4788/4788/4734 4800/4800/4746 4801/4801/4747
f 4801/4801/4747 4790/4790/4736 4788/4788/4734
f 4790/4790/4736 4801/4801/4747 4792/4792/4738
f 4802/4802/4748 4803/4803/4748 4804/4804/4748
f 4805/4805/4749 4806/4806/4750 4807/4807/4751
f 4807/4807/4751 4808/4808/4752 4805/4805/4749
f 4805/4805/4749 4808/4808/4752 4809/4809/4753
f 4810/4810/4754 4809/4809/4753 4808/4808/4752
f 4809/4809/4753 4810/4810/4754 4811/4811/4755
f 4812/4812/4756 4811/4811/4755 4810/4810/4754
f 4811/4811/4755 4812/4812/4756 4813/4813/4757
f 4814/4814/4758 4813/4813/4757 4812/4812/4756
f 4812/4812/4756 4815/4815/4759 4814/4814/4758
f 4815/4815/4759 4812/4812/4756 4816/4816/4760
f 4812/4812/4756 4817/4817/4761 4816/4816/4760
f 4817/4817/4761 4812/4812/4756 4818/4818/4762
f 4818/4818/4762 4819/4819/4763 4817/4817/4761
f 4819/4819/4763 4818/4818/4762 4820/4820/4764
f 4820/4820/4764 4821/4821/4765 4819/4819/4763
f 4822/4822/4766 4821/4821/4765 4820/4820/4764
f 4820/4820/4764 4823/4823/4767 4822/4822/4766
f 4824/4824/4768 4822/4822/4766 4823/4823/4767
f 4808/4808/4752 4807/4807/4751 4825/4825/4769
f 4825/4825/4769 4826/4826/4770 4808/4808/4752
f 4808/4808/4752 4826/4826/4770 4810/4810/4754
f 4818/4818/4762 4810/4810/4754 4826/4826/4770
f 4810/4810/4754 4818/4818/4762 4812/4812/4756
f 4826/4826/4770 4825/4825/4769 4823/4823/4767
f 4823/4823/4767 4820/4820/4764 4826/4826/4770
f 4826/4826/4770 4820/4820/4764 4818/4818/4762
f 4823/4823/4767 4827/4827/4771 4824/4824/4768
f 4827/4827/4771 4823/4823/4767 4825/4825/4769
f 4825/4825/4769 4828/4828/4772 4827/4827/4771
f 4828/4828/4772 4825/4825/4769 4807/4807/4751
f 4807/4807/4751 4829/4829/4773 4828/4828/4772
f 4829/4829/4773 4807/4807/4751 4806/4806/4750
f 4806/4806/4750 4830/4830/4774 4829/4829/4773
f 4830/4830/4774 4806/4806/4750 4831/4831/4775
f 4831/4831/4775 4832/4832/4776 4830/4830/4774
f 4832/4832/4776 4831/4831/4775 4833/4833/4777
f 4833/4833/4777 4834/4834/4778 4832/4832/4776
f 4834/4834/4778 4833/4833/4777 4835/4835/4779
f 4835/4835/4779 4836/4836/4780 4834/4834/4778
f 4836/4836/4780 4835/4835/4779 4837/4837/4781
f 4837/4837/4781 4838/4838/4782 4836/4836/4780
f 4836/4836/4780 4838/4838/4782 4839/4839/4783
f 4839/4839/4783 4840/4840/4784 4836/4836/4780
f 4840/4840/4784 4839/4839/4783 4841/4841/4785
f 4842/4842/4786 4835/4835/4779 4833/4833/4777
f 4843/4843/4787 4833/4833/4777 4831/4831/4775
f 4844/4844/4788 4831/4831/4775 4806/4806/4750
f 4831/4831/4775 4844/4844/4788 4845/4845/4789
f 4806/4806/4750 4805/4805/4749 4844/4844/4788
f 4846/4846/4790 4847/4847/4791 4844/4844/4788
f 4844/4844/4788 4848/4848/4792 4846/4846/4790
f 4848/4848/4792 4844/4844/4788 4805/4805/4749
f 4805/4805/4749 4849/4849/4793 4848/4848/4792
f 4809/4809/4753 4849/4849/4793 4805/4805/4749
f 4849/4849/4793 4809/4809/4753 4850/4850/4794
f 4811/4811/4755 4850/4850/4794 4809/4809/4753
f 4850/4850/4794 4811/4811/4755 4851/4851/4795
f 4813/4813/4757 4851/4851/4795 4811/4811/4755
f 4852/4852/4796 4846/4846/4790 4853/4853/4797
f 4854/4854/4798 4853/4853/4797 4846/4846/4790
f 4846/4846/4790 4848/4848/4792 4854/4854/4798
f 4855/4855/4799 4854/4854/4798 4848/4848/4792
f 4848/4848/4792 4849/4849/4793 4855/4855/4799
f 4850/4850/4794 4855/4855/4799 4849/4849/4793
f 4855/4855/4799 4850/4850/4794 4856/4856/4800
f 4851/4851/4795 4856/4856/4800 4850/4850/4794
f 4857/4857/4801 4846/4846/4790 4858/4858/4801
f 4841/4841/4785 4859/4859/4802 4840/4840/4784
f 4859/4859/4802 4841/4841/4785 4860/4860/4803
f 4860/4860/4803 4861/4861/4804 4859/4859/4802
f 4861/4861/4804 4860/4860/4803 4862/4862/4805
f 4862/4862/4805 4863/4863/4806 4861/4861/4804
f 4863/4863/4806 4862/4862/4805 4864/4864/4807
f 4840/4840/4784 4859/4859/4802 4865/4865/4808
f 4865/4865/4808 4866/4866/4809 4840/4840/4784
f 4866/4866/4809 4865/4865/4808 4867/4867/4810
f 4867/4867/4810 4868/4868/4811 4866/4866/4809
f 4868/4868/4811 4867/4867/4810 4869/4869/4812
f 4869/4869/4812 4870/4870/4813 4868/4868/4811
f 4870/4870/4813 4869/4869/4812 4871/4871/4814
f 4871/4871/4814 4872/4872/4815 4870/4870/4813
f 4872/4872/4815 4871/4871/4814 4873/4873/4816
f 4873/4873/4816 4874/4874/4817 4872/4872/4815
f 4874/4874/4817 4873/4873/4816 4875/4875/4818
f 4859/4859/4802 4861/4861/4804 4876/4876/4819
f 4876/4876/4819 4865/4865/4808 4859/4859/4802
f 4865/4865/4808 4876/4876/4819 4877/4877/4820
f 4877/4877/4820 4867/4867/4810 4865/4865/4808
f 4867/4867/4810 4877/4877/4820 4878/4878/4821
f 4878/4878/4821 4869/4869/4812 4867/4867/4810
f 4869/4869/4812 4878/4878/4821 4879/4879/4822
f 4879/4879/4822 4871/4871/4814 4869/4869/4812
f 4871/4871/4814 4879/4879/4822 4880/4880/4823
f 4880/4880/4823 4873/4873/4816 4871/4871/4814
f 4873/4873/4816 4880/4880/4823 4881/4881/4824
f 4881/4881/4824 4875/4875/4818 4873/4873/4816
f 4875/4875/4818 4881/4881/4824 4882/4882/4825
f 4882/4882/4825 4883/4883/4826 4875/4875/4818
f 4883/4883/4826 4884/4884/4827 4875/4875/4818
f 4885/4885/4828 4875/4875/4818 4884/4884/4827
f 4886/4886/4829 4875/4875/4818 4885/4885/4828
f 4875/4875/4818 4886/4886/4829 4874/4874/4817
f 4885/4885/4828 4887/4887/4830 4886/4886/4829
f 4874/4874/4817 4886/4886/4829 4827/4827/4771
f 4827/4827/4771 4828/4828/4772 4874/4874/4817
f 4872/4872/4815 4874/4874/4817 4828/4828/4772
f 4828/4828/4772 4829/4829/4773 4872/4872/4815
f 4870/4870/4813 4872/4872/4815 4829/4829/4773
f 4829/4829/4773 4830/4830/4774 4870/4870/4813
f 4868/4868/4811 4870/4870/4813 4830/4830/4774
f 4830/4830/4774 4832/4832/4776 4868/4868/4811
f 4866/4866/4809 4868/4868/4811 4832/4832/4776
f 4832/4832/4776 4834/4834/4778 4866/4866/4809
f 4840/4840/4784 4866/4866/4809 4834/4834/4778
f 4834/4834/4778 4836/4836/4780 4840/4840/4784
f 4888/4888/4831 4837/4837/4781 4835/4835/4779
f 4835/4835/4779 4889/4889/4832 4888/4888/4831
f 4890/4890/4833 4888/4888/4831 4891/4891/4833
f 4892/4892/4834 4893/4893/4835 4894/4894/4836
f 4893/4893/4835 4892/4892/4834 4895/4895/4837
f 4895/4895/4837 4896/4896/4838 4893/4893/4835
f 4897/4897/4839 4893/4893/4835 4896/4896/4838
f 4896/4896/4838 4853/4853/4797 4897/4897/4839
f 4898/4898/4840 4897/4897/4839 4853/4853/4797
f 4853/4853/4797 4854/4854/4798 4898/4898/4840
f 4899/4899/4841 4898/4898/4840 4854/4854/4798
f 4854/4854/4798 4855/4855/4799 4899/4899/4841
f 4856/4856/4800 4899/4899/4841 4855/4855/4799
f 4853/4853/4797 4896/4896/4838 4900/4900/4842
f 4896/4896/4838 4895/4895/4837 4901/4901/4843
f 4902/4902/4844 4903/4903/4844 4896/4896/4838
f 4904/4904/4845 4905/4905/4845 4906/4906/4845
f 4907/4907/4846 4908/4908/4847 4909/4909/4848
f 4909/4909/4848 4910/4910/4849 4907/4907/4846
f 4910/4910/4849 4909/4909/4848 4911/4911/4850
f 4911/4911/4850 4912/4912/4851 4910/4910/4849
f 4910/4910/4849 4912/4912/4851 4913/4913/4852
f 4914/4914/4853 4913/4913/4852 4912/4912/4851
f 4912/4912/4851 4915/4915/4854 4914/4914/4853
f 4916/4916/4855 4914/4914/4853 4915/4915/4854
f 4915/4915/4854 4917/4917/4856 4916/4916/4855
f 4918/4918/4857 4916/4916/4855 4917/4917/4856
f 4917/4917/4856 4919/4919/4858 4918/4918/4857
f 4920/4920/4859 4921/4921/4860 4922/4922/4861
f 4922/4922/4861 4923/4923/4862 4920/4920/4859
f 4924/4924/4863 4920/4920/4859 4923/4923/4862
f 4923/4923/4862 4925/4925/4864 4924/4924/4863
f 4926/4926/4865 4924/4924/4863 4925/4925/4864
f 4925/4925/4864 4927/4927/4866 4926/4926/4865
f 4928/4928/4867 4926/4926/4865 4927/4927/4866
f 4927/4927/4866 4907/4907/4846 4928/4928/4867
f 4929/4929/4868 4928/4928/4867 4907/4907/4846
f 4907/4907/4846 4910/4910/4849 4929/4929/4868
f 4913/4913/4852 4929/4929/4868 4910/4910/4849
f 4930/4930/4869 4931/4931/4869 4932/4932/4869
f 4933/4933/4870 4934/4934/4870 4935/4935/4870
f 4936/4936/4871 4937/4937/4871 4938/4938/4871
f 4833/4833/4777 4939/4939/4872 4940/4940/4872
f 4941/4941/4873 4942/4942/4874 4943/4943/4875
f 4943/4943/4875 4944/4944/4876 4941/4941/4873
f 4945/4945/4877 4941/4941/4873 4944/4944/4876
f 4944/4944/4876 4946/4946/4878 4945/4945/4877
f 4947/4947/4879 4945/4945/4877 4946/4946/4878
f 4946/4946/4878 4948/4948/4880 4947/4947/4879
f 4949/4949/4881 4947/4947/4879 4948/4948/4880
f 4948/4948/4880 4950/4950/4882 4949/4949/4881
f 4951/4951/4883 4949/4949/4881 4950/4950/4882
f 4950/4950/4882 4952/4952/4884 4951/4951/4883
f 4953/4953/4885 4951/4951/4883 4952/4952/4884
f 4952/4952/4884 4954/4954/4886 4953/4953/4885
f 4955/4955/4887 4953/4953/4885 4954/4954/4886
f 4954/4954/4886 4956/4956/4888 4955/4955/4887
f 4957/4957/4889 4955/4955/4887 4956/4956/4888
f 4956/4956/4888 4958/4958/4890 4957/4957/4889
f 4959/4959/4891 4957/4957/4889 4958/4958/4890
f 4958/4958/4890 4960/4960/4892 4959/4959/4891
f 4961/4961/4893 4962/4962/4894 4963/4963/4895
f 4963/4963/4895 4964/4964/4896 4961/4961/4893
f 4965/4965/4897 4961/4961/4893 4964/4964/4896
f 4964/4964/4896 4966/4966/4898 4965/4965/4897
f 4967/4967/4899 4965/4965/4897 4966/4966/4898
f 4966/4966/4898 4968/4968/4900 4967/4967/4899
f 4969/4969/4901 4967/4967/4899 4968/4968/4900
f 4968/4968/4900 4970/4970/4902 4969/4969/4901
f 4971/4971/4903 4969/4969/4901 4970/4970/4902
f 4970/4970/4902 4972/4972/4904 4971/4971/4903
f 4973/4973/4905 4971/4971/4903 4972/4972/4904
f 4972/4972/4904 4974/4974/4906 4973/4973/4905
f 4975/4975/4907 4973/4973/4905 4974/4974/4906
f 4974/4974/4906 4976/4976/4908 4975/4975/4907
f 4977/4977/4909 4975/4975/4907 4976/4976/4908
f 4976/4976/4908 4978/4978/4910 4977/4977/4909
f 4979/4979/4911 4980/4980/4912 4981/4981/4913
f 4981/4981/4913 4982/4982/4914 4979/4979/4911
f 4982/4982/4914 4981/4981/4913 4983/4983/4915
f 4983/4983/4915 1435/1435/1427 4982/4982/4914
f 1433/1433/1425 1435/1435/1427 4983/4983/4915
f 1431/1431/1423 1433/1433/1425 4983/4983/4915
f 3032/3032/3018 3035/3035/3021 4984/4984/4916
f 4985/4985/4917 4986/4986/4918 4987/4987/4919
f 4987/4987/4919 4988/4988/4920 4985/4985/4917
f 4989/4989/4921 4985/4985/4917 4988/4988/4920
f 4988/4988/4920 4990/4990/4922 4989/4989/4921
f 4991/4991/4923 4989/4989/4921 4990/4990/4922
f 4990/4990/4922 4992/4992/4924 4991/4991/4923
f 4992/4992/4924 4990/4990/4922 4993/4993/4925
f 4993/4993/4925 4994/4994/4926 4992/4992/4924
f 4994/4994/4926 4993/4993/4925 4995/4995/4927
f 4995/4995/4927 4993/4993/4925 4996/4996/4928
f 4996/4996/4928 4993/4993/4925 4997/4997/4929
f 4997/4997/4929 4998/4998/4930 4996/4996/4928
f 4998/4998/4930 4997/4997/4929 4999/4999/4931
f 5000/5000/4932 4999/4999/4931 4997/4997/4929
f 5001/5001/4933 4999/4999/4931 5000/5000/4932
f 5000/5000/4932 5002/5002/4934 5001/5001/4933
f 5001/5001/4933 5002/5002/4934 5003/5003/4935
f 5004/5004/4936 5003/5003/4935 5002/5002/4934
f 4988/4988/4920 4987/4987/4919 5005/5005/4937
f 5005/5005/4937 5006/5006/4938 4988/4988/4920
f 4990/4990/4922 4988/4988/4920 5006/5006/4938
f 5006/5006/4938 4993/4993/4925 4990/4990/4922
f 4993/4993/4925 5006/5006/4938 5007/5007/4939
f 5007/5007/4939 4997/4997/4929 4993/4993/4925
f 4997/4997/4929 5007/5007/4939 5000/5000/4932
f 5008/5008/4940 5000/5000/4932 5007/5007/4939
f 5002/5002/4934 5000/5000/4932 5008/5008/4940
f 5008/5008/4940 5009/5009/4941 5002/5002/4934
f 5002/5002/4934 5009/5009/4941 5004/5004/4936
f 5006/5006/4938 5005/5005/4937 5010/5010/4942
f 5010/5010/4942 5007/5007/4939 5006/5006/4938
f 5007/5007/4939 5010/5010/4942 5008/5008/4940
f 5003/5003/4935 5004/5004/4936 5011/5011/4943
f 5011/5011/4943 5012/5012/4944 5003/5003/4935
f 5012/5012/4944 5011/5011/4943 5013/5013/4945
f 5013/5013/4945 5014/5014/4946 5012/5012/4944
f 5015/5015/4947 5012/5012/4944 5014/5014/4946
f 5014/5014/4946 5016/5016/4948 5015/5015/4947
f 5015/5015/4947 5016/5016/4948 5017/5017/4949
f 5017/5017/4949 5018/5018/4950 5015/5015/4947
f 5018/5018/4950 5017/5017/4949 5019/5019/4951
f 5019/5019/4951 5020/5020/4952 5018/5018/4950
f 5013/5013/4945 5011/5011/4943 5021/5021/4953
f 5022/5022/4954 5023/5023/4955 5024/5024/4956
f 5023/5023/4955 5022/5022/4954 4991/4991/4923
f 4991/4991/4923 4992/4992/4924 5023/5023/4955
f 4999/4999/4931 5025/5025/4957 4998/4998/4930
f 5025/5025/4957 4999/4999/4931 5026/5026/4958
f 5026/5026/4958 5027/5027/4959 5025/5025/4957
f 5027/5027/4959 5026/5026/4958 5028/5028/4960
f 5026/5026/4958 5029/5029/4961 5028/5028/4960
f 5029/5029/4961 5026/5026/4958 4999/4999/4931
f 4999/4999/4931 5030/5030/4962 5029/5029/4961
f 5030/5030/4962 4999/4999/4931 5001/5001/4933
f 5001/5001/4933 5031/5031/4963 5030/5030/4962
f 5031/5031/4963 5001/5001/4933 5032/5032/4964
f 5032/5032/4964 5033/5033/4965 5031/5031/4963
f 5034/5034/4966 5033/5033/4965 5032/5032/4964
f 5018/5018/4950 5034/5034/4966 5032/5032/4964
f 5032/5032/4964 5015/5015/4947 5018/5018/4950
f 5012/5012/4944 5015/5015/4947 5032/5032/4964
f 5032/5032/4964 5003/5003/4935 5012/5012/4944
f 5003/5003/4935 5032/5032/4964 5001/5001/4933
f 5035/5035/4967 5036/5036/4968 5037/5037/4969
f 5037/5037/4969 5038/5038/4970 5035/5035/4967
f 5039/5039/4971 5035/5035/4967 5038/5038/4970
f 5038/5038/4970 5040/5040/4972 5039/5039/4971
f 5041/5041/4973 5039/5039/4971 5040/5040/4972
f 5040/5040/4972 5042/5042/4974 5041/5041/4973
f 5041/5041/4973 5042/5042/4974 5043/5043/4975
f 5043/5043/4975 5044/5044/4976 5041/5041/4973
f 5045/5045/4977 5044/5044/4976 5043/5043/4975
f 5043/5043/4975 5046/5046/4978 5045/5045/4977
f 5047/5047/4979 5045/5045/4977 5046/5046/4978
f 5046/5046/4978 5048/5048/4980 5047/5047/4979
f 5049/5049/4981 5047/5047/4979 5048/5048/4980
f 5048/5048/4980 5050/5050/4982 5049/5049/4981
f 5051/5051/4983 5049/5049/4981 5050/5050/4982
f 5050/5050/4982 5052/5052/4984 5051/5051/4983
f 5053/5053/4985 5054/5054/4986 5055/5055/4987
f 5055/5055/4987 5056/5056/4988 5053/5053/4985
f 5057/5057/4989 5053/5053/4985 5056/5056/4988
f 5056/5056/4988 5058/5058/4990 5057/5057/4989
f 5059/5059/4991 5057/5057/4989 5058/5058/4990
f 5058/5058/4990 5060/5060/4992 5059/5059/4991
f 5061/5061/4993 5059/5059/4991 5060/5060/4992
f 5060/5060/4992 5062/5062/4994 5061/5061/4993
f 5063/5063/4995 5061/5061/4993 5062/5062/4994
f 5062/5062/4994 5064/5064/4996 5063/5063/4995
f 5065/5065/4997 5066/5066/4998 5067/5067/4999
f 5067/5067/4999 5068/5068/5000 5065/5065/4997
f 5069/5069/5001 5065/5065/4997 5068/5068/5000
f 5068/5068/5000 5070/5070/5002 5069/5069/5001
f 5071/5071/5003 5069/5069/5001 5070/5070/5002
f 5070/5070/5002 5072/5072/5004 5071/5071/5003
f 5073/5073/5005 5071/5071/5003 5072/5072/5004
f 5072/5072/5004 5074/5074/5006 5073/5073/5005
f 5075/5075/5007 5073/5073/5005 5074/5074/5006
f 5074/5074/5006 5076/5076/5008 5075/5075/5007
f 5077/5077/5009 5075/5075/5007 5076/5076/5008
f 5076/5076/5008 5078/5078/5010 5077/5077/5009
f 5079/5079/5011 5077/5077/5009 5078/5078/5010
f 5078/5078/5010 5080/5080/5012 5079/5079/5011
f 5081/5081/5013 5079/5079/5011 5080/5080/5012
f 5080/5080/5012 5082/5082/5014 5081/5081/5013
f 5083/5083/5015 5081/5081/5013 5082/5082/5014
f 5082/5082/5014 5084/5084/5016 5083/5083/5015
f 5085/5085/5017 5086/5086/5018 5087/5087/5019
f 5087/5087/5019 5088/5088/5020 5085/5085/5017
f 5089/5089/5021 5085/5085/5017 5088/5088/5020
f 5088/5088/5020 5090/5090/5022 5089/5089/5021
f 5091/5091/5023 5089/5089/5021 5090/5090/5022
f 5090/5090/5022 5092/5092/5024 5091/5091/5023
f 5093/5093/5025 5091/5091/5023 5092/5092/5024
f 5092/5092/5024 5094/5094/5026 5093/5093/5025
f 5095/5095/5027 5093/5093/5025 5094/5094/5026
f 5094/5094/5026 5096/5096/5028 5095/5095/5027
f 5097/5097/5029 5095/5095/5027 5096/5096/5028
f 5096/5096/5028 5098/5098/5030 5097/5097/5029
f 5099/5099/5031 5097/5097/5029 5098/5098/5030
f 5098/5098/5030 5100/5100/5032 5099/5099/5031
f 5101/5101/5033 5099/5099/5031 5100/5100/5032
f 5100/5100/5032 5102/5102/5034 5101/5101/5033
f 5103/5103/5035 5104/5104/5036 5105/5105/5037
f 5105/5105/5037 5106/5106/5038 5103/5103/5035
f 5107/5107/5039 5103/5103/5035 5106/5106/5038
f 5106/5106/5038 5108/5108/5040 5107/5107/5039
f 5109/5109/5041 5107/5107/5039 5108/5108/5040
f 5108/5108/5040 5110/5110/5042 5109/5109/5041
f 5111/5111/5043 5109/5109/5041 5110/5110/5042
f 5110/5110/5042 5112/5112/5044 5111/5111/5043
f 5111/5111/5043 5112/5112/5044 5113/5113/5045
f 5113/5113/5045 5114/5114/5046 5111/5111/5043
f 5115/5115/5047 5116/5116/5048 5117/5117/5049
f 5118/5118/5050 5116/5116/5048 5115/5115/5047
f 5116/5116/5048 5118/5118/5050 5119/5119/5051
f 5120/5120/5052 5119/5119/5051 5118/5118/5050
f 5118/5118/5050 5121/5121/5053 5120/5120/5052
f 5122/5122/5054 5120/5120/5052 5121/5121/5053
f 5121/5121/5053 5123/5123/5055 5122/5122/5054
f 5123/5123/5055 5121/5121/5053 5124/5124/5056
f 5124/5124/5056 5125/5125/5057 5123/5123/5055
f 5126/5126/5058 5125/5125/5057 5124/5124/5056
f 5124/5124/5056 5127/5127/5059 5126/5126/5058
f 5127/5127/5059 5124/5124/5056 5128/5128/5060
f 5128/5128/5060 5129/5129/5061 5127/5127/5059
f 5129/5129/5061 5128/5128/5060 5130/5130/5062
f 5131/5131/5063 5130/5130/5062 5128/5128/5060
f 5128/5128/5060 5115/5115/5047 5131/5131/5063
f 5132/5132/5064 5131/5131/5063 5115/5115/5047
f 5115/5115/5047 5133/5133/5065 5132/5132/5064
f 5115/5115/5047 5128/5128/5060 5118/5118/5050
f 5121/5121/5053 5118/5118/5050 5128/5128/5060
f 5128/5128/5060 5124/5124/5056 5121/5121/5053
f 5134/5134/5066 5135/5135/5067 5136/5136/5068
f 5136/5136/5068 5137/5137/5069 5134/5134/5066
f 5137/5137/5069 5136/5136/5068 5138/5138/5070
f 5138/5138/5070 5139/5139/5071 5137/5137/5069
f 5140/5140/5072 5137/5137/5069 5139/5139/5071
f 5139/5139/5071 5141/5141/5073 5140/5140/5072
f 5117/5117/5049 5140/5140/5072 5141/5141/5073
f 5141/5141/5073 5133/5133/5065 5117/5117/5049
f 5117/5117/5049 5133/5133/5065 5115/5115/5047
f 5142/5142/5074 5132/5132/5064 5133/5133/5065
f 5133/5133/5065 5143/5143/5075 5142/5142/5074
f 5143/5143/5075 5144/5144/5076 5142/5142/5074
f 5145/5145/5077 5144/5144/5076 5143/5143/5075
f 5146/5146/5078 5145/5145/5077 5143/5143/5075
f 5143/5143/5075 5133/5133/5065 5146/5146/5078
f 5147/5147/5079 5146/5146/5078 5133/5133/5065
f 5133/5133/5065 5141/5141/5073 5147/5147/5079
f 5148/5148/5080 5147/5147/5079 5141/5141/5073
f 5141/5141/5073 5139/5139/5071 5148/5148/5080
f 5149/5149/5081 5148/5148/5080 5139/5139/5071
f 5150/5150/5082 5149/5149/5081 5139/5139/5071
f 5151/5151/5083 5150/5150/5082 5139/5139/5071
f 5139/5139/5071 5138/5138/5070 5151/5151/5083
f 5152/5152/5084 5151/5151/5083 5138/5138/5070
f 5138/5138/5070 5153/5153/5085 5152/5152/5084
f 5153/5153/5085 5138/5138/5070 5136/5136/5068
f 5136/5136/5068 5154/5154/5086 5153/5153/5085
f 5154/5154/5086 5136/5136/5068 5135/5135/5067
f 5135/5135/5067 5155/5155/5087 5154/5154/5086
f 5156/5156/5088 5151/5151/5083 5152/5152/5084
f 5152/5152/5084 5157/5157/5089 5156/5156/5088
f 5157/5157/5089 5158/5158/5090 5156/5156/5088
f 5159/5159/5091 5160/5160/5092 5161/5161/5093
f 5161/5161/5093 5162/5162/5094 5159/5159/5091
f 5162/5162/5094 5161/5161/5093 5163/5163/5095
f 5163/5163/5095 5164/5164/5096 5162/5162/5094
f 5164/5164/5096 5163/5163/5095 5165/5165/5097
f 5165/5165/5097 5166/5166/5098 5164/5164/5096
f 5166/5166/5098 5165/5165/5097 5167/5167/5099
f 5167/5167/5099 5168/5168/5100 5166/5166/5098
f 5169/5169/5101 5168/5168/5100 5167/5167/5099
f 5167/5167/5099 5170/5170/5102 5169/5169/5101
f 5169/5169/5101 5170/5170/5102 5171/5171/5103
f 5171/5171/5103 5172/5172/5104 5169/5169/5101
f 5172/5172/5104 5171/5171/5103 5173/5173/5105
f 5173/5173/5105 5174/5174/5106 5172/5172/5104
f 5174/5174/5106 5173/5173/5105 5175/5175/5107
f 5175/5175/5107 5176/5176/5108 5174/5174/5106
f 5177/5177/5109 5178/5178/5110 5179/5179/5111
f 5179/5179/5111 5180/5180/5112 5177/5177/5109
f 5119/5119/5051 5181/5181/5113 5116/5116/5048
f 5116/5116/5048 5181/5181/5113 5182/5182/5114
f 5182/5182/5114 5117/5117/5049 5116/5116/5048
f 5140/5140/5072 5117/5117/5049 5182/5182/5114
f 5182/5182/5114 5183/5183/5115 5140/5140/5072
f 5137/5137/5069 5140/5140/5072 5183/5183/5115
f 5183/5183/5115 5134/5134/5066 5137/5137/5069
f 5184/5184/5116 5185/5185/5117 5186/5186/5118
f 5186/5186/5118 5187/5187/5119 5184/5184/5116
f 5187/5187/5119 5186/5186/5118 5188/5188/5120
f 5188/5188/5120 5189/5189/5121 5187/5187/5119
f 5189/5189/5121 5188/5188/5120 5190/5190/5122
f 5190/5190/5122 5191/5191/5123 5189/5189/5121
f 5191/5191/5123 5190/5190/5122 5192/5192/5124
f 5192/5192/5124 5193/5193/5125 5191/5191/5123
f 5193/5193/5125 5192/5192/5124 5194/5194/5126
f 5194/5194/5126 5195/5195/5127 5193/5193/5125
f 5196/5196/5128 5197/5197/5129 5198/5198/5130
f 5198/5198/5130 5199/5199/5131 5196/5196/5128
f 5199/5199/5131 5198/5198/5130 5200/5200/5132
f 5200/5200/5132 5201/5201/5133 5199/5199/5131
f 5201/5201/5133 5200/5200/5132 5202/5202/5134
f 5202/5202/5134 5203/5203/5135 5201/5201/5133
f 5203/5203/5135 5202/5202/5134 5204/5204/5136
f 5204/5204/5136 5205/5205/5137 5203/5203/5135
f 5205/5205/5137 5204/5204/5136 5206/5206/5138
f 5206/5206/5138 5207/5207/5139 5205/5205/5137
f 5207/5207/5139 5206/5206/5138 5208/5208/5140
f 5208/5208/5140 5209/5209/5141 5207/5207/5139
f 5209/5209/5141 5208/5208/5140 5210/5210/5142
f 5210/5210/5142 5211/5211/5143 5209/5209/5141
f 5211/5211/5143 5210/5210/5142 5212/5212/5144
f 5212/5212/5144 5213/5213/5145 5211/5211/5143
f 5213/5213/5145 5212/5212/5144 5214/5214/5146
f 5214/5214/5146 5215/5215/5147 5213/5213/5145
f 5216/5216/5148 5217/5217/5149 5218/5218/5150
f 5218/5218/5150 5219/5219/5151 5216/5216/5148
f 5219/5219/5151 5218/5218/5150 5220/5220/5152
f 5220/5220/5152 5221/5221/5153 5219/5219/5151
f 5221/5221/5153 5220/5220/5152 5222/5222/5154
f 5222/5222/5154 5223/5223/5155 5221/5221/5153
f 5223/5223/5155 5222/5222/5154 5224/5224/5156
f 5224/5224/5156 5225/5225/5157 5223/5223/5155
f 5225/5225/5157 5224/5224/5156 5226/5226/5158
f 5226/5226/5158 5227/5227/5159 5225/5225/5157
f 5227/5227/5159 5226/5226/5158 5228/5228/5160
f 5228/5228/5160 5229/5229/5161 5227/5227/5159
f 5229/5229/5161 5228/5228/5160 5230/5230/5162
f 5230/5230/5162 5231/5231/5163 5229/5229/5161
f 5232/5232/5164 5233/5233/5165 5234/5234/5166
f 5234/5234/5166 5235/5235/5167 5232/5232/5164
f 5236/5236/5168 5237/5237/5169 5238/5238/5170
f 5238/5238/5170 5239/5239/5171 5236/5236/5168
f 5236/5236/5168 5239/5239/5171 5240/5240/5172
f 5240/5240/5172 5241/5241/5173 5236/5236/5168
f 5241/5241/5173 5240/5240/5172 5242/5242/5174
f 5242/5242/5174 5243/5243/5175 5241/5241/5173
f 5243/5243/5175 5242/5242/5174 5244/5244/5176
f 5244/5244/5176 5245/5245/5177 5243/5243/5175
f 5245/5245/5177 5244/5244/5176 5233/5233/5165
f 5233/5233/5165 5246/5246/5178 5245/5245/5177
f 5122/5122/5054 5247/5247/5179 5120/5120/5052
f 2940/2940/2928 2943/2943/2931 2830/2830/2818
f 2830/2830/2818 2828/2828/2816 2940/2940/2928
f 5248/5248/5180 5249/5249/5181 5250/5250/5182
f 5248/5248/5180 5250/5250/5182 5251/5251/5183
f 5248/5248/5180 5251/5251/5183 5252/5252/5184
f 5253/5253/5185 5252/5252/5184 5251/5251/5183
f 5254/5254/5186 5252/5252/5184 5253/5253/5185
f 5253/5253/5185 5255/5255/5187 5254/5254/5186
f 5256/5256/5188 5254/5254/5186 5255/5255/5187
f 5255/5255/5187 5257/5257/5189 5256/5256/5188
f 5258/5258/5190 5256/5256/5188 5257/5257/5189
f 5257/5257/5189 5259/5259/5191 5258/5258/5190
f 5260/5260/5192 5258/5258/5190 5259/5259/5191
f 5259/5259/5191 5261/5261/5193 5260/5260/5192
f 5262/5262/5194 5260/5260/5192 5261/5261/5193
f 5261/5261/5193 5263/5263/5195 5262/5262/5194
f 5262/5262/5194 5263/5263/5195 5264/5264/5196
f 5264/5264/5196 5265/5265/5197 5262/5262/5194
f 5266/5266/5198 5265/5265/5197 5264/5264/5196
f 5266/5266/5198 5248/5248/5180 5265/5265/5197
f 5248/5248/5180 5254/5254/5186 5256/5256/5188
f 5258/5258/5190 5248/5248/5180 5256/5256/5188
f 5248/5248/5180 5258/5258/5190 5260/5260/5192
f 5260/5260/5192 5262/5262/5194 5248/5248/5180
f 5248/5248/5180 5262/5262/5194 5265/5265/5197
f 5252/5252/5184 5254/5254/5186 5248/5248/5180
f 5248/5248/5180 5267/5267/5199 5268/5268/5200
f 5267/5267/5199 5248/5248/5180 5269/5269/5201
f 5248/5248/5180 5270/5270/5202 5269/5269/5201
f 5271/5271/5203 5248/5248/5180 5266/5266/5198
f 5271/5271/5203 5270/5270/5202 5248/5248/5180
f 5272/5272/5204 5270/5270/5202 5271/5271/5203
f 5270/5270/5202 5272/5272/5204 5273/5273/5205
f 5273/5273/5205 5269/5269/5201 5270/5270/5202
f 5269/5269/5201 5273/5273/5205 5274/5274/5206
f 5274/5274/5206 5267/5267/5199 5269/5269/5201
f 5267/5267/5199 5274/5274/5206 5275/5275/5207
f 5275/5275/5207 5268/5268/5200 5267/5267/5199
f 5276/5276/5208 5268/5268/5200 5275/5275/5207
f 5268/5268/5200 5276/5276/5208 5248/5248/5180
f 5277/5277/5209 5248/5248/5180 5276/5276/5208
f 5248/5248/5180 5277/5277/5209 5278/5278/5210
f 5278/5278/5210 5277/5277/5209 5279/5279/5211
f 5279/5279/5211 5280/5280/5212 5278/5278/5210
f 5281/5281/5213 5278/5278/5210 5280/5280/5212
f 5280/5280/5212 5282/5282/5214 5281/5281/5213
f 5249/5249/5181 5281/5281/5213 5282/5282/5214
f 5248/5248/5180 5278/5278/5210 5281/5281/5213
f 5248/5248/5180 5281/5281/5213 5249/5249/5181
f 5282/5282/5214 5283/5283/5215 5249/5249/5181
f 5250/5250/5182 5249/5249/5181 5283/5283/5215
f 5283/5283/5215 5284/5284/5216 5250/5250/5182
f 5251/5251/5183 5250/5250/5182 5284/5284/5216
f 5284/5284/5216 5285/5285/5217 5251/5251/5183
f 5251/5251/5183 5285/5285/5217 5253/5253/5185
f 5286/5286/5218 5287/5287/5219 5288/5288/5220
f 5286/5286/5218 5288/5288/5220 5289/5289/5221
f 5286/5286/5218 5289/5289/5221 5290/5290/5222
f 5286/5286/5218 5290/5290/5222 5291/5291/5223
f 5286/5286/5218 5291/5291/5223 5292/5292/5224
f 5286/5286/5218 5292/5292/5224 5293/5293/5225
f 5286/5286/5218 5293/5293/5225 5294/5294/5226
f 5286/5286/5218 5294/5294/5226 5295/5295/5227
f 5286/5286/5218 5295/5295/5227 5296/5296/5228
f 5286/5286/5218 5296/5296/5228 5297/5297/5229
f 5297/5297/5229 5298/5298/5230 5286/5286/5218
f 5299/5299/5231 5286/5286/5218 5298/5298/5230
f 5286/5286/5218 5299/5299/5231 5300/5300/5232
f 5286/5286/5218 5300/5300/5232 5301/5301/5233
f 5286/5286/5218 5301/5301/5233 5302/5302/5234
f 5286/5286/5218 5302/5302/5234 5303/5303/5235
f 5286/5286/5218 5303/5303/5235 5304/5304/5236
f 5286/5286/5218 5304/5304/5236 5305/5305/5237
f 5286/5286/5218 5305/5305/5237 5306/5306/5238
f 5286/5286/5218 5306/5306/5238 5287/5287/5219
f 5275/5275/5207 5307/5307/5239 5276/5276/5208
f 5277/5277/5209 5276/5276/5208 5307/5307/5239
f 5307/5307/5239 5279/5279/5211 5277/5277/5209
f 5264/5264/5196 5308/5308/5240 5266/5266/5198
f 5271/5271/5203 5266/5266/5198 5308/5308/5240
f 5308/5308/5240 5309/5309/5241 5271/5271/5203
f 5271/5271/5203 5309/5309/5241 5272/5272/5204
f 5310/5310/5242 5311/5311/5243 5312/5312/5244
f 5313/5313/5245 5310/5310/5242 5312/5312/5244
f 5312/5312/5244 5314/5314/5246 5313/5313/5245
f 5315/5315/5247 5313/5313/5245 5314/5314/5246
f 5314/5314/5246 5316/5316/5248 5315/5315/5247
f 5317/5317/5249 5318/5318/5249 5319/5319/5250
f 5319/5319/5250 5320/5320/5251 5317/5317/5249
f 5320/5320/5251 5319/5319/5250 5321/5321/5252
f 5321/5321/5252 5322/5322/5253 5320/5320/5251
f 5322/5322/5253 5321/5321/5252 5323/5323/5254
f 5323/5323/5254 5324/5324/5255 5322/5322/5253
f 5325/5325/5256 5326/5326/5257 5327/5327/5256
f 5327/5327/5256 5328/5328/5258 5325/5325/5256
f 5329/5329/5259 5330/5330/5259 5331/5331/5260
f 5331/5331/5260 5332/5332/5261 5329/5329/5259
f 5332/5332/5261 5331/5331/5260 5333/5333/5262
f 5333/5333/5262 5334/5334/5263 5332/5332/5261
f 5334/5334/5263 5333/5333/5262 5335/5335/5264
f 5335/5335/5264 5336/5336/5264 5334/5334/5263
f 5337/5337/5265 5338/5338/5265 5339/5339/5265
f 5340/5340/5266 5341/5341/5267 5342/5342/5268
f 5342/5342/5268 5343/5343/5269 5340/5340/5266
f 5343/5343/5269 5342/5342/5268 5344/5344/5270
f 5344/5344/5270 5345/5345/5271 5343/5343/5269
f 5345/5345/5271 5344/5344/5270 5346/5346/5272
f 5346/5346/5272 5347/5347/5273 5345/5345/5271
f 5347/5347/5273 5346/5346/5272 5348/5348/5274
f 5349/5349/5275 5350/5350/5276 5351/5351/5277
f 5349/5349/5275 5351/5351/5277 5352/5352/5278
f 5349/5349/5275 5352/5352/5278 5353/5353/5279
f 5354/5354/5280 5353/5353/5279 5352/5352/5278
f 5355/5355/5281 5353/5353/5279 5354/5354/5280
f 5354/5354/5280 5356/5356/5282 5355/5355/5281
f 5357/5357/5283 5355/5355/5281 5356/5356/5282
f 5356/5356/5282 5358/5358/5284 5357/5357/5283
f 5359/5359/5285 5357/5357/5283 5358/5358/5284
f 5358/5358/5284 5360/5360/5286 5359/5359/5285
f 5361/5361/5287 5359/5359/5285 5360/5360/5286
f 5360/5360/5286 5362/5362/5288 5361/5361/5287
f 5363/5363/5289 5361/5361/5287 5362/5362/5288
f 5362/5362/5288 5364/5364/5290 5363/5363/5289
f 5363/5363/5289 5364/5364/5290 5365/5365/5291
f 5365/5365/5291 5366/5366/5292 5363/5363/5289
f 5367/5367/5293 5366/5366/5292 5365/5365/5291
f 5367/5367/5293 5349/5349/5275 5366/5366/5292
f 5349/5349/5275 5355/5355/5281 5357/5357/5283
f 5359/5359/5285 5349/5349/5275 5357/5357/5283
f 5349/5349/5275 5359/5359/5285 5361/5361/5287
f 5361/5361/5287 5363/5363/5289 5349/5349/5275
f 5349/5349/5275 5363/5363/5289 5366/5366/5292
f 5353/5353/5279 5355/5355/5281 5349/5349/5275
f 5349/5349/5275 5368/5368/5294 5369/5369/5295
f 5368/5368/5294 5349/5349/5275 5370/5370/5296
f 5349/5349/5275 5371/5371/5297 5370/5370/5296
f 5372/5372/5298 5349/5349/5275 5367/5367/5293
f 5372/5372/5298 5371/5371/5297 5349/5349/5275
f 5373/5373/5299 5371/5371/5297 5372/5372/5298
f 5371/5371/5297 5373/5373/5299 5374/5374/5300
f 5374/5374/5300 5370/5370/5296 5371/5371/5297
f 5370/5370/5296 5374/5374/5300 5375/5375/5301
f 5375/5375/5301 5368/5368/5294 5370/5370/5296
f 5368/5368/5294 5375/5375/5301 5376/5376/5302
f 5376/5376/5302 5369/5369/5295 5368/5368/5294
f 5377/5377/5303 5369/5369/5295 5376/5376/5302
f 5369/5369/5295 5377/5377/5303 5349/5349/5275
f 5378/5378/5304 5349/5349/5275 5377/5377/5303
f 5349/5349/5275 5378/5378/5304 5379/5379/5305
f 5379/5379/5305 5378/5378/5304 5380/5380/5306
f 5380/5380/5306 5381/5381/5307 5379/5379/5305
f 5382/5382/5308 5379/5379/5305 5381/5381/5307
f 5381/5381/5307 5383/5383/5309 5382/5382/5308
f 5350/5350/5276 5382/5382/5308 5383/5383/5309
f 5349/5349/5275 5379/5379/5305 5382/5382/5308
f 5349/5349/5275 5382/5382/5308 5350/5350/5276
f 5383/5383/5309 5384/5384/5310 5350/5350/5276
f 5351/5351/5277 5350/5350/5276 5384/5384/5310
f 5384/5384/5310 5385/5385/5311 5351/5351/5277
f 5352/5352/5278 5351/5351/5277 5385/5385/5311
f 5385/5385/5311 5386/5386/5312 5352/5352/5278
f 5352/5352/5278 5386/5386/5312 5354/5354/5280
f 5387/5387/5313 5388/5388/5314 5389/5389/5315
f 5387/5387/5313 5389/5389/5315 5390/5390/5316
f 5387/5387/5313 5390/5390/5316 5391/5391/5317
f 5387/5387/5313 5391/5391/5317 5392/5392/5318
f 5387/5387/5313 5392/5392/5318 5393/5393/5319
f 5387/5387/5313 5393/5393/5319 5394/5394/5320
f 5387/5387/5313 5394/5394/5320 5395/5395/5321
f 5387/5387/5313 5395/5395/5321 5396/5396/5322
f 5387/5387/5313 5396/5396/5322 5397/5397/5323
f 5387/5387/5313 5397/5397/5323 5398/5398/5324
f 5398/5398/5324 5399/5399/5325 5387/5387/5313
f 5400/5400/5326 5387/5387/5313 5399/5399/5325
f 5387/5387/5313 5400/5400/5326 5401/5401/5327
f 5387/5387/5313 5401/5401/5327 5402/5402/5328
f 5387/5387/5313 5402/5402/5328 5403/5403/5329
f 5387/5387/5313 5403/5403/5329 5404/5404/5330
f 5387/5387/5313 5404/5404/5330 5405/5405/5331
f 5387/5387/5313 5405/5405/5331 5406/5406/5332
f 5387/5387/5313 5406/5406/5332 5407/5407/5333
f 5387/5387/5313 5407/5407/5333 5388/5388/5314
f 5376/5376/5302 5408/5408/5334 5377/5377/5303
f 5378/5378/5304 5377/5377/5303 5408/5408/5334
f 5408/5408/5334 5380/5380/5306 5378/5378/5304
f 5365/5365/5291 5409/5409/5335 5367/5367/5293
f 5372/5372/5298 5367/5367/5293 5409/5409/5335
f 5409/5409/5335 5410/5410/5336 5372/5372/5298
f 5372/5372/5298 5410/5410/5336 5373/5373/5299
f 1837/1837/1829 5411/5411/5337 1838/1838/1830
f 1839/1839/1831 1838/1838/1830 5411/5411/5337
f 5411/5411/5337 1841/1841/1833 1839/1839/1831
f 5412/5412/5338 5413/5413/5338 5414/5414/5338
f 5415/5415/5339 5416/5416/5340 5417/5417/5341
f 5418/5418/5342 5417/5417/5341 5416/5416/5340
f 5419/5419/5343 5417/5417/5341 5418/5418/5342
f 5418/5418/5342 5420/5420/5344 5419/5419/5343
f 5421/5421/5345 5419/5419/5343 5420/5420/5344
f 5420/5420/5344 5422/5422/5346 5421/5421/5345
f 5423/5423/5347 5421/5421/5345 5422/5422/5346
f 5422/5422/5346 5424/5424/5348 5423/5423/5347
f 5423/5423/5347 5424/5424/5348 5425/5425/5349
f 5423/5423/5347 5425/5425/5349 5426/5426/5350
f 5423/5423/5347 5426/5426/5350 5427/5427/5351
f 5427/5427/5351 5428/5428/5352 5423/5423/5347
f 5423/5423/5347 5428/5428/5352 5429/5429/5353
f 5429/5429/5353 5421/5421/5345 5423/5423/5347
f 5421/5421/5345 5429/5429/5353 5430/5430/5354
f 5430/5430/5354 5419/5419/5343 5421/5421/5345
f 5419/5419/5343 5430/5430/5354 5431/5431/5355
f 5431/5431/5355 5417/5417/5341 5419/5419/5343
f 5415/5415/5339 5417/5417/5341 5431/5431/5355
f 5431/5431/5355 5432/5432/5356 5415/5415/5339
f 5416/5416/5340 5433/5433/5357 5418/5418/5342
f 5434/5434/5358 5435/5435/5359 5436/5436/5360
f 5436/5436/5360 5437/5437/5361 5434/5434/5358
f 5438/5438/5362 5434/5434/5358 5437/5437/5361
f 5437/5437/5361 5439/5439/5363 5440/5440/5364
f 5441/5441/5365 5439/5439/5363 5442/5442/5365
f 5443/5443/5366 5444/5444/5367 5445/5445/5368
f 5445/5445/5368 5446/5446/5369 5443/5443/5366
f 5446/5446/5369 5445/5445/5368 5447/5447/5370
f 5447/5447/5370 5448/5448/5371 5446/5446/5369
f 5449/5449/5372 5448/5448/5371 5447/5447/5370
f 5447/5447/5370 5450/5450/5373 5449/5449/5372
f 5451/5451/5374 5452/5452/5375 5453/5453/5376
f 5454/5454/5377 5452/5452/5375 5451/5451/5374
f 5451/5451/5374 5455/5455/5378 5454/5454/5377
f 5454/5454/5377 5455/5455/5378 5456/5456/5379
f 5457/5457/5380 5456/5456/5379 5455/5455/5378
f 5456/5456/5379 5457/5457/5380 5458/5458/5381
f 5458/5458/5381 5457/5457/5380 5459/5459/5382
f 5459/5459/5382 5460/5460/5383 5458/5458/5381
f 5461/5461/5384 5460/5460/5383 5459/5459/5382
f 5459/5459/5382 5462/5462/5385 5461/5461/5384
f 5463/5463/5386 5461/5461/5384 5462/5462/5385
f 5462/5462/5385 5464/5464/5387 5463/5463/5386
f 5465/5465/5388 5463/5463/5386 5464/5464/5387
f 5464/5464/5387 5466/5466/5389 5465/5465/5388
f 5467/5467/5390 5465/5465/5388 5466/5466/5389
f 5466/5466/5389 5468/5468/5391 5467/5467/5390
f 5469/5469/5392 5467/5467/5390 5468/5468/5391
f 5468/5468/5391 5470/5470/5393 5469/5469/5392
f 5458/5458/5381 5471/5471/5394 5456/5456/5379
f 5472/5472/5395 5456/5456/5379 5471/5471/5394
f 5456/5456/5379 5472/5472/5395 5454/5454/5377
f 5471/5471/5394 5473/5473/5396 5472/5472/5395
f 5474/5474/5397 5469/5469/5392 5470/5470/5393
f 5470/5470/5393 5475/5475/5398 5474/5474/5397
f 5476/5476/5399 5474/5474/5397 5475/5475/5398
f 5475/5475/5398 5477/5477/5400 5476/5476/5399
f 5478/5478/5401 5476/5476/5399 5477/5477/5400
f 5477/5477/5400 5479/5479/5402 5478/5478/5401
f 5480/5480/5403 5478/5478/5401 5479/5479/5402
f 5479/5479/5402 5481/5481/5404 5480/5480/5403
f 5480/5480/5403 5481/5481/5404 5482/5482/5405
f 5483/5483/5406 5482/5482/5405 5481/5481/5404
f 5482/5482/5405 5483/5483/5406 5484/5484/5407
f 5485/5485/5408 5484/5484/5407 5483/5483/5406
f 5483/5483/5406 5486/5486/5409 5485/5485/5408
f 5487/5487/5410 5485/5485/5408 5486/5486/5409
f 5486/5486/5409 5488/5488/5411 5487/5487/5410
f 5488/5488/5411 5486/5486/5409 5489/5489/5412
f 5489/5489/5412 5490/5490/5413 5488/5488/5411
f 5490/5490/5413 5489/5489/5412 5491/5491/5414
f 5484/5484/5407 5492/5492/5415 5482/5482/5405
f 5482/5482/5405 5492/5492/5415 5493/5493/5416
f 5493/5493/5416 5494/5494/5417 5482/5482/5405
f 5482/5482/5405 5494/5494/5417 5480/5480/5403
f 5491/5491/5414 5495/5495/5418 5490/5490/5413
f 5495/5495/5418 5491/5491/5414 5496/5496/5419
f 5496/5496/5419 5497/5497/5420 5495/5495/5418
f 5497/5497/5420 5496/5496/5419 5498/5498/5421
f 5498/5498/5421 5499/5499/5422 5497/5497/5420
f 5500/5500/5423 5499/5499/5422 5498/5498/5421
f 5498/5498/5421 5501/5501/5424 5500/5500/5423
f 5502/5502/5425 5500/5500/5423 5501/5501/5424
f 5501/5501/5424 5503/5503/5426 5502/5502/5425
f 5504/5504/5427 5502/5502/5425 5503/5503/5426
f 5503/5503/5426 5505/5505/5428 5504/5504/5427
f 5506/5506/5429 5504/5504/5427 5505/5505/5428
f 5505/5505/5428 5507/5507/5430 5506/5506/5429
f 5508/5508/5431 5506/5506/5429 5507/5507/5430
f 5507/5507/5430 5509/5509/5432 5508/5508/5431
f 5510/5510/5433 5508/5508/5431 5509/5509/5432
f 5509/5509/5432 5511/5511/5434 5510/5510/5433
f 5510/5510/5433 5511/5511/5434 5512/5512/5435
f 5513/5513/5436 5514/5514/5437 5512/5512/5435
f 5512/5512/5435 5514/5514/5437 5510/5510/5433
f 5453/5453/5376 5513/5513/5436 5451/5451/5374
f 5512/5512/5435 5451/5451/5374 5513/5513/5436
f 5455/5455/5378 5451/5451/5374 5512/5512/5435
f 5515/5515/5438 5512/5512/5435 5511/5511/5434
f 5512/5512/5435 5515/5515/5438 5455/5455/5378
f 5455/5455/5378 5515/5515/5438 5457/5457/5380
f 5457/5457/5380 5515/5515/5438 5516/5516/5439
f 5516/5516/5439 5459/5459/5382 5457/5457/5380
f 5462/5462/5385 5459/5459/5382 5516/5516/5439
f 5516/5516/5439 5517/5517/5440 5462/5462/5385
f 5464/5464/5387 5462/5462/5385 5517/5517/5440
f 5517/5517/5440 5518/5518/5441 5464/5464/5387
f 5466/5466/5389 5464/5464/5387 5518/5518/5441
f 5518/5518/5441 5519/5519/5442 5466/5466/5389
f 5468/5468/5391 5466/5466/5389 5519/5519/5442
f 5519/5519/5442 5520/5520/5443 5468/5468/5391
f 5470/5470/5393 5468/5468/5391 5520/5520/5443
f 5520/5520/5443 5521/5521/5444 5470/5470/5393
f 5475/5475/5398 5470/5470/5393 5521/5521/5444
f 5521/5521/5444 5522/5522/5445 5475/5475/5398
f 5477/5477/5400 5475/5475/5398 5522/5522/5445
f 5503/5503/5426 5520/5520/5443 5519/5519/5442
f 5519/5519/5442 5505/5505/5428 5503/5503/5426
f 5505/5505/5428 5519/5519/5442 5518/5518/5441
f 5518/5518/5441 5507/5507/5430 5505/5505/5428
f 5507/5507/5430 5518/5518/5441 5517/5517/5440
f 5517/5517/5440 5509/5509/5432 5507/5507/5430
f 5509/5509/5432 5517/5517/5440 5516/5516/5439
f 5516/5516/5439 5511/5511/5434 5509/5509/5432
f 5511/5511/5434 5516/5516/5439 5515/5515/5438
f 5522/5522/5445 5523/5523/5446 5477/5477/5400
f 5479/5479/5402 5477/5477/5400 5523/5523/5446
f 5523/5523/5446 5524/5524/5447 5479/5479/5402
f 5481/5481/5404 5479/5479/5402 5524/5524/5447
f 5524/5524/5447 5525/5525/5448 5481/5481/5404
f 5481/5481/5404 5525/5525/5448 5483/5483/5406
f 5486/5486/5409 5483/5483/5406 5525/5525/5448
f 5525/5525/5448 5489/5489/5412 5486/5486/5409
f 5489/5489/5412 5525/5525/5448 5524/5524/5447
f 5524/5524/5447 5491/5491/5414 5489/5489/5412
f 5491/5491/5414 5524/5524/5447 5523/5523/5446
f 5523/5523/5446 5496/5496/5419 5491/5491/5414
f 5496/5496/5419 5523/5523/5446 5522/5522/5445
f 5522/5522/5445 5498/5498/5421 5496/5496/5419
f 5498/5498/5421 5522/5522/5445 5521/5521/5444
f 5521/5521/5444 5501/5501/5424 5498/5498/5421
f 5501/5501/5424 5521/5521/5444 5520/5520/5443
f 5520/5520/5443 5503/5503/5426 5501/5501/5424
f 5526/5526/5449 5527/5527/5449 5528/5528/5449
f 5529/5529/5450 5530/5530/5451 5531/5531/5452
f 5531/5531/5452 5532/5532/5453 5529/5529/5450
f 5533/5533/5454 5529/5529/5450 5532/5532/5453
f 5532/5532/5453 5534/5534/5455 5533/5533/5454
f 5533/5533/5454 5534/5534/5455 5535/5535/5456
f 5535/5535/5456 5536/5536/5457 5533/5533/5454
f 5537/5537/5458 5536/5536/5457 5535/5535/5456
f 5535/5535/5456 5538/5538/5459 5537/5537/5458
f 5539/5539/5460 5537/5537/5458 5538/5538/5459
f 5538/5538/5459 5540/5540/5461 5539/5539/5460
f 5541/5541/5462 5539/5539/5460 5540/5540/5461
f 5540/5540/5461 5542/5542/5463 5541/5541/5462
f 5543/5543/5464 5541/5541/5462 5542/5542/5463
f 5542/5542/5463 5544/5544/5465 5543/5543/5464
f 5545/5545/5466 5543/5543/5464 5544/5544/5465
f 5544/5544/5465 5546/5546/5467 5545/5545/5466
f 5547/5547/5468 5545/5545/5466 5546/5546/5467
f 5546/5546/5467 5548/5548/5469 5547/5547/5468
f 5549/5549/5470 5547/5547/5468 5548/5548/5469
f 5548/5548/5469 5550/5550/5471 5549/5549/5470
f 5551/5551/5472 5549/5549/5470 5550/5550/5471
f 5550/5550/5471 5552/5552/5473 5551/5551/5472
f 5553/5553/5474 5551/5551/5472 5552/5552/5473
f 5552/5552/5473 5554/5554/5475 5553/5553/5474
f 5553/5553/5474 5554/5554/5475 5555/5555/5476
f 5555/5555/5476 5556/5556/5477 5553/5553/5474
f 5557/5557/5478 5556/5556/5477 5555/5555/5476
f 5555/5555/5476 5558/5558/5479 5557/5557/5478
f 5559/5559/5480 5560/5560/5481 5561/5561/5482
f 5561/5561/5482 5562/5562/5483 5559/5559/5480
f 5563/5563/5484 5559/5559/5480 5562/5562/5483
f 5562/5562/5483 5564/5564/5485 5563/5563/5484
f 5565/5565/5486 5563/5563/5484 5564/5564/5485
f 5564/5564/5485 5566/5566/5487 5565/5565/5486
f 5567/5567/5488 5565/5565/5486 5566/5566/5487
f 5566/5566/5487 5568/5568/5489 5567/5567/5488
f 5569/5569/5490 5567/5567/5488 5568/5568/5489
f 5568/5568/5489 5570/5570/5491 5569/5569/5490
f 5571/5571/5492 5569/5569/5490 5570/5570/5491
f 5570/5570/5491 5572/5572/5493 5571/5571/5492
f 5573/5573/5494 5571/5571/5492 5572/5572/5493
f 5572/5572/5493 5574/5574/5495 5573/5573/5494
f 5575/5575/5496 5573/5573/5494 5574/5574/5495
f 5574/5574/5495 5576/5576/5497 5575/5575/5496
f 5577/5577/5498 5575/5575/5496 5576/5576/5497
f 5576/5576/5497 5578/5578/5499 5577/5577/5498
f 5579/5579/5500 5577/5577/5498 5578/5578/5499
f 5578/5578/5499 5580/5580/5501 5579/5579/5500
f 5581/5581/5502 5579/5579/5500 5580/5580/5501
f 5580/5580/5501 5582/5582/5503 5581/5581/5502
f 5583/5583/5504 5584/5584/5505 5585/5585/5506
f 5585/5585/5506 5586/5586/5507 5583/5583/5504
f 5586/5586/5507 5585/5585/5506 5587/5587/5508
f 5587/5587/5508 5588/5588/5509 5586/5586/5507
f 5588/5588/5509 5587/5587/5508 5589/5589/5510
f 5589/5589/5510 5590/5590/5511 5588/5588/5509
f 5590/5590/5511 5589/5589/5510 5591/5591/5512
f 5591/5591/5512 5592/5592/5513 5590/5590/5511
f 5592/5592/5513 5591/5591/5512 5593/5593/5514
f 5593/5593/5514 5594/5594/5515 5592/5592/5513
f 5594/5594/5515 5593/5593/5514 5595/5595/5516
f 5595/5595/5516 5596/5596/5517 5594/5594/5515
f 5596/5596/5517 5595/5595/5516 5597/5597/5518
f 5597/5597/5518 5598/5598/5519 5596/5596/5517
f 5598/5598/5519 5597/5597/5518 5599/5599/5520
f 5599/5599/5520 5600/5600/5521 5598/5598/5519
f 5600/5600/5521 5599/5599/5520 5601/5601/5522
f 5601/5601/5522 5602/5602/5523 5600/5600/5521
f 5602/5602/5523 5601/5601/5522 5603/5603/5524
f 5603/5603/5524 5604/5604/5525 5602/5602/5523
f 5604/5604/5525 5603/5603/5524 5605/5605/5526
f 5605/5605/5526 5606/5606/5527 5604/5604/5525
f 5607/5607/5528 5608/5608/5528 5609/5609/5528
f 5610/5610/5529 5611/5611/5529 5612/5612/5529
f 5613/5613/5530 5614/5614/5530 5615/5615/5530
f 5616/5616/5531 5617/5617/5531 5618/5618/5531
f 5619/5619/5532 5620/5620/5532 5621/5621/5532
f 5622/5622/5533 5623/5623/5533 5624/5624/5533
f 5625/5625/5534 5626/5626/5534 5627/5627/5534
f 5628/5628/5535 5629/5629/5535 5630/5630/5535
f 5631/5631/5536 5632/5632/5536 5633/5633/5536
f 5634/5634/5537 5635/5635/5537 5636/5636/5537
f 5637/5637/5538 5638/5638/5538 5639/5639/5538
f 5640/5640/5539 5641/5641/5539 5642/5642/5540
f 5642/5642/5540 5643/5643/5541 5640/5640/5539
f 5643/5643/5541 5642/5642/5540 5644/5644/5542
f 5644/5644/5542 5645/5645/5543 5643/5643/5541
f 5645/5645/5543 5644/5644/5542 5646/5646/5544
f 5646/5646/5544 5647/5647/5545 5645/5645/5543
f 5647/5647/5545 5646/5646/5544 5648/5648/5546
f 5648/5648/5546 5649/5649/5547 5647/5647/5545
f 5649/5649/5547 5648/5648/5546 5650/5650/5548
f 5650/5650/5548 5651/5651/5549 5649/5649/5547
f 5651/5651/5549 5650/5650/5548 5652/5652/5550
f 5652/5652/5550 5653/5653/5551 5651/5651/5549
f 5653/5653/5551 5652/5652/5550 5654/5654/5552
f 5654/5654/5552 5655/5655/5553 5653/5653/5551
f 5655/5655/5553 5654/5654/5552 5656/5656/5554
f 5656/5656/5554 5657/5657/5555 5655/5655/5553
f 5657/5657/5555 5656/5656/5554 5658/5658/5556
f 5658/5658/5556 5659/5659/5557 5657/5657/5555
f 5659/5659/5557 5658/5658/5556 5660/5660/5558
f 5660/5660/5558 5661/5661/5559 5659/5659/5557
f 5661/5661/5559 5660/5660/5558 5662/5662/5560
f 5662/5662/5560 5663/5663/5560 5661/5661/5559
f 5664/5664/5561 5665/5665/5561 5666/5666/5561
f 5667/5667/5562 5668/5668/5562 5669/5669/5562
f 5670/5670/5563 5671/5671/5563 5672/5672/5563
f 5673/5673/5564 5674/5674/5564 5675/5675/5564
f 5676/5676/5565 5677/5677/5565 5678/5678/5565
f 5679/5679/5566 5680/5680/5566 5681/5681/5566
f 5682/5682/5567 5683/5683/5567 5684/5684/5567
f 5685/5685/5568 5686/5686/5568 5687/5687/5568
f 5688/5688/5569 5689/5689/5569 5690/5690/5569
f 5691/5691/5570 5692/5692/5570 5693/5693/5570
f 5694/5694/5571 5695/5695/5571 5696/5696/5571
f 5697/5697/5572 5698/5698/5572 5699/5699/5573
f 5699/5699/5573 5700/5700/5574 5697/5697/5572
f 5700/5700/5574 5699/5699/5573 5701/5701/5575
f 5701/5701/5575 5702/5702/5575 5700/5700/5574
f 5702/5702/5575 5701/5701/5575 5703/5703/5576
f 5703/5703/5576 5704/5704/5577 5702/5702/5575
f 5704/5704/5577 5703/5703/5576 5705/5705/5578
f 5705/5705/5578 5706/5706/5579 5704/5704/5577
f 5706/5706/5579 5705/5705/5578 5707/5707/5580
f 5707/5707/5580 5708/5708/5581 5706/5706/5579
f 5708/5708/5581 5707/5707/5580 5709/5709/5582
f 5709/5709/5582 5710/5710/5583 5708/5708/5581
f 5710/5710/5583 5709/5709/5582 5711/5711/5584
f 5711/5711/5584 5712/5712/5585 5710/5710/5583
f 5712/5712/5585 5711/5711/5584 5713/5713/5586
f 5713/5713/5586 5714/5714/5587 5712/5712/5585
f 5714/5714/5587 5713/5713/5586 5715/5715/5588
f 5715/5715/5588 5716/5716/5589 5714/5714/5587
f 5716/5716/5589 5715/5715/5588 5717/5717/5590
f 5717/5717/5590 5718/5718/5591 5716/5716/5589
f 5718/5718/5591 5717/5717/5590 5719/5719/5592
f 5719/5719/5592 5720/5720/5592 5718/5718/5591
